{"ok":true,"areaId":"5a8f3242c6028f9b5c32dae8","areaName":"0000iiiii","areaKey":"rr5a8f32423c049d9b5c9db5a0","areaCreatorId":"5a41a1ca090c311710871fbd","isPrivate":false,"isZeroGravity":false,"hasFloatingDust":false,"isCopyable":false,"onlyOwnerSetsLocks":false,"isExcluded":false,"_environmentType":"Rain","environmentChangersJSON":"{\"environmentChangers\":[{\"Name\":\"night\",\"Rotation\":{\"x\":20.870655059814453,\"y\":25.478910446166992,\"z\":77.07330322265625},\"Scale\":0.050000015646219254,\"Color\":{\"r\":0.03999999910593033,\"g\":0.04999998211860657,\"b\":0.09999997168779373,\"a\":1}}]}","requestorIsEditor":false,"requestorIsListEditor":false,"requestorIsOwner":false,"placements":[{"Id":"5a8f32423c049d9b5c9db5a1","Tid":"000000000000000000000001","P":{"x":0.62715387344,"y":-0.275627732,"z":0.321439146995},"R":{"x":0,"y":0,"z":0}},{"Id":"5aac29b48a627637bce80b19","Tid":"5aac29b64f5f3b0fe73a7152","P":{"x":-0.2462315857410431,"y":1.4155546426773071,"z":0.16814571619033813},"R":{"x":276.5882568359375,"y":96.07422637939453,"z":231.7751007080078}}],"serveTime":13}