{"ok":true,"areaId":"5f07eac3b07a026ca730f98f","areaName":"abysswalker721's home","areaKey":"rr5f07eac3518bb16ca7193359","areaCreatorId":"5f07eac3b07a026ca730f98e","isPrivate":false,"isZeroGravity":false,"hasFloatingDust":false,"isCopyable":false,"onlyOwnerSetsLocks":false,"isExcluded":false,"_environmentType":"Snow","environmentChangersJSON":"{\"environmentChangers\":[{\"Name\":\"ambientLight\",\"Rotation\":{\"x\":354.08648681640625,\"y\":22.44055938720703,\"z\":347.0980529785156},\"Scale\":0.10000001639127731,\"Color\":{\"r\":0.09999997168779373,\"g\":0.09899996966123581,\"b\":0.06999997794628143,\"a\":1}},{\"Name\":\"night\",\"Rotation\":{\"x\":17.676074981689453,\"y\":29.940832138061523,\"z\":330.49786376953125},\"Scale\":0.05000000447034836,\"Color\":{\"r\":0.03999999910593033,\"g\":0.04999998211860657,\"b\":0.09999997168779373,\"a\":1}},{\"Name\":\"sun\",\"Rotation\":{\"x\":57.20615005493164,\"y\":219.10597229003906,\"z\":198.91818237304688},\"Scale\":0.05000000447034836,\"Color\":{\"r\":1,\"g\":1,\"b\":1,\"a\":1}}]}","requestorIsEditor":false,"requestorIsListEditor":false,"requestorIsOwner":false,"placements":[{"Id":"5f07eac3518bb16ca719335a","Tid":"5f07ec972fb183063409d1c2","P":{"x":0.6271538734436035,"y":-0.2756277322769165,"z":0.32143914699554443},"R":{"x":0,"y":0,"z":0},"S":3.7396},{"Id":"5f07f0ed432ef015a0e31dc6","Tid":"5f07f0f080bca60639cf6755","P":{"x":-7.9647321701049805,"y":1.847959280014038,"z":1.6460785865783691},"R":{"x":3.350881814956665,"y":174.6421661376953,"z":7.813373565673828},"S":1.0000004768371582}],"serveTime":28}