{"ok":true,"areaId":"5c1741739df1a00557c8da1c","areaName":"acanofcodered's home","areaKey":"rr5c174173151f2c0557c4942c","areaCreatorId":"5c1741729df1a00557c8da1b","isPrivate":false,"isZeroGravity":false,"hasFloatingDust":false,"isCopyable":false,"onlyOwnerSetsLocks":false,"isExcluded":false,"_environmentType":"Rain","environmentChangersJSON":"{\"environmentChangers\":[{\"Name\":\"sun\",\"Rotation\":{\"x\":284.42987060546875,\"y\":40.22058868408203,\"z\":333.4041748046875},\"Scale\":0.05000001937150955,\"Color\":{\"r\":1,\"g\":1,\"b\":1,\"a\":1}},{\"Name\":\"night\",\"Rotation\":{\"x\":339.8271179199219,\"y\":53.745323181152344,\"z\":43.99884796142578},\"Scale\":0.05000002309679985,\"Color\":{\"r\":0.03999999910593033,\"g\":0.04999998211860657,\"b\":0.09999997168779373,\"a\":1}},{\"Name\":\"ambientLight\",\"Rotation\":{\"x\":285.5455017089844,\"y\":350.90496826171875,\"z\":63.335968017578125},\"Scale\":0.10000015050172806,\"Color\":{\"r\":0.09999997168779373,\"g\":0.09899996966123581,\"b\":0.06999997794628143,\"a\":1}}]}","requestorIsEditor":false,"requestorIsListEditor":false,"requestorIsOwner":false,"placements":[{"Id":"5c174173151f2c0557c4942d","Tid":"000000000000000000000001","P":{"x":0.62715387344,"y":-0.275627732,"z":0.321439146995},"R":{"x":0,"y":0,"z":0}}],"serveTime":19}