{"ok":true,"areaId":"594caa19aed709a65e3e0b78","areaName":"acesbases","areaKey":"rr594caa19280167a65e997f79","areaCreatorId":"594ca71e4d5800d0133939a1","isPrivate":false,"isZeroGravity":false,"hasFloatingDust":false,"isCopyable":false,"onlyOwnerSetsLocks":false,"isExcluded":false,"environmentChangersJSON":"{\"environmentChangers\":[{\"Name\":\"ambientLight\",\"Rotation\":{\"x\":38.6298828125,\"y\":296.9029541015625,\"z\":349.52008056640625},\"Scale\":0.10000002384185791,\"Color\":{\"r\":0.09999997168779373,\"g\":0.09899996966123581,\"b\":0.06999997794628143,\"a\":1}}]}","requestorIsEditor":false,"requestorIsListEditor":false,"requestorIsOwner":false,"placements":[{"Id":"594caa19280167a65e997f7a","Tid":"000000000000000000000001","P":{"x":0.62715387344,"y":-0.275627732,"z":0.321439146995},"R":{"x":0,"y":0,"z":0}},{"Id":"59cd9fcbeef6840f203f5526","Tid":"59cd9fc97bfd3fb72db5073e","P":{"x":-0.35162410140037537,"y":1.363681674003601,"z":0.08805122971534729},"R":{"x":4.532814979553223,"y":158.2063751220703,"z":349.2554016113281}},{"Id":"59cda5bceef6840f203f5527","Tid":"59cd9fc97bfd3fb72db5073e","P":{"x":-0.3702198266983032,"y":1.3668321371078491,"z":0.06125308573246002},"R":{"x":6.1160888671875,"y":166.6642608642578,"z":348.7740783691406}}],"serveTime":22}