{"thingDefinitions":[{"id":"620f81e6cacd111c4450b21a","def":"{\"n\":\"ground\",\"v\":9,\"a\":[1],\"p\":[{\"b\":17,\"s\":[{\"p\":[0,0,0],\"r\":[0,0,-4.502321E-08],\"s\":[3.363347,0.11062,3.201103],\"c\":[0.9019608,0.8509804,0.7215686]}]},{\"b\":10,\"s\":[{\"p\":[0.4554518,0.4639432,-1.205861],\"r\":[357.4533,283.7617,62.12635],\"s\":[0.1250001,0.1250001,0.1250001],\"c\":[1,1,1]}]},{\"b\":10,\"s\":[{\"p\":[1.05968,0.2665486,-1.890484],\"r\":[20.47953,195.0609,353.2614],\"s\":[0.1250006,0.1250002,0.1250006],\"c\":[1,1,1]}]}]}"}],"serveTime":3}