{"ok":true,"areaId":"5ae90eebb96a893ab7bc5ef5","areaName":"africans eat shoesnot wear's home","areaKey":"rr5ae90eebd766343ab7a5a6ca","areaCreatorId":"5ae90eebb96a893ab7bc5ef4","isPrivate":false,"isZeroGravity":false,"hasFloatingDust":false,"isCopyable":false,"onlyOwnerSetsLocks":false,"isExcluded":false,"environmentChangersJSON":"{\"environmentChangers\":[{\"Name\":\"night\",\"Rotation\":{\"x\":358.61053466796875,\"y\":24.736080169677734,\"z\":336.5340576171875},\"Scale\":0.050000011920928955,\"Color\":{\"r\":0.03999999910593033,\"g\":0.04999998211860657,\"b\":0.09999997168779373,\"a\":1}},{\"Name\":\"ambientLight\",\"Rotation\":{\"x\":358.8910827636719,\"y\":1.0727050304412842,\"z\":357.6695861816406},\"Scale\":0.09999999403953552,\"Color\":{\"r\":0.09999997168779373,\"g\":0.09899996966123581,\"b\":0.06999997794628143,\"a\":1}}]}","requestorIsEditor":false,"requestorIsListEditor":false,"requestorIsOwner":false,"placements":[{"Id":"5ae90eebd766343ab7a5a6cb","Tid":"000000000000000000000001","P":{"x":0.62715387344,"y":-0.275627732,"z":0.321439146995},"R":{"x":0,"y":0,"z":0}},{"Id":"5ae90ecf04bb1a15408e72be","Tid":"5ae90f2a7d55ba0f845bef6d","P":{"x":0.3797526955604553,"y":1.305328607559204,"z":-0.3308612108230591},"R":{"x":4.267169952392578,"y":231.34646606445312,"z":272.245361328125},"S":1.0000008344650269},{"Id":"5ae90f9404bb1a15408e72bf","Tid":"5ae90ff0a2fb911304c744d5","P":{"x":-0.9005444049835205,"y":0.5045850872993469,"z":0.28258955478668213},"R":{"x":25.641780853271484,"y":346.45660400390625,"z":341.21337890625},"S":1.0000042915344238}],"serveTime":15}