{"ok":true,"areaId":"5c4f593ea546f05f7364de3a","areaName":"ajax the hyena's home","areaKey":"rr5c4f593e38dc105f73b248f8","areaCreatorId":"5c4f593ea546f05f7364de39","isPrivate":false,"isZeroGravity":false,"hasFloatingDust":false,"isCopyable":false,"onlyOwnerSetsLocks":false,"isExcluded":false,"environmentChangersJSON":"{\"environmentChangers\":[{\"Name\":\"sun\",\"Rotation\":{\"x\":280.229736328125,\"y\":223.0361328125,\"z\":253.45098876953125},\"Scale\":0.050000160932540894,\"Color\":{\"r\":1,\"g\":1,\"b\":1,\"a\":1}},{\"Name\":\"clouds\",\"Rotation\":{\"x\":342.66119384765625,\"y\":289.4028625488281,\"z\":122.1052474975586},\"Scale\":0.010000009089708328,\"Color\":{\"r\":1,\"g\":1,\"b\":1,\"a\":1}},{\"Name\":\"night\",\"Rotation\":{\"x\":2.5571298599243164,\"y\":324.15826416015625,\"z\":183.1617431640625},\"Scale\":0.049999989569187164,\"Color\":{\"r\":0.03999999910593033,\"g\":0.04999998211860657,\"b\":0.09999997168779373,\"a\":1}},{\"Name\":\"ambientLight\",\"Rotation\":{\"x\":13.888959884643555,\"y\":8.631717681884766,\"z\":155.86544799804688},\"Scale\":0.10000001639127731,\"Color\":{\"r\":0.09999997168779373,\"g\":0.09899996966123581,\"b\":0.06999997794628143,\"a\":1}}]}","requestorIsEditor":false,"requestorIsListEditor":false,"requestorIsOwner":false,"placements":[{"Id":"5c4f593e38dc105f73b248f9","Tid":"000000000000000000000001","P":{"x":0.62715387344,"y":-0.275627732,"z":0.321439146995},"R":{"x":0,"y":0,"z":0}}],"serveTime":23}