{"ok":true,"areaId":"5b3654f6f59b7d1969ec6dbd","areaName":"albaco da wae's home","areaKey":"rr5b3654f6a867171969c74d21","areaCreatorId":"5b3654f6f59b7d1969ec6dbc","isPrivate":false,"isZeroGravity":false,"hasFloatingDust":false,"isCopyable":false,"onlyOwnerSetsLocks":false,"isExcluded":false,"_environmentType":"Rain","environmentChangersJSON":"{\"environmentChangers\":[{\"Name\":\"night\",\"Rotation\":{\"x\":357.2275085449219,\"y\":192.23031616210938,\"z\":182.94610595703125},\"Scale\":0.15000005066394806,\"Color\":{\"r\":0.03999999910593033,\"g\":0.049999967217445374,\"b\":0.09999994188547134,\"a\":1}},{\"Name\":\"sun\",\"Rotation\":{\"x\":25.25852394104004,\"y\":16.12990379333496,\"z\":336.69268798828125},\"Scale\":0.050000015646219254,\"Color\":{\"r\":1,\"g\":1,\"b\":1,\"a\":1}},{\"Name\":\"clouds\",\"Rotation\":{\"x\":49.969303131103516,\"y\":286.32989501953125,\"z\":221.30201721191406},\"Scale\":0.01000000536441803,\"Color\":{\"r\":1,\"g\":1,\"b\":1,\"a\":1}},{\"Name\":\"ambientLight\",\"Rotation\":{\"x\":22.744468688964844,\"y\":251.22268676757812,\"z\":83.23663330078125},\"Scale\":0.15000008046627045,\"Color\":{\"r\":0.09999994188547134,\"g\":0.09899992495775223,\"b\":0.06999994814395905,\"a\":1}}]}","requestorIsEditor":false,"requestorIsListEditor":false,"requestorIsOwner":false,"placements":[{"Id":"5b3654f6a867171969c74d22","Tid":"000000000000000000000001","P":{"x":0.62715387344,"y":-0.275627732,"z":0.321439146995},"R":{"x":0,"y":0,"z":0}}],"serveTime":26}