{"thingDefinitions":[{"id":"61896c78a8cfde578f194b66","def":"{\"v\":9,\"p\":[{\"b\":3,\"s\":[{\"p\":[0,0,0],\"r\":[0,0,0],\"s\":[0.4288132,0.4282503,0.3720772],\"c\":[1,1,1]}]},{\"b\":175,\"s\":[{\"p\":[-0.2942239,0.1810793,0.1152212],\"r\":[34.39423,29.86573,106.1075],\"s\":[0.04499999,0.045,0.04500001],\"c\":[1,1,1]}]},{\"b\":4,\"s\":[{\"p\":[-0.3783708,0.6886185,0.06422612],\"r\":[300.0007,258.2506,55.51933],\"s\":[0.7513652,0.194567,0.5820212],\"c\":[1,1,1]}]}]}"}],"serveTime":3}