{"ok":true,"areaId":"5c8f04fbb1574d054106fea8","areaName":"antisane's home","areaKey":"rr5c8f04fba5ee7505416230d1","areaCreatorId":"5c8f04fbb1574d054106fea7","isPrivate":false,"isZeroGravity":false,"hasFloatingDust":false,"isCopyable":false,"onlyOwnerSetsLocks":false,"isExcluded":false,"_environmentType":"Default","environmentChangersJSON":"{\"environmentChangers\":[{\"Name\":\"clouds\",\"Rotation\":{\"x\":22.789762496948242,\"y\":30.09206199645996,\"z\":347.22503662109375},\"Scale\":0.010000025853514671,\"Color\":{\"r\":1,\"g\":1,\"b\":1,\"a\":1}},{\"Name\":\"ambientLight\",\"Rotation\":{\"x\":2.719306468963623,\"y\":359.6536560058594,\"z\":357.4107360839844},\"Scale\":0.10000000894069672,\"Color\":{\"r\":0,\"g\":0,\"b\":0,\"a\":1}},{\"Name\":\"night\",\"Rotation\":{\"x\":8.722634315490723,\"y\":354.0146484375,\"z\":357.8266906738281},\"Scale\":0.050000108778476715,\"Color\":{\"r\":0,\"g\":0,\"b\":0,\"a\":1}},{\"Name\":\"sun\",\"Rotation\":{\"x\":332.9093017578125,\"y\":197.86282348632812,\"z\":235.0801544189453},\"Scale\":0.050000716000795364,\"Color\":{\"r\":0,\"g\":1,\"b\":0.571428656578064,\"a\":1}}]}","requestorIsEditor":false,"requestorIsListEditor":false,"requestorIsOwner":false,"placements":[{"Id":"5c8f04fba5ee7505416230d2","Tid":"000000000000000000000001","P":{"x":0.6571721434593201,"y":-0.2637125253677368,"z":0.24600261449813843},"R":{"x":2.182091236114502,"y":5.805545806884766,"z":1.4752250909805298},"S":0.8400000333786011}],"serveTime":25}