{"ok":true,"areaId":"5c5e3b8d5659b1054fb056b7","areaName":"aquietstranger's home","areaKey":"rr5c5e3b8d60b524054f3c4966","areaCreatorId":"5c5e3b8d5659b1054fb056b6","isPrivate":false,"isZeroGravity":false,"hasFloatingDust":false,"isCopyable":false,"onlyOwnerSetsLocks":false,"isExcluded":false,"environmentChangersJSON":"{\"environmentChangers\":[{\"Name\":\"clouds\",\"Rotation\":{\"x\":328.28692626953125,\"y\":338.72332763671875,\"z\":11.506085395812988},\"Scale\":0.010000001639127731,\"Color\":{\"r\":1,\"g\":1,\"b\":1,\"a\":1}},{\"Name\":\"sun\",\"Rotation\":{\"x\":336.4085388183594,\"y\":112.3336410522461,\"z\":7.905232906341553},\"Scale\":0.05000004917383194,\"Color\":{\"r\":1,\"g\":1,\"b\":1,\"a\":1}},{\"Name\":\"ambientLight\",\"Rotation\":{\"x\":17.25336456298828,\"y\":353.8585510253906,\"z\":350.77984619140625},\"Scale\":0.10000000894069672,\"Color\":{\"r\":0.09999997168779373,\"g\":0.09899996966123581,\"b\":0.06999997794628143,\"a\":1}},{\"Name\":\"fog\",\"Rotation\":{\"x\":9.778128623962402,\"y\":351.3273010253906,\"z\":338.5303955078125},\"Scale\":0.030000004917383194,\"Color\":{\"r\":0.09999997168779373,\"g\":0.09999997168779373,\"b\":0.09999997168779373,\"a\":1}}]}","requestorIsEditor":false,"requestorIsListEditor":false,"requestorIsOwner":false,"placements":[{"Id":"5c5e3b8d60b524054f3c4967","Tid":"000000000000000000000001","P":{"x":0.62715387344,"y":-0.275627732,"z":0.321439146995},"R":{"x":0,"y":0,"z":0}}],"serveTime":23}