{"thingDefinitions":[{"id":"61037f80d98212648e1e8515","def":"{\"v\":9,\"a\":[24],\"bod\":{},\"p\":[{\"s\":[{\"p\":[0,0,0],\"r\":[0,0,0],\"s\":[0.1750001,0.1750006,0.1750004],\"c\":[0,0,0]}]}]}"}],"serveTime":4}