{"ok":true,"areaId":"5b838d93bc700128a8bdf688","areaName":"awkwo taco's home","areaKey":"rr5b838d9344419028a84e30e1","areaCreatorId":"5b838d92bc700128a8bdf687","isPrivate":false,"isZeroGravity":false,"hasFloatingDust":false,"isCopyable":false,"onlyOwnerSetsLocks":false,"isExcluded":false,"_environmentType":"Wind","environmentChangersJSON":"{\"environmentChangers\":[{\"Name\":\"night\",\"Rotation\":{\"x\":0.2700129449367523,\"y\":356.10858154296875,\"z\":354.6791687011719},\"Scale\":0.05000000074505806,\"Color\":{\"r\":0.03999999910593033,\"g\":0.04999998211860657,\"b\":0.09999997168779373,\"a\":1}},{\"Name\":\"sun\",\"Rotation\":{\"x\":85.86539459228516,\"y\":131.017333984375,\"z\":140.1502227783203},\"Scale\":0.04999999329447746,\"Color\":{\"r\":1,\"g\":1,\"b\":1,\"a\":1}}]}","requestorIsEditor":false,"requestorIsListEditor":false,"requestorIsOwner":false,"placements":[{"Id":"5b838d9344419028a84e30e2","Tid":"5b838f82bc700128a8bdf68a","P":{"x":0.6271538734436035,"y":-0.2756277322769165,"z":0.32143914699554443},"R":{"x":0,"y":0,"z":0}}],"serveTime":19}