{"ok":true,"areaId":"5d5a11b4a662451b6b8bac4a","areaName":"axiom's home","areaKey":"rr5d5a11b4931aa31b6b779809","areaCreatorId":"5d5a11b4a662451b6b8bac49","isPrivate":false,"isZeroGravity":false,"hasFloatingDust":false,"isCopyable":false,"onlyOwnerSetsLocks":false,"isExcluded":false,"environmentChangersJSON":"{\"environmentChangers\":[]}","requestorIsEditor":false,"requestorIsListEditor":false,"requestorIsOwner":false,"placements":[{"Id":"5d5a11b4931aa31b6b77980a","Tid":"000000000000000000000001","P":{"x":0.47014546394348145,"y":-0.26332515478134155,"z":0.23042750358581543},"R":{"x":359.1358947753906,"y":349.7806701660156,"z":359.8301086425781},"S":1.491},{"Id":"5d5a11d59c3ed93f309e76cb","Tid":"000000000000000000000001","P":{"x":0.49689435958862305,"y":-0.1196967363357544,"z":0.31167125701904297},"R":{"x":355.6287841796875,"y":354.5021667480469,"z":357.6290283203125},"S":45.0997},{"Id":"5d5a11d99c3ed93f309e76cc","Tid":"000000000000000000000001","P":{"x":0.5191162824630737,"y":-0.296822190284729,"z":0.21496880054473877},"R":{"x":0.10089340806007385,"y":350.745361328125,"z":0.8988609910011292},"S":45.0997314453125}],"serveTime":12}