{"ok":true,"areaId":"59d144f56f993f261041a4e5","areaName":"bag end town","areaKey":"rr59d144f59bf71d26107c3141","areaCreatorId":"59beef65753cca2f105e8525","isPrivate":false,"isZeroGravity":false,"hasFloatingDust":false,"isCopyable":false,"onlyOwnerSetsLocks":false,"isExcluded":false,"environmentChangersJSON":"{\"environmentChangers\":[{\"Name\":\"sun\",\"Rotation\":{\"x\":312.7822570800781,\"y\":211.62059020996094,\"z\":304.59698486328125},\"Scale\":0.050000112503767014,\"Color\":{\"r\":1,\"g\":1,\"b\":1,\"a\":1}}]}","requestorIsEditor":false,"requestorIsListEditor":false,"requestorIsOwner":false,"placements":[{"Id":"59d14570e985632c3ce38820","Tid":"59d14666f2602c2c10821350","P":{"x":0.053668733686208725,"y":0.9744676947593689,"z":2.0182952880859375},"R":{"x":0,"y":0,"z":0}},{"Id":"5cf3d64925130756907a5ecf","Tid":"5cf3d65548351f062fc8c66d","P":{"x":-4.026991844177246,"y":1.1438424587249756,"z":-46.335330963134766},"R":{"x":0.000010017914064519573,"y":270,"z":0}},{"Id":"5cf3d93825130756907a5ed4","Tid":"5cf3d93754217406364af232","P":{"x":-3.722391128540039,"y":1.437483549118042,"z":-46.223426818847656},"R":{"x":9.991811752319336,"y":288.3387756347656,"z":269.0828552246094}},{"Id":"5cf3d9c525130756907a5ed5","Tid":"5cf3d9ca3a0aa50629ed204e","P":{"x":-4.315895080566406,"y":1.165669560432434,"z":-46.30112075805664},"R":{"x":270,"y":90.00000762939453,"z":0}}],"serveTime":23}