{"ok":true,"areaId":"5af309da0c0f247e5e6a0645","areaName":"baker's home","areaKey":"rr5af309daef77647e5e8c4c5e","areaCreatorId":"5af309da0c0f247e5e6a0644","isPrivate":false,"isZeroGravity":false,"hasFloatingDust":false,"isCopyable":false,"onlyOwnerSetsLocks":false,"isExcluded":false,"environmentChangersJSON":"{\"environmentChangers\":[{\"Name\":\"night\",\"Rotation\":{\"x\":1.0927700996398926,\"y\":346.9845886230469,\"z\":354.0395812988281},\"Scale\":0.05000002309679985,\"Color\":{\"r\":0.03999999910593033,\"g\":0.04999998211860657,\"b\":0.09999997168779373,\"a\":1}},{\"Name\":\"ambientLight\",\"Rotation\":{\"x\":358.3587341308594,\"y\":356.3558044433594,\"z\":1.2488034963607788},\"Scale\":0.10000008344650269,\"Color\":{\"r\":0.09999997168779373,\"g\":0.09899996966123581,\"b\":0.06999997794628143,\"a\":1}},{\"Name\":\"sun\",\"Rotation\":{\"x\":83.81350708007812,\"y\":302.76800537109375,\"z\":304.6759338378906},\"Scale\":0.04999999329447746,\"Color\":{\"r\":1,\"g\":1,\"b\":1,\"a\":1}}]}","requestorIsEditor":false,"requestorIsListEditor":false,"requestorIsOwner":false,"placements":[{"Id":"5af309daef77647e5e8c4c5f","Tid":"000000000000000000000001","P":{"x":0.62715387344,"y":-0.275627732,"z":0.321439146995},"R":{"x":0,"y":0,"z":0}}],"serveTime":14}