{"ok":true,"areaId":"5dd1c0fe6508a310d89bde1b","areaName":"baskest ball","areaKey":"rr5dd1c0fe624fc410d802d177","areaCreatorId":"5dd1bbf54bff4c1c64637626","isPrivate":false,"isZeroGravity":false,"hasFloatingDust":false,"isCopyable":false,"onlyOwnerSetsLocks":false,"isExcluded":false,"environmentChangersJSON":"{\"environmentChangers\":[]}","requestorIsEditor":false,"requestorIsListEditor":false,"requestorIsOwner":false,"placements":[{"Id":"5dd1c0fe624fc410d802d178","Tid":"000000000000000000000001","P":{"x":0.62715387344,"y":-0.275627732,"z":0.321439146995},"R":{"x":0,"y":0,"z":0}},{"Id":"5dd1c22c38fd94108c9c1cf1","Tid":"5dd1c6784bff4c1c6463762e","P":{"x":0.21670877933502197,"y":1.0809473991394043,"z":0.243143692612648},"R":{"x":281.02008056640625,"y":149.07571411132812,"z":342.5954284667969},"A":[]},{"Id":"5dd1c24b38fd94108c9c1cf3","Tid":"5dd1c28639effe115f71b952","P":{"x":3.6729164123535156,"y":2.0760743618011475,"z":-2.2981677055358887},"R":{"x":350.785400390625,"y":82.01432800292969,"z":19.059755325317383},"S":2.4275,"A":[1]},{"Id":"5dd1c2d338fd94108c9c1cf5","Tid":"5dd1c30d6ad7da061fdd864d","P":{"x":0.3698137402534485,"y":0.7043814063072205,"z":0.17813141644001007},"R":{"x":335.1022033691406,"y":287.9992980957031,"z":207.4036865234375},"S":1.6906}],"serveTime":24}