{"ok":true,"areaId":"57fcff55fd77bb7e132d902f","areaName":"bennys house","areaKey":"rr57fcff55a173277e1371f33d","areaCreatorId":"57fc6b90440d7e8f13eb0e24","isPrivate":false,"isZeroGravity":false,"hasFloatingDust":false,"isCopyable":false,"onlyOwnerSetsLocks":false,"isExcluded":false,"environmentChangersJSON":"{\"environmentChangers\":[{\"Name\":\"sun\",\"Rotation\":{\"x\":329.2860412597656,\"y\":41.378684997558594,\"z\":62.57260513305664},\"Scale\":0.04999998211860657,\"Color\":{\"r\":1,\"g\":1,\"b\":1,\"a\":1}}]}","requestorIsEditor":false,"requestorIsListEditor":false,"requestorIsOwner":false,"placements":[{"Id":"57fcff55a173277e1371f33e","Tid":"000000000000000000000001","P":{"x":0.62715387344,"y":-0.275627732,"z":0.321439146995},"R":{"x":0,"y":0,"z":0}},{"Id":"57fd0372264e4a0398ca5cee","Tid":"57fd03745d7ed0de0f0fdb99","P":{"x":-1.3344488143920898,"y":-0.11211678385734558,"z":0.3044309914112091},"R":{"x":90,"y":270,"z":0}}],"serveTime":17}