{"ok":true,"areaId":"5ebe871bef641106253b5c93","areaName":"bensimmo's home","areaKey":"rr5ebe871beb643a06258d4c6b","areaCreatorId":"5ebe871bef641106253b5c92","isPrivate":false,"isZeroGravity":false,"hasFloatingDust":false,"isCopyable":false,"onlyOwnerSetsLocks":false,"isExcluded":false,"environmentChangersJSON":"{\"environmentChangers\":[{\"Name\":\"night\",\"Rotation\":{\"x\":357.1571960449219,\"y\":3.4543068408966064,\"z\":354.6376037597656},\"Scale\":0.05000000819563866,\"Color\":{\"r\":0.03999999910593033,\"g\":0.04999998211860657,\"b\":0.09999997168779373,\"a\":1}},{\"Name\":\"sun\",\"Rotation\":{\"x\":87.86438751220703,\"y\":175.0892791748047,\"z\":164.497314453125},\"Scale\":0.05000000819563866,\"Color\":{\"r\":1,\"g\":1,\"b\":1,\"a\":1}}]}","requestorIsEditor":false,"requestorIsListEditor":false,"requestorIsOwner":false,"placements":[{"Id":"5ebe871ceb643a06258d4c6c","Tid":"000000000000000000000001","P":{"x":0.625922679901123,"y":-0.27514123916625977,"z":0.2642039656639099},"R":{"x":355.9904479980469,"y":7.0412421226501465,"z":359.5557861328125}}],"serveTime":25}