{"ok":true,"areaId":"5deb38de638f3a3408e512a8","areaName":"bigddave's home","areaKey":"rr5deb38de751f3734080c57c8","areaCreatorId":"5deb38de638f3a3408e512a7","isPrivate":false,"isZeroGravity":false,"hasFloatingDust":false,"isCopyable":false,"onlyOwnerSetsLocks":false,"isExcluded":false,"_environmentType":"Silence","environmentChangersJSON":"{\"environmentChangers\":[{\"Name\":\"sun\",\"Rotation\":{\"x\":2.781872034072876,\"y\":30.018667221069336,\"z\":53.38704299926758},\"Scale\":0.050000011920928955,\"Color\":{\"r\":1,\"g\":1,\"b\":1,\"a\":1}},{\"Name\":\"ambientLight\",\"Rotation\":{\"x\":333.8312683105469,\"y\":351.5199279785156,\"z\":95.59484100341797},\"Scale\":0.10000000894069672,\"Color\":{\"r\":0.09999997168779373,\"g\":0.09899996966123581,\"b\":0.06999997794628143,\"a\":1}},{\"Name\":\"night\",\"Rotation\":{\"x\":20.278152465820312,\"y\":33.05695343017578,\"z\":55.820068359375},\"Scale\":0.04999999701976776,\"Color\":{\"r\":0.03999999910593033,\"g\":0.04999998211860657,\"b\":0.09999997168779373,\"a\":1}},{\"Name\":\"fog\",\"Rotation\":{\"x\":9.99680233001709,\"y\":28.99090576171875,\"z\":77.54923248291016},\"Scale\":0.030000004917383194,\"Color\":{\"r\":0.09999997168779373,\"g\":0.09999997168779373,\"b\":0.09999997168779373,\"a\":1}}]}","requestorIsEditor":false,"requestorIsListEditor":false,"requestorIsOwner":false,"placements":[],"serveTime":21}