{"ok":true,"areaId":"5b17d760f498fb0f7dbee017","areaName":"black insects cave","areaKey":"rr5b17d760878a790f7d2dcfc9","areaCreatorId":"5b154db9ff376750cdf664ff","isPrivate":false,"isZeroGravity":false,"hasFloatingDust":false,"isCopyable":false,"onlyOwnerSetsLocks":false,"isExcluded":false,"environmentChangersJSON":"{\"environmentChangers\":[{\"Name\":\"sun\",\"Rotation\":{\"x\":79.99739837646484,\"y\":20.55543327331543,\"z\":34.68016815185547},\"Scale\":0.04999998211860657,\"Color\":{\"r\":1,\"g\":1,\"b\":1,\"a\":1}}]}","requestorIsEditor":false,"requestorIsListEditor":false,"requestorIsOwner":false,"placements":[{"Id":"5b17d760878a790f7d2dcfca","Tid":"5b17da5f7906f40f8ae61b51","P":{"x":0.6271538734436035,"y":-0.2756277322769165,"z":0.32143914699554443},"R":{"x":0,"y":0,"z":0}},{"Id":"5b17d93ad2c0b23dac3e2f08","Tid":"5b17d93bedbf4b0f946dc856","P":{"x":0.16142654418945312,"y":0.9428982734680176,"z":-0.006451543420553207},"R":{"x":0.43671396374702454,"y":294.06622314453125,"z":0.4293487071990967}},{"Id":"5b17da13d2c0b23dac3e2f09","Tid":"5b17daec2aedea0f93847acd","P":{"x":-0.10924190282821655,"y":0.2851099967956543,"z":0.9544530510902405},"R":{"x":273.5174255371094,"y":130.03990173339844,"z":348.6708984375},"S":1.000000238418579}],"serveTime":11}