{"ok":true,"areaId":"5b68398b9236ee4b95cba996","areaName":"blackcamaro's home","areaKey":"rr5b68398b9a69ba4b95472582","areaCreatorId":"5b68398b9236ee4b95cba995","isPrivate":false,"isZeroGravity":false,"hasFloatingDust":false,"isCopyable":false,"onlyOwnerSetsLocks":false,"isExcluded":false,"_environmentType":"Day","environmentChangersJSON":"{\"environmentChangers\":[{\"Name\":\"ambientLight\",\"Rotation\":{\"x\":8.388952255249023,\"y\":290.266845703125,\"z\":180.66026306152344},\"Scale\":0.1000000610947609,\"Color\":{\"r\":0.09999997168779373,\"g\":0.09899996966123581,\"b\":0.06999997794628143,\"a\":1}},{\"Name\":\"night\",\"Rotation\":{\"x\":11.667333602905273,\"y\":213.16880798339844,\"z\":5.770689964294434},\"Scale\":0.050000086426734924,\"Color\":{\"r\":0.03999999910593033,\"g\":0.04999998211860657,\"b\":0.09999997168779373,\"a\":1}},{\"Name\":\"sun\",\"Rotation\":{\"x\":325.79254150390625,\"y\":90.42214965820312,\"z\":321.29583740234375},\"Scale\":0.15000000596046448,\"Color\":{\"r\":1,\"g\":1,\"b\":1,\"a\":1}}]}","requestorIsEditor":false,"requestorIsListEditor":false,"requestorIsOwner":false,"placements":[{"Id":"5b68398b9a69ba4b95472583","Tid":"000000000000000000000001","P":{"x":0.62715387344,"y":-0.275627732,"z":0.321439146995},"R":{"x":0,"y":0,"z":0}},{"Id":"5b683c062adf7818b07b83c8","Tid":"5b683c07db5cd30dc1889654","P":{"x":0.3933679461479187,"y":0.9254903793334961,"z":0.07920452952384949},"R":{"x":358.03961181640625,"y":125.07222747802734,"z":269.3043518066406},"S":1.0000008344650269}],"serveTime":19}