{"thingDefinitions":[{"id":"60b27494628125307fb8a250","def":"{\"v\":9,\"p\":[{\"s\":[{\"p\":[0,0,0],\"r\":[0,0,0],\"s\":[0.1750003,0.1750001,0.1750002],\"c\":[1,1,1]}]}]}"}],"serveTime":4}