{"ok":true,"areaId":"5aa06e5a529db1140b7ad42f","areaName":"bot venice's home","areaKey":"rr5aa06e5ad5d29d140b6e06f8","areaCreatorId":"5aa06e5a529db1140b7ad42e","isPrivate":false,"isZeroGravity":false,"hasFloatingDust":false,"isCopyable":false,"onlyOwnerSetsLocks":false,"isExcluded":false,"_environmentType":"Day","environmentChangersJSON":"{\"environmentChangers\":[{\"Name\":\"ambientLight\",\"Rotation\":{\"x\":2.5314791202545166,\"y\":261.508056640625,\"z\":1.0621060132980347},\"Scale\":0.09999997168779373,\"Color\":{\"r\":0.09999997168779373,\"g\":0.09899996966123581,\"b\":0.06999997794628143,\"a\":1}},{\"Name\":\"sun\",\"Rotation\":{\"x\":334.6170654296875,\"y\":36.55424499511719,\"z\":34.06204605102539},\"Scale\":0.04999999329447746,\"Color\":{\"r\":1,\"g\":1,\"b\":1,\"a\":1}},{\"Name\":\"night\",\"Rotation\":{\"x\":4.640260696411133,\"y\":104.4951171875,\"z\":4.313470363616943},\"Scale\":0.05000016465783119,\"Color\":{\"r\":0.03999999910593033,\"g\":0.04999998211860657,\"b\":0.09999997168779373,\"a\":1}},{\"Name\":\"clouds\",\"Rotation\":{\"x\":338.3797302246094,\"y\":78.98401641845703,\"z\":319.2776794433594},\"Scale\":0.01000002957880497,\"Color\":{\"r\":1,\"g\":1,\"b\":1,\"a\":1}}]}","requestorIsEditor":false,"requestorIsListEditor":false,"requestorIsOwner":false,"placements":[{"Id":"5aa06e5ad5d29d140b6e06f9","Tid":"5aa071c99647561418289ed2","P":{"x":0.6271538734436035,"y":-0.2756277322769165,"z":0.32143914699554443},"R":{"x":0,"y":0,"z":0}}],"serveTime":237}