{"ok":true,"areaId":"5ace6c8881ba3a0ffcd0a2ab","areaName":"bryanmmitchell's home","areaKey":"rr5ace6c88154c850ffc280e05","areaCreatorId":"5ace6c8881ba3a0ffcd0a2aa","isPrivate":false,"isZeroGravity":false,"hasFloatingDust":false,"isCopyable":false,"onlyOwnerSetsLocks":false,"isExcluded":false,"_environmentType":"Day","environmentChangersJSON":"{\"environmentChangers\":[{\"Name\":\"ambientLight\",\"Rotation\":{\"x\":40.60835266113281,\"y\":34.57127380371094,\"z\":18.781116485595703},\"Scale\":0.1000000387430191,\"Color\":{\"r\":0.09999997168779373,\"g\":0.09899996966123581,\"b\":0.06999997794628143,\"a\":1}},{\"Name\":\"night\",\"Rotation\":{\"x\":359.5187683105469,\"y\":330.32525634765625,\"z\":330.868896484375},\"Scale\":0.05000002309679985,\"Color\":{\"r\":0.03999999910593033,\"g\":0.04999998211860657,\"b\":0.09999997168779373,\"a\":1}},{\"Name\":\"clouds\",\"Rotation\":{\"x\":348.0164794921875,\"y\":18.808643341064453,\"z\":235.75924682617188},\"Scale\":0.009999999776482582,\"Color\":{\"r\":1,\"g\":1,\"b\":1,\"a\":1}}]}","requestorIsEditor":false,"requestorIsListEditor":false,"requestorIsOwner":false,"placements":[{"Id":"5ace6c88154c850ffc280e06","Tid":"000000000000000000000001","P":{"x":0.62715387344,"y":-0.275627732,"z":0.321439146995},"R":{"x":0,"y":0,"z":0}},{"Id":"5ace6cb8aa1f6d43e00c38b8","Tid":"5ace6cb90e4dbb0fe63ec65a","P":{"x":-0.14888441562652588,"y":1.1779286861419678,"z":-0.09604264050722122},"R":{"x":337.2707824707031,"y":253.7148895263672,"z":255.31582641601562},"S":1.0000001192092896}],"serveTime":21}