{"ok":true,"areaId":"5c493249038f6528d5d1df5d","areaName":"bukkiki's home","areaKey":"rr5c49324928ccf028d5896518","areaCreatorId":"5c493249038f6528d5d1df5c","isPrivate":false,"isZeroGravity":false,"hasFloatingDust":false,"isCopyable":false,"onlyOwnerSetsLocks":false,"isExcluded":false,"_environmentType":"Jungle","environmentChangersJSON":"{\"environmentChangers\":[{\"Name\":\"night\",\"Rotation\":{\"x\":12.774590492248535,\"y\":353.6510314941406,\"z\":316.0533142089844},\"Scale\":0.04999997839331627,\"Color\":{\"r\":0.03999999910593033,\"g\":0.04999998211860657,\"b\":0.09999997168779373,\"a\":1}},{\"Name\":\"fog\",\"Rotation\":{\"x\":332.38623046875,\"y\":0.040284089744091034,\"z\":332.1341857910156},\"Scale\":0.029999995604157448,\"Color\":{\"r\":0.09999997168779373,\"g\":0.09999997168779373,\"b\":0.09999997168779373,\"a\":1}},{\"Name\":\"clouds\",\"Rotation\":{\"x\":328.23687744140625,\"y\":283.21173095703125,\"z\":148.05615234375},\"Scale\":0.009999995119869709,\"Color\":{\"r\":1,\"g\":1,\"b\":1,\"a\":1}},{\"Name\":\"ambientLight\",\"Rotation\":{\"x\":12.74665641784668,\"y\":24.011030197143555,\"z\":9.472220420837402},\"Scale\":0.09999995678663254,\"Color\":{\"r\":0.09999994188547134,\"g\":0.09899992495775223,\"b\":0.06999994814395905,\"a\":1}}]}","requestorIsEditor":false,"requestorIsListEditor":false,"requestorIsOwner":false,"placements":[],"serveTime":19}