{"ok":true,"areaId":"5b35c1bd7ca46207ae99ad9d","areaName":"cadaverous laceration's home","areaKey":"rr5b35c1bd78a05007aebf0760","areaCreatorId":"5b35c1bd7ca46207ae99ad9c","isPrivate":false,"isZeroGravity":false,"hasFloatingDust":false,"isCopyable":false,"onlyOwnerSetsLocks":false,"isExcluded":false,"_environmentType":"Day3","environmentChangersJSON":"{\"environmentChangers\":[{\"Name\":\"sun\",\"Rotation\":{\"x\":289.1896057128906,\"y\":206.99209594726562,\"z\":260.13494873046875},\"Scale\":0.05000004544854164,\"Color\":{\"r\":1,\"g\":1,\"b\":1,\"a\":1}},{\"Name\":\"clouds\",\"Rotation\":{\"x\":339.5885009765625,\"y\":342.0780029296875,\"z\":42.54489517211914},\"Scale\":0.009999999776482582,\"Color\":{\"r\":1,\"g\":1,\"b\":1,\"a\":1}},{\"Name\":\"fog\",\"Rotation\":{\"x\":11.983792304992676,\"y\":1.7085225582122803,\"z\":5.9028754234313965},\"Scale\":0.030000008642673492,\"Color\":{\"r\":0.09999997168779373,\"g\":0.09999997168779373,\"b\":0.09999997168779373,\"a\":1}}]}","requestorIsEditor":false,"requestorIsListEditor":false,"requestorIsOwner":false,"placements":[{"Id":"5b35c1bd78a05007aebf0761","Tid":"5b35c4aa4307960f8ab923de","P":{"x":0.6425094604492188,"y":-0.20891806483268738,"z":0.476596474647522},"R":{"x":351.247802734375,"y":357.95855712890625,"z":1.4136284589767456}},{"Id":"5b35c53bc1288b45cc1eed11","Tid":"5b35c60bcfac0314a3451df0","P":{"x":0.18769407272338867,"y":1.9358315467834473,"z":0.41894420981407166},"R":{"x":272.8757019042969,"y":256.4326477050781,"z":16.033849716186523}}],"serveTime":13}