{"ok":true,"areaId":"5c39b95b8436ee6f7daa7281","areaName":"catmanz's home","areaKey":"rr5c39b95b86a1676f7d0e11c8","areaCreatorId":"5c39b95b8436ee6f7daa7280","isPrivate":false,"isZeroGravity":false,"hasFloatingDust":false,"isCopyable":false,"onlyOwnerSetsLocks":false,"isExcluded":false,"environmentChangersJSON":"{\"environmentChangers\":[]}","requestorIsEditor":false,"requestorIsListEditor":false,"requestorIsOwner":false,"placements":[{"Id":"5c39b95b86a1676f7d0e11c9","Tid":"000000000000000000000001","P":{"x":0.62715387344,"y":-0.275627732,"z":0.321439146995},"R":{"x":0,"y":0,"z":0}},{"Id":"5c39b97df234a22b0ca63e92","Tid":"5c39b97c4d67fc6f60920064","P":{"x":-0.7592273354530334,"y":1.261430025100708,"z":-0.10471799969673157},"R":{"x":16.325464248657227,"y":261.1095275878906,"z":219.78436279296875},"S":1.0000015497207642},{"Id":"5c39b980f234a22b0ca63e93","Tid":"5c39b97c4d67fc6f60920064","P":{"x":-0.6201199293136597,"y":0.7253440618515015,"z":-0.720288872718811},"R":{"x":8.272727012634277,"y":204.5026092529297,"z":267.8965759277344},"S":1.0000015497207642},{"Id":"5c39b980f234a22b0ca63e94","Tid":"5c39b97c4d67fc6f60920064","P":{"x":-0.7578434944152832,"y":0.7312353849411011,"z":0.20446163415908813},"R":{"x":15.388070106506348,"y":294.059814453125,"z":275.4392395019531},"S":1.000001311302185}],"serveTime":19}