{"ok":true,"areaId":"5c09f594de1983318580ff66","areaName":"chelseadolly's home","areaKey":"rr5c09f59464ac4831856d656e","areaCreatorId":"5c09f594de1983318580ff65","isPrivate":false,"isZeroGravity":false,"hasFloatingDust":false,"isCopyable":false,"onlyOwnerSetsLocks":false,"isExcluded":false,"_environmentType":"Night","environmentChangersJSON":"{\"environmentChangers\":[{\"Name\":\"night\",\"Rotation\":{\"x\":5.211613655090332,\"y\":320.0186767578125,\"z\":350.1728820800781},\"Scale\":0.05000000447034836,\"Color\":{\"r\":0.03999999910593033,\"g\":0.04999998211860657,\"b\":0.09999997168779373,\"a\":1}},{\"Name\":\"clouds\",\"Rotation\":{\"x\":48.25897216796875,\"y\":346.82403564453125,\"z\":328.1808166503906},\"Scale\":0.01000000350177288,\"Color\":{\"r\":1,\"g\":1,\"b\":1,\"a\":1}},{\"Name\":\"sun\",\"Rotation\":{\"x\":333.7101135253906,\"y\":289.3892822265625,\"z\":190.05267333984375},\"Scale\":0.050000134855508804,\"Color\":{\"r\":1,\"g\":1,\"b\":1,\"a\":1}}]}","requestorIsEditor":false,"requestorIsListEditor":false,"requestorIsOwner":false,"placements":[{"Id":"5c09f59464ac4831856d656f","Tid":"000000000000000000000001","P":{"x":0.6271538734436035,"y":-0.2756277322769165,"z":0.32143914699554443},"R":{"x":0,"y":0,"z":0},"S":6.922492504119873},{"Id":"5c09f85c2669da12f41961ae","Tid":"5c09f859c2d717056da95854","P":{"x":0.2811756432056427,"y":1.2398269176483154,"z":0.649960458278656},"R":{"x":313.88800048828125,"y":74.68463134765625,"z":308.5490417480469},"S":0.9999999403953552}],"serveTime":26}