{"ok":true,"areaId":"5bc3979f3216f23259badcc5","areaName":"chick hicks's home","areaKey":"rr5bc3979ff37377325940d157","areaCreatorId":"5bc3979f3216f23259badcc4","isPrivate":false,"isZeroGravity":false,"hasFloatingDust":false,"isCopyable":false,"onlyOwnerSetsLocks":false,"isExcluded":false,"environmentChangersJSON":"{\"environmentChangers\":[]}","requestorIsEditor":false,"requestorIsListEditor":false,"requestorIsOwner":false,"placements":[{"Id":"5bc3979ff37377325940d158","Tid":"000000000000000000000001","P":{"x":0.62715387344,"y":-0.275627732,"z":0.321439146995},"R":{"x":0,"y":0,"z":0}},{"Id":"5bc39917f987ba0f90f9c468","Tid":"5bc399155bf8d0325f56a3d9","P":{"x":1.0699087381362915,"y":0.5342196226119995,"z":1.4703513383865356},"R":{"x":328.3446350097656,"y":132.75140380859375,"z":235.13143920898438},"S":38.6244010925293},{"Id":"5bcbb71cf987ba18b428966e","Tid":"5bc399155bf8d0325f56a3d9","P":{"x":1.7617061138153076,"y":0.3964141607284546,"z":-0.40861520171165466},"R":{"x":20.26006507873535,"y":182.9036102294922,"z":237.68679809570312},"S":38.62444305419922},{"Id":"5bcbb721f987ba18b4289671","Tid":"5bc399155bf8d0325f56a3d9","P":{"x":-2.6811280250549316,"y":1.5148766040802002,"z":0.6270538568496704},"R":{"x":312.8518371582031,"y":189.78350830078125,"z":68.92463684082031},"S":38.624507904052734}],"serveTime":21}