{"ok":true,"areaId":"5e6409afb071e84446d8ad5e","areaName":"chrystal dawn's home","areaKey":"rr5e6409af98e00b44462bdcf9","areaCreatorId":"5e6409afb071e84446d8ad5d","isPrivate":false,"isZeroGravity":false,"hasFloatingDust":false,"isCopyable":false,"onlyOwnerSetsLocks":false,"isExcluded":false,"_environmentType":"Snow","environmentChangersJSON":"{\"environmentChangers\":[{\"Name\":\"sun\",\"Rotation\":{\"x\":83.41647338867188,\"y\":22.41165542602539,\"z\":22.221803665161133},\"Scale\":0.050000015646219254,\"Color\":{\"r\":1,\"g\":1,\"b\":1,\"a\":1}},{\"Name\":\"night\",\"Rotation\":{\"x\":353.3187561035156,\"y\":0.6126121878623962,\"z\":0.19963103532791138},\"Scale\":0.05000000074505806,\"Color\":{\"r\":0.03999999910593033,\"g\":0.04999998211860657,\"b\":0.09999997168779373,\"a\":1}}]}","requestorIsEditor":false,"requestorIsListEditor":false,"requestorIsOwner":false,"placements":[{"Id":"5e6409af98e00b44462bdcfa","Tid":"000000000000000000000001","P":{"x":0.62715387344,"y":-0.275627732,"z":0.321439146995},"R":{"x":0,"y":0,"z":0}},{"Id":"642d0b8ab5831334b86ad548","Tid":"642d0b8a3cd4bf7e717ff3d3","P":{"x":-2.8720035552978516,"y":1.0248342752456665,"z":4.0307698249816895},"R":{"x":54.77288055419922,"y":94.3818588256836,"z":300.0462341308594},"S":1.0000004768371582}],"serveTime":25}