{"ok":true,"areaId":"5c0a483383f66e6e5533fc5d","areaName":"cimaboy's home","areaKey":"rr5c0a483362961b6e556ec1a6","areaCreatorId":"5c0a483383f66e6e5533fc5c","isPrivate":false,"isZeroGravity":false,"hasFloatingDust":false,"isCopyable":false,"onlyOwnerSetsLocks":false,"isExcluded":false,"environmentChangersJSON":"{\"environmentChangers\":[{\"Name\":\"sun\",\"Rotation\":{\"x\":62.93792724609375,\"y\":120.5603256225586,\"z\":122.17158508300781},\"Scale\":0.050000011920928955,\"Color\":{\"r\":1,\"g\":1,\"b\":1,\"a\":1}},{\"Name\":\"ambientLight\",\"Rotation\":{\"x\":39.981502532958984,\"y\":349.4540710449219,\"z\":5.965118408203125},\"Scale\":0.10000000894069672,\"Color\":{\"r\":0.09999997168779373,\"g\":0.09899996966123581,\"b\":0.06999997794628143,\"a\":1}},{\"Name\":\"night\",\"Rotation\":{\"x\":12.88315200805664,\"y\":345.7201843261719,\"z\":5.549858570098877},\"Scale\":0.05000000819563866,\"Color\":{\"r\":0.03999999910593033,\"g\":0.04999998211860657,\"b\":0.09999997168779373,\"a\":1}}]}","requestorIsEditor":false,"requestorIsListEditor":false,"requestorIsOwner":false,"placements":[{"Id":"5c0a483362961b6e556ec1a7","Tid":"000000000000000000000001","P":{"x":0.62715387344,"y":-0.275627732,"z":0.321439146995},"R":{"x":0,"y":0,"z":0}}],"serveTime":13}