{"ok":true,"areaId":"5c2189d439f34d317e595cd2","areaName":"cjsamples's home","areaKey":"rr5c2189d483c166317e7b8360","areaCreatorId":"5c2189d439f34d317e595cd1","isPrivate":false,"isZeroGravity":false,"hasFloatingDust":false,"isCopyable":false,"onlyOwnerSetsLocks":false,"isExcluded":false,"environmentChangersJSON":"{\"environmentChangers\":[]}","requestorIsEditor":false,"requestorIsListEditor":false,"requestorIsOwner":false,"placements":[{"Id":"5c2189d483c166317e7b8361","Tid":"000000000000000000000001","P":{"x":0.62715387344,"y":-0.275627732,"z":0.321439146995},"R":{"x":0,"y":0,"z":0}},{"Id":"5c223abf9407e52b641748f2","Tid":"5c223ac083f66e6e55340111","P":{"x":1.4516289234161377,"y":1.4888005256652832,"z":0.5737169981002808},"R":{"x":322.2879638671875,"y":279.79034423828125,"z":172.90525817871094},"S":1.0000009536743164},{"Id":"5c223ad29407e52b641748f3","Tid":"5c223ac083f66e6e55340111","P":{"x":2.1576859951019287,"y":1.3512730598449707,"z":1.865670084953308},"R":{"x":48.75118637084961,"y":65.84492492675781,"z":134.35128784179688}},{"Id":"5c223adf9407e52b641748f4","Tid":"5c223ac083f66e6e55340111","P":{"x":0.5635717511177063,"y":1.691633701324463,"z":1.9076170921325684},"R":{"x":311.3258361816406,"y":114.0440902709961,"z":172.02333068847656},"S":1.000002145767212}],"serveTime":20}