{"thingDefinitions":[{"id":"5f8e3a55fe99c863186d2b5f","def":"{\"v\":9,\"p\":[{\"s\":[{\"p\":[0,0,0],\"r\":[0,0,0],\"s\":[0.175,0.1750002,0.1750004],\"c\":[1,1,1]}]},{\"b\":14,\"s\":[{\"p\":[-0.1095427,-0.1004557,-0.2360076],\"r\":[21.94405,286.7685,346.6278],\"s\":[0.06000012,0.06000005,0.06000004],\"c\":[1,1,1]}]},{\"b\":14,\"s\":[{\"p\":[-0.2336688,-0.1754494,0.03630979],\"r\":[10.37532,286.5955,8.453008],\"s\":[0.06000012,0.06000007,0.06000005],\"c\":[1,1,1]}]},{\"s\":[{\"p\":[-0.09598152,-0.007468939,0.2222653],\"r\":[9.78776,303.9048,34.96206],\"s\":[0.1750003,0.1750002,0.1750002],\"c\":[1,1,1]}]}]}"}],"serveTime":5}