{"ok":true,"areaId":"5a21047bbfd64db6132fc916","areaName":"cocunt head pvprocom's home","areaKey":"rr5a21047b4ac893b6133d15ac","areaCreatorId":"5a21047bbfd64db6132fc915","isPrivate":false,"isZeroGravity":false,"hasFloatingDust":false,"isCopyable":false,"onlyOwnerSetsLocks":false,"isExcluded":false,"_environmentType":"Night","environmentChangersJSON":"{\"environmentChangers\":[{\"Name\":\"sun\",\"Rotation\":{\"x\":17.819061279296875,\"y\":188.66146850585938,\"z\":161.66488647460938},\"Scale\":0.05000000447034836,\"Color\":{\"r\":1,\"g\":1,\"b\":1,\"a\":1}},{\"Name\":\"night\",\"Rotation\":{\"x\":10.489054679870605,\"y\":43.078521728515625,\"z\":31.438514709472656},\"Scale\":0.049999985843896866,\"Color\":{\"r\":0.03999999910593033,\"g\":0.04999998211860657,\"b\":0.09999997168779373,\"a\":1}},{\"Name\":\"ambientLight\",\"Rotation\":{\"x\":359.219970703125,\"y\":36.93438720703125,\"z\":348.93560791015625},\"Scale\":0.10000003129243851,\"Color\":{\"r\":0.09999997168779373,\"g\":0.09899996966123581,\"b\":0.06999997794628143,\"a\":1}}]}","requestorIsEditor":false,"requestorIsListEditor":false,"requestorIsOwner":false,"placements":[{"Id":"5a21047b4ac893b6133d15ad","Tid":"000000000000000000000001","P":{"x":0.62715387344,"y":-0.275627732,"z":0.321439146995},"R":{"x":0,"y":0,"z":0}}],"serveTime":21}