{"ok":true,"areaId":"5b0bb72bdbc4af03cb2229bf","areaName":"connortsunami's home","areaKey":"rr5b0bb72bd9a64903cbf2b9ad","areaCreatorId":"5b0bb72bdbc4af03cb2229be","isPrivate":false,"isZeroGravity":false,"hasFloatingDust":false,"isCopyable":false,"onlyOwnerSetsLocks":false,"isExcluded":false,"_environmentType":"Default","environmentChangersJSON":"{\"environmentChangers\":[{\"Name\":\"fog\",\"Rotation\":{\"x\":3.588901996612549,\"y\":19.55014419555664,\"z\":87.13964080810547},\"Scale\":0.03000001423060894,\"Color\":{\"r\":0.09999997168779373,\"g\":0.09999997168779373,\"b\":0.09999997168779373,\"a\":1}},{\"Name\":\"night\",\"Rotation\":{\"x\":339.7250061035156,\"y\":72.65076446533203,\"z\":42.207462310791016},\"Scale\":0.05000007525086403,\"Color\":{\"r\":0.03999999910593033,\"g\":0.04999998211860657,\"b\":0.09999997168779373,\"a\":1}},{\"Name\":\"ambientLight\",\"Rotation\":{\"x\":305.759033203125,\"y\":99.62593841552734,\"z\":84.90577697753906},\"Scale\":0.10000038146972656,\"Color\":{\"r\":0.09999997168779373,\"g\":0.09899996966123581,\"b\":0.06999997794628143,\"a\":1}},{\"Name\":\"sun\",\"Rotation\":{\"x\":358.6545104980469,\"y\":292.3277587890625,\"z\":241.28012084960938},\"Scale\":0.05000026524066925,\"Color\":{\"r\":1,\"g\":1,\"b\":1,\"a\":1}}]}","requestorIsEditor":false,"requestorIsListEditor":false,"requestorIsOwner":false,"placements":[{"Id":"5b0bb72bd9a64903cbf2b9ae","Tid":"000000000000000000000001","P":{"x":0.62715387344,"y":-0.275627732,"z":0.321439146995},"R":{"x":0,"y":0,"z":0}}],"serveTime":32}