{"ok":true,"areaId":"5b5927db8e70120b9b173118","areaName":"coopmeister767at's home","areaKey":"rr5b5927db3dd04c0b9b75c204","areaCreatorId":"5b5927db8e70120b9b173117","isPrivate":false,"isZeroGravity":false,"hasFloatingDust":false,"isCopyable":false,"onlyOwnerSetsLocks":false,"isExcluded":false,"_environmentType":"Snow","environmentChangersJSON":"{\"environmentChangers\":[{\"Name\":\"clouds\",\"Rotation\":{\"x\":1.523296594619751,\"y\":0.2216024547815323,\"z\":358.6266174316406},\"Scale\":0.010000002570450306,\"Color\":{\"r\":1,\"g\":1,\"b\":1,\"a\":1}},{\"Name\":\"sun\",\"Rotation\":{\"x\":349.5223693847656,\"y\":108.26338195800781,\"z\":82.82726287841797},\"Scale\":0.05000004172325134,\"Color\":{\"r\":1,\"g\":1,\"b\":1,\"a\":1}}]}","requestorIsEditor":false,"requestorIsListEditor":false,"requestorIsOwner":false,"placements":[{"Id":"5b5927db3dd04c0b9b75c205","Tid":"000000000000000000000001","P":{"x":0.41053295135498047,"y":-0.9037147760391235,"z":-0.36615943908691406},"R":{"x":3.3865137100219727,"y":31.073448181152344,"z":357.3233642578125},"S":4.536913871765137,"A":[1]}],"serveTime":14}