{"ok":true,"areaId":"5d1c4da2d8a7b705d9e08055","areaName":"cpt nightflash's home","areaKey":"rr5d1c4da225beb705d9696740","areaCreatorId":"5d1c4da2d8a7b705d9e08054","isPrivate":false,"isZeroGravity":false,"hasFloatingDust":false,"isCopyable":false,"onlyOwnerSetsLocks":false,"isExcluded":false,"_environmentType":"Day","environmentChangersJSON":"{\"environmentChangers\":[{\"Name\":\"ambientLight\",\"Rotation\":{\"x\":1.6289138793945312,\"y\":7.738203048706055,\"z\":356.2507629394531},\"Scale\":0.10000009834766388,\"Color\":{\"r\":0.09999997168779373,\"g\":0.09899996966123581,\"b\":0.06999997794628143,\"a\":1}}]}","requestorIsEditor":false,"requestorIsListEditor":false,"requestorIsOwner":false,"placements":[{"Id":"5d1c4da225beb705d9696741","Tid":"000000000000000000000001","P":{"x":0.62715387344,"y":-0.275627732,"z":0.321439146995},"R":{"x":0,"y":0,"z":0}},{"Id":"5d1cc9f4f2179013589eb729","Tid":"5d1cc9f4b237490609dc288a","P":{"x":0.6217905879020691,"y":0.45329394936561584,"z":2.623457670211792},"R":{"x":19.016592025756836,"y":5.878468036651611,"z":182.94532775878906}},{"Id":"5d1ccb33f2179013589eb72a","Tid":"5d1ccb335431cd0611bc2e53","P":{"x":0.6839832663536072,"y":0.3572836220264435,"z":2.6505684852600098},"R":{"x":289.865478515625,"y":344.55267333984375,"z":55.600738525390625}}],"serveTime":17}