{"ok":true,"areaId":"5c7bf3523a32ad7254f0d5ea","areaName":"crazydave762's home","areaKey":"rr5c7bf352831ab97254b36e30","areaCreatorId":"5c7bf3523a32ad7254f0d5e9","isPrivate":false,"isZeroGravity":false,"hasFloatingDust":false,"isCopyable":false,"onlyOwnerSetsLocks":false,"isExcluded":false,"environmentChangersJSON":"{\"environmentChangers\":[]}","requestorIsEditor":false,"requestorIsListEditor":false,"requestorIsOwner":false,"placements":[{"Id":"5c7bf352831ab97254b36e31","Tid":"000000000000000000000001","P":{"x":0.62715387344,"y":-0.275627732,"z":0.321439146995},"R":{"x":0,"y":0,"z":0}},{"Id":"5c7bf50b4e4267052cd8b479","Tid":"5c7bf50c2cc3615003c21f5a","P":{"x":0.49528318643569946,"y":0.8827629089355469,"z":0.6925652027130127},"R":{"x":49.91252136230469,"y":50.60752487182617,"z":198.48934936523438},"S":1.0000019073486328},{"Id":"5c7bf5154e4267052cd8b47a","Tid":"5c7bf50c2cc3615003c21f5a","P":{"x":-1.4241652488708496,"y":0.8752672672271729,"z":0.032855160534381866},"R":{"x":356.7071838378906,"y":244.8511962890625,"z":206.71023559570312},"S":1.0000015497207642},{"Id":"5c7bf6804e4267052cd8b47b","Tid":"5c7bf6821a77eb4151f06e13","P":{"x":3.234762668609619,"y":0.2697412371635437,"z":-3.520766019821167},"R":{"x":46.37778854370117,"y":122.39949035644531,"z":72.1709213256836},"S":1.000000238418579}],"serveTime":31}