{"ok":true,"areaId":"5a2bdf2955df241f10d8aebf","areaName":"creator","areaKey":"rr5a2bdf29c8e8b81f101f4c39","areaCreatorId":"59bc0fb8f38bfab013e45732","isPrivate":false,"isZeroGravity":false,"hasFloatingDust":false,"isCopyable":false,"onlyOwnerSetsLocks":false,"isExcluded":false,"_environmentType":"Day","environmentChangersJSON":"{\"environmentChangers\":[{\"Name\":\"sun\",\"Rotation\":{\"x\":350.33135986328125,\"y\":272.2077331542969,\"z\":110.35518646240234},\"Scale\":0.05000007897615433,\"Color\":{\"r\":1,\"g\":1,\"b\":1,\"a\":1}}]}","requestorIsEditor":false,"requestorIsListEditor":false,"requestorIsOwner":false,"placements":[{"Id":"5a2c603decc169018474287f","Tid":"5ada27926e85ca5092e64d62","P":{"x":-0.07346801459789276,"y":1.474520206451416,"z":0.559251606464386},"R":{"x":326.30377197265625,"y":8.014533042907715,"z":72.72783660888672},"S":1.0000009536743164},{"Id":"5ada2786ecc16927cc408b03","Tid":"5ada2786b431ba0e7aeea05f","P":{"x":-0.2111051380634308,"y":0.40394097566604614,"z":0.9651226997375488},"R":{"x":0.344644159078598,"y":137.63421630859375,"z":358.2501220703125}},{"Id":"5ada2ae3ecc16927cc408b05","Tid":"5ada2ae3e050e704d0854a1e","P":{"x":-0.47555121779441833,"y":0.8125655055046082,"z":1.2243815660476685},"R":{"x":270,"y":225,"z":0},"S":1.0000009536743164}],"serveTime":51}