{"thingDefinitions":[{"id":"64dc4a067de4d7265f32cf85","def":"{\"n\":\"ground\",\"v\":9,\"a\":[1],\"p\":[{\"b\":17,\"s\":[{\"p\":[0,0,0],\"r\":[0,0,0],\"s\":[7.076168,0.1086362,6.05963],\"c\":[0.9019608,0.8509804,0.7215686]}]}]}"},{"id":"64dc4fd6ad0a5926627a91e2","def":"{\"v\":9,\"a\":[2,15],\"p\":[{\"b\":9,\"s\":[{\"p\":[0,0,0],\"r\":[0,0,0],\"s\":[0.1250008,0.1250005,0.1250005],\"c\":[1,1,1]}]}]}"},{"id":"64dc507614e41805d12d9f8c","def":"{\"v\":9,\"a\":[2,9],\"p\":[{\"b\":14,\"s\":[{\"p\":[0,0,0],\"r\":[0,0,0],\"s\":[0.06000009,0.06000005,0.06000006],\"c\":[1,1,1]}]}]}"},{"id":"64dc5143ad0a5926627a91e3","def":"{\"v\":9,\"p\":[{\"b\":14,\"s\":[{\"p\":[0,0,0],\"r\":[0,0,0],\"s\":[0.01543944,0.06000003,0.1044619],\"c\":[1,1,1],\"b\":[\"when pointed at then play bell a 2\"]}]}]}"}],"serveTime":8}