{"ok":true,"areaId":"5cd7b4081574305d9ef98050","areaName":"daddydimy's home","areaKey":"rr5cd7b408ae0a795d9ec8ef54","areaCreatorId":"5cd7b4081574305d9ef9804f","isPrivate":false,"isZeroGravity":false,"hasFloatingDust":false,"isCopyable":false,"onlyOwnerSetsLocks":false,"isExcluded":false,"environmentChangersJSON":"{\"environmentChangers\":[{\"Name\":\"ambientLight\",\"Rotation\":{\"x\":353.9342041015625,\"y\":356.3474426269531,\"z\":2.163172483444214},\"Scale\":0.10000002384185791,\"Color\":{\"r\":0.09999997168779373,\"g\":0.09899996966123581,\"b\":0.06999997794628143,\"a\":1}}]}","requestorIsEditor":false,"requestorIsListEditor":false,"requestorIsOwner":false,"placements":[{"Id":"5cd7b408ae0a795d9ec8ef55","Tid":"000000000000000000000001","P":{"x":0.62715387344,"y":-0.275627732,"z":0.321439146995},"R":{"x":0,"y":0,"z":0}}],"serveTime":22}