{"thingDefinitions":[{"id":"628cead1f3a60c05e923012c","def":"{\"n\":\"ground\",\"v\":9,\"a\":[1],\"p\":[{\"b\":9,\"s\":[{\"p\":[0.1401109,0.8580906,0.6878835],\"r\":[18.41552,234.6888,313.2703],\"s\":[0.1250003,0.1250003,0.1250003],\"c\":[0,0.5714284,1],\"b\":[\"when touched then emit gravity-free [drop from inventory]\"]}]},{\"b\":17,\"s\":[{\"p\":[0.08395416,-0.05673549,0.05761474],\"r\":[357.1353,355.2263,1.247359],\"s\":[3.363346,0.11062,3.201103],\"c\":[0.9019608,0.8509804,0.7215686],\"b\":[\"when touched then become next in 0.5s\"]}]},{\"b\":9,\"s\":[{\"p\":[0.1348374,1.077898,0.7018822],\"r\":[332.1792,229.7677,335.4381],\"s\":[0.1250002,0.1250002,0.1250004],\"c\":[0,0.5714284,1]},{\"p\":[-0.1906119,1.349265,0.6222587],\"r\":[18.04176,251.8111,253.9104],\"s\":[0.1250001,0.1250001,0.1250002],\"c\":[1,1,1]}]}]}"}],"serveTime":4}