{"thingDefinitions":[{"id":"617c99f0b3c98205e7471c94","def":"{\"v\":9,\"p\":[{\"b\":9,\"s\":[{\"p\":[0,0,0],\"r\":[0,0,0],\"s\":[0.125,0.1250001,0.1250001],\"c\":[1,1,1]}]},{\"b\":14,\"s\":[{\"p\":[-0.06518362,-0.01119258,0.204945],\"r\":[5.451488,341.8513,351.5445],\"s\":[0.06,0.06000004,0.06000004],\"c\":[1,1,1]}]}]}"}],"serveTime":3}