{"ok":true,"areaId":"5af889d382dceb131f83c5b5","areaName":"darker1046's home","areaKey":"rr5af889d3a0a666131f8f94c3","areaCreatorId":"5af889d382dceb131f83c5b4","isPrivate":false,"isZeroGravity":false,"hasFloatingDust":false,"isCopyable":false,"onlyOwnerSetsLocks":false,"isExcluded":false,"environmentChangersJSON":"{\"environmentChangers\":[]}","requestorIsEditor":false,"requestorIsListEditor":false,"requestorIsOwner":false,"placements":[{"Id":"5af889d3a0a666131f8f94c4","Tid":"000000000000000000000001","P":{"x":0.6200916767120361,"y":0.04079775512218475,"z":0.3960893154144287},"R":{"x":358.3170166015625,"y":2.012573480606079,"z":353.92913818359375},"S":1.0000001192092896},{"Id":"5af88a9b2161b5294c95d8f9","Tid":"5af88a9b3bf5840f8cda87b3","P":{"x":-0.26430585980415344,"y":1.2326899766921997,"z":0.5963550806045532},"R":{"x":84.47117614746094,"y":340.3804626464844,"z":269.6195983886719},"S":0.2399999499320984},{"Id":"5af88b462161b5294c95d8fa","Tid":"5af88b471bffdf36cbfcf299","P":{"x":-0.24727970361709595,"y":1.110735297203064,"z":0.5631945729255676},"R":{"x":359.74932861328125,"y":250.72494506835938,"z":0.6353660821914673},"S":1.000000238418579}],"serveTime":22}