{"ok":true,"areaId":"5bdce64dbd9a3e1646c0f24c","areaName":"dartkitten's home","areaKey":"rr5bdce64d482549164652fb83","areaCreatorId":"5bdce64dbd9a3e1646c0f24b","isPrivate":false,"isZeroGravity":false,"hasFloatingDust":false,"isCopyable":false,"onlyOwnerSetsLocks":false,"isExcluded":false,"environmentChangersJSON":"{\"environmentChangers\":[]}","requestorIsEditor":false,"requestorIsListEditor":false,"requestorIsOwner":false,"placements":[{"Id":"5bdce64d482549164652fb84","Tid":"000000000000000000000001","P":{"x":0.62715387344,"y":-0.275627732,"z":0.321439146995},"R":{"x":0,"y":0,"z":0}},{"Id":"5bdcf59a1ec8560dac49057b","Tid":"5bdcf7c0f5c0f5163f4f8339","P":{"x":0.9266635179519653,"y":1.0361034870147705,"z":-0.8026386499404907},"R":{"x":28.503381729125977,"y":266.2213134765625,"z":182.84149169921875},"S":1.0000016689300537},{"Id":"5bdcf5ca1ec8560dac49057c","Tid":"5bdcf5cae5056e7f76da3cb0","P":{"x":-0.2213563323020935,"y":0.9485282897949219,"z":-0.8920122981071472},"R":{"x":304.35028076171875,"y":211.0748291015625,"z":19.48533058166504},"S":1.0000007152557373},{"Id":"5be79c371ec8561bb8bfdbb6","Tid":"5a8f85e4863c07a51384a8f9","P":{"x":-0.8254448175430298,"y":0.9455629587173462,"z":-0.06967760622501373},"R":{"x":292.5,"y":67.5,"z":0},"S":1.000232458114624}],"serveTime":24}