{"ok":true,"areaId":"5b7c67a413103e0e88cb8771","areaName":"diehardlivelong's home","areaKey":"rr5b7c67a41cd2990e88063ad3","areaCreatorId":"5b7c67a413103e0e88cb8770","isPrivate":false,"isZeroGravity":false,"hasFloatingDust":false,"isCopyable":false,"onlyOwnerSetsLocks":false,"isExcluded":false,"_environmentType":"Day","environmentChangersJSON":"{\"environmentChangers\":[{\"Name\":\"ambientLight\",\"Rotation\":{\"x\":358.7422180175781,\"y\":359.16668701171875,\"z\":0.25221726298332214},\"Scale\":0.10000003129243851,\"Color\":{\"r\":0.09999997168779373,\"g\":0.09899996966123581,\"b\":0.06999997794628143,\"a\":1}},{\"Name\":\"night\",\"Rotation\":{\"x\":0.9755211472511292,\"y\":11.711822509765625,\"z\":0.27744409441947937},\"Scale\":0.049999989569187164,\"Color\":{\"r\":0.03999999910593033,\"g\":0.04999998211860657,\"b\":0.09999997168779373,\"a\":1}},{\"Name\":\"sun\",\"Rotation\":{\"x\":273.01055908203125,\"y\":217.07095336914062,\"z\":180.87249755859375},\"Scale\":0.050000034272670746,\"Color\":{\"r\":1,\"g\":1,\"b\":1,\"a\":1}}]}","requestorIsEditor":false,"requestorIsListEditor":false,"requestorIsOwner":false,"placements":[{"Id":"5b7c67a41cd2990e88063ad4","Tid":"5c041c106c1c68056460bf6b","P":{"x":0.7644420266151428,"y":-0.3187839984893799,"z":-0.2045345902442932},"R":{"x":1.0096300840377808,"y":41.50093078613281,"z":354.2287902832031},"S":1.000000238418579},{"Id":"5c041e25e507053f483e1e11","Tid":"5c041e251171b26459736c9d","P":{"x":3.5561254024505615,"y":-0.11534202098846436,"z":-4.778448104858398},"R":{"x":5.7396955490112305,"y":179.50814819335938,"z":89.95613861083984}}],"serveTime":26}