{"ok":true,"areaId":"5c290d1a767601054a603de4","areaName":"dimmies's home","areaKey":"rr5c290d1a28cd01054ab0900a","areaCreatorId":"5c290d1a767601054a603de3","isPrivate":false,"isZeroGravity":false,"hasFloatingDust":false,"isCopyable":false,"onlyOwnerSetsLocks":false,"isExcluded":false,"environmentChangersJSON":"{\"environmentChangers\":[{\"Name\":\"ambientLight\",\"Rotation\":{\"x\":0.7092567086219788,\"y\":4.774519920349121,\"z\":0.560168445110321},\"Scale\":0.10000000149011612,\"Color\":{\"r\":0.09999997168779373,\"g\":0.09899996966123581,\"b\":0.06999997794628143,\"a\":1}},{\"Name\":\"sun\",\"Rotation\":{\"x\":46.264427185058594,\"y\":239.21914672851562,\"z\":198.46624755859375},\"Scale\":0.05000001937150955,\"Color\":{\"r\":1,\"g\":1,\"b\":1,\"a\":1}},{\"Name\":\"night\",\"Rotation\":{\"x\":0.3268834054470062,\"y\":8.798147201538086,\"z\":2.0533370971679688},\"Scale\":0.05000002309679985,\"Color\":{\"r\":0.03999999910593033,\"g\":0.04999998211860657,\"b\":0.09999997168779373,\"a\":1}},{\"Name\":\"clouds\",\"Rotation\":{\"x\":352.30670166015625,\"y\":352.4021301269531,\"z\":358.8795471191406},\"Scale\":0.009999999776482582,\"Color\":{\"r\":1,\"g\":1,\"b\":1,\"a\":1}}]}","requestorIsEditor":false,"requestorIsListEditor":false,"requestorIsOwner":false,"placements":[{"Id":"5c290d1a28cd01054ab0900b","Tid":"000000000000000000000001","P":{"x":0.62715387344,"y":-0.275627732,"z":0.321439146995},"R":{"x":0,"y":0,"z":0}}],"serveTime":17}