{"ok":true,"areaId":"5d92891fa1cf1e392b56b1e9","areaName":"discocyberpirate's home","areaKey":"rr5d92891fb2202b392b619716","areaCreatorId":"5d92891fa1cf1e392b56b1e8","isPrivate":false,"isZeroGravity":false,"hasFloatingDust":false,"isCopyable":false,"onlyOwnerSetsLocks":false,"isExcluded":false,"environmentChangersJSON":"{\"environmentChangers\":[{\"Name\":\"night\",\"Rotation\":{\"x\":5.764392852783203,\"y\":358.6805114746094,\"z\":357.0036315917969},\"Scale\":0.05000000447034836,\"Color\":{\"r\":0.03999999910593033,\"g\":0.04999998211860657,\"b\":0.09999997168779373,\"a\":1}}]}","requestorIsEditor":false,"requestorIsListEditor":false,"requestorIsOwner":false,"placements":[{"Id":"5d92891fb2202b392b619717","Tid":"000000000000000000000001","P":{"x":0.62715387344,"y":-0.275627732,"z":0.321439146995},"R":{"x":0,"y":0,"z":0}}],"serveTime":22}