{"ok":true,"areaId":"5e881d412003286c3ea8e8ff","areaName":"dragoxd's home","areaKey":"rr5e881d410c7efe6c3e009cde","areaCreatorId":"5e881d412003286c3ea8e8fe","isPrivate":false,"isZeroGravity":false,"hasFloatingDust":false,"isCopyable":false,"onlyOwnerSetsLocks":false,"isExcluded":false,"_environmentType":"Rain2","environmentChangersJSON":"{\"environmentChangers\":[{\"Name\":\"night\",\"Rotation\":{\"x\":0.7992777228355408,\"y\":358.902587890625,\"z\":4.792613506317139},\"Scale\":0.050000086426734924,\"Color\":{\"r\":0.03999999910593033,\"g\":0.04999998211860657,\"b\":0.09999997168779373,\"a\":1}}]}","requestorIsEditor":false,"requestorIsListEditor":false,"requestorIsOwner":false,"placements":[{"Id":"5e881d410c7efe6c3e009cdf","Tid":"5e881ddcb3bb396c4a8ebe21","P":{"x":0.6271538734436035,"y":-0.2756277322769165,"z":0.32143914699554443},"R":{"x":0,"y":0,"z":0}},{"Id":"5e881f6fbff3eb37e0c553bb","Tid":"5e8820984380dd0628313729","P":{"x":1.039074182510376,"y":0.8287720680236816,"z":0.66376793384552},"R":{"x":274.59368896484375,"y":355.1188659667969,"z":177.06443786621094}}],"serveTime":21}