{"thingDefinitions":[{"id":"608f5805e0e68d0538c44a61","def":"{\"v\":9,\"p\":[{\"s\":[{\"p\":[0.1756769,0.02191557,0.0170557],\"r\":[352.6595,1.207295,2.278353],\"s\":[0.1750004,0.1750002,0.1750005],\"c\":[1,1,1]}]},{\"s\":[{\"p\":[0.3554583,0.01736662,-0.01959476],\"r\":[351.1301,11.54584,3.451596],\"s\":[0.1750004,0.1750004,0.1750004],\"c\":[1,1,1]}]}]}"}],"serveTime":5}