{"thingDefinitions":[{"id":"6069e47028f5220543acee0e","def":"{\"v\":9,\"p\":[{\"s\":[{\"p\":[0,0,0],\"r\":[0,0,-8.537737E-07],\"s\":[0.175,0.1750001,0.1750001],\"c\":[1,1,1]}]},{\"s\":[{\"p\":[0.04550004,0.2930682,-0.1266278],\"r\":[301.1996,12.96821,347.0641],\"s\":[0.175,0.1750001,0.1750001],\"c\":[1,1,1]}]}]}"}],"serveTime":6}