{"ok":true,"areaId":"5e1befd164b7e0061d5b4d80","areaName":"epicmelon's home","areaKey":"rr5e1befd164cb32061dea58c9","areaCreatorId":"5e1befd164b7e0061d5b4d7f","isPrivate":false,"isZeroGravity":false,"hasFloatingDust":false,"isCopyable":false,"onlyOwnerSetsLocks":false,"isExcluded":false,"_environmentType":"Snow","environmentChangersJSON":"{\"environmentChangers\":[{\"Name\":\"sun\",\"Rotation\":{\"x\":355.0580749511719,\"y\":133.9633331298828,\"z\":106.23080444335938},\"Scale\":0.05000004917383194,\"Color\":{\"r\":1,\"g\":1,\"b\":1,\"a\":1}},{\"Name\":\"clouds\",\"Rotation\":{\"x\":358.4889221191406,\"y\":0.3419756591320038,\"z\":351.7784423828125},\"Scale\":0.010000001639127731,\"Color\":{\"r\":1,\"g\":1,\"b\":1,\"a\":1}}]}","requestorIsEditor":false,"requestorIsListEditor":false,"requestorIsOwner":false,"placements":[{"Id":"5e1e6a4ee62a730a2450f93c","Tid":"000000000000000000000001","P":{"x":0.48890817165374756,"y":-0.3450809717178345,"z":0.27152329683303833},"R":{"x":3.9499497413635254,"y":348.2198486328125,"z":359.7977294921875},"S":1.000000238418579}],"serveTime":25}