{"thingDefinitions":[{"id":"5fe4ce88c71bd13661053587","def":"{\"v\":9,\"p\":[{\"s\":[{\"p\":[0,0,0],\"r\":[0,0,-4.268868E-07],\"s\":[0.1750001,0.175,0.175],\"c\":[0,1,1]}]}]}"}],"serveTime":4}