{"ok":true,"areaId":"5bf727e65e64ee676ef229a2","areaName":"estacion2vl's home","areaKey":"rr5bf727e6d0b949676e881d04","areaCreatorId":"5bf727e65e64ee676ef229a1","isPrivate":false,"isZeroGravity":false,"hasFloatingDust":false,"isCopyable":false,"onlyOwnerSetsLocks":false,"isExcluded":false,"environmentChangersJSON":"{\"environmentChangers\":[]}","requestorIsEditor":false,"requestorIsListEditor":false,"requestorIsOwner":false,"placements":[{"Id":"5bf727e6d0b949676e881d05","Tid":"000000000000000000000001","P":{"x":0.6186916828155518,"y":-0.33486154675483704,"z":0.27797532081604004},"R":{"x":1.6204495429992676,"y":359.8584899902344,"z":359.569091796875},"S":1.0000001192092896},{"Id":"5bf729723e43c033e49bdb60","Tid":"5bf72972c8f9ed644c75157a","P":{"x":3.1195685863494873,"y":1.4187864065170288,"z":-3.6310577392578125},"R":{"x":349.89874267578125,"y":282.4803466796875,"z":239.69647216796875},"S":1.0000019073486328},{"Id":"5bf729793e43c033e49bdb61","Tid":"5bf72972c8f9ed644c75157a","P":{"x":3.388948440551758,"y":1.570318341255188,"z":-2.1670126914978027},"R":{"x":335.9705810546875,"y":214.3580322265625,"z":134.21714782714844},"S":1.0000009536743164},{"Id":"5bf729813e43c033e49bdb62","Tid":"5bf72972c8f9ed644c75157a","P":{"x":3.132993698120117,"y":1.5913136005401611,"z":-2.205685615539551},"R":{"x":313.3836975097656,"y":16.68462371826172,"z":246.72084045410156},"S":1.0000011920928955}],"serveTime":12}