{"ok":true,"areaId":"59be884b737fdc47119e07a2","areaName":"evelynsdream's home","areaKey":"rr59be884b8acf8047111e6bcd","areaCreatorId":"59be884b737fdc47119e07a1","isPrivate":false,"isZeroGravity":false,"hasFloatingDust":false,"isCopyable":false,"onlyOwnerSetsLocks":false,"isExcluded":false,"_environmentType":"City","environmentChangersJSON":"{\"environmentChangers\":[{\"Name\":\"night\",\"Rotation\":{\"x\":10.327066421508789,\"y\":353.75042724609375,\"z\":345.19073486328125},\"Scale\":0.049999967217445374,\"Color\":{\"r\":0.03999999910593033,\"g\":0.04999998211860657,\"b\":0.09999997168779373,\"a\":1}}]}","requestorIsEditor":false,"requestorIsListEditor":false,"requestorIsOwner":false,"placements":[{"Id":"59be884b8acf8047111e6bce","Tid":"000000000000000000000001","P":{"x":0.62715387344,"y":-0.275627732,"z":0.321439146995},"R":{"x":0,"y":0,"z":0}},{"Id":"59be8b63f4ef2b169ca57d33","Tid":"59be8c08390e683b11aa5ad3","P":{"x":0.4871875047683716,"y":1.1058909893035889,"z":-1.245823860168457},"R":{"x":301.29901123046875,"y":251.4734344482422,"z":272.91448974609375}}],"serveTime":20}