{"ok":true,"areaId":"63214b0cd7688c3b00a5dd08","areaName":"evilmidgit's home","areaKey":"rr63214b0c0f1cbc3b00507668","areaCreatorId":"63214b0cd7688c3b00a5dd07","isPrivate":false,"isZeroGravity":false,"hasFloatingDust":false,"isCopyable":false,"onlyOwnerSetsLocks":false,"isExcluded":false,"environmentChangersJSON":"{\"environmentChangers\":[{\"Name\":\"ambientLight\",\"Rotation\":{\"x\":12.855329513549805,\"y\":37.5307731628418,\"z\":0.9074432849884033},\"Scale\":0.1000000387430191,\"Color\":{\"r\":0.09999997168779373,\"g\":0.09899996966123581,\"b\":0.06999997794628143,\"a\":1}}]}","requestorIsEditor":false,"requestorIsListEditor":false,"requestorIsOwner":false,"placements":[{"Id":"63214b0c0f1cbc3b00507669","Tid":"000000000000000000000001","P":{"x":0.62715387344,"y":-0.275627732,"z":0.321439146995},"R":{"x":0,"y":0,"z":0},"A":[1]},{"Id":"63214bbc4a27b33b2cab5fdd","Tid":"63214baf43c8a40d8b829aef","P":{"x":0.004967987537384033,"y":1.0706031322479248,"z":0.06083786487579346},"R":{"x":358.5053405761719,"y":45.945472717285156,"z":268.76861572265625},"S":1.000002384185791},{"Id":"63214c314a27b33b2cab5fde","Tid":"63214c31ea109748415698e4","P":{"x":0.5614428520202637,"y":0.9867734313011169,"z":-0.38847026228904724},"R":{"x":0.020128127187490463,"y":83.84674835205078,"z":0.2854587137699127},"A":[]}],"serveTime":13}