{"ok":true,"areaId":"5b1415a102d9bb1eb7a2c9cf","areaName":"fangdan's home","areaKey":"rr5b1415a15c4ab81eb71094d3","areaCreatorId":"5b1415a102d9bb1eb7a2c9ce","isPrivate":false,"isZeroGravity":false,"hasFloatingDust":false,"isCopyable":false,"onlyOwnerSetsLocks":false,"isExcluded":false,"environmentChangersJSON":"{\"environmentChangers\":[]}","requestorIsEditor":false,"requestorIsListEditor":false,"requestorIsOwner":false,"placements":[{"Id":"5b1415a15c4ab81eb71094d4","Tid":"000000000000000000000001","P":{"x":0.62715387344,"y":-0.275627732,"z":0.321439146995},"R":{"x":0,"y":0,"z":0}},{"Id":"5b141612dd6dfd06dc6b095f","Tid":"5b141615fde3ec03d83a116e","P":{"x":3.2224154472351074,"y":1.372074842453003,"z":4.206516265869141},"R":{"x":42.66911697387695,"y":25.277587890625,"z":277.9467468261719},"S":1.000002384185791},{"Id":"5b14162add6dfd06dc6b0960","Tid":"5b141615fde3ec03d83a116e","P":{"x":2.686095714569092,"y":1.1579134464263916,"z":4.45990514755249},"R":{"x":334.56939697265625,"y":327.2639465332031,"z":61.841156005859375},"S":1.0000016689300537},{"Id":"5b14162edd6dfd06dc6b0961","Tid":"5b141615fde3ec03d83a116e","P":{"x":2.6421148777008057,"y":1.659921407699585,"z":4.417352199554443},"R":{"x":71.6900863647461,"y":12.902471542358398,"z":18.840919494628906},"S":0.9999998807907104}],"serveTime":14}