{"ok":true,"areaId":"581f8f47f4a17c5e13996768","areaName":"ffeidgfygytufv ","areaKey":"rr581f8f47248b365e139beece","areaCreatorId":"581f80d41e08499013a7aa98","isPrivate":false,"isZeroGravity":false,"hasFloatingDust":false,"isCopyable":false,"onlyOwnerSetsLocks":false,"isExcluded":false,"environmentChangersJSON":"{\"environmentChangers\":[{\"Name\":\"sun\",\"Rotation\":{\"x\":280.5506896972656,\"y\":231.0775146484375,\"z\":272.92425537109375},\"Scale\":0.049999989569187164,\"Color\":{\"r\":1,\"g\":1,\"b\":1,\"a\":1}}]}","requestorIsEditor":false,"requestorIsListEditor":false,"requestorIsOwner":false,"placements":[{"Id":"581f8f47248b365e139beecf","Tid":"000000000000000000000001","P":{"x":0.62715387344,"y":-0.275627732,"z":0.321439146995},"R":{"x":0,"y":0,"z":0}},{"Id":"581f8fc6a795643a74172fc8","Tid":"581f8fce42bce8fc146ae869","P":{"x":-0.8189476728439331,"y":1.1206622123718262,"z":-0.8193252682685852},"R":{"x":282.8355407714844,"y":269.5325622558594,"z":294.3925476074219}}],"serveTime":21}