{"ok":true,"areaId":"5a8b30dc1ecd2d054ecbd7bf","areaName":"fisto robotia","areaKey":"rr5a8b30dc4cb199054ea821b5","areaCreatorId":"59e58f1feb26ecd24eed6bef","isPrivate":false,"isZeroGravity":false,"hasFloatingDust":false,"isCopyable":false,"onlyOwnerSetsLocks":false,"isExcluded":false,"environmentChangersJSON":"{\"environmentChangers\":[{\"Name\":\"sun\",\"Rotation\":{\"x\":301.3673095703125,\"y\":238.01608276367188,\"z\":176.6421661376953},\"Scale\":0.05000000074505806,\"Color\":{\"r\":1,\"g\":1,\"b\":1,\"a\":1}}]}","requestorIsEditor":false,"requestorIsListEditor":false,"requestorIsOwner":false,"placements":[{"Id":"5a8b30dc4cb199054ea821b6","Tid":"000000000000000000000001","P":{"x":0.62715387344,"y":-0.275627732,"z":0.321439146995},"R":{"x":0,"y":0,"z":0}},{"Id":"5c8aa2a04f276a215c077a32","Tid":"5c8aa41d57b0e8055ff21e5d","P":{"x":2.2460663318634033,"y":0.6180357933044434,"z":-1.0977190732955933},"R":{"x":0.000010245284101983998,"y":270,"z":270}},{"Id":"5c8aa4494f276a215c077a33","Tid":"5c8aa8d61c8fc57ef69a5631","P":{"x":2.037069797515869,"y":0.6284592151641846,"z":-0.2617185413837433},"R":{"x":270,"y":90.00000762939453,"z":0}}],"serveTime":12}