{"ok":true,"areaId":"5c4b87dd030fce74bda247f0","areaName":"frost-trex's home","areaKey":"rr5c4b87dd25590274bd8ee341","areaCreatorId":"5c4b87dd030fce74bda247ef","isPrivate":false,"isZeroGravity":true,"hasFloatingDust":true,"isCopyable":false,"onlyOwnerSetsLocks":false,"isExcluded":false,"_environmentType":"Day","environmentChangersJSON":"{\"environmentChangers\":[{\"Name\":\"sun\",\"Rotation\":{\"x\":1.246112585067749,\"y\":287.4901123046875,\"z\":86.25381469726562},\"Scale\":0.05000021308660507,\"Color\":{\"r\":1,\"g\":1,\"b\":1,\"a\":1}}]}","requestorIsEditor":false,"requestorIsListEditor":false,"requestorIsOwner":false,"placements":[{"Id":"5c4b87dd25590274bd8ee342","Tid":"5c4b888ae97dcf74b6856788","P":{"x":0.6271538734436035,"y":-0.2756277322769165,"z":0.32143914699554443},"R":{"x":0,"y":0,"z":0},"S":250},{"Id":"5c4b89954ac1183d449c0d0f","Tid":"5c4b888ae97dcf74b6856788","P":{"x":2.7473769187927246,"y":7.501763820648193,"z":5.388843059539795},"R":{"x":356.2413635253906,"y":5.914309978485107,"z":5.147696018218994},"S":0.06000007316470146}],"serveTime":33}