{"ok":true,"areaId":"60fa2b4d82368a3307e2b7d1","areaName":"gabo king","areaKey":"rr60fa2b4d9874b233077837fa","areaCreatorId":"60f9de8d58befe052d439ecd","isPrivate":false,"isZeroGravity":false,"hasFloatingDust":false,"isCopyable":false,"onlyOwnerSetsLocks":false,"isExcluded":false,"_environmentType":"Day3","environmentChangersJSON":"{\"environmentChangers\":[{\"Name\":\"ambientLight\",\"Rotation\":{\"x\":355.09765625,\"y\":4.634332180023193,\"z\":358.6773681640625},\"Scale\":0.1000000461935997,\"Color\":{\"r\":0.09999997168779373,\"g\":0.09899996966123581,\"b\":0.06999997794628143,\"a\":1}},{\"Name\":\"night\",\"Rotation\":{\"x\":0.8244024515151978,\"y\":3.178276777267456,\"z\":358.6203308105469},\"Scale\":0.05000004544854164,\"Color\":{\"r\":0.03999999910593033,\"g\":0.04999998211860657,\"b\":0.09999997168779373,\"a\":1}},{\"Name\":\"clouds\",\"Rotation\":{\"x\":22.02525520324707,\"y\":3.4930126667022705,\"z\":355.4326171875},\"Scale\":0.010000002570450306,\"Color\":{\"r\":1,\"g\":1,\"b\":1,\"a\":1}}]}","requestorIsEditor":false,"requestorIsListEditor":false,"requestorIsOwner":false,"placements":[{"Id":"60fa2b4d9874b233077837fb","Tid":"000000000000000000000001","P":{"x":0.62715387344,"y":-0.275627732,"z":0.321439146995},"R":{"x":0,"y":0,"z":0},"A":[1]}],"serveTime":14}