{"ok":true,"areaId":"5c3199af7863da6f76f38cb9","areaName":"game bomb6560's home","areaKey":"rr5c3199afdbd6db6f763cf523","areaCreatorId":"5c3199af7863da6f76f38cb8","isPrivate":false,"isZeroGravity":false,"hasFloatingDust":false,"isCopyable":false,"onlyOwnerSetsLocks":false,"isExcluded":false,"_environmentType":"Underwater2","environmentChangersJSON":"{\"environmentChangers\":[{\"Name\":\"clouds\",\"Rotation\":{\"x\":329.4765625,\"y\":7.173008441925049,\"z\":359.8866271972656},\"Scale\":0.009999998845160007,\"Color\":{\"r\":1,\"g\":1,\"b\":1,\"a\":1}},{\"Name\":\"night\",\"Rotation\":{\"x\":83.56291198730469,\"y\":262.5522766113281,\"z\":241.38543701171875},\"Scale\":0.05000001937150955,\"Color\":{\"r\":0.03999999910593033,\"g\":0.04999998211860657,\"b\":0.09999997168779373,\"a\":1}},{\"Name\":\"ambientLight\",\"Rotation\":{\"x\":354.8703308105469,\"y\":64.63145446777344,\"z\":12.979424476623535},\"Scale\":0.10000002384185791,\"Color\":{\"r\":0.09999994188547134,\"g\":0.09899992495775223,\"b\":0.06999994814395905,\"a\":1}}]}","requestorIsEditor":false,"requestorIsListEditor":false,"requestorIsOwner":false,"placements":[{"Id":"5c3199afdbd6db6f763cf524","Tid":"000000000000000000000001","P":{"x":0.5242642164230347,"y":-0.31079602241516113,"z":-0.15303850173950195},"R":{"x":0.5331519246101379,"y":12.95079231262207,"z":358.77508544921875},"S":0.9999999403953552,"A":[1]},{"Id":"5c319a2bf4bdb122304e16eb","Tid":"5c319a2c5496586f5aa0cecd","P":{"x":1.9586771726608276,"y":1.0621471405029297,"z":-0.9196010828018188},"R":{"x":14.445109367370605,"y":15.296562194824219,"z":61.13617706298828}}],"serveTime":13}