{"ok":true,"areaId":"5b36e6f86562ab07a866825f","areaName":"gamma bros's home","areaKey":"rr5b36e6f86d52a307a8816f90","areaCreatorId":"5b36e6f86562ab07a866825e","isPrivate":false,"isZeroGravity":false,"hasFloatingDust":false,"isCopyable":false,"onlyOwnerSetsLocks":false,"isExcluded":false,"_environmentType":"Day","environmentChangersJSON":"{\"environmentChangers\":[{\"Name\":\"fog\",\"Rotation\":{\"x\":349.8031005859375,\"y\":340.41265869140625,\"z\":276.3419189453125},\"Scale\":0.030000003054738045,\"Color\":{\"r\":0.09999997168779373,\"g\":0.09999997168779373,\"b\":0.09999997168779373,\"a\":1}},{\"Name\":\"night\",\"Rotation\":{\"x\":1.8813482522964478,\"y\":357.7886962890625,\"z\":6.922257423400879},\"Scale\":0.049999967217445374,\"Color\":{\"r\":0.03999999910593033,\"g\":0.04999998211860657,\"b\":0.09999997168779373,\"a\":1}},{\"Name\":\"ambientLight\",\"Rotation\":{\"x\":6.580722332000732,\"y\":359.26531982421875,\"z\":359.86309814453125},\"Scale\":0.10000009834766388,\"Color\":{\"r\":0.09999997168779373,\"g\":0.09899996966123581,\"b\":0.06999997794628143,\"a\":1}},{\"Name\":\"sun\",\"Rotation\":{\"x\":300.1658630371094,\"y\":63.23005294799805,\"z\":102.96119689941406},\"Scale\":0.05000009387731552,\"Color\":{\"r\":1,\"g\":1,\"b\":1,\"a\":1}}]}","requestorIsEditor":false,"requestorIsListEditor":false,"requestorIsOwner":false,"placements":[{"Id":"5b36e6f86d52a307a8816f91","Tid":"000000000000000000000001","P":{"x":0.62715387344,"y":-0.275627732,"z":0.321439146995},"R":{"x":0,"y":0,"z":0},"A":[]}],"serveTime":31863}