{"thingDefinitions":[{"id":"63a5779981a6df05e565b6ab","def":"{\"v\":9,\"p\":[{\"b\":3,\"s\":[{\"p\":[0.37518,-1.29369,0.1876824],\"r\":[48.98769,42.8495,74.84906],\"s\":[0.1250002,0.1250003,0.1250002],\"c\":[1,1,1]}]},{\"b\":3,\"s\":[{\"p\":[-1.177416,-2.068208,-0.229097],\"r\":[319.1592,226.3716,107.4528],\"s\":[0.1250003,0.1250004,0.1250003],\"c\":[1,1,1]}]},{\"s\":[{\"p\":[-0.3110148,-0.6130579,0.2248709],\"r\":[51.66354,343.9952,339.5238],\"s\":[0.4656189,0.06212408,0.1750002],\"c\":[1,1,1]}]}]}"}],"serveTime":7}