{"thingDefinitions":[{"id":"60204b9743bd44625df7f3dd","def":"{\"v\":9,\"p\":[{\"t\":17,\"pr\":5,\"t1\":76,\"s\":[{\"p\":[0,0,0],\"r\":[0,0,0],\"s\":[0.1750004,0.1750002,0.1750003],\"c\":[1,0,0],\"t1\":{\"c\":[0,0,0],\"x\":0.5,\"y\":0.5,\"a\":0.8925,\"m\":0,\"n\":0,\"r\":0,\"g\":0,\"o\":0.5,\"t\":0.5,\"e\":0.5},\"pr\":{\"c\":[0.3555557,0,0.7777778],\"m\":0.25,\"a\":0.25,\"s\":0.15,\"z\":0.25,\"g\":0.5,\"h\":0.25}}]}]}"},{"id":"60204d4f59cba3054c36e710","def":"{\"v\":9,\"p\":[{\"b\":186,\"t\":19,\"pr\":4,\"t1\":43,\"t2\":76,\"s\":[{\"p\":[0,0,0],\"r\":[0,0,0],\"s\":[0.06000011,0.06000007,0.06000012],\"c\":[0.2299823,0.04938257,0.4444443],\"t1\":{\"c\":[0.8888889,0.2962962,0.8042327],\"x\":0.5,\"y\":0.5,\"a\":0.8925,\"m\":0,\"n\":0,\"r\":0,\"g\":0,\"o\":0.5,\"t\":0.5,\"e\":0.5},\"t2\":{\"c\":[0,0,0],\"x\":0.5,\"y\":0.5,\"a\":0.8925,\"m\":0,\"n\":0,\"r\":0,\"g\":0,\"o\":0.5,\"t\":0.5,\"e\":0.5},\"pr\":{\"c\":[0.3555557,0,0.7777778],\"m\":0.25,\"a\":0.25,\"s\":0.15,\"z\":0.25,\"g\":0.5,\"h\":0.25}}]},{\"b\":185,\"t\":17,\"t1\":77,\"t2\":13,\"s\":[{\"p\":[-0.169699,0.3502417,-0.1899496],\"r\":[308.35,103.9112,48.39557],\"s\":[0.06000011,0.06000003,0.06000008],\"c\":[0.2299823,0.04938257,0.4444443],\"t1\":{\"c\":[0.8888889,0.2962962,0.8042327],\"x\":0.5,\"y\":0.5,\"a\":0.8925,\"m\":0,\"n\":0,\"r\":0,\"g\":0,\"o\":0.5,\"t\":0.5,\"e\":0.5},\"t2\":{\"c\":[0,0,0],\"x\":0.17,\"y\":0.17,\"a\":0.8925,\"m\":0.5,\"n\":0.5,\"r\":0,\"g\":0,\"o\":0.5,\"t\":0.5,\"e\":0.5}}]}]}"},{"id":"6020f01296c0346942728530","def":"{\"v\":9,\"p\":[{\"t2\":13,\"s\":[{\"p\":[0,0,0],\"r\":[0,0,-8.537737E-07],\"s\":[0.175,0.1750001,0.175],\"c\":[0.07407401,0.6666667,0.6666667],\"t2\":{\"c\":[0,1,1],\"x\":0.17,\"y\":0,\"a\":0.8925,\"m\":0.5,\"n\":0.5,\"r\":0,\"g\":0,\"o\":0.5,\"t\":0.5,\"e\":0.5}}]}]}"}],"serveTime":8}