{"ok":true,"areaId":"59c4341849e816c019797c94","areaName":"glordfingle's home","areaKey":"rr59c4341831b994c0199ee9a1","areaCreatorId":"59c4341849e816c019797c93","isPrivate":false,"isZeroGravity":false,"hasFloatingDust":false,"isCopyable":false,"onlyOwnerSetsLocks":false,"isExcluded":false,"environmentChangersJSON":"{\"environmentChangers\":[{\"Name\":\"sun\",\"Rotation\":{\"x\":339.87701416015625,\"y\":185.39234924316406,\"z\":216.95278930664062},\"Scale\":0.050000011920928955,\"Color\":{\"r\":1,\"g\":1,\"b\":1,\"a\":1}}]}","requestorIsEditor":false,"requestorIsListEditor":false,"requestorIsOwner":false,"placements":[{"Id":"646fd05d74458811c4f4155f","Tid":"646fd05c5e90b026601573b2","P":{"x":0.2498358190059662,"y":0.20231935381889343,"z":0.4435790181159973},"R":{"x":2.090822696685791,"y":141.41734313964844,"z":16.42855453491211},"A":[]},{"Id":"646fd82c74458811c4f41562","Tid":"646fd05c5e90b026601573b2","P":{"x":-0.8198376297950745,"y":0.3308640718460083,"z":-0.17555391788482666},"R":{"x":4.9634294509887695,"y":54.98923110961914,"z":18.941936492919922},"S":1.000002145767212}],"serveTime":22}