{"ok":true,"areaId":"5b68dd524cf0ff4accef5a91","areaName":"gravity falls oregon","areaKey":"rr5b68dd524368e44acca88993","areaCreatorId":"586803270156365c24f9be9d","isPrivate":false,"isZeroGravity":false,"hasFloatingDust":false,"isCopyable":false,"onlyOwnerSetsLocks":false,"isExcluded":false,"environmentChangersJSON":"{\"environmentChangers\":[{\"Name\":\"sun\",\"Rotation\":{\"x\":340.61083984375,\"y\":84.52716064453125,\"z\":119.19356536865234},\"Scale\":0.04999980702996254,\"Color\":{\"r\":1,\"g\":1,\"b\":1,\"a\":1}}]}","requestorIsEditor":false,"requestorIsListEditor":false,"requestorIsOwner":false,"placements":[{"Id":"5b68dd524368e44acca88994","Tid":"5b68dd6eb0f3af0dc7b1ca3d","P":{"x":0.6271538734436035,"y":-0.2756277322769165,"z":0.32143914699554443},"R":{"x":0,"y":0,"z":0}},{"Id":"5b68ddbd329ec9105819deb2","Tid":"5b68ddbea801422065b1cb29","P":{"x":1.3056964874267578,"y":0.805234432220459,"z":-0.1786990761756897},"R":{"x":270,"y":67.49999237060547,"z":0},"S":1.0000044107437134}],"serveTime":29}