{"ok":true,"areaId":"58ebc5b66eed2502533fa625","areaName":"green healing light","areaKey":"rr58ebc5b692c3c70253394c70","areaCreatorId":"58ea96a4c01aa72b10144d06","isPrivate":false,"isZeroGravity":false,"hasFloatingDust":true,"isCopyable":false,"onlyOwnerSetsLocks":false,"isExcluded":false,"_environmentType":"Machine6","environmentChangersJSON":"{\"environmentChangers\":[{\"Name\":\"Icosphere(Clone)\",\"Rotation\":{\"x\":352.0752868652344,\"y\":110.81539154052734,\"z\":279.8669128417969},\"Scale\":0.1250000298023224,\"Color\":{\"r\":0.11428552120923996,\"g\":1,\"b\":0,\"a\":1}}]}","requestorIsEditor":false,"requestorIsListEditor":false,"requestorIsOwner":false,"placements":[{"Id":"58ebc5b692c3c70253394c71","Tid":"000000000000000000000001","P":{"x":0.62715387344,"y":-0.275627732,"z":0.321439146995},"R":{"x":0,"y":0,"z":0}},{"Id":"5906878a7dd1801af4c2371f","Tid":"59068780261ee157141f3948","P":{"x":0.1567600816488266,"y":1.5387256145477295,"z":-0.13390542566776276},"R":{"x":325.44219970703125,"y":180.599365234375,"z":280.4391784667969}}],"serveTime":18777}