{"ok":true,"areaId":"5ce89bae35c195062cea0765","areaName":"greenpixel's home","areaKey":"rr5ce89bae87cbd4062c1b9ceb","areaCreatorId":"5ce89bae35c195062cea0764","isPrivate":false,"isZeroGravity":true,"hasFloatingDust":false,"isCopyable":false,"onlyOwnerSetsLocks":false,"isExcluded":false,"_environmentType":"Wind3","environmentChangersJSON":"{\"environmentChangers\":[{\"Name\":\"ambientLight\",\"Rotation\":{\"x\":26.289461135864258,\"y\":177.92208862304688,\"z\":313.81890869140625},\"Scale\":0.10000009834766388,\"Color\":{\"r\":0.09999997168779373,\"g\":0.09899996966123581,\"b\":0.06999997794628143,\"a\":1}}]}","requestorIsEditor":false,"requestorIsListEditor":false,"requestorIsOwner":false,"placements":[{"Id":"5ce89bae87cbd4062c1b9cec","Tid":"5ce89c05e38b3431e80bc572","P":{"x":0.6271538734436035,"y":-0.2756277322769165,"z":0.32143914699554443},"R":{"x":0,"y":0,"z":0}},{"Id":"5d02ff20de496a22e4c74475","Tid":"5d02ff21705b7d7e79589f4c","P":{"x":1.0768446922302246,"y":0.9647063612937927,"z":-0.5529875755310059},"R":{"x":339.57611083984375,"y":90.62979888916016,"z":45.19952392578125},"S":1.000000238418579},{"Id":"5d02ff53de496a22e4c74476","Tid":"5d02ff54eb113e0624ab7484","P":{"x":0.9368452429771423,"y":0.9433683753013611,"z":-0.9239425659179688},"R":{"x":310.9078063964844,"y":132.3951873779297,"z":59.67353439331055},"S":1.0000007152557373}],"serveTime":14}