{"ok":true,"areaId":"5b2dc24425a37d0f67cd08ca","areaName":"hades the pyro's home","areaKey":"rr5b2dc24453caff0f6775347e","areaCreatorId":"5b2dc24425a37d0f67cd08c9","isPrivate":false,"isZeroGravity":false,"hasFloatingDust":false,"isCopyable":false,"onlyOwnerSetsLocks":false,"isExcluded":false,"environmentChangersJSON":"{\"environmentChangers\":[]}","requestorIsEditor":false,"requestorIsListEditor":false,"requestorIsOwner":false,"placements":[{"Id":"5b2dc24453caff0f6775347f","Tid":"000000000000000000000001","P":{"x":0.62715387344,"y":-0.275627732,"z":0.321439146995},"R":{"x":0,"y":0,"z":0}},{"Id":"5b2dc2bb1b14ea0658f7fe3d","Tid":"5b2dc2bb3dd91c0351edac20","P":{"x":-0.20590496063232422,"y":0.5873581171035767,"z":0.08227883279323578},"R":{"x":51.54270553588867,"y":190.8956298828125,"z":314.25372314453125},"S":1.000003695487976},{"Id":"5b2dc2c61b14ea0658f7fe3e","Tid":"5b2dc2bb3dd91c0351edac20","P":{"x":-0.209196999669075,"y":0.5617424249649048,"z":0.08184835314750671},"R":{"x":326.4601135253906,"y":129.05087280273438,"z":100.66271209716797},"S":1.0000007152557373},{"Id":"5b2dc2db1b14ea0658f7fe3f","Tid":"5b2dc2bb3dd91c0351edac20","P":{"x":-0.20688162744045258,"y":0.5885963439941406,"z":0.0821819081902504},"R":{"x":344.24566650390625,"y":195.92022705078125,"z":9.86237621307373},"S":1.0000008344650269}],"serveTime":30}