{"thingDefinitions":[{"id":"6518574a5e90b026601576ee","def":"{\"n\":\"screen\",\"v\":9,\"p\":[{\"t\":1,\"a\":[1],\"s\":[{\"p\":[0,0,0],\"r\":[0,0,4.268868E-07],\"s\":[1.909218,2.977126,0.1750001],\"c\":[0.04938261,0.111111,0.111111],\"b\":[\"when touched then stream to screen\"]},{\"p\":[0,0,0],\"r\":[0,0,4.268868E-07],\"s\":[1.909218,2.977126,0.1750001],\"c\":[1,1,1]}]}]}"}],"serveTime":5}