{"ok":true,"areaId":"5a0232386226e0a813c1f819","areaName":"haz's home","areaKey":"rr5a0232388c3a66a813fe49f9","areaCreatorId":"5a0232386226e0a813c1f818","isPrivate":false,"isZeroGravity":false,"hasFloatingDust":false,"isCopyable":false,"onlyOwnerSetsLocks":false,"isExcluded":false,"environmentChangersJSON":"{\"environmentChangers\":[{\"Name\":\"ambientLight\",\"Rotation\":{\"x\":359.9250183105469,\"y\":1.4840891361236572,\"z\":2.3496570587158203},\"Scale\":0.09999997913837433,\"Color\":{\"r\":0.09999997168779373,\"g\":0.09899996966123581,\"b\":0.06999997794628143,\"a\":1}}]}","requestorIsEditor":false,"requestorIsListEditor":false,"requestorIsOwner":false,"placements":[{"Id":"5a0232388c3a66a813fe49fa","Tid":"000000000000000000000001","P":{"x":0.6271538734436035,"y":-0.2756277322769165,"z":0.32143914699554443},"R":{"x":0,"y":0,"z":0},"S":0.86}],"serveTime":14}