{"ok":true,"areaId":"5ffa8048f8ff1c7634fbe678","areaName":"heckin hyena's home","areaKey":"rr5ffa80486554927634c76530","areaCreatorId":"5ffa8048f8ff1c7634fbe677","isPrivate":false,"isZeroGravity":false,"hasFloatingDust":false,"isCopyable":false,"onlyOwnerSetsLocks":false,"isExcluded":false,"_environmentType":"Village3","environmentChangersJSON":"{\"environmentChangers\":[{\"Name\":\"ambientLight\",\"Rotation\":{\"x\":359.43182373046875,\"y\":357.4217529296875,\"z\":357.1442565917969},\"Scale\":0.10000000894069672,\"Color\":{\"r\":0.09999997168779373,\"g\":0.09899996966123581,\"b\":0.06999997794628143,\"a\":1}},{\"Name\":\"sun\",\"Rotation\":{\"x\":336.2164306640625,\"y\":25.327171325683594,\"z\":69.67407989501953},\"Scale\":0.05000001937150955,\"Color\":{\"r\":1,\"g\":1,\"b\":1,\"a\":1}}]}","requestorIsEditor":false,"requestorIsListEditor":false,"requestorIsOwner":false,"placements":[{"Id":"5ffa80486554927634c76531","Tid":"000000000000000000000001","P":{"x":0.62715387344,"y":-0.275627732,"z":0.321439146995},"R":{"x":0,"y":0,"z":0},"A":[1]}],"serveTime":42}