{"ok":true,"areaId":"59ba03c1b851aaae136e3a68","areaName":"hexapuss's home","areaKey":"rr59ba03c199c767ae131fd5ad","areaCreatorId":"59ba03c1b851aaae136e3a67","isPrivate":false,"isZeroGravity":false,"hasFloatingDust":false,"isCopyable":false,"onlyOwnerSetsLocks":false,"isExcluded":false,"environmentChangersJSON":"{\"environmentChangers\":[{\"Name\":\"night\",\"Rotation\":{\"x\":78.74626159667969,\"y\":188.19557189941406,\"z\":207.76170349121094},\"Scale\":0.05000000074505806,\"Color\":{\"r\":0.03999999910593033,\"g\":0.04999998211860657,\"b\":0.09999997168779373,\"a\":1}},{\"Name\":\"ambientLight\",\"Rotation\":{\"x\":40.05773162841797,\"y\":173.31263732910156,\"z\":195.1372528076172},\"Scale\":0.10000006854534149,\"Color\":{\"r\":0.09999997168779373,\"g\":0.09899996966123581,\"b\":0.06999997794628143,\"a\":1}},{\"Name\":\"fog\",\"Rotation\":{\"x\":53.745689392089844,\"y\":127.36238861083984,\"z\":110.03050231933594},\"Scale\":0.030000004917383194,\"Color\":{\"r\":0.09999997168779373,\"g\":0.09999997168779373,\"b\":0.09999997168779373,\"a\":1}}]}","requestorIsEditor":false,"requestorIsListEditor":false,"requestorIsOwner":false,"placements":[{"Id":"59ba03c199c767ae131fd5ae","Tid":"000000000000000000000001","P":{"x":0.62715387344,"y":-0.275627732,"z":0.321439146995},"R":{"x":0,"y":0,"z":0}}],"serveTime":29}