{"ok":true,"areaId":"581cf263a4f66390135bd08a","areaName":"hide n seek","areaKey":"rr581cf263a1e06e9013fd8270","areaCreatorId":"58191c54596123eb4ad447d1","isPrivate":false,"isZeroGravity":false,"hasFloatingDust":false,"isCopyable":false,"onlyOwnerSetsLocks":false,"isExcluded":false,"_environmentType":"Night2","environmentChangersJSON":"{\"environmentChangers\":[{\"Name\":\"sun\",\"Rotation\":{\"x\":274.9453430175781,\"y\":192.30601501464844,\"z\":282.8065185546875},\"Scale\":0.029999999329447746,\"Color\":{\"r\":1,\"g\":1,\"b\":1,\"a\":1}}]}","requestorIsEditor":false,"requestorIsListEditor":false,"requestorIsOwner":false,"placements":[{"Id":"581cf5fa9c15e312f415ef61","Tid":"581cf6089506c2f4541752c0","P":{"x":-4.21229887008667,"y":-1.1603562831878662,"z":24.75716781616211},"R":{"x":0.000010017914064519573,"y":90,"z":0}},{"Id":"581cf63a9c15e312f415ef62","Tid":"581cf64796b91af10f3088de","P":{"x":0.19790036976337433,"y":-0.14529359340667725,"z":0.6645875573158264},"R":{"x":270,"y":180,"z":0}},{"Id":"581d02929c15e312f415ef6f","Tid":"581d029ff16daef10fdfe67d","P":{"x":-1.1039485931396484,"y":-1.1157925128936768,"z":-8.36221694946289},"R":{"x":270,"y":90.00000762939453,"z":0}}],"serveTime":22}