{"thingDefinitions":[{"id":"5ff8ad74870916142a9124a9","def":"{\"v\":9,\"p\":[{\"b\":9,\"s\":[{\"p\":[0,0,0],\"r\":[0,0,0],\"s\":[0.1250003,0.001,0.001],\"c\":[1,1,1]}]},{\"b\":54,\"s\":[{\"p\":[-0.1454788,0.1056491,-0.7390378],\"r\":[60.19597,356.2095,14.74562],\"s\":[0.1250001,0.1250001,0.1250001],\"c\":[1,1,1]}]},{\"b\":32,\"s\":[{\"p\":[-0.1330061,0.1377393,-0.6808594],\"r\":[324.542,204.3951,244.4164],\"s\":[0.1250002,0.1250001,0.1250002],\"c\":[1,1,1]}]}]}"}],"serveTime":6}