{"ok":true,"areaId":"64b4451c6dded147216a0433","areaName":"home 3441","areaKey":"rr64b4451c22e2d04721c02a58","areaCreatorId":"64b4451c6dded147216a0432","isPrivate":false,"isZeroGravity":false,"hasFloatingDust":false,"isCopyable":false,"onlyOwnerSetsLocks":false,"isExcluded":false,"_environmentType":"Snow","environmentChangersJSON":"{\"environmentChangers\":[{\"Name\":\"Cube\",\"Rotation\":{\"x\":277.1241760253906,\"y\":113.07386779785156,\"z\":46.063446044921875},\"Scale\":0.17500197887420654,\"Color\":{\"r\":0.5555555820465088,\"g\":0.5114636421203613,\"b\":0.24691346287727356,\"a\":1}}]}","requestorIsEditor":false,"requestorIsListEditor":false,"requestorIsOwner":false,"placements":[{"Id":"64b4451c22e2d04721c02a59","Tid":"000000000000000000000001","P":{"x":0.62715387344,"y":-0.275627732,"z":0.321439146995},"R":{"x":0,"y":0,"z":0},"A":[1]},{"Id":"64b584cd01147a0138f8e5cb","Tid":"64b584cde1719d05ced0d90a","P":{"x":1.3395514488220215,"y":1.0967180728912354,"z":0.3411206603050232},"R":{"x":328.0577392578125,"y":155.02239990234375,"z":311.36297607421875},"A":[]}],"serveTime":54}