{"ok":true,"areaId":"5d4a77f5a114fa21bdcb1745","areaName":"home 2901","areaKey":"rr5d4a77f52d56e921bd36d3e6","areaCreatorId":"5d4a77f5a114fa21bdcb1744","isPrivate":false,"isZeroGravity":false,"hasFloatingDust":false,"isCopyable":false,"onlyOwnerSetsLocks":false,"isExcluded":false,"_environmentType":"Default","environmentChangersJSON":"{\"environmentChangers\":[{\"Name\":\"ambientLight\",\"Rotation\":{\"x\":356.4005126953125,\"y\":20.593360900878906,\"z\":248.47982788085938},\"Scale\":0.10000000149011612,\"Color\":{\"r\":0.09999997168779373,\"g\":0.09899996966123581,\"b\":0.06999997794628143,\"a\":1}}]}","requestorIsEditor":false,"requestorIsListEditor":false,"requestorIsOwner":false,"placements":[{"Id":"5d4a77f52d56e921bd36d3e7","Tid":"5d4b81dde51a7e1b3fb8a551","P":{"x":0.39973509311676025,"y":-0.2739613950252533,"z":0.23482298851013184},"R":{"x":0.39614808559417725,"y":356.9009704589844,"z":358.70831298828125}},{"Id":"5d4b72dcf871c020d455899a","Tid":"5d4b7729251970061ac9e61e","P":{"x":0.14900243282318115,"y":1.4356958866119385,"z":4.080617904663086},"R":{"x":274.93450927734375,"y":337.34136962890625,"z":42.31482696533203}},{"Id":"5d4b7406f871c020d455899d","Tid":"5d4b72dca3ccf31b4533f804","P":{"x":2.426973342895508,"y":1.5117894411087036,"z":4.041515827178955},"R":{"x":278.5709228515625,"y":116.66754150390625,"z":258.3021240234375}},{"Id":"5d4b77dbf871c020d455899e","Tid":"5d4b796db905231b65f168e7","P":{"x":2.4564576148986816,"y":0.6359652280807495,"z":4.0353779792785645},"R":{"x":359.23089599609375,"y":28.723907470703125,"z":2.229266405105591}}],"serveTime":24}