{"ok":true,"areaId":"5ccef2d8e205076aefa84092","areaName":"home 2760","areaKey":"rr5ccef2d8c340b86aef93c990","areaCreatorId":"5ccef2d8e205076aefa84091","isPrivate":false,"isZeroGravity":false,"hasFloatingDust":false,"isCopyable":false,"onlyOwnerSetsLocks":false,"isExcluded":false,"environmentChangersJSON":"{\"environmentChangers\":[{\"Name\":\"night\",\"Rotation\":{\"x\":6.871273517608643,\"y\":11.080368995666504,\"z\":343.4873046875},\"Scale\":0.05000000447034836,\"Color\":{\"r\":0.03999999910593033,\"g\":0.04999998211860657,\"b\":0.09999997168779373,\"a\":1}}]}","requestorIsEditor":false,"requestorIsListEditor":false,"requestorIsOwner":false,"placements":[{"Id":"5ccef2d8c340b86aef93c991","Tid":"5ccef49e76d96c055f7535ca","P":{"x":0.5996479988098145,"y":-0.5739185810089111,"z":0.21855640411376953},"R":{"x":5.358194351196289,"y":359.1527404785156,"z":1.3048478364944458}},{"Id":"5ccfe9ff3ebbc612d0304ab0","Tid":"5ccfe9ffe205076aefa8411d","P":{"x":-0.15256386995315552,"y":0.6260969042778015,"z":0.6376366019248962},"R":{"x":347.808837890625,"y":128.81927490234375,"z":1.4094150066375732}},{"Id":"5ccfea933ebbc612d0304ab1","Tid":"5ccfea942bcb596af5874c77","P":{"x":0.53131103515625,"y":1.3917821645736694,"z":-0.024661779403686523},"R":{"x":3.418095111846924,"y":118.1072769165039,"z":50.86674499511719}}],"serveTime":162}