{"thingDefinitions":[{"id":"605b224f7ea2df054efa6fff","def":"{\"v\":9,\"p\":[{\"b\":64,\"s\":[{\"p\":[-0.5149855,-0.03669564,0.07193586],\"r\":[354.2761,106.6265,17.04633],\"s\":[0.1250002,0.3721042,0.1250002],\"c\":[1,1,1]}]},{\"b\":78,\"s\":[{\"p\":[0.5344803,0.6731277,0.3185942],\"r\":[345.7607,117.8627,323.6038],\"s\":[0.07500008,0.07500003,0.07500011],\"c\":[1,1,1]}]},{\"b\":78,\"s\":[{\"p\":[0.4367944,0.2797925,0.1003062],\"r\":[27.26093,154.92,297.4893],\"s\":[0.1042741,0.08805867,0.1195098],\"c\":[1,1,1]}]},{\"b\":78,\"s\":[{\"p\":[0.0005079061,-0.1772779,-0.09691578],\"r\":[41.87572,225.1758,357.9228],\"s\":[0.1042741,0.08805864,0.1195098],\"c\":[1,1,1]}]}]}"}],"serveTime":9}