{"thingDefinitions":[{"id":"60490e96373da35599990c10","def":"{\"n\":\"ground\",\"v\":9,\"a\":[1],\"p\":[{\"b\":17,\"s\":[{\"p\":[0,0,0],\"r\":[0,0,0],\"s\":[3.363346,0.11062,3.201102],\"c\":[0.9019608,0.8509804,0.7215686]}]},{\"b\":188,\"s\":[{\"p\":[2.940871,1.334104,0.9155558],\"r\":[18.97626,314.2072,353.2784],\"s\":[0.06000041,0.06000024,0.06000039],\"c\":[1,1,1]}]}]}"}],"serveTime":6}