{"ok":true,"areaId":"5e58e4274689472be9c8e0b8","areaName":"home 3059","areaKey":"rr5e58e4275d39db2be9dbc142","areaCreatorId":"5e58e4274689472be9c8e0b7","isPrivate":false,"isZeroGravity":false,"hasFloatingDust":false,"isCopyable":false,"onlyOwnerSetsLocks":false,"isExcluded":false,"environmentChangersJSON":"{\"environmentChangers\":[]}","requestorIsEditor":false,"requestorIsListEditor":false,"requestorIsOwner":false,"placements":[{"Id":"5e58e4275d39db2be9dbc143","Tid":"000000000000000000000001","P":{"x":0.672107458114624,"y":-0.25874197483062744,"z":0.3285013735294342},"R":{"x":359.120849609375,"y":0.6414927840232849,"z":3.083089590072632},"S":6.2003},{"Id":"5e789df026c5ff32a03ee934","Tid":"000000000000000000000001","P":{"x":0.7058887481689453,"y":-0.4230464994907379,"z":0.09692580997943878},"R":{"x":15.57003116607666,"y":5.287422180175781,"z":3.099015951156616},"S":6.2003},{"Id":"5e789df226c5ff32a03ee936","Tid":"000000000000000000000001","P":{"x":0.6817516088485718,"y":-0.2876948416233063,"z":0.28967106342315674},"R":{"x":5.2607903480529785,"y":345.4770812988281,"z":12.40484619140625},"S":6.2003},{"Id":"5e789df326c5ff32a03ee937","Tid":"000000000000000000000001","P":{"x":0.5787842273712158,"y":-0.2197536826133728,"z":0.39572790265083313},"R":{"x":351.3878479003906,"y":347.47491455078125,"z":4.391610622406006},"S":6.2003}],"serveTime":13}