{"thingDefinitions":[{"id":"605419b13790f0053f62eddb","def":"{\"n\":\"ground\",\"v\":9,\"a\":[1],\"p\":[{\"b\":17,\"s\":[{\"p\":[0,0,0],\"r\":[0,0,0],\"s\":[3.363346,0.11062,3.201102],\"c\":[0.9019608,0.8509804,0.7215686]}]},{\"b\":49,\"s\":[{\"p\":[-0.2653641,1.624652,-1.635605],\"r\":[0.05020361,172.2378,287.6849],\"s\":[0.1250005,0.1250002,0.1250004],\"c\":[1,1,1]}]},{\"b\":9,\"s\":[{\"p\":[-0.2129484,1.539545,-1.635411],\"r\":[288.1571,71.06105,359.387],\"s\":[0.1250001,0.1250001,0.1250001],\"c\":[1,1,1]}]},{\"b\":43,\"s\":[{\"p\":[-0.2863759,1.490217,-1.654583],\"r\":[2.467264,351.4312,62.20813],\"s\":[0.1250001,0.1250001,0.1250001],\"c\":[1,1,1]}]}]}"}],"serveTime":6}