{"ok":true,"areaId":"5add06644a94920f89af44cc","areaName":"home 2250","areaKey":"rr5add0664fbbcc90f89c2ff5e","areaCreatorId":"5add06644a94920f89af44cb","isPrivate":false,"isZeroGravity":false,"hasFloatingDust":false,"isCopyable":false,"onlyOwnerSetsLocks":false,"isExcluded":false,"environmentChangersJSON":"{\"environmentChangers\":[]}","requestorIsEditor":false,"requestorIsListEditor":false,"requestorIsOwner":false,"placements":[{"Id":"5add0664fbbcc90f89c2ff5f","Tid":"000000000000000000000001","P":{"x":0.62715387344,"y":-0.275627732,"z":0.321439146995},"R":{"x":0,"y":0,"z":0}},{"Id":"5add068b00d21f2b1ccd7361","Tid":"5add068ba2f3c21321bb640e","P":{"x":-0.14082634449005127,"y":2.333871841430664,"z":-0.9633622765541077},"R":{"x":310.0023193359375,"y":191.1011199951172,"z":20.12850570678711},"S":1.0000003576278687},{"Id":"5add068e00d21f2b1ccd7362","Tid":"5add068ba2f3c21321bb640e","P":{"x":-0.014419615268707275,"y":2.7490556240081787,"z":0.010825276374816895},"R":{"x":350.315673828125,"y":27.13479995727539,"z":238.1700897216797},"S":1.0000005960464478},{"Id":"5add069100d21f2b1ccd7363","Tid":"5add068ba2f3c21321bb640e","P":{"x":-0.109779953956604,"y":2.126112937927246,"z":0.28356605768203735},"R":{"x":355.6672668457031,"y":8.608271598815918,"z":267.24835205078125},"S":1.0000005960464478}],"serveTime":230}