{"ok":true,"areaId":"5ad8679bbd9420118f255f24","areaName":"hufsece's home","areaKey":"rr5ad8679b3cfa74118f99b445","areaCreatorId":"5ad8679bbd9420118f255f23","isPrivate":false,"isZeroGravity":false,"hasFloatingDust":false,"isCopyable":false,"onlyOwnerSetsLocks":false,"isExcluded":false,"environmentChangersJSON":"{\"environmentChangers\":[]}","requestorIsEditor":false,"requestorIsListEditor":false,"requestorIsOwner":false,"placements":[{"Id":"5ad8679b3cfa74118f99b446","Tid":"000000000000000000000001","P":{"x":0.62715387344,"y":-0.275627732,"z":0.321439146995},"R":{"x":0,"y":0,"z":0}},{"Id":"5ad86818cdca8d25200b2ba6","Tid":"5ad8681903b35b6f73921fb8","P":{"x":-0.18124619126319885,"y":0.6629846692085266,"z":0.24782657623291016},"R":{"x":325.33489990234375,"y":133.6452178955078,"z":203.18072509765625},"S":1.0000038146972656},{"Id":"5ad8681bcdca8d25200b2ba7","Tid":"5ad8681903b35b6f73921fb8","P":{"x":0.9255422353744507,"y":1.4786467552185059,"z":0.8478531837463379},"R":{"x":352.49725341796875,"y":39.275665283203125,"z":251.93856811523438},"S":1.0000004768371582},{"Id":"5ad8681ecdca8d25200b2ba8","Tid":"5ad8681903b35b6f73921fb8","P":{"x":-0.32959413528442383,"y":1.7093737125396729,"z":-0.012361615896224976},"R":{"x":9.497365951538086,"y":346.08563232421875,"z":218.99569702148438},"S":1.0000017881393433}],"serveTime":24}