{"ok":true,"areaId":"5d19b608631945786f6b989c","areaName":"hummus man's home","areaKey":"rr5d19b608a02583786f0b7f78","areaCreatorId":"5d19b608631945786f6b989b","isPrivate":false,"isZeroGravity":false,"hasFloatingDust":false,"isCopyable":false,"onlyOwnerSetsLocks":false,"isExcluded":false,"environmentChangersJSON":"{\"environmentChangers\":[]}","requestorIsEditor":false,"requestorIsListEditor":false,"requestorIsOwner":false,"placements":[{"Id":"5d19b609a02583786f0b7f79","Tid":"000000000000000000000001","P":{"x":0.33711767196655273,"y":0.06103050708770752,"z":0.5895476341247559},"R":{"x":5.376476764678955,"y":6.46661376953125,"z":357.3835754394531},"S":45.099},{"Id":"5d1a49959d31dc3588e37c90","Tid":"000000000000000000000001","P":{"x":-0.46236857771873474,"y":0.4792526960372925,"z":-4.698765277862549},"R":{"x":358.09967041015625,"y":179.449951171875,"z":173.2666473388672},"S":45.0991},{"Id":"5d1a49979d31dc3588e37c91","Tid":"000000000000000000000001","P":{"x":-0.5672212839126587,"y":-1.365936279296875,"z":-4.066771507263184},"R":{"x":14.670343399047852,"y":182.7725067138672,"z":134.18515014648438},"S":45.099}],"serveTime":31}