{"ok":true,"areaId":"5cdab4c5e7ff455da4720a6e","areaName":"ish-spaces-2's home","areaKey":"rr5cdab4c528d5715da4e8e5f8","areaCreatorId":"5cdab4c5e7ff455da4720a6d","isPrivate":false,"isZeroGravity":false,"hasFloatingDust":false,"isCopyable":false,"onlyOwnerSetsLocks":false,"isExcluded":false,"_environmentType":"Rain2","environmentChangersJSON":"{\"environmentChangers\":[{\"Name\":\"night\",\"Rotation\":{\"x\":0.6345558166503906,\"y\":352.6944274902344,\"z\":4.17869758605957},\"Scale\":0.04999999701976776,\"Color\":{\"r\":0.03999999910593033,\"g\":0.04999998211860657,\"b\":0.09999997168779373,\"a\":1}}]}","requestorIsEditor":false,"requestorIsListEditor":false,"requestorIsOwner":false,"placements":[{"Id":"5cdab4c528d5715da4e8e5f9","Tid":"000000000000000000000001","P":{"x":0.6780335307121277,"y":-0.4743223786354065,"z":0.8089160919189453},"R":{"x":2.400599241256714,"y":27.313518524169922,"z":357.632568359375},"S":0.58},{"Id":"5d00ae120335e0360c9c0735","Tid":"5d00ae124c9c6a1ce2c1af4e","P":{"x":-0.9920151233673096,"y":0.7143703103065491,"z":0.310468465089798},"R":{"x":355.6209716796875,"y":252.69659423828125,"z":6.493436336517334}},{"Id":"5d00ae510335e0360c9c0736","Tid":"5d00ae518bbdfa1cdbc0af37","P":{"x":-0.8625068664550781,"y":1.1051491498947144,"z":0.4573006331920624},"R":{"x":320.0531005859375,"y":10.39913558959961,"z":261.2640380859375},"S":0.9999995827674866}],"serveTime":19}