{"ok":true,"areaId":"5a037ebdb1b94a2910c692fa","areaName":"ivayloivanov82's home","areaKey":"rr5a037ebd714a5329103c6dbd","areaCreatorId":"5a037ebdb1b94a2910c692f9","isPrivate":false,"isZeroGravity":false,"hasFloatingDust":false,"isCopyable":false,"onlyOwnerSetsLocks":false,"isExcluded":false,"_environmentType":"Snow","environmentChangersJSON":"{\"environmentChangers\":[{\"Name\":\"night\",\"Rotation\":{\"x\":348.4068908691406,\"y\":29.651559829711914,\"z\":4.289224147796631},\"Scale\":0.04999999701976776,\"Color\":{\"r\":0.03999999910593033,\"g\":0.04999998211860657,\"b\":0.09999997168779373,\"a\":1}},{\"Name\":\"clouds\",\"Rotation\":{\"x\":354.8375549316406,\"y\":22.111915588378906,\"z\":87.55380249023438},\"Scale\":0.009999999776482582,\"Color\":{\"r\":1,\"g\":1,\"b\":1,\"a\":1}},{\"Name\":\"ambientLight\",\"Rotation\":{\"x\":309.4529724121094,\"y\":42.77395248413086,\"z\":97.29534149169922},\"Scale\":0.10000014305114746,\"Color\":{\"r\":0.09999997168779373,\"g\":0.09899996966123581,\"b\":0.06999997794628143,\"a\":1}},{\"Name\":\"sun\",\"Rotation\":{\"x\":347.6167907714844,\"y\":103.68067932128906,\"z\":317.7591552734375},\"Scale\":0.050000179558992386,\"Color\":{\"r\":1,\"g\":1,\"b\":1,\"a\":1}}]}","requestorIsEditor":false,"requestorIsListEditor":false,"requestorIsOwner":false,"placements":[],"serveTime":14}