{"ok":true,"areaId":"5c49bc297f0e4028ce872fb8","areaName":"jadz dee's home","areaKey":"rr5c49bc291326cc28cec38576","areaCreatorId":"5c49bc297f0e4028ce872fb7","isPrivate":false,"isZeroGravity":false,"hasFloatingDust":false,"isCopyable":false,"onlyOwnerSetsLocks":false,"isExcluded":false,"_environmentType":"Day","environmentChangersJSON":"{\"environmentChangers\":[{\"Name\":\"ambientLight\",\"Rotation\":{\"x\":357.15069580078125,\"y\":0.005657144356518984,\"z\":359.69873046875},\"Scale\":0.09999998658895493,\"Color\":{\"r\":0.33333322405815125,\"g\":0.2592591643333435,\"b\":0.3100528120994568,\"a\":1}},{\"Name\":\"sun\",\"Rotation\":{\"x\":314.20709228515625,\"y\":38.69606018066406,\"z\":32.27056121826172},\"Scale\":0.05000002682209015,\"Color\":{\"r\":1,\"g\":1,\"b\":1,\"a\":1}},{\"Name\":\"night\",\"Rotation\":{\"x\":30.73597526550293,\"y\":10.015915870666504,\"z\":285.69317626953125},\"Scale\":0.05000017210841179,\"Color\":{\"r\":1,\"g\":1,\"b\":1,\"a\":1}}]}","requestorIsEditor":false,"requestorIsListEditor":false,"requestorIsOwner":false,"placements":[{"Id":"5c49bc291326cc28cec38577","Tid":"000000000000000000000001","P":{"x":0.62715387344,"y":-0.275627732,"z":0.321439146995},"R":{"x":0,"y":0,"z":0}}],"serveTime":34}