{"ok":true,"areaId":"59eccfe436ef61351097b39a","areaName":"jannick's home","areaKey":"rr59eccfe4b2db3b3510c3d678","areaCreatorId":"59eccfe436ef61351097b399","isPrivate":false,"isZeroGravity":false,"hasFloatingDust":false,"isCopyable":false,"onlyOwnerSetsLocks":false,"isExcluded":false,"environmentChangersJSON":"{\"environmentChangers\":[{\"Name\":\"night\",\"Rotation\":{\"x\":359.7156677246094,\"y\":354.3669738769531,\"z\":4.175389289855957},\"Scale\":0.049999989569187164,\"Color\":{\"r\":0.03999999910593033,\"g\":0.04999998211860657,\"b\":0.09999997168779373,\"a\":1}}]}","requestorIsEditor":false,"requestorIsListEditor":false,"requestorIsOwner":false,"placements":[{"Id":"59eccfe4b2db3b3510c3d679","Tid":"000000000000000000000001","P":{"x":0.62715387344,"y":-0.275627732,"z":0.321439146995},"R":{"x":0,"y":0,"z":0}}],"serveTime":34}