{"ok":true,"areaId":"5c75f6007792ec32ae88a175","areaName":"jayman2dmax's home","areaKey":"rr5c75f600dc135c32aee7c034","areaCreatorId":"5c75f6007792ec32ae88a174","isPrivate":false,"isZeroGravity":false,"hasFloatingDust":false,"isCopyable":false,"onlyOwnerSetsLocks":false,"isExcluded":false,"_environmentType":"Default","environmentChangersJSON":"{\"environmentChangers\":[{\"Name\":\"night\",\"Rotation\":{\"x\":1.7366406917572021,\"y\":353.8511657714844,\"z\":352.4002685546875},\"Scale\":0.049999985843896866,\"Color\":{\"r\":0.03999999910593033,\"g\":0.04999998211860657,\"b\":0.09999997168779373,\"a\":1}},{\"Name\":\"sun\",\"Rotation\":{\"x\":274.10101318359375,\"y\":287.694091796875,\"z\":340.094482421875},\"Scale\":0.050000082701444626,\"Color\":{\"r\":1,\"g\":1,\"b\":1,\"a\":1}}]}","requestorIsEditor":false,"requestorIsListEditor":false,"requestorIsOwner":false,"placements":[{"Id":"5c75f600dc135c32aee7c035","Tid":"5dbcbf27fb8a1f0620e68be5","P":{"x":0.6271538734436035,"y":-0.2756277322769165,"z":0.32143914699554443},"R":{"x":0,"y":0,"z":0}},{"Id":"5dbf5aee0b2f3f6c8076fb54","Tid":"5dbf5aec6508a310d89bd5cc","P":{"x":0.24346987903118134,"y":1.0202760696411133,"z":0.3861417770385742},"R":{"x":29.045175552368164,"y":332.42510986328125,"z":91.460205078125}},{"Id":"5e2265250b2f3f07fc15cbc8","Tid":"5e226525b970f806226ab4c1","P":{"x":3.0653023719787598,"y":0.8606775999069214,"z":-0.40240049362182617},"R":{"x":10.91451358795166,"y":75.75137329101562,"z":291.384033203125}}],"serveTime":20}