{"thingDefinitions":[{"id":"604253447aebd1549e14d287","def":"{\"v\":9,\"p\":[{\"b\":69,\"s\":[{\"p\":[0,0,0],\"r\":[0,0,-1.707547E-06],\"s\":[0.003143147,0.01293173,0.009346835],\"c\":[1,1,1]}]}]}"},{"id":"6042541f373da35599990b00","def":"{\"v\":9,\"a\":[2],\"p\":[{\"t\":1,\"s\":[{\"p\":[0.05991381,0.006806865,0.07325658],\"r\":[357.3417,88.4521,356.3509],\"s\":[0.04456378,0.04161927,0.1750005],\"c\":[0,0,0]}]},{\"t\":1,\"s\":[{\"p\":[-0.02251208,-0.002367858,0.0242434],\"r\":[355.0412,359.6177,359.8482],\"s\":[0.03525713,0.02427955,0.1088434],\"c\":[0.3333332,0.3333332,0.3333332]}]}]}"}],"serveTime":5}