{"thingDefinitions":[{"id":"608dbc665a14143080717d74","def":"{\"v\":9,\"p\":[{\"s\":[{\"p\":[0,0,0],\"r\":[0,0,-1.494104E-06],\"s\":[0.1750003,0.1750002,0.1750001],\"c\":[1,1,1]}]}]}"}],"serveTime":4}