{"ok":true,"areaId":"5bdf9090f5c0f5163f4f83ef","areaName":"joransom5's home","areaKey":"rr5bdf90903fe67d163f6eb496","areaCreatorId":"5bdf9090f5c0f5163f4f83ee","isPrivate":false,"isZeroGravity":false,"hasFloatingDust":false,"isCopyable":false,"onlyOwnerSetsLocks":false,"isExcluded":false,"environmentChangersJSON":"{\"environmentChangers\":[{\"Name\":\"ambientLight\",\"Rotation\":{\"x\":9.72730827331543,\"y\":3.704033851623535,\"z\":353.9786071777344},\"Scale\":0.10000000149011612,\"Color\":{\"r\":0.09999997168779373,\"g\":0.09899996966123581,\"b\":0.06999997794628143,\"a\":1}}]}","requestorIsEditor":false,"requestorIsListEditor":false,"requestorIsOwner":false,"placements":[{"Id":"5bdf90903fe67d163f6eb497","Tid":"000000000000000000000001","P":{"x":0.62715387344,"y":-0.275627732,"z":0.321439146995},"R":{"x":0,"y":0,"z":0}},{"Id":"5bdf917965e49d2ab8ace5d9","Tid":"5bdf91794c4a3c6bd31a28cc","P":{"x":0.09727469086647034,"y":1.0892961025238037,"z":0.7390545606613159},"R":{"x":344.0784912109375,"y":279.661376953125,"z":298.6827392578125},"S":1.0000004768371582}],"serveTime":18}