{"ok":true,"areaId":"5fc848316e81380552fba6bf","areaName":"joshywoods's home","areaKey":"rr5fc84831a3babe05527b27cc","areaCreatorId":"5fc848316e81380552fba6be","isPrivate":false,"isZeroGravity":false,"hasFloatingDust":false,"isCopyable":false,"onlyOwnerSetsLocks":false,"isExcluded":false,"environmentChangersJSON":"{\"environmentChangers\":[{\"Name\":\"ambientLight\",\"Rotation\":{\"x\":358.6736145019531,\"y\":3.3645782470703125,\"z\":261.84332275390625},\"Scale\":0.10000009834766388,\"Color\":{\"r\":0.09999997168779373,\"g\":0.09899996966123581,\"b\":0.06999997794628143,\"a\":1}}]}","requestorIsEditor":false,"requestorIsListEditor":false,"requestorIsOwner":false,"placements":[{"Id":"5fc84831a3babe05527b27cd","Tid":"000000000000000000000001","P":{"x":0.62715387344,"y":-0.275627732,"z":0.321439146995},"R":{"x":0,"y":0,"z":0},"A":[1]}],"serveTime":19}