{"ok":true,"areaId":"5c447c7b6da22f583573178e","areaName":"jshiuanliu's home","areaKey":"rr5c447c7b4f2f3e5835ffdc4b","areaCreatorId":"5c447c7b6da22f583573178d","isPrivate":false,"isZeroGravity":false,"hasFloatingDust":false,"isCopyable":false,"onlyOwnerSetsLocks":false,"isExcluded":false,"environmentChangersJSON":"{\"environmentChangers\":[{\"Name\":\"sun\",\"Rotation\":{\"x\":313.12060546875,\"y\":46.9168815612793,\"z\":64.44450378417969},\"Scale\":0.05000009387731552,\"Color\":{\"r\":1,\"g\":1,\"b\":1,\"a\":1}}]}","requestorIsEditor":false,"requestorIsListEditor":false,"requestorIsOwner":false,"placements":[{"Id":"5c447c7b4f2f3e5835ffdc4c","Tid":"5c5ef2b0b1c7ea055ff6ca43","P":{"x":0.5955357551574707,"y":-0.3347378969192505,"z":0.28055500984191895},"R":{"x":1.5365345478057861,"y":358.23040771484375,"z":1.7779698371887207}}],"serveTime":24}