{"ok":true,"areaId":"58e41938ca0d1aa813ebe68a","areaName":"junction","areaKey":"rr58e4193861fe47a813a40a35","areaCreatorId":"58d210b22f44d6cc13d764cb","isPrivate":false,"isZeroGravity":false,"hasFloatingDust":false,"isCopyable":false,"onlyOwnerSetsLocks":false,"isExcluded":false,"environmentChangersJSON":"{\"environmentChangers\":[{\"Name\":\"sun\",\"Rotation\":{\"x\":300.4525146484375,\"y\":56.891395568847656,\"z\":183.59352111816406},\"Scale\":0.04999999701976776,\"Color\":{\"r\":1,\"g\":1,\"b\":1,\"a\":1}}]}","requestorIsEditor":false,"requestorIsListEditor":false,"requestorIsOwner":false,"placements":[{"Id":"58e4193861fe47a813a40a36","Tid":"58e419838e950fb4137718a9","P":{"x":0.6271538734436035,"y":-0.2756277322769165,"z":0.32143914699554443},"R":{"x":0,"y":0,"z":0}},{"Id":"58e41a12589c3b13e87ad9ce","Tid":"58e41abbf0b4cbae13d12f04","P":{"x":-2.6092753410339355,"y":2.818244218826294,"z":-0.5060087442398071},"R":{"x":357.4161071777344,"y":358.63079833984375,"z":280.5455322265625}}],"serveTime":25}