{"ok":true,"areaId":"5ace7fb146245b497b0b5f89","areaName":"juvile's home","areaKey":"rr5ace7fb1f01e43497b6404fd","areaCreatorId":"5ace7fb146245b497b0b5f88","isPrivate":false,"isZeroGravity":false,"hasFloatingDust":false,"isCopyable":false,"onlyOwnerSetsLocks":false,"isExcluded":false,"environmentChangersJSON":"{\"environmentChangers\":[{\"Name\":\"sun\",\"Rotation\":{\"x\":345.98016357421875,\"y\":0.000005008962034480646,\"z\":0.000005008962034480646},\"Scale\":0.05000000074505806,\"Color\":{\"r\":1,\"g\":1,\"b\":1,\"a\":1}}]}","requestorIsEditor":false,"requestorIsListEditor":false,"requestorIsOwner":false,"placements":[{"Id":"5ace7fb1f01e43497b6404fe","Tid":"000000000000000000000001","P":{"x":0.6271538734436035,"y":-0.2756277322769165,"z":0.32143914699554443},"R":{"x":0,"y":0,"z":0},"S":0.2999999523162842}],"serveTime":20}