{"ok":true,"areaId":"5be7888718f1172791b57a5b","areaName":"kashyyyk","areaKey":"rr5be788875d48402791f6dde7","areaCreatorId":"592b919246d5c023103f16f7","isPrivate":false,"isZeroGravity":false,"hasFloatingDust":false,"isCopyable":false,"onlyOwnerSetsLocks":false,"isExcluded":false,"environmentChangersJSON":"{\"environmentChangers\":[{\"Name\":\"sun\",\"Rotation\":{\"x\":46.748809814453125,\"y\":193.0214385986328,\"z\":166.24424743652344},\"Scale\":0.03000006265938282,\"Color\":{\"r\":1,\"g\":1,\"b\":1,\"a\":1}}]}","requestorIsEditor":false,"requestorIsListEditor":false,"requestorIsOwner":false,"placements":[{"Id":"5be789b21767b36db43a41c2","Tid":"5be78a634d8a4828782d0c0b","P":{"x":0.600763201713562,"y":-0.27562785148620605,"z":0.321439266204834},"R":{"x":270,"y":270,"z":0}}],"serveTime":14}