{"ok":true,"areaId":"5e3d0e6086c3fb287e6542cd","areaName":"katchx22's home","areaKey":"rr5e3d0e600cdb8a287e83f5aa","areaCreatorId":"5e3d0e6086c3fb287e6542cc","isPrivate":false,"isZeroGravity":false,"hasFloatingDust":false,"isCopyable":false,"onlyOwnerSetsLocks":false,"isExcluded":false,"environmentChangersJSON":"{\"environmentChangers\":[{\"Name\":\"ambientLight\",\"Rotation\":{\"x\":336.3513488769531,\"y\":356.32049560546875,\"z\":18.012495040893555},\"Scale\":0.09999999403953552,\"Color\":{\"r\":0.09999997168779373,\"g\":0.09899996966123581,\"b\":0.06999997794628143,\"a\":1}},{\"Name\":\"night\",\"Rotation\":{\"x\":9.250944137573242,\"y\":34.09562301635742,\"z\":27.14654541015625},\"Scale\":0.05000000074505806,\"Color\":{\"r\":0.03999999910593033,\"g\":0.04999998211860657,\"b\":0.09999997168779373,\"a\":1}},{\"Name\":\"sun\",\"Rotation\":{\"x\":47.453128814697266,\"y\":116.5433120727539,\"z\":51.22972869873047},\"Scale\":0.05000005662441254,\"Color\":{\"r\":1,\"g\":1,\"b\":1,\"a\":1}}]}","requestorIsEditor":false,"requestorIsListEditor":false,"requestorIsOwner":false,"placements":[{"Id":"5e3d0e600cdb8a287e83f5ab","Tid":"000000000000000000000001","P":{"x":-4.7395830154418945,"y":-1.1902536153793335,"z":4.873220443725586},"R":{"x":8.126579284667969,"y":272.96429443359375,"z":359.6455993652344}},{"Id":"5e3d100225231352b838fd7c","Tid":"5e3d1004f349cf24dd87b6e4","P":{"x":-3.686741352081299,"y":1.852602481842041,"z":-1.1011589765548706},"R":{"x":0.00001001791224553017,"y":180,"z":180},"S":1.0003}],"serveTime":33}