{"ok":true,"areaId":"61706d72f439e40485aa701a","areaName":"kay 33 fr's home","areaKey":"rr61706d72c2f6e80485d210bb","areaCreatorId":"61706d72f439e40485aa7019","isPrivate":false,"isZeroGravity":false,"hasFloatingDust":false,"isCopyable":false,"onlyOwnerSetsLocks":false,"isExcluded":false,"environmentChangersJSON":"{\"environmentChangers\":[{\"Name\":\"sun\",\"Rotation\":{\"x\":338.8482360839844,\"y\":85.56553649902344,\"z\":88.82231903076172},\"Scale\":0.05000002682209015,\"Color\":{\"r\":1,\"g\":1,\"b\":1,\"a\":1}}]}","requestorIsEditor":false,"requestorIsListEditor":false,"requestorIsOwner":false,"placements":[{"Id":"61706d72c2f6e80485d210bc","Tid":"000000000000000000000001","P":{"x":0.62715387344,"y":-0.275627732,"z":0.321439146995},"R":{"x":0,"y":0,"z":0},"A":[]},{"Id":"61706e37ab0a63578c0c2e29","Tid":"6170706bda64e71d3fd38a11","P":{"x":1.3806947469711304,"y":1.4551013708114624,"z":1.1529664993286133},"R":{"x":1.0283794403076172,"y":62.05559539794922,"z":263.8045654296875},"A":[]}],"serveTime":16}