{"ok":true,"areaId":"5c7c26b3fa2286055aceed7b","areaName":"keeper of the sausage's home","areaKey":"rr5c7c26b3fca606055a2c41f8","areaCreatorId":"5c7c26b3fa2286055aceed7a","isPrivate":false,"isZeroGravity":false,"hasFloatingDust":false,"isCopyable":false,"onlyOwnerSetsLocks":false,"isExcluded":false,"environmentChangersJSON":"{\"environmentChangers\":[]}","requestorIsEditor":false,"requestorIsListEditor":false,"requestorIsOwner":false,"placements":[{"Id":"5c7c26b3fca606055a2c41f9","Tid":"000000000000000000000001","P":{"x":3.8458251953125,"y":-0.9856383800506592,"z":-5.404151439666748},"R":{"x":10.354107856750488,"y":95.56836700439453,"z":356.7275390625},"S":1.0000009536743164},{"Id":"5ca260c649609b4dc0164dd6","Tid":"000000000000000000000001","P":{"x":1.8645589351654053,"y":-1.3145933151245117,"z":-0.9560415744781494},"R":{"x":13.77039623260498,"y":24.313690185546875,"z":358.63580322265625},"S":1.0000008344650269},{"Id":"5ca260c649609b4dc0164dd7","Tid":"000000000000000000000001","P":{"x":3.9041025638580322,"y":2.7377045154571533,"z":-3.5272321701049805},"R":{"x":348.3150939941406,"y":70.27223205566406,"z":91.26080322265625},"S":1.0000008344650269},{"Id":"5ca260d149609b4dc0164dd8","Tid":"000000000000000000000001","P":{"x":-3.489259958267212,"y":-0.1206609308719635,"z":-1.487368106842041},"R":{"x":356.5744323730469,"y":304.8131408691406,"z":353.11517333984375},"S":1.0000007152557373}],"serveTime":18}