{"thingDefinitions":[{"id":"5fe3f1944aeb9b4564a6e8e3","def":"{\"v\":9,\"p\":[{\"b\":9,\"s\":[{\"p\":[-0.1939456,0.424063,-1.423904],\"r\":[11.3894,182.2291,109.8126],\"s\":[0.1250013,0.1250007,0.125001],\"c\":[1,1,1]}]},{\"b\":9,\"s\":[{\"p\":[0.05329528,-0.5727567,-0.7287896],\"r\":[49.35579,337.6679,324.1488],\"s\":[0.1250009,0.1250007,0.1250006],\"c\":[1,1,1]}]},{\"b\":9,\"s\":[{\"p\":[-0.2837223,-0.04899383,0.186829],\"r\":[355.2058,343.1431,319.158],\"s\":[0.1250006,0.1250003,0.1250003],\"c\":[1,1,1]}]},{\"b\":9,\"s\":[{\"p\":[-0.2163715,1.038042,-0.4945199],\"r\":[321.9682,229.2362,139.0414],\"s\":[0.1250008,0.1250005,0.1250003],\"c\":[1,1,1]}]}]}"}],"serveTime":4}