{"ok":true,"areaId":"5bc66002ce416e1f478d29fb","areaName":"keys's home","areaKey":"rr5bc66002165cfa1f47ea5ee7","areaCreatorId":"5bc66002ce416e1f478d29fa","isPrivate":false,"isZeroGravity":false,"hasFloatingDust":false,"isCopyable":false,"onlyOwnerSetsLocks":false,"isExcluded":false,"environmentChangersJSON":"{\"environmentChangers\":[{\"Name\":\"sun\",\"Rotation\":{\"x\":335.526611328125,\"y\":48.61600112915039,\"z\":73.27565002441406},\"Scale\":0.05000022053718567,\"Color\":{\"r\":1,\"g\":1,\"b\":1,\"a\":1}}]}","requestorIsEditor":false,"requestorIsListEditor":false,"requestorIsOwner":false,"placements":[{"Id":"5bc66002165cfa1f47ea5ee8","Tid":"000000000000000000000001","P":{"x":0.6271538734436035,"y":-0.2756277322769165,"z":0.32143914699554443},"R":{"x":0,"y":0,"z":0},"S":12.580621719360352},{"Id":"5bc66ed0012b6327505326be","Tid":"5bc6605365127a635880ed7f","P":{"x":-0.0066811274737119675,"y":1.146376132965088,"z":0.657488226890564},"R":{"x":32.432579040527344,"y":70.65049743652344,"z":323.2944641113281},"S":0.32000038027763367}],"serveTime":17}