{"ok":true,"areaId":"5b03e59d85d4647fac89677c","areaName":"kittey's home","areaKey":"rr5b03e59dcc37d27facef6e2d","areaCreatorId":"5b03e59d85d4647fac89677b","isPrivate":false,"isZeroGravity":false,"hasFloatingDust":false,"isCopyable":false,"onlyOwnerSetsLocks":false,"isExcluded":false,"_environmentType":"Default","environmentChangersJSON":"{\"environmentChangers\":[{\"Name\":\"night\",\"Rotation\":{\"x\":357.2576599121094,\"y\":6.725797176361084,\"z\":0.02088618464767933},\"Scale\":0.06359397619962692,\"Color\":{\"r\":0.03999999910593033,\"g\":0.04999998211860657,\"b\":0.09999997168779373,\"a\":1}},{\"Name\":\"sun\",\"Rotation\":{\"x\":287.69970703125,\"y\":160.71958923339844,\"z\":78.53704833984375},\"Scale\":0.0525967963039875,\"Color\":{\"r\":1,\"g\":1,\"b\":1,\"a\":1}}]}","requestorIsEditor":false,"requestorIsListEditor":false,"requestorIsOwner":false,"placements":[{"Id":"5b03e81b6784552cb892fa00","Tid":"5b03e81d1318b66188d2d92e","P":{"x":-0.07250106334686279,"y":1.253122091293335,"z":0.4704570770263672},"R":{"x":341.4186706542969,"y":47.08638381958008,"z":293.1724853515625},"S":1.0000017881393433},{"Id":"5b03e8c96784552cb892fa01","Tid":"000000000000000000000001","P":{"x":0.8857846260070801,"y":-0.03942584991455078,"z":-0.11052000522613525},"R":{"x":0.12044800072908401,"y":7.278040409088135,"z":355.0487365722656},"S":1.0000003576278687}],"serveTime":16}