{"ok":true,"areaId":"5d4a027a1ed2a81b5ebcba70","areaName":"kragvr's home","areaKey":"rr5d4a027ab5f8a31b5e347c1a","areaCreatorId":"5d4a027a1ed2a81b5ebcba6f","isPrivate":false,"isZeroGravity":false,"hasFloatingDust":false,"isCopyable":false,"onlyOwnerSetsLocks":false,"isExcluded":false,"environmentChangersJSON":"{\"environmentChangers\":[{\"Name\":\"ambientLight\",\"Rotation\":{\"x\":1.7248417139053345,\"y\":2.487611770629883,\"z\":1.3389582633972168},\"Scale\":0.09999999403953552,\"Color\":{\"r\":0.09999997168779373,\"g\":0.09899996966123581,\"b\":0.06999997794628143,\"a\":1}}]}","requestorIsEditor":false,"requestorIsListEditor":false,"requestorIsOwner":false,"placements":[{"Id":"5d4a027ab5f8a31b5e347c1b","Tid":"5d4b3bf6c313ad2b44151e37","P":{"x":1.8508434295654297,"y":-0.043075740337371826,"z":-0.4412929117679596},"R":{"x":3.8094403743743896,"y":33.178409576416016,"z":18.42914581298828}},{"Id":"5d623b53cbd1af265c366936","Tid":"5cc61b2fbfde14791842d232","P":{"x":0.08196377009153366,"y":1.4015846252441406,"z":0.16579249501228333},"R":{"x":347.658447265625,"y":287.7691955566406,"z":22.019229888916016}},{"Id":"5d623b54cbd1af265c366937","Tid":"5cc61b2fbfde14791842d232","P":{"x":-0.5521519184112549,"y":1.2758989334106445,"z":0.20731380581855774},"R":{"x":83.95211029052734,"y":280.78643798828125,"z":30.382678985595703},"S":1.000000238418579},{"Id":"5d623b86cbd1af265c366938","Tid":"5d4a16b73e45a61b64ce7b11","P":{"x":-0.18283039331436157,"y":1.153139591217041,"z":0.16207537055015564},"R":{"x":342.07537841796875,"y":103.20067596435547,"z":143.80816650390625}}],"serveTime":18}