{"thingDefinitions":[{"id":"61b7ed5dff38a505eb8bef64","def":"{\"v\":9,\"p\":[{\"b\":3,\"s\":[{\"p\":[0,0,0],\"r\":[0,0,0],\"s\":[0.125,0.125,0.125],\"c\":[1,1,1]}]}]}"},{"id":"61b7ef7b8f519405e0143458","def":"{\"v\":9,\"p\":[{\"b\":251,\"s\":[{\"p\":[0,0,0],\"r\":[0,0,0],\"s\":[0.2400002,0.2400005,0.2400001],\"c\":[1,1,1]}]}]}"}],"serveTime":8}