{"ok":true,"areaId":"5c92c3e6c6acb203608c8dcf","areaName":"lettuce's home","areaKey":"rr5c92c3e6293e460360d34fc7","areaCreatorId":"5c92c3e6c6acb203608c8dce","isPrivate":false,"isZeroGravity":false,"hasFloatingDust":false,"isCopyable":false,"onlyOwnerSetsLocks":false,"isExcluded":false,"environmentChangersJSON":"{\"environmentChangers\":[{\"Name\":\"sun\",\"Rotation\":{\"x\":0.4899064302444458,\"y\":148.86270141601562,\"z\":152.8925018310547},\"Scale\":0.04999999329447746,\"Color\":{\"r\":1,\"g\":1,\"b\":1,\"a\":1}},{\"Name\":\"clouds\",\"Rotation\":{\"x\":4.619837760925293,\"y\":5.65554666519165,\"z\":358.8921813964844},\"Scale\":0.010000012814998627,\"Color\":{\"r\":1,\"g\":1,\"b\":1,\"a\":1}}]}","requestorIsEditor":false,"requestorIsListEditor":false,"requestorIsOwner":false,"placements":[{"Id":"5c92c3e6293e460360d34fc8","Tid":"000000000000000000000001","P":{"x":0.62715387344,"y":-0.275627732,"z":0.321439146995},"R":{"x":0,"y":0,"z":0}}],"serveTime":13}