{"ok":true,"areaId":"641ff9799c719a3d2f111aee","areaName":"littlemeat5's home","areaKey":"rr641ff97932bd7f3d2fe2fe7b","areaCreatorId":"641ff9799c719a3d2f111aed","isPrivate":false,"isZeroGravity":false,"hasFloatingDust":false,"isCopyable":false,"onlyOwnerSetsLocks":false,"isExcluded":false,"_environmentType":"Day","environmentChangersJSON":"{\"environmentChangers\":[{\"Name\":\"ambientLight\",\"Rotation\":{\"x\":13.757890701293945,\"y\":351.8014831542969,\"z\":89.71929931640625},\"Scale\":0.10000026226043701,\"Color\":{\"r\":0.09999997168779373,\"g\":0.09899996966123581,\"b\":0.06999997794628143,\"a\":1}},{\"Name\":\"fog\",\"Rotation\":{\"x\":340.5413513183594,\"y\":347.4632873535156,\"z\":305.5511779785156},\"Scale\":0.030000006780028343,\"Color\":{\"r\":0.09999997168779373,\"g\":0.09999997168779373,\"b\":0.09999997168779373,\"a\":1}},{\"Name\":\"sun\",\"Rotation\":{\"x\":283.3499755859375,\"y\":244.32406616210938,\"z\":201.34043884277344},\"Scale\":0.05000016465783119,\"Color\":{\"r\":1,\"g\":1,\"b\":1,\"a\":1}},{\"Name\":\"night\",\"Rotation\":{\"x\":354.2401428222656,\"y\":27.3584041595459,\"z\":177.69430541992188},\"Scale\":0.05000028759241104,\"Color\":{\"r\":0.03999999910593033,\"g\":0.04999998211860657,\"b\":0.09999997168779373,\"a\":1}}]}","requestorIsEditor":false,"requestorIsListEditor":false,"requestorIsOwner":false,"placements":[{"Id":"641ff97932bd7f3d2fe2fe7c","Tid":"000000000000000000000001","P":{"x":0.62715387344,"y":-0.275627732,"z":0.321439146995},"R":{"x":0,"y":0,"z":0},"A":[1]}],"serveTime":19}