{"thingDefinitions":[{"id":"6018f63794cb4e05b1a27b00","def":"{\"v\":9,\"p\":[{\"b\":3,\"s\":[{\"p\":[0,0,0],\"r\":[0,0,0],\"s\":[0.1250001,0.1250001,0.125],\"c\":[0.6285716,0,1]}]},{\"b\":14,\"t\":1,\"s\":[{\"p\":[-0.06195245,-0.0103247,-0.2034338],\"r\":[358.1309,16.44139,341.8454],\"s\":[0.05999999,0.06000001,0.06000001],\"c\":[0.6285716,0,1]}]}]}"}],"serveTime":4}