{"ok":true,"areaId":"5d03ef098e68912ad2c88962","areaName":"manm's home","areaKey":"rr5d03ef09819d452ad2d6a12c","areaCreatorId":"5d03ef098e68912ad2c88961","isPrivate":false,"isZeroGravity":false,"hasFloatingDust":false,"isCopyable":false,"onlyOwnerSetsLocks":false,"isExcluded":false,"environmentChangersJSON":"{\"environmentChangers\":[]}","requestorIsEditor":false,"requestorIsListEditor":false,"requestorIsOwner":false,"placements":[{"Id":"5d03ef09819d452ad2d6a12d","Tid":"000000000000000000000001","P":{"x":1.8839356899261475,"y":0.39210212230682373,"z":0.2603135108947754},"R":{"x":352.2723083496094,"y":13.95567798614502,"z":358.859130859375},"S":12.5806},{"Id":"5d03ef36ab71445a08c9e7d9","Tid":"000000000000000000000001","P":{"x":-13.933223724365234,"y":4.02679443359375,"z":16.259788513183594},"R":{"x":2.4557607173919678,"y":87.19139862060547,"z":355.2287902832031},"S":211.8812},{"Id":"5d03ef4bab71445a08c9e7da","Tid":"000000000000000000000001","P":{"x":-15.52017879486084,"y":3.7115726470947266,"z":16.42146110534668},"R":{"x":347.18365478515625,"y":90.2100830078125,"z":10.363059997558594},"S":70.8683090209961}],"serveTime":21}