{"ok":true,"areaId":"61bbf91811b05372810d2ea8","areaName":"mariojacob7red's home","areaKey":"rr61bbf918a7b13272815f3553","areaCreatorId":"61bbf91811b05372810d2ea7","isPrivate":false,"isZeroGravity":false,"hasFloatingDust":false,"isCopyable":false,"onlyOwnerSetsLocks":false,"isExcluded":false,"_environmentType":"Day3","environmentChangersJSON":"{\"environmentChangers\":[{\"Name\":\"sun\",\"Rotation\":{\"x\":65.34471893310547,\"y\":206.85696411132812,\"z\":185.586669921875},\"Scale\":0.049999989569187164,\"Color\":{\"r\":1,\"g\":1,\"b\":1,\"a\":1}},{\"Name\":\"ambientLight\",\"Rotation\":{\"x\":1.0462442636489868,\"y\":65.19129943847656,\"z\":343.46875},\"Scale\":0.10000015795230865,\"Color\":{\"r\":0.09999994188547134,\"g\":0.09899992495775223,\"b\":0.06999994814395905,\"a\":1}},{\"Name\":\"night\",\"Rotation\":{\"x\":4.601495742797852,\"y\":200.60894775390625,\"z\":353.9502258300781},\"Scale\":0.05000004172325134,\"Color\":{\"r\":0.03999999910593033,\"g\":0.04999998211860657,\"b\":0.09999997168779373,\"a\":1}}]}","settingsJSON":"{\"filters\":{\"bl\":0}}","requestorIsEditor":false,"requestorIsListEditor":false,"requestorIsOwner":false,"placements":[{"Id":"61bbf918a7b13272815f3554","Tid":"000000000000000000000001","P":{"x":0.62715387344,"y":-0.275627732,"z":0.321439146995},"R":{"x":0,"y":0,"z":0},"A":[1]},{"Id":"61bbfd75e5af4231a81c3a5f","Tid":"61bbfd75d7f5147500c5d1be","P":{"x":0.22470828890800476,"y":0.9509766697883606,"z":-0.5656347274780273},"R":{"x":276.3191223144531,"y":85.4416275024414,"z":355.3228759765625},"A":[]}],"serveTime":27}