{"ok":true,"areaId":"5b92c9ed0bb1bd0568a8051f","areaName":"mcole1007's home","areaKey":"rr5b92c9ed935dc50568ee2f4a","areaCreatorId":"5b92c9ed0bb1bd0568a8051e","isPrivate":false,"isZeroGravity":false,"hasFloatingDust":false,"isCopyable":false,"onlyOwnerSetsLocks":false,"isExcluded":false,"_environmentType":"Cave","environmentChangersJSON":"{\"environmentChangers\":[{\"Name\":\"sun\",\"Rotation\":{\"x\":76.52471923828125,\"y\":303.32220458984375,\"z\":298.8486328125},\"Scale\":0.050000306218862534,\"Color\":{\"r\":1,\"g\":1,\"b\":1,\"a\":1}},{\"Name\":\"ambientLight\",\"Rotation\":{\"x\":314.22113037109375,\"y\":219.0188446044922,\"z\":131.73118591308594},\"Scale\":0.10000032186508179,\"Color\":{\"r\":0.09999997168779373,\"g\":0.09899996966123581,\"b\":0.06999997794628143,\"a\":1}},{\"Name\":\"fog\",\"Rotation\":{\"x\":50.83383560180664,\"y\":275.98089599609375,\"z\":333.5033264160156},\"Scale\":0.03000006265938282,\"Color\":{\"r\":0.09999997168779373,\"g\":0.09999997168779373,\"b\":0.09999997168779373,\"a\":1}},{\"Name\":\"night\",\"Rotation\":{\"x\":22.330970764160156,\"y\":293.79241943359375,\"z\":12.541138648986816},\"Scale\":0.05000009760260582,\"Color\":{\"r\":0.03999999910593033,\"g\":0.04999998211860657,\"b\":0.09999997168779373,\"a\":1}}]}","requestorIsEditor":false,"requestorIsListEditor":false,"requestorIsOwner":false,"placements":[],"serveTime":21}