{"ok":true,"areaId":"61543c1f8277b506f4663c04","areaName":"mic tv's home","areaKey":"rr61543c1f6551bc06f43b595b","areaCreatorId":"61543c1f8277b506f4663c03","isPrivate":false,"isZeroGravity":false,"hasFloatingDust":false,"isCopyable":false,"onlyOwnerSetsLocks":false,"isExcluded":false,"environmentChangersJSON":"{\"environmentChangers\":[{\"Name\":\"night\",\"Rotation\":{\"x\":355.5665283203125,\"y\":354.65594482421875,\"z\":0.11140301078557968},\"Scale\":0.05000000074505806,\"Color\":{\"r\":0.03999999910593033,\"g\":0.04999998211860657,\"b\":0.09999997168779373,\"a\":1}}]}","requestorIsEditor":false,"requestorIsListEditor":false,"requestorIsOwner":false,"placements":[{"Id":"61543c1f6551bc06f43b595c","Tid":"000000000000000000000001","P":{"x":0.62715387344,"y":-0.275627732,"z":0.321439146995},"R":{"x":0,"y":0,"z":0},"A":[1]},{"Id":"61543fea1cb1f12bd87ab19f","Tid":"61543fea1a632d06fbda1250","P":{"x":-0.3413022458553314,"y":0.6492135524749756,"z":0.8001077175140381},"R":{"x":333.035888671875,"y":223.41770935058594,"z":145.45098876953125},"A":[]},{"Id":"615440cd1cb1f12bd87ab1a0","Tid":"615440cdb1b48c0505fcff0f","P":{"x":0.28497278690338135,"y":0.6575583219528198,"z":-0.25331592559814453},"R":{"x":359.9721984863281,"y":226.01974487304688,"z":266.9268493652344},"A":[]}],"serveTime":25}