{"ok":true,"areaId":"5ac864e931ccd30fe76740e1","areaName":"millennium's home","areaKey":"rr5ac864e9eb33630fe71e5141","areaCreatorId":"5ac864e931ccd30fe76740e0","isPrivate":false,"isZeroGravity":false,"hasFloatingDust":false,"isCopyable":false,"onlyOwnerSetsLocks":false,"isExcluded":false,"_environmentType":"Day","environmentChangersJSON":"{\"environmentChangers\":[{\"Name\":\"night\",\"Rotation\":{\"x\":357.8044128417969,\"y\":1.68637216091156,\"z\":6.691122055053711},\"Scale\":0.05000002682209015,\"Color\":{\"r\":0.03999999910593033,\"g\":0.04999998211860657,\"b\":0.09999997168779373,\"a\":1}}]}","requestorIsEditor":false,"requestorIsListEditor":false,"requestorIsOwner":false,"placements":[{"Id":"5ac864e9eb33630fe71e5142","Tid":"000000000000000000000001","P":{"x":0.62715387344,"y":-0.275627732,"z":0.321439146995},"R":{"x":0,"y":0,"z":0}},{"Id":"5ac89fb34e75a500bc678085","Tid":"5ac87571942dc30fea0e46d1","P":{"x":-2.3986644744873047,"y":1.5242819786071777,"z":-0.5077236890792847},"R":{"x":322.59423828125,"y":121.90392303466797,"z":239.46673583984375},"S":1.000001072883606}],"serveTime":14}