{"ok":true,"areaId":"5aa5129ae9de567fb94243ef","areaName":"mirz  meme sage's home","areaKey":"rr5aa5129a7e453f7fb931e0a2","areaCreatorId":"5aa5129ae9de567fb94243ee","isPrivate":false,"isZeroGravity":false,"hasFloatingDust":false,"isCopyable":false,"onlyOwnerSetsLocks":false,"isExcluded":false,"environmentChangersJSON":"{\"environmentChangers\":[{\"Name\":\"sun\",\"Rotation\":{\"x\":322.2276306152344,\"y\":169.44435119628906,\"z\":341.0506286621094},\"Scale\":0.05000028759241104,\"Color\":{\"r\":1,\"g\":1,\"b\":1,\"a\":1}}]}","requestorIsEditor":false,"requestorIsListEditor":false,"requestorIsOwner":false,"placements":[{"Id":"5aa5129a7e453f7fb931e0a3","Tid":"000000000000000000000001","P":{"x":0.62715387344,"y":-0.275627732,"z":0.321439146995},"R":{"x":0,"y":0,"z":0}},{"Id":"5aa512da03083122902ad5da","Tid":"5aa512da634d15138afb8110","P":{"x":0.2181568592786789,"y":0.6611873507499695,"z":0.408236026763916},"R":{"x":342.3357238769531,"y":321.2485046386719,"z":266.38909912109375}},{"Id":"5aa5140bdad232941cefa692","Tid":"5aa51412530eaa13619ecb61","P":{"x":0.6142905950546265,"y":-0.15475057065486908,"z":0.8593932390213013},"R":{"x":270,"y":90,"z":0}},{"Id":"5aa51c4203083122902ad5e0","Tid":"5aa51c42ad48e27fbf2943da","P":{"x":-0.6293177604675293,"y":0.6656699776649475,"z":-1.0514211654663086},"R":{"x":298.2997741699219,"y":359.2279968261719,"z":354.76922607421875}}],"serveTime":13}