{"ok":true,"areaId":"5bef5a1389ee5f055162d6a5","areaName":"montvr0701's home","areaKey":"rr5bef5a1321e65f0551900559","areaCreatorId":"5bef5a1389ee5f055162d6a4","isPrivate":false,"isZeroGravity":false,"hasFloatingDust":false,"isCopyable":false,"onlyOwnerSetsLocks":false,"isExcluded":false,"environmentChangersJSON":"{\"environmentChangers\":[]}","requestorIsEditor":false,"requestorIsListEditor":false,"requestorIsOwner":false,"placements":[{"Id":"5bef5a1321e65f055190055a","Tid":"000000000000000000000001","P":{"x":0.62715387344,"y":-0.275627732,"z":0.321439146995},"R":{"x":0,"y":0,"z":0}},{"Id":"5bef5a78b757ec2a8c0677b6","Tid":"5bef5a73b26d2c054b8ed7b7","P":{"x":0.31152400374412537,"y":1.2804101705551147,"z":0.3752255439758301},"R":{"x":304.5831604003906,"y":81.73602294921875,"z":30.112924575805664},"S":1.0000005960464478},{"Id":"5bef5a80b757ec2a8c0677b7","Tid":"5bef5a73b26d2c054b8ed7b7","P":{"x":-0.13002559542655945,"y":1.6635289192199707,"z":0.7999290227890015},"R":{"x":318.34881591796875,"y":299.4201965332031,"z":172.78578186035156},"S":1.000002384185791},{"Id":"5bef5b12b757ec2a8c0677b8","Tid":"5bef5b0dc8f9ed644c75136f","P":{"x":-0.05709370970726013,"y":0.15986913442611694,"z":0.19062486290931702},"R":{"x":29.52846908569336,"y":153.3179931640625,"z":207.34439086914062},"S":1.0000001192092896}],"serveTime":13}