{"thingDefinitions":[{"id":"607cb8de34c0b125a249cc68","def":"{\"v\":9,\"p\":[{\"s\":[{\"p\":[0,0,0],\"r\":[0,0,-1.600825E-07],\"s\":[0.1750004,0.1750002,0.1750002],\"c\":[1,1,1]}]},{\"b\":3,\"s\":[{\"p\":[-0.000587672,-0.1329898,-0.4095726],\"r\":[356.0247,261.1742,342.0811],\"s\":[0.1250001,0.1250001,0.1250001],\"c\":[1,1,1]}]}]}"}],"serveTime":3}