{"ok":true,"areaId":"5ada5fc6711e330fcf0debf7","areaName":"mousey's home","areaKey":"rr5ada5fc65c196d0fcf6c92fb","areaCreatorId":"5ada5fc6711e330fcf0debf6","isPrivate":false,"isZeroGravity":false,"hasFloatingDust":false,"isCopyable":false,"onlyOwnerSetsLocks":false,"isExcluded":false,"environmentChangersJSON":"{\"environmentChangers\":[]}","requestorIsEditor":false,"requestorIsListEditor":false,"requestorIsOwner":false,"placements":[{"Id":"5ada5fc65c196d0fcf6c92fc","Tid":"000000000000000000000001","P":{"x":0.3552775979042053,"y":0.7122306227684021,"z":1.2372689247131348},"R":{"x":35.33224105834961,"y":301.9659423828125,"z":11.27295207977295},"S":1.0000019073486328},{"Id":"5ada5fed2a6d39181058703d","Tid":"000000000000000000000001","P":{"x":0.42723649740219116,"y":1.1073963642120361,"z":0.4036405384540558},"R":{"x":350.1667785644531,"y":355.2575988769531,"z":33.59070587158203},"S":1.000001311302185},{"Id":"5ada5ff02a6d39181058703e","Tid":"000000000000000000000001","P":{"x":0.1592247188091278,"y":0.8835135698318481,"z":0.0827217847108841},"R":{"x":307.8409423828125,"y":98.85848999023438,"z":342.0129699707031},"S":0.06000007316470146}],"serveTime":11}