{"ok":true,"areaId":"5c4f5e0d8d9024055143c879","areaName":"mrkane258's home","areaKey":"rr5c4f5e0df6e2520551f3c126","areaCreatorId":"5c4f5e0d8d9024055143c878","isPrivate":false,"isZeroGravity":false,"hasFloatingDust":false,"isCopyable":false,"onlyOwnerSetsLocks":false,"isExcluded":false,"_environmentType":"Waves4","environmentChangersJSON":"{\"environmentChangers\":[{\"Name\":\"ambientLight\",\"Rotation\":{\"x\":329.8394775390625,\"y\":275.20245361328125,\"z\":75.40399932861328},\"Scale\":0.10000003129243851,\"Color\":{\"r\":0.09999997168779373,\"g\":0.09899996966123581,\"b\":0.06999997794628143,\"a\":1}},{\"Name\":\"night\",\"Rotation\":{\"x\":36.35659408569336,\"y\":313.0439147949219,\"z\":20.402393341064453},\"Scale\":0.04999999701976776,\"Color\":{\"r\":0.03999999910593033,\"g\":0.04999998211860657,\"b\":0.09999997168779373,\"a\":1}},{\"Name\":\"fog\",\"Rotation\":{\"x\":347.89111328125,\"y\":288.37060546875,\"z\":69.06838989257812},\"Scale\":0.030000001192092896,\"Color\":{\"r\":0.09999997168779373,\"g\":0.09999997168779373,\"b\":0.09999997168779373,\"a\":1}},{\"Name\":\"clouds\",\"Rotation\":{\"x\":318.7185974121094,\"y\":272.1673889160156,\"z\":82.23234558105469},\"Scale\":0.010000000707805157,\"Color\":{\"r\":1,\"g\":1,\"b\":1,\"a\":1}}]}","requestorIsEditor":false,"requestorIsListEditor":false,"requestorIsOwner":false,"placements":[{"Id":"5c4f5e0df6e2520551f3c127","Tid":"000000000000000000000001","P":{"x":0.62715387344,"y":-0.275627732,"z":0.321439146995},"R":{"x":0,"y":0,"z":0}}],"serveTime":29}