{"ok":true,"areaId":"5b7b3d042f0ce47ae2901b7c","areaName":"muscle ass's home","areaKey":"rr5b7b3d045a8b2f7ae2115f3e","areaCreatorId":"5b7b3d042f0ce47ae2901b7b","isPrivate":false,"isZeroGravity":false,"hasFloatingDust":false,"isCopyable":false,"onlyOwnerSetsLocks":false,"isExcluded":false,"environmentChangersJSON":"{\"environmentChangers\":[{\"Name\":\"sun\",\"Rotation\":{\"x\":348.0201721191406,\"y\":258.430908203125,\"z\":256.46826171875},\"Scale\":0.05000000447034836,\"Color\":{\"r\":1,\"g\":1,\"b\":1,\"a\":1}},{\"Name\":\"clouds\",\"Rotation\":{\"x\":3.738114833831787,\"y\":354.3188171386719,\"z\":347.92694091796875},\"Scale\":0.009999986737966537,\"Color\":{\"r\":1,\"g\":1,\"b\":1,\"a\":1}}]}","requestorIsEditor":false,"requestorIsListEditor":false,"requestorIsOwner":false,"placements":[{"Id":"5b7b3d045a8b2f7ae2115f3f","Tid":"000000000000000000000001","P":{"x":0.62715387344,"y":-0.275627732,"z":0.321439146995},"R":{"x":0,"y":0,"z":0}}],"serveTime":21}