{"ok":true,"areaId":"5b339a9404f4b41963e04194","areaName":"nelegalltk's home","areaKey":"rr5b339a94234a0c1963a37ec8","areaCreatorId":"5b339a9404f4b41963e04193","isPrivate":false,"isZeroGravity":false,"hasFloatingDust":false,"isCopyable":false,"onlyOwnerSetsLocks":false,"isExcluded":false,"environmentChangersJSON":"{\"environmentChangers\":[]}","requestorIsEditor":false,"requestorIsListEditor":false,"requestorIsOwner":false,"placements":[{"Id":"5b339a94234a0c1963a37ec9","Tid":"000000000000000000000001","P":{"x":0.8575212955474854,"y":-0.046143561601638794,"z":0.1113882064819336},"R":{"x":1.0497151613235474,"y":354.9667053222656,"z":355.92474365234375},"S":2.860609769821167},{"Id":"5b339aeef525e20a34d38aaa","Tid":"5b339aebabccce1970d9cdfa","P":{"x":3.1812045574188232,"y":0.9633626341819763,"z":8.254636764526367},"R":{"x":274.1389465332031,"y":250.82386779785156,"z":154.651611328125},"S":0.7800000309944153},{"Id":"5b339b1cf525e20a34d38aab","Tid":"5b339b1ac8b427196a968ec6","P":{"x":0.06589508056640625,"y":1.0631115436553955,"z":7.712639331817627},"R":{"x":339.6995544433594,"y":37.81318664550781,"z":307.68585205078125}},{"Id":"5b339b54f525e20a34d38aac","Tid":"5b339b52f59b7d1969ec6d3f","P":{"x":0.22704550623893738,"y":1.093698263168335,"z":7.700776100158691},"R":{"x":327.08563232421875,"y":47.2567253112793,"z":300.7826232910156},"S":1.000000238418579}],"serveTime":13}