{"ok":true,"areaId":"5fea539c1dcacc178438fc71","areaName":"new anyland logo","areaKey":"rr5fea539c260ca31784b0d599","areaCreatorId":"5ced9c2b4adee50e30245b9d","isPrivate":false,"isZeroGravity":false,"hasFloatingDust":false,"isCopyable":false,"onlyOwnerSetsLocks":false,"isExcluded":false,"environmentChangersJSON":"{\"environmentChangers\":[{\"Name\":\"sun\",\"Rotation\":{\"x\":85.3770751953125,\"y\":221.1374969482422,\"z\":124.19026947021484},\"Scale\":0.05000000074505806,\"Color\":{\"r\":1,\"g\":1,\"b\":1,\"a\":1}}]}","requestorIsEditor":false,"requestorIsListEditor":false,"requestorIsOwner":false,"placements":[{"Id":"613eb03fc116389034966823","Tid":"000000000000000000000001","P":{"x":0.6271538734436035,"y":-0.2756277322769165,"z":0.32143914699554443},"R":{"x":0,"y":0,"z":0},"A":[1]},{"Id":"613eb068c116389034966824","Tid":"613eb0b2e06593346b1f0594","P":{"x":-1.2936813831329346,"y":0.8792856931686401,"z":2.557253360748291},"R":{"x":270,"y":90.00000762939453,"z":0},"A":[]},{"Id":"613eb0e8c116389034966825","Tid":"613eb114bf64773464c9f104","P":{"x":0.2606639266014099,"y":2.702515125274658,"z":-1.3117082118988037},"R":{"x":4.556884765625,"y":0.174361914396286,"z":8.000313758850098},"A":[]},{"Id":"613fae95c11638693cbfa154","Tid":"613faef85c6eb91c6ee22e23","P":{"x":2.2752597332000732,"y":0.879285454750061,"z":2.557253122329712},"R":{"x":270,"y":0.00001001791224553017,"z":0},"A":[2]}],"serveTime":11}