{"thingDefinitions":[{"id":"629be446337f6d05e4f841ab","def":"{\"v\":9,\"a\":[49],\"p\":[{\"b\":174,\"s\":[{\"p\":[0,0,0],\"r\":[0,0,0],\"s\":[0.04500005,0.04499999,0.04500005],\"c\":[1,1,1]}]},{\"b\":174,\"s\":[{\"p\":[0.202827,0.02322521,-0.1051055],\"r\":[2.442663,67.187,6.601677],\"s\":[0.04500004,0.04500001,0.04500004],\"c\":[1,1,1]}]},{\"b\":175,\"s\":[{\"p\":[0.03928832,-0.2847086,-0.2071509],\"r\":[0.9125301,349.8457,4.016124],\"s\":[0.10569,0.001,0.07566707],\"c\":[0.5079362,1,0.4444443]}]}]}"}],"serveTime":4}