{"ok":true,"areaId":"621442fb0d5a081c45bffcb0","areaName":"nickolazgarcia2526's home","areaKey":"rr621442fb8ef6171c4560020c","areaCreatorId":"621442fb0d5a081c45bffcaf","isPrivate":false,"isZeroGravity":false,"hasFloatingDust":false,"isCopyable":false,"onlyOwnerSetsLocks":false,"isExcluded":false,"_environmentType":"Snow","environmentChangersJSON":"{\"environmentChangers\":[{\"Name\":\"ambientLight\",\"Rotation\":{\"x\":3.20458722114563,\"y\":356.03656005859375,\"z\":3.7844722270965576},\"Scale\":0.10000001639127731,\"Color\":{\"r\":0.09999997168779373,\"g\":0.09899996966123581,\"b\":0.06999997794628143,\"a\":1}},{\"Name\":\"night\",\"Rotation\":{\"x\":358.1321105957031,\"y\":8.767138481140137,\"z\":0.12058980762958527},\"Scale\":0.05000000447034836,\"Color\":{\"r\":0.03999999910593033,\"g\":0.04999998211860657,\"b\":0.09999997168779373,\"a\":1}}]}","requestorIsEditor":false,"requestorIsListEditor":false,"requestorIsOwner":false,"placements":[{"Id":"621442fb8ef6171c4560020d","Tid":"000000000000000000000001","P":{"x":0.62715387344,"y":-0.275627732,"z":0.321439146995},"R":{"x":0,"y":0,"z":0},"A":[1]},{"Id":"62144a7ee5cd37108419780b","Tid":"62144a7d219be91c4b0d2896","P":{"x":0.21983996033668518,"y":1.2889500856399536,"z":0.16645590960979462},"R":{"x":277.69476318359375,"y":14.898550033569336,"z":27.7813720703125}}],"serveTime":16}