{"ok":true,"areaId":"5b65858f0dfb2d0dd3e9275f","areaName":"nooblandia","areaKey":"rr5b65858f962c900dd3cf0d08","areaCreatorId":"5b65806405fd724b8fdcf8bc","isPrivate":false,"isZeroGravity":false,"hasFloatingDust":false,"isCopyable":false,"onlyOwnerSetsLocks":false,"isExcluded":false,"_environmentType":"Snow","environmentChangersJSON":"{\"environmentChangers\":[{\"Name\":\"sun\",\"Rotation\":{\"x\":328.6365661621094,\"y\":315.9451599121094,\"z\":2.766791582107544},\"Scale\":0.050000034272670746,\"Color\":{\"r\":1,\"g\":1,\"b\":1,\"a\":1}}]}","requestorIsEditor":false,"requestorIsListEditor":false,"requestorIsOwner":false,"placements":[{"Id":"5b65858f962c900dd3cf0d09","Tid":"000000000000000000000001","P":{"x":0.6271538734436035,"y":-0.2756277322769165,"z":0.32143914699554443},"R":{"x":0,"y":0,"z":0},"S":250},{"Id":"5b6586bccdff8b1a709e8370","Tid":"5b6586be52129a07314b0ac2","P":{"x":0.30777594447135925,"y":0.06451286375522614,"z":0.02295031026005745},"R":{"x":2.266942262649536,"y":359.5057067871094,"z":184.1702880859375},"S":1.0000009536743164}],"serveTime":22}