{"ok":true,"areaId":"610b3d6af50a56202f12e6e4","areaName":"nuggsth31's home","areaKey":"rr610b3d6a463e4d202f27d713","areaCreatorId":"610b3d6af50a56202f12e6e3","isPrivate":false,"isZeroGravity":false,"hasFloatingDust":false,"isCopyable":false,"onlyOwnerSetsLocks":false,"isExcluded":false,"environmentChangersJSON":"{\"environmentChangers\":[{\"Name\":\"night\",\"Rotation\":{\"x\":3.6113109588623047,\"y\":354.74700927734375,\"z\":357.6471862792969},\"Scale\":0.05000000447034836,\"Color\":{\"r\":0.03999999910593033,\"g\":0.04999998211860657,\"b\":0.09999997168779373,\"a\":1}}]}","requestorIsEditor":false,"requestorIsListEditor":false,"requestorIsOwner":false,"placements":[{"Id":"610b3d6a463e4d202f27d714","Tid":"000000000000000000000001","P":{"x":0.62715387344,"y":-0.275627732,"z":0.321439146995},"R":{"x":0,"y":0,"z":0},"A":[1]},{"Id":"610b4ed43762a451c87edac7","Tid":"610c2e0e7746ae051f772027","P":{"x":2.6754634380340576,"y":1.1741857528686523,"z":0.11942857503890991},"R":{"x":283.95855712890625,"y":338.5284423828125,"z":15.620137214660645},"A":[]},{"Id":"610c2f513762a444185538f8","Tid":"610c2f52020c3705302f986e","P":{"x":2.3340189456939697,"y":1.0958707332611084,"z":-0.12185633182525635},"R":{"x":11.358657836914062,"y":315.0237121582031,"z":205.94357299804688},"A":[]},{"Id":"610c2f553762a444185538f9","Tid":"610c2f52020c3705302f986e","P":{"x":2.4558591842651367,"y":1.1187562942504883,"z":-0.03814727067947388},"R":{"x":12.788583755493164,"y":327.5249938964844,"z":212.04736328125},"S":1.0000022649765015}],"serveTime":10}