{"thingDefinitions":[{"id":"6043a0a3c354a655110bbacf","def":"{\"v\":9,\"a\":[1,2,4,12,48,49],\"p\":[{\"b\":9,\"s\":[{\"p\":[0,0,0],\"r\":[0,0,0],\"s\":[0.1250003,0.1250003,0.1250004],\"c\":[1,1,1]}]},{\"b\":3,\"s\":[{\"p\":[-0.07131344,-0.4043688,-0.3407829],\"r\":[56.59792,16.1653,15.78862],\"s\":[0.1250001,0.1250002,0.1250002],\"c\":[1,1,1]}]}]}"}],"serveTime":4}