{"ok":true,"areaId":"5e31d092363ca93807cc7f0c","areaName":"obi wan kanobi's home","areaKey":"rr5e31d0924757bf3807a9a469","areaCreatorId":"5e31d092363ca93807cc7f0b","isPrivate":false,"isZeroGravity":false,"hasFloatingDust":false,"isCopyable":false,"onlyOwnerSetsLocks":false,"isExcluded":false,"_environmentType":"Day3","environmentChangersJSON":"{\"environmentChangers\":[{\"Name\":\"ambientLight\",\"Rotation\":{\"x\":271.6851501464844,\"y\":115.54145050048828,\"z\":342.3084716796875},\"Scale\":0.10000003129243851,\"Color\":{\"r\":0.09999997168779373,\"g\":0.09899996966123581,\"b\":0.06999997794628143,\"a\":1}}]}","requestorIsEditor":false,"requestorIsListEditor":false,"requestorIsOwner":false,"placements":[{"Id":"5e31d0924757bf3807a9a46a","Tid":"000000000000000000000001","P":{"x":0.62715387344,"y":-0.275627732,"z":0.321439146995},"R":{"x":0,"y":0,"z":0}},{"Id":"5e31d332589ad70dfc9b8db4","Tid":"5e31d332f349cf24dd87b4ad","P":{"x":0.7022810578346252,"y":0.5888155698776245,"z":1.6614351272583008},"R":{"x":279.63421630859375,"y":18.575641632080078,"z":69.84068298339844}},{"Id":"5e31d3a4589ad70dfc9b8db5","Tid":"5e31d332f349cf24dd87b4ad","P":{"x":-0.8161123394966125,"y":0.555828869342804,"z":1.8503234386444092},"R":{"x":282.26458740234375,"y":347.9139709472656,"z":279.9903564453125}}],"serveTime":16}