{"ok":true,"areaId":"5cd0f38756db2c0eba66ce2e","areaName":"outfits","areaKey":"rr5cd0f38751fb6e0ebaf822d0","areaCreatorId":"5cd0cc61391fcd6e872c21d1","isPrivate":false,"isZeroGravity":false,"hasFloatingDust":false,"isCopyable":false,"onlyOwnerSetsLocks":false,"isExcluded":false,"_environmentType":"Default","environmentChangersJSON":"{\"environmentChangers\":[{\"Name\":\"sun\",\"Rotation\":{\"x\":324.7856750488281,\"y\":88.20252227783203,\"z\":268.4680480957031},\"Scale\":0.05000021681189537,\"Color\":{\"r\":0.7777777910232544,\"g\":0.7777777910232544,\"b\":0.7777777910232544,\"a\":1}}]}","requestorIsEditor":false,"requestorIsListEditor":false,"requestorIsOwner":false,"placements":[{"Id":"5cd2019d821e883e6086911d","Tid":"5cd20162c1f6940562a88101","P":{"x":-3.2627224922180176,"y":0.2413407564163208,"z":-1.9633342027664185},"R":{"x":278.6968994140625,"y":94.99138641357422,"z":31.72877311706543},"S":1.9377},{"Id":"5cd201c0821e883e6086911e","Tid":"5cd20162c1f6940562a88101","P":{"x":-4.238564491271973,"y":-0.3261195421218872,"z":-3.010035514831543},"R":{"x":274.62420654296875,"y":249.47274780273438,"z":259.2978820800781},"S":1.9378},{"Id":"5cd20208821e883e60869120","Tid":"5cd2024a8e5c280eb47540f5","P":{"x":0.7932794094085693,"y":-0.8880573511123657,"z":-0.3716672658920288},"R":{"x":359.9456481933594,"y":138.44912719726562,"z":90.01447296142578}},{"Id":"5cd20258821e883e60869121","Tid":"5cd0d0412c38bc05667fe1b3","P":{"x":-4.098931312561035,"y":1.1620463132858276,"z":-3.1513161659240723},"R":{"x":291.109375,"y":134.6612548828125,"z":14.114055633544922}}],"serveTime":22}