{"ok":true,"areaId":"5ebcccd5c25843368fd4ac16","areaName":"pain's home","areaKey":"rr5ebcccd5128389368f00ccbf","areaCreatorId":"5ebcccd5c25843368fd4ac15","isPrivate":false,"isZeroGravity":false,"hasFloatingDust":false,"isCopyable":false,"onlyOwnerSetsLocks":false,"isExcluded":false,"environmentChangersJSON":"{\"environmentChangers\":[]}","requestorIsEditor":false,"requestorIsListEditor":false,"requestorIsOwner":false,"placements":[{"Id":"5ebcccd5128389368f00ccc0","Tid":"000000000000000000000001","P":{"x":0.62715387344,"y":-0.275627732,"z":0.321439146995},"R":{"x":0,"y":0,"z":0}},{"Id":"5f3792203df5e2544c14c5be","Tid":"5f2876c1e50c736306f30c17","P":{"x":0.31857970356941223,"y":1.227155089378357,"z":0.325437068939209},"R":{"x":302.26336669921875,"y":352.1747131347656,"z":3.0969972610473633},"S":7.7528,"A":[]},{"Id":"5f3792353df5e2544c14c5c0","Tid":"5f289ebab32ac90641adfe8e","P":{"x":0.0930069088935852,"y":1.4691001176834106,"z":-0.6162921786308289},"R":{"x":315.2229919433594,"y":336.94500732421875,"z":76.11015319824219},"S":24.7506,"A":[]},{"Id":"5f3792573df5e2544c14c5c1","Tid":"5f289ebab32ac90641adfe8e","P":{"x":0.11023074388504028,"y":1.406816840171814,"z":-0.9122032523155212},"R":{"x":314.611572265625,"y":357.5403137207031,"z":71.12593841552734},"S":6.9225,"A":[]}],"serveTime":23}