{"ok":true,"areaId":"5ea17d5fd48e19625b6ce3cd","areaName":"peerenglert's home","areaKey":"rr5ea17d5f1604a6625babada9","areaCreatorId":"5ea17d5fd48e19625b6ce3cc","isPrivate":false,"isZeroGravity":false,"hasFloatingDust":false,"isCopyable":false,"onlyOwnerSetsLocks":false,"isExcluded":false,"_environmentType":"Default","environmentChangersJSON":"{\"environmentChangers\":[{\"Name\":\"night\",\"Rotation\":{\"x\":357.5317687988281,\"y\":10.27505111694336,\"z\":348.3204650878906},\"Scale\":0.05000000447034836,\"Color\":{\"r\":0.03999999910593033,\"g\":0.04999998211860657,\"b\":0.09999997168779373,\"a\":1}},{\"Name\":\"sun\",\"Rotation\":{\"x\":83.86579132080078,\"y\":289.4031677246094,\"z\":313.0038757324219},\"Scale\":0.05000000447034836,\"Color\":{\"r\":1,\"g\":1,\"b\":1,\"a\":1}}]}","requestorIsEditor":false,"requestorIsListEditor":false,"requestorIsOwner":false,"placements":[{"Id":"5ea17d5f1604a6625babadaa","Tid":"000000000000000000000001","P":{"x":0.62715387344,"y":-0.275627732,"z":0.321439146995},"R":{"x":0,"y":0,"z":0}},{"Id":"5ea17dd90b039f1b44b95674","Tid":"5ea17ddcb66b8712c3dd1579","P":{"x":0.2054232656955719,"y":0.9720081090927124,"z":0.25338447093963623},"R":{"x":53.04472351074219,"y":82.88484954833984,"z":288.85174560546875},"S":11.0941}],"serveTime":27}