{"thingDefinitions":[{"id":"5fb8408b427d8b44f2d3e779","def":"{\"n\":\"ground\",\"v\":9,\"a\":[1],\"p\":[{\"b\":17,\"s\":[{\"p\":[0,0,0],\"r\":[0,0,0],\"s\":[3.363346,0.11062,3.201102],\"c\":[0.9019608,0.8509804,0.7215686]}]},{\"s\":[{\"p\":[2.925267,1.314888,2.898448],\"r\":[20.44509,298.0451,290.8842],\"s\":[0.1750009,0.1750003,0.1750004],\"c\":[1,1,1]}]},{\"b\":14,\"s\":[{\"p\":[2.696893,1.760814,2.98809],\"r\":[301.1061,127.2053,120.6115],\"s\":[0.06000015,0.06000006,0.06000017],\"c\":[1,1,1]}]}]}"}],"serveTime":4}