{"ok":true,"areaId":"60a3d33c9dc5860553bbfdc0","areaName":"pipul132's home","areaKey":"rr60a3d33c201d390553ee2e0d","areaCreatorId":"60a3d33c9dc5860553bbfdbf","isPrivate":false,"isZeroGravity":false,"hasFloatingDust":false,"isCopyable":false,"onlyOwnerSetsLocks":false,"isExcluded":false,"_environmentType":"Day","environmentChangersJSON":"{\"environmentChangers\":[{\"Name\":\"ambientLight\",\"Rotation\":{\"x\":352.022705078125,\"y\":34.88605880737305,\"z\":62.74142837524414},\"Scale\":0.10000000894069672,\"Color\":{\"r\":0.09999997168779373,\"g\":0.09899996966123581,\"b\":0.06999997794628143,\"a\":1}},{\"Name\":\"night\",\"Rotation\":{\"x\":346.40740966796875,\"y\":9.543015480041504,\"z\":339.00830078125},\"Scale\":0.05000000447034836,\"Color\":{\"r\":0.03999999910593033,\"g\":0.04999998211860657,\"b\":0.09999997168779373,\"a\":1}},{\"Name\":\"Cube\",\"Rotation\":{\"x\":355.3050231933594,\"y\":272.9742431640625,\"z\":288.8773193359375},\"Scale\":0.15000000596046448,\"Color\":{\"r\":1,\"g\":1,\"b\":1,\"a\":1}}]}","requestorIsEditor":false,"requestorIsListEditor":false,"requestorIsOwner":false,"placements":[{"Id":"60a3d33c201d390553ee2e0e","Tid":"000000000000000000000001","P":{"x":0.62715387344,"y":-0.275627732,"z":0.321439146995},"R":{"x":0,"y":0,"z":0},"A":[]}],"serveTime":31}