{"ok":true,"areaId":"5cce146eaf98a3177b2b2215","areaName":"pryde ger's home","areaKey":"rr5cce146ebe7d46177b1393b6","areaCreatorId":"5cce146eaf98a3177b2b2214","isPrivate":false,"isZeroGravity":false,"hasFloatingDust":false,"isCopyable":false,"onlyOwnerSetsLocks":false,"isExcluded":false,"_environmentType":"Jungle2","environmentChangersJSON":"{\"environmentChangers\":[{\"Name\":\"sun\",\"Rotation\":{\"x\":86.15921783447266,\"y\":310.9551696777344,\"z\":311.73687744140625},\"Scale\":0.05000000074505806,\"Color\":{\"r\":1,\"g\":1,\"b\":1,\"a\":1}}]}","requestorIsEditor":false,"requestorIsListEditor":false,"requestorIsOwner":false,"placements":[{"Id":"5cce146ebe7d46177b1393b7","Tid":"000000000000000000000001","P":{"x":0.62715387344,"y":-0.275627732,"z":0.321439146995},"R":{"x":0,"y":0,"z":0}},{"Id":"5cce14b6da9e881f94978dbe","Tid":"5cce14bd978f6e3aa766ffb8","P":{"x":1.3949382305145264,"y":1.2756755352020264,"z":1.0676782131195068},"R":{"x":0.7516241073608398,"y":209.772216796875,"z":271.3022766113281}}],"serveTime":18}