{"ok":true,"areaId":"5c29848c3a32040550da0544","areaName":"purple butterfly33's home","areaKey":"rr5c29848c1c28cc0550452b89","areaCreatorId":"5c29848c3a32040550da0543","isPrivate":false,"isZeroGravity":false,"hasFloatingDust":false,"isCopyable":false,"onlyOwnerSetsLocks":false,"isExcluded":false,"_environmentType":"Underwater2","environmentChangersJSON":"{\"environmentChangers\":[{\"Name\":\"sun\",\"Rotation\":{\"x\":342.9569396972656,\"y\":131.29994201660156,\"z\":144.69996643066406},\"Scale\":0.05000007152557373,\"Color\":{\"r\":1,\"g\":1,\"b\":1,\"a\":1}}]}","requestorIsEditor":false,"requestorIsListEditor":false,"requestorIsOwner":false,"placements":[{"Id":"5c29848c1c28cc0550452b8a","Tid":"5c298704638de76f667e90d5","P":{"x":0.6271538734436035,"y":-0.2756277322769165,"z":0.32143914699554443},"R":{"x":0,"y":0,"z":0},"S":0.8399999141693115},{"Id":"5c29876fd028d05c7c07a24a","Tid":"5c298a0dde198331858105f4","P":{"x":-1.899075984954834,"y":2.0751519203186035,"z":1.9316811561584473},"R":{"x":355.75604248046875,"y":77.96514129638672,"z":358.74127197265625},"S":1.000000238418579},{"Id":"5c2987e3d028d05c7c07a24b","Tid":"5c2987e3638de76f667e90d6","P":{"x":-0.10419875383377075,"y":-0.3014523983001709,"z":0.3374479115009308},"R":{"x":0,"y":270,"z":0},"S":1.0000004768371582},{"Id":"5c2988f4d028d05c7c07a24c","Tid":"5c2989c17863da6f76f38ae0","P":{"x":4.965307712554932,"y":3.2848520278930664,"z":1.1358891725540161},"R":{"x":270,"y":270,"z":0}}],"serveTime":22}