{"ok":true,"areaId":"627ae2382794d80485d1aa4a","areaName":"pussyweedfart's home","areaKey":"rr627ae238f21efb0485b74e2d","areaCreatorId":"627ae2382794d80485d1aa49","isPrivate":false,"isZeroGravity":false,"hasFloatingDust":false,"isCopyable":false,"onlyOwnerSetsLocks":false,"isExcluded":false,"environmentChangersJSON":"{\"environmentChangers\":[{\"Name\":\"sun\",\"Rotation\":{\"x\":357.4018249511719,\"y\":81.64762115478516,\"z\":107.59451293945312},\"Scale\":0.05000001937150955,\"Color\":{\"r\":1,\"g\":1,\"b\":1,\"a\":1}}]}","requestorIsEditor":false,"requestorIsListEditor":false,"requestorIsOwner":false,"placements":[{"Id":"627ae238f21efb0485b74e2e","Tid":"627ae2852794d80485d1aa4c","P":{"x":0.6271538734436035,"y":-0.2756277322769165,"z":0.32143914699554443},"R":{"x":0,"y":0,"z":0},"A":[1]},{"Id":"627ae3eb6b19214678a8b182","Tid":"627ae3eccacd111c4450b474","P":{"x":-10.985367774963379,"y":0.27982020378112793,"z":-5.301557540893555},"R":{"x":5.349583625793457,"y":240.75765991210938,"z":23.11333465576172},"S":1.0000004768371582}],"serveTime":12}