{"ok":true,"areaId":"5cdced3b4adee50e30245692","areaName":"questgiver's home","areaKey":"rr5cdced3b358db40e309a9562","areaCreatorId":"5cdced3b4adee50e30245691","isPrivate":false,"isZeroGravity":false,"hasFloatingDust":false,"isCopyable":false,"onlyOwnerSetsLocks":false,"isExcluded":false,"environmentChangersJSON":"{\"environmentChangers\":[]}","requestorIsEditor":false,"requestorIsListEditor":false,"requestorIsOwner":false,"placements":[{"Id":"5cdced3b358db40e309a9563","Tid":"000000000000000000000001","P":{"x":0.62715387344,"y":-0.275627732,"z":0.321439146995},"R":{"x":0,"y":0,"z":0}},{"Id":"5ce22f46476b443a748a3371","Tid":"5ce22f6c516cae604dbb272f","P":{"x":0.12753845751285553,"y":0.9925583600997925,"z":-2.970094680786133},"R":{"x":0.000010017916793003678,"y":270,"z":0.000010017914064519573}},{"Id":"5ce22f73476b443a748a3374","Tid":"5ce22f6c516cae604dbb272f","P":{"x":0.12753845751285553,"y":0.9360084533691406,"z":-2.970094680786133},"R":{"x":0,"y":180,"z":180},"S":1.0002230405807495},{"Id":"5ce22f7f476b443a748a3375","Tid":"5ce22f6c516cae604dbb272f","P":{"x":0.12753845751285553,"y":1.266874074935913,"z":-3.361387252807617},"R":{"x":0.000010245284101983998,"y":270,"z":270},"S":1.0005}],"serveTime":21}