{"ok":true,"areaId":"5c45db15da89d12f3d9d70ac","areaName":"quest test","areaKey":"rr5c45e9e4c97db30557d0c2d1","areaCreatorId":"5773b5232da36d2d18b870fb","isPrivate":false,"isZeroGravity":false,"hasFloatingDust":false,"isCopyable":false,"onlyOwnerSetsLocks":false,"isExcluded":false,"environmentChangersJSON":"{\"environmentChangers\":[{\"Name\":\"night\",\"Rotation\":{\"x\":1.0693504810333252,\"y\":216.38455200195312,\"z\":68.79019927978516},\"Scale\":0.05000000447034836,\"Color\":{\"r\":0.03999999910593033,\"g\":0.04999998211860657,\"b\":0.09999997168779373,\"a\":1}},{\"Name\":\"sun\",\"Rotation\":{\"x\":333.1803283691406,\"y\":76.78466796875,\"z\":349.1174011230469},\"Scale\":0.05000000447034836,\"Color\":{\"r\":1,\"g\":1,\"b\":1,\"a\":1}}]}","requestorIsEditor":false,"requestorIsListEditor":false,"requestorIsOwner":false,"placements":[{"Id":"5c45db46b1800539c0daecfd","Tid":"5c45db53753fa20eb7c81e88","P":{"x":0.7021105289459229,"y":-0.3141406774520874,"z":0.5016863346099854},"R":{"x":2.0996508598327637,"y":343.3672790527344,"z":358.5201721191406}},{"Id":"5c45e9f0b180053de8d7874f","Tid":"5c45fae948324717deed2163","P":{"x":-1.222452163696289,"y":-0.4948232173919678,"z":19.526166915893555},"R":{"x":314.223388671875,"y":155.45068359375,"z":282.0309143066406},"S":1.000000238418579}],"serveTime":17}