{"ok":true,"areaId":"5a2b1184a783ad6d3593f941","areaName":"realgreg's home","areaKey":"rr5a2b118463bada6d3500a1c7","areaCreatorId":"5a2b1184a783ad6d3593f940","isPrivate":false,"isZeroGravity":false,"hasFloatingDust":false,"isCopyable":false,"onlyOwnerSetsLocks":false,"isExcluded":false,"_environmentType":"Night","environmentChangersJSON":"{\"environmentChangers\":[{\"Name\":\"sun\",\"Rotation\":{\"x\":317.8993225097656,\"y\":130.16610717773438,\"z\":162.60142517089844},\"Scale\":0.050000034272670746,\"Color\":{\"r\":1,\"g\":1,\"b\":1,\"a\":1}},{\"Name\":\"ambientLight\",\"Rotation\":{\"x\":2.166163921356201,\"y\":352.9443359375,\"z\":5.806778907775879},\"Scale\":0.10000002384185791,\"Color\":{\"r\":0.09999997168779373,\"g\":0.09899996966123581,\"b\":0.06999997794628143,\"a\":1}},{\"Name\":\"clouds\",\"Rotation\":{\"x\":346.8207702636719,\"y\":4.052751541137695,\"z\":332.2101745605469},\"Scale\":0.010000001639127731,\"Color\":{\"r\":1,\"g\":1,\"b\":1,\"a\":1}}]}","requestorIsEditor":false,"requestorIsListEditor":false,"requestorIsOwner":false,"placements":[{"Id":"5a2b118463bada6d3500a1c8","Tid":"000000000000000000000001","P":{"x":0.62715387344,"y":-0.275627732,"z":0.321439146995},"R":{"x":0,"y":0,"z":0}}],"serveTime":31}