{"ok":true,"areaId":"5b6b4eefb6b2304b8934e834","areaName":"revalation's home","areaKey":"rr5b6b4eef8aa9564b89d92c1f","areaCreatorId":"5b6b4eefb6b2304b8934e833","isPrivate":false,"isZeroGravity":false,"hasFloatingDust":false,"isCopyable":false,"onlyOwnerSetsLocks":false,"isExcluded":false,"_environmentType":"Day3","environmentChangersJSON":"{\"environmentChangers\":[{\"Name\":\"sun\",\"Rotation\":{\"x\":271.25677490234375,\"y\":163.3131561279297,\"z\":338.194091796875},\"Scale\":0.050000064074993134,\"Color\":{\"r\":1,\"g\":1,\"b\":1,\"a\":1}},{\"Name\":\"clouds\",\"Rotation\":{\"x\":22.914819717407227,\"y\":332.26580810546875,\"z\":330.74310302734375},\"Scale\":0.009999999776482582,\"Color\":{\"r\":1,\"g\":1,\"b\":1,\"a\":1}}]}","requestorIsEditor":false,"requestorIsListEditor":false,"requestorIsOwner":false,"placements":[{"Id":"5b6b4eef8aa9564b89d92c20","Tid":"000000000000000000000001","P":{"x":0.302620530128479,"y":-0.5972988605499268,"z":0.15709632635116577},"R":{"x":353.9898681640625,"y":15.610872268676758,"z":345.487060546875},"S":0.9400001168251038},{"Id":"5b6b5160a404f334e4b4d0a2","Tid":"5b6b515fdc611b071e6105d4","P":{"x":1.0378743410110474,"y":1.1611346006393433,"z":0.7139004468917847},"R":{"x":359.1344299316406,"y":288.8861083984375,"z":357.6327209472656},"S":1.000000238418579},{"Id":"5b6b53bba404f334e4b4d0a3","Tid":"5b6b53bae2817f206cbe3ea5","P":{"x":-1.6717883348464966,"y":1.512210488319397,"z":3.3492038249969482},"R":{"x":334.22869873046875,"y":292.455078125,"z":49.89372253417969},"S":1.0000025033950806}],"serveTime":421}