{"ok":true,"areaId":"5a1cc662fefc302310febd36","areaName":"ricey's home","areaKey":"rr5a1cc662f0af3023100b4739","areaCreatorId":"5a1cc662fefc302310febd35","isPrivate":false,"isZeroGravity":false,"hasFloatingDust":false,"isCopyable":false,"onlyOwnerSetsLocks":false,"isExcluded":false,"_environmentType":"Day","environmentChangersJSON":"{\"environmentChangers\":[{\"Name\":\"ambientLight\",\"Rotation\":{\"x\":3.9083175659179688,\"y\":7.659461975097656,\"z\":0.7051416039466858},\"Scale\":0.10000000894069672,\"Color\":{\"r\":0.09999997168779373,\"g\":0.09899996966123581,\"b\":0.06999997794628143,\"a\":1}},{\"Name\":\"night\",\"Rotation\":{\"x\":359.13385009765625,\"y\":13.796077728271484,\"z\":1.1142321825027466},\"Scale\":0.05000000447034836,\"Color\":{\"r\":0.03999999910593033,\"g\":0.04999998211860657,\"b\":0.09999997168779373,\"a\":1}},{\"Name\":\"sun\",\"Rotation\":{\"x\":356.9158630371094,\"y\":138.19232177734375,\"z\":188.135986328125},\"Scale\":0.050000037997961044,\"Color\":{\"r\":1,\"g\":1,\"b\":1,\"a\":1}}]}","requestorIsEditor":false,"requestorIsListEditor":false,"requestorIsOwner":false,"placements":[{"Id":"5a1cc662f0af3023100b473a","Tid":"000000000000000000000001","P":{"x":0.62715387344,"y":-0.275627732,"z":0.321439146995},"R":{"x":0,"y":0,"z":0}},{"Id":"5a25cc89a5baa067ec74ebc7","Tid":"5a1ceb8241c0aed41dbc5097","P":{"x":-1.5632284879684448,"y":0.9628365635871887,"z":0.7334604263305664},"R":{"x":54.97800827026367,"y":54.0299072265625,"z":103.08061218261719}}],"serveTime":17}