{"ok":true,"areaId":"62240d74bfbafb05ea6c949c","areaName":"rooby gaming's home","areaKey":"rr62240d7483671e05ea185dba","areaCreatorId":"62240d74bfbafb05ea6c949b","isPrivate":false,"isZeroGravity":false,"hasFloatingDust":false,"isCopyable":false,"onlyOwnerSetsLocks":false,"isExcluded":false,"environmentChangersJSON":"{\"environmentChangers\":[{\"Name\":\"ambientLight\",\"Rotation\":{\"x\":1.1498686075210571,\"y\":337.1289367675781,\"z\":3.499846935272217},\"Scale\":0.09999997168779373,\"Color\":{\"r\":0.09999997168779373,\"g\":0.09899996966123581,\"b\":0.06999997794628143,\"a\":1}},{\"Name\":\"sun\",\"Rotation\":{\"x\":39.71835708618164,\"y\":86.84832763671875,\"z\":111.54877471923828},\"Scale\":0.05000000447034836,\"Color\":{\"r\":1,\"g\":1,\"b\":1,\"a\":1}},{\"Name\":\"night\",\"Rotation\":{\"x\":1.0363541841506958,\"y\":338.9838562011719,\"z\":71.33101654052734},\"Scale\":0.04999999701976776,\"Color\":{\"r\":0.03999999910593033,\"g\":0.04999998211860657,\"b\":0.09999997168779373,\"a\":1}}]}","requestorIsEditor":false,"requestorIsListEditor":false,"requestorIsOwner":false,"placements":[{"Id":"62240d7483671e05ea185dbb","Tid":"000000000000000000000001","P":{"x":0.62715387344,"y":-0.275627732,"z":0.321439146995},"R":{"x":0,"y":0,"z":0},"A":[1]},{"Id":"62240da4f4933a30346e8afc","Tid":"62240da307824d05eb268f16","P":{"x":0.3246793746948242,"y":1.2279388904571533,"z":-0.5339328050613403},"R":{"x":4.827944278717041,"y":7.1974196434021,"z":183.57411193847656},"A":[]}],"serveTime":15}