{"ok":true,"areaId":"60c8898c4dd7e347726ec48b","areaName":"rusticmarten's home","areaKey":"rr60c8898c45a2be477256152f","areaCreatorId":"60c8898c4dd7e347726ec48a","isPrivate":false,"isZeroGravity":false,"hasFloatingDust":false,"isCopyable":false,"onlyOwnerSetsLocks":false,"isExcluded":false,"environmentChangersJSON":"{\"environmentChangers\":[{\"Name\":\"night\",\"Rotation\":{\"x\":355.4117736816406,\"y\":179.45115661621094,\"z\":351.8175354003906},\"Scale\":0.05000016838312149,\"Color\":{\"r\":0.03999999910593033,\"g\":0.04999998211860657,\"b\":0.09999997168779373,\"a\":1}}]}","requestorIsEditor":false,"requestorIsListEditor":false,"requestorIsOwner":false,"placements":[{"Id":"60c8898c45a2be4772561530","Tid":"000000000000000000000001","P":{"x":0.62715387344,"y":-0.275627732,"z":0.321439146995},"R":{"x":0,"y":0,"z":0},"A":[1]}],"serveTime":23}