{"ok":true,"areaId":"5a6390e24a7823e90f45cf22","areaName":"rwj08510's home","areaKey":"rr5a6390e25db4a2e90f348cb8","areaCreatorId":"5a6390e24a7823e90f45cf21","isPrivate":false,"isZeroGravity":false,"hasFloatingDust":false,"isCopyable":false,"onlyOwnerSetsLocks":false,"isExcluded":false,"_environmentType":"Day","environmentChangersJSON":"{\"environmentChangers\":[{\"Name\":\"ambientLight\",\"Rotation\":{\"x\":10.883739471435547,\"y\":12.324583053588867,\"z\":336.2623596191406},\"Scale\":0.09999999403953552,\"Color\":{\"r\":0.09999997168779373,\"g\":0.09899996966123581,\"b\":0.06999997794628143,\"a\":1}},{\"Name\":\"night\",\"Rotation\":{\"x\":6.131066799163818,\"y\":354.3061218261719,\"z\":313.1817321777344},\"Scale\":0.05000002309679985,\"Color\":{\"r\":0.03999999910593033,\"g\":0.04999998211860657,\"b\":0.09999997168779373,\"a\":1}},{\"Name\":\"sun\",\"Rotation\":{\"x\":296.974365234375,\"y\":20.335927963256836,\"z\":96.94918060302734},\"Scale\":0.0500001534819603,\"Color\":{\"r\":1,\"g\":1,\"b\":1,\"a\":1}}]}","requestorIsEditor":false,"requestorIsListEditor":false,"requestorIsOwner":false,"placements":[{"Id":"5a6390e25db4a2e90f348cb9","Tid":"5a63947a3f0b25921305d33e","P":{"x":0.6271538734436035,"y":-0.2756277322769165,"z":0.32143914699554443},"R":{"x":0,"y":0,"z":0}},{"Id":"5a6397bda3ca5e2c38f0a528","Tid":"5a6397c13f0b25921305d344","P":{"x":0.930816113948822,"y":0.7837239503860474,"z":-0.19127386808395386},"R":{"x":279.4702453613281,"y":218.10035705566406,"z":153.93438720703125}}],"serveTime":22}