{"ok":true,"areaId":"5ccad317ea640d05542a52bb","areaName":"ryadovoy's home","areaKey":"rr5ccad317dbb8230554c4b49c","areaCreatorId":"5ccad317ea640d05542a52ba","isPrivate":false,"isZeroGravity":false,"hasFloatingDust":false,"isCopyable":false,"onlyOwnerSetsLocks":false,"isExcluded":false,"environmentChangersJSON":"{\"environmentChangers\":[{\"Name\":\"ambientLight\",\"Rotation\":{\"x\":356.714111328125,\"y\":357.75531005859375,\"z\":2.529003858566284},\"Scale\":0.10000002384185791,\"Color\":{\"r\":0.09999997168779373,\"g\":0.09899996966123581,\"b\":0.06999997794628143,\"a\":1}},{\"Name\":\"sun\",\"Rotation\":{\"x\":356.151123046875,\"y\":29.79649543762207,\"z\":27.844493865966797},\"Scale\":0.05000004917383194,\"Color\":{\"r\":1,\"g\":1,\"b\":1,\"a\":1}}]}","requestorIsEditor":false,"requestorIsListEditor":false,"requestorIsOwner":false,"placements":[{"Id":"5ccad317dbb8230554c4b49d","Tid":"000000000000000000000001","P":{"x":0.62715387344,"y":-0.275627732,"z":0.321439146995},"R":{"x":0,"y":0,"z":0}}],"serveTime":15}