{"ok":true,"areaId":"62d1c58c2059151eef5670ac","areaName":"ryuuzakijulio's home","areaKey":"rr62d1c58c245e7a1eef7a6632","areaCreatorId":"62d1c58c2059151eef5670ab","isPrivate":false,"isZeroGravity":false,"hasFloatingDust":false,"isCopyable":false,"onlyOwnerSetsLocks":false,"isExcluded":false,"_environmentType":"Day","environmentChangersJSON":"{\"environmentChangers\":[{\"Name\":\"sun\",\"Rotation\":{\"x\":42.14978790283203,\"y\":283.36236572265625,\"z\":298.38922119140625},\"Scale\":0.05000000074505806,\"Color\":{\"r\":1,\"g\":1,\"b\":1,\"a\":1}},{\"Name\":\"night\",\"Rotation\":{\"x\":330.50628662109375,\"y\":52.40704345703125,\"z\":316.50274658203125},\"Scale\":0.05000000447034836,\"Color\":{\"r\":0.03999999910593033,\"g\":0.04999998211860657,\"b\":0.09999997168779373,\"a\":1}}]}","requestorIsEditor":false,"requestorIsListEditor":false,"requestorIsOwner":false,"placements":[{"Id":"62d1c58c245e7a1eef7a6633","Tid":"000000000000000000000001","P":{"x":0.62715387344,"y":-0.275627732,"z":0.321439146995},"R":{"x":0,"y":0,"z":0},"A":[1]},{"Id":"62d1c5f480037c6264a19a9d","Tid":"62d1c5f49da67f05ddc05a3c","P":{"x":0.13639472424983978,"y":0.8628249168395996,"z":-0.15657629072666168},"R":{"x":306.0664367675781,"y":34.5195198059082,"z":2.414983034133911},"S":0.42,"A":[]},{"Id":"62d1c5f880037c6264a19a9e","Tid":"62d1c5f49da67f05ddc05a3c","P":{"x":-0.017268680036067963,"y":0.706516444683075,"z":-0.35358506441116333},"R":{"x":316.6762390136719,"y":25.32989501953125,"z":348.9892883300781},"S":0.26,"A":[]}],"serveTime":21}