{"thingDefinitions":[{"id":"62732e1458fd731f7e19e1c7","def":"{\"v\":9,\"p\":[{\"s\":[{\"p\":[0,0,0],\"r\":[0,0,-3.415095E-06],\"s\":[0.1750001,0.175,0.175],\"c\":[0.6285716,0,1]}]}]}"},{"id":"62732e418b97a405d9bb574f","def":"{\"v\":9,\"p\":[{\"b\":3,\"s\":[{\"p\":[0,0,0],\"r\":[0,0,8.537735E-07],\"s\":[0.125,0.125,0.125],\"c\":[0,0.2285712,1]}]}]}"}],"serveTime":9}