{"ok":true,"areaId":"5af91f28a116452143518796","areaName":"sajek's home","areaKey":"rr5af91f28d7e599214378d3fa","areaCreatorId":"5af91f28a116452143518795","isPrivate":false,"isZeroGravity":false,"hasFloatingDust":false,"isCopyable":false,"onlyOwnerSetsLocks":false,"isExcluded":false,"_environmentType":"Waves2","environmentChangersJSON":"{\"environmentChangers\":[{\"Name\":\"sun\",\"Rotation\":{\"x\":354.0989990234375,\"y\":182.40257263183594,\"z\":160.31436157226562},\"Scale\":0.050000011920928955,\"Color\":{\"r\":1,\"g\":1,\"b\":1,\"a\":1}}]}","requestorIsEditor":false,"requestorIsListEditor":false,"requestorIsOwner":false,"placements":[{"Id":"5af91f28d7e599214378d3fb","Tid":"000000000000000000000001","P":{"x":0.62715387344,"y":-0.275627732,"z":0.321439146995},"R":{"x":0,"y":0,"z":0}},{"Id":"5af92044866cde31d02084d5","Tid":"5af9204593283b36d73c932f","P":{"x":-0.762470006942749,"y":1.4618340730667114,"z":0.35391926765441895},"R":{"x":292.4385070800781,"y":356.0382995605469,"z":287.85821533203125},"S":1.0000032186508179},{"Id":"5af921df866cde31d02084d6","Tid":"5af921dfdf278c6b2dcb8c2a","P":{"x":0.012297600507736206,"y":1.1150344610214233,"z":-0.1801440715789795},"R":{"x":271.875244140625,"y":91.03753662109375,"z":334.3052062988281},"S":0.9999998807907104},{"Id":"5af923ed866cde31d02084d7","Tid":"5af923ee93283b36d73c9330","P":{"x":-0.05254802107810974,"y":1.3636670112609863,"z":-0.1374434232711792},"R":{"x":2.957437753677368,"y":123.59806823730469,"z":262.35772705078125},"S":1.0000004768371582}],"serveTime":25}