{"ok":true,"areaId":"620f88bdcacd111c4450b21c","areaName":"santette's home","areaKey":"rr620f88bd0c10511c44228eba","areaCreatorId":"620f88bdcacd111c4450b21b","isPrivate":false,"isZeroGravity":false,"hasFloatingDust":false,"isCopyable":false,"onlyOwnerSetsLocks":false,"isExcluded":false,"_environmentType":"Jungle","environmentChangersJSON":"{\"environmentChangers\":[{\"Name\":\"sun\",\"Rotation\":{\"x\":339.02215576171875,\"y\":283.0195617675781,\"z\":232.05447387695312},\"Scale\":0.05000004544854164,\"Color\":{\"r\":1,\"g\":1,\"b\":1,\"a\":1}},{\"Name\":\"ambientLight\",\"Rotation\":{\"x\":358.61236572265625,\"y\":358.84173583984375,\"z\":5.118744850158691},\"Scale\":0.1000000387430191,\"Color\":{\"r\":0.09999997168779373,\"g\":0.09899996966123581,\"b\":0.06999997794628143,\"a\":1}},{\"Name\":\"night\",\"Rotation\":{\"x\":355.3336486816406,\"y\":0.9776015877723694,\"z\":2.046562671661377},\"Scale\":0.06737904250621796,\"Color\":{\"r\":0.03999999910593033,\"g\":0.04999998211860657,\"b\":0.09999997168779373,\"a\":1}}]}","requestorIsEditor":false,"requestorIsListEditor":false,"requestorIsOwner":false,"placements":[{"Id":"620f88bd0c10511c44228ebb","Tid":"000000000000000000000001","P":{"x":0.62715387344,"y":-0.275627732,"z":0.321439146995},"R":{"x":0,"y":0,"z":0},"A":[1]},{"Id":"620fa29a5e21df2d840151d4","Tid":"620fa29ae6c7241c51585ccb","P":{"x":-0.29726749658584595,"y":0.8411276936531067,"z":1.6743264198303223},"R":{"x":277.9033508300781,"y":109.19212341308594,"z":152.4956817626953},"A":[]}],"serveTime":27}