{"ok":true,"areaId":"5dbde3f6065ee306357e3aa2","areaName":"schnebb's home","areaKey":"rr5dbde3f61aaca30635a0a220","areaCreatorId":"5dbde3f6065ee306357e3aa1","isPrivate":false,"isZeroGravity":false,"hasFloatingDust":false,"isCopyable":false,"onlyOwnerSetsLocks":false,"isExcluded":false,"environmentChangersJSON":"{\"environmentChangers\":[]}","requestorIsEditor":false,"requestorIsListEditor":false,"requestorIsOwner":false,"placements":[{"Id":"5dbde3f61aaca30635a0a221","Tid":"000000000000000000000001","P":{"x":0.6291232109069824,"y":-0.31422099471092224,"z":0.17522040009498596},"R":{"x":355.4252624511719,"y":349.94964599609375,"z":3.1247823238372803},"S":52.835},{"Id":"5dbde43cde0d25262889c530","Tid":"000000000000000000000001","P":{"x":0.7740734815597534,"y":1.511935830116272,"z":-0.8125888705253601},"R":{"x":352.033447265625,"y":116.26006317138672,"z":145.1082763671875},"S":44.8627},{"Id":"5dbde445de0d25262889c531","Tid":"000000000000000000000001","P":{"x":0.48764753341674805,"y":-0.21773943305015564,"z":0.4176875948905945},"R":{"x":353.8472595214844,"y":359.4527893066406,"z":356.7889404296875},"S":44.86268997192383}],"serveTime":20}