{"ok":true,"areaId":"5b3185eace600d2b560f865c","areaName":"scoob's home","areaKey":"rr5b3185ea885b5c2b567d5f16","areaCreatorId":"5b3185eace600d2b560f865b","isPrivate":false,"isZeroGravity":false,"hasFloatingDust":false,"isCopyable":false,"onlyOwnerSetsLocks":false,"isExcluded":false,"environmentChangersJSON":"{\"environmentChangers\":[{\"Name\":\"sun\",\"Rotation\":{\"x\":351.15301513671875,\"y\":42.56990051269531,\"z\":51.0223388671875},\"Scale\":0.05000005662441254,\"Color\":{\"r\":1,\"g\":1,\"b\":1,\"a\":1}},{\"Name\":\"ambientLight\",\"Rotation\":{\"x\":357.9017028808594,\"y\":351.5443420410156,\"z\":356.8990783691406},\"Scale\":0.10000000149011612,\"Color\":{\"r\":0.09999997168779373,\"g\":0.09899996966123581,\"b\":0.06999997794628143,\"a\":1}},{\"Name\":\"night\",\"Rotation\":{\"x\":356.6241760253906,\"y\":7.889774322509766,\"z\":357.34521484375},\"Scale\":0.05000000447034836,\"Color\":{\"r\":0.03999999910593033,\"g\":0.04999998211860657,\"b\":0.09999997168779373,\"a\":1}},{\"Name\":\"clouds\",\"Rotation\":{\"x\":5.919719696044922,\"y\":6.281177043914795,\"z\":19.018991470336914},\"Scale\":0.010000001639127731,\"Color\":{\"r\":1,\"g\":1,\"b\":1,\"a\":1}}]}","requestorIsEditor":false,"requestorIsListEditor":false,"requestorIsOwner":false,"placements":[{"Id":"5b3185ea885b5c2b567d5f17","Tid":"000000000000000000000001","P":{"x":0.62715387344,"y":-0.275627732,"z":0.321439146995},"R":{"x":0,"y":0,"z":0},"A":[]}],"serveTime":23}