{"ok":true,"areaId":"5e640959af99d7062585af54","areaName":"scoobydoo1974's home","areaKey":"rr5e6409597b813c06257c35de","areaCreatorId":"5e640959af99d7062585af53","isPrivate":false,"isZeroGravity":false,"hasFloatingDust":false,"isCopyable":false,"onlyOwnerSetsLocks":false,"isExcluded":false,"environmentChangersJSON":"{\"environmentChangers\":[]}","requestorIsEditor":false,"requestorIsListEditor":false,"requestorIsOwner":false,"placements":[{"Id":"5e6409597b813c06257c35df","Tid":"000000000000000000000001","P":{"x":0.6271538734436035,"y":-0.2756277322769165,"z":0.32143914699554443},"R":{"x":0,"y":0,"z":0},"S":0.84},{"Id":"5e640a28354f863678b58582","Tid":"5e640a2c3b894d061f2dbc7c","P":{"x":0.6299432516098022,"y":0.9631761312484741,"z":0.44817212224006653},"R":{"x":4.142865180969238,"y":349.3132629394531,"z":117.22623443603516}},{"Id":"5e640a39354f863678b58583","Tid":"5e640a2c3b894d061f2dbc7c","P":{"x":1.3928108215332031,"y":1.0201255083084106,"z":-0.45237448811531067},"R":{"x":3.2570135593414307,"y":65.87039947509766,"z":61.387542724609375}},{"Id":"5e640a3f354f863678b58584","Tid":"5e640a2c3b894d061f2dbc7c","P":{"x":0.9955329895019531,"y":1.1758683919906616,"z":0.12169823050498962},"R":{"x":334.59783935546875,"y":3.948342800140381,"z":21.435434341430664},"S":1.0000048875808716}],"serveTime":14}