{"ok":true,"areaId":"5c97d1792496704a47ee913f","areaName":"seelenfaenger5's home","areaKey":"rr5c97d179a5820d4a47eb7dab","areaCreatorId":"5c97d1792496704a47ee913e","isPrivate":false,"isZeroGravity":false,"hasFloatingDust":false,"isCopyable":false,"onlyOwnerSetsLocks":false,"isExcluded":false,"environmentChangersJSON":"{\"environmentChangers\":[{\"Name\":\"sun\",\"Rotation\":{\"x\":315.4748229980469,\"y\":0.5050652027130127,\"z\":158.067626953125},\"Scale\":0.05000005289912224,\"Color\":{\"r\":1,\"g\":1,\"b\":1,\"a\":1}},{\"Name\":\"ambientLight\",\"Rotation\":{\"x\":3.048248052597046,\"y\":343.361083984375,\"z\":268.67919921875},\"Scale\":0.09999996423721313,\"Color\":{\"r\":0.09999997168779373,\"g\":0.09899996966123581,\"b\":0.06999997794628143,\"a\":1}},{\"Name\":\"night\",\"Rotation\":{\"x\":353.87371826171875,\"y\":0.591311514377594,\"z\":178.23143005371094},\"Scale\":0.05000005662441254,\"Color\":{\"r\":0.03999999910593033,\"g\":0.049999967217445374,\"b\":0.09999994188547134,\"a\":1}}]}","requestorIsEditor":false,"requestorIsListEditor":false,"requestorIsOwner":false,"placements":[{"Id":"5c97d179a5820d4a47eb7dac","Tid":"5c97d3434c940026dd64c419","P":{"x":0.6271538734436035,"y":-0.2756277322769165,"z":0.32143914699554443},"R":{"x":0,"y":0,"z":0}}],"serveTime":11}