{"ok":true,"areaId":"5d2a7baabb4e967c30032bb5","areaName":"seemsleegit's home","areaKey":"rr5d2a7baa0b94447c307277a1","areaCreatorId":"5d2a7baabb4e967c30032bb4","isPrivate":false,"isZeroGravity":false,"hasFloatingDust":false,"isCopyable":false,"onlyOwnerSetsLocks":false,"isExcluded":false,"_environmentType":"Night","environmentChangersJSON":"{\"environmentChangers\":[{\"Name\":\"night\",\"Rotation\":{\"x\":321.2220764160156,\"y\":325.22265625,\"z\":19.040754318237305},\"Scale\":0.05000000074505806,\"Color\":{\"r\":0.03999999910593033,\"g\":0.04999998211860657,\"b\":0.09999997168779373,\"a\":1}},{\"Name\":\"ambientLight\",\"Rotation\":{\"x\":7.878098011016846,\"y\":34.028404235839844,\"z\":358.6622009277344},\"Scale\":0.09999997913837433,\"Color\":{\"r\":0.09999997168779373,\"g\":0.09899996966123581,\"b\":0.06999997794628143,\"a\":1}}]}","requestorIsEditor":false,"requestorIsListEditor":false,"requestorIsOwner":false,"placements":[{"Id":"5d2a7bab0b94447c307277a2","Tid":"000000000000000000000001","P":{"x":0.62715387344,"y":-0.275627732,"z":0.321439146995},"R":{"x":0,"y":0,"z":0}},{"Id":"5d2a7e52b209192ca4cf9ee1","Tid":"5d2a7e52cf98917c2ad783cc","P":{"x":0.39495334029197693,"y":1.47199547290802,"z":-0.03850799798965454},"R":{"x":313.31329345703125,"y":160.14239501953125,"z":217.92794799804688}},{"Id":"5d2a7fcab209192ca4cf9ee2","Tid":"5d2a7fcac3e7ae077461a89b","P":{"x":3.8563733100891113,"y":1.0665559768676758,"z":1.5715687274932861},"R":{"x":57.601280212402344,"y":35.32733154296875,"z":124.2754135131836},"S":1.000000238418579}],"serveTime":17}