{"ok":true,"areaId":"604cf59dd74ff1163b3d6d5e","areaName":"sementik's home","areaKey":"rr604cf59d9ac8a5163b42d55a","areaCreatorId":"604cf59dd74ff1163b3d6d5d","isPrivate":false,"isZeroGravity":false,"hasFloatingDust":false,"isCopyable":false,"onlyOwnerSetsLocks":false,"isExcluded":false,"_environmentType":"Default","environmentChangersJSON":"{\"environmentChangers\":[{\"Name\":\"night\",\"Rotation\":{\"x\":9.01517391204834,\"y\":70.38674926757812,\"z\":17.33807945251465},\"Scale\":0.05000002309679985,\"Color\":{\"r\":0.03999999910593033,\"g\":0.04999998211860657,\"b\":0.09999997168779373,\"a\":1}},{\"Name\":\"ambientLight\",\"Rotation\":{\"x\":21.275339126586914,\"y\":110.78592681884766,\"z\":81.65245819091797},\"Scale\":0.1000000461935997,\"Color\":{\"r\":0.09999997168779373,\"g\":0.09899996966123581,\"b\":0.06999997794628143,\"a\":1}},{\"Name\":\"fog\",\"Rotation\":{\"x\":59.502723693847656,\"y\":95.88296508789062,\"z\":21.67875862121582},\"Scale\":0.03000001609325409,\"Color\":{\"r\":0.09999997168779373,\"g\":0.09999997168779373,\"b\":0.09999997168779373,\"a\":1}},{\"Name\":\"sun\",\"Rotation\":{\"x\":322.9049377441406,\"y\":281.96331787109375,\"z\":357.332275390625},\"Scale\":0.05000012740492821,\"Color\":{\"r\":1,\"g\":1,\"b\":1,\"a\":1}}]}","requestorIsEditor":false,"requestorIsListEditor":false,"requestorIsOwner":false,"placements":[{"Id":"604cf59d9ac8a5163b42d55b","Tid":"000000000000000000000001","P":{"x":0.62715387344,"y":-0.275627732,"z":0.321439146995},"R":{"x":0,"y":0,"z":0},"A":[1]}],"serveTime":32}