{"ok":true,"areaId":"5d9bf261c37a927fec8c917f","areaName":"senorgutierrezx's home","areaKey":"rr5d9bf261c17dd47fec785f11","areaCreatorId":"5d9bf261c37a927fec8c917e","isPrivate":false,"isZeroGravity":false,"hasFloatingDust":false,"isCopyable":false,"onlyOwnerSetsLocks":false,"isExcluded":false,"environmentChangersJSON":"{\"environmentChangers\":[]}","requestorIsEditor":false,"requestorIsListEditor":false,"requestorIsOwner":false,"placements":[{"Id":"5d9bf2c625033340c00c85c3","Tid":"5d9cf3d8a19a560625cc0c81","P":{"x":1.4542229175567627,"y":0.8771836161613464,"z":-0.1440821886062622},"R":{"x":298.4394836425781,"y":146.10501098632812,"z":96.2426986694336},"A":[]},{"Id":"5d9cf4522503334c808ad41b","Tid":"5d9cf451a1cf1e392b56baea","P":{"x":-17.320682525634766,"y":20.181713104248047,"z":17.18324089050293},"R":{"x":347.407958984375,"y":10.129805564880371,"z":176.8313446044922},"S":250},{"Id":"5d9cf56c2503334c808ad41d","Tid":"5d9cf56a448107062cca7db7","P":{"x":-23.366504669189453,"y":57.33650588989258,"z":31.420696258544922},"R":{"x":31.53156852722168,"y":84.24853515625,"z":322.87884521484375},"S":250},{"Id":"5ea647832503334aacf79b1b","Tid":"5ea647812f676c3b8798024e","P":{"x":-0.46614009141921997,"y":1.0439540147781372,"z":-0.2779710292816162},"R":{"x":319.14178466796875,"y":342.8775329589844,"z":261.3160400390625},"S":1.0000001192092896}],"serveTime":23}