{"ok":true,"areaId":"5e8c16365738eb4768d6a283","areaName":"shocker8's home","areaKey":"rr5e8c16369d9a6747680f38c4","areaCreatorId":"5e8c16365738eb4768d6a282","isPrivate":false,"isZeroGravity":false,"hasFloatingDust":false,"isCopyable":false,"onlyOwnerSetsLocks":false,"isExcluded":false,"_environmentType":"Default","environmentChangersJSON":"{\"environmentChangers\":[{\"Name\":\"night\",\"Rotation\":{\"x\":357.20867919921875,\"y\":351.3813781738281,\"z\":6.909885883331299},\"Scale\":0.050000205636024475,\"Color\":{\"r\":0.03999999910593033,\"g\":0.04999998211860657,\"b\":0.09999997168779373,\"a\":1}},{\"Name\":\"sun\",\"Rotation\":{\"x\":280.8288879394531,\"y\":146.12811279296875,\"z\":108.76692199707031},\"Scale\":0.050000227987766266,\"Color\":{\"r\":1,\"g\":1,\"b\":1,\"a\":1}}]}","requestorIsEditor":false,"requestorIsListEditor":false,"requestorIsOwner":false,"placements":[{"Id":"5e8c16369d9a6747680f38c5","Tid":"5e8d53e1b0c31941a065ee0e","P":{"x":0.7511135339736938,"y":-0.17557553946971893,"z":0.21359649300575256},"R":{"x":0,"y":0,"z":0},"A":[1]},{"Id":"5e8d54f98a56384ca004f2f4","Tid":"5e8b54687ed4741790b23fc2","P":{"x":1.0829734802246094,"y":1.4598937034606934,"z":-3.9997963905334473},"R":{"x":270,"y":180,"z":0},"S":1.0004},{"Id":"5e8d63770a54b82c707fa5d5","Tid":"5e8d7337dc147834d828e5ad","P":{"x":3.528512954711914,"y":1.1532924175262451,"z":-1.0298280715942383},"R":{"x":84.70021057128906,"y":20.9288387298584,"z":33.54130554199219}}],"serveTime":14}