{"ok":true,"areaId":"6383f174561a27047628e733","areaName":"sir dirt's home","areaKey":"rr6383f174ecfd9a04769574ca","areaCreatorId":"6383f174561a27047628e732","isPrivate":false,"isZeroGravity":false,"hasFloatingDust":false,"isCopyable":false,"onlyOwnerSetsLocks":false,"isExcluded":false,"environmentChangersJSON":"{\"environmentChangers\":[{\"Name\":\"night\",\"Rotation\":{\"x\":359.46343994140625,\"y\":359.93475341796875,\"z\":1.403395414352417},\"Scale\":0.05000000447034836,\"Color\":{\"r\":0.03999999910593033,\"g\":0.04999998211860657,\"b\":0.09999997168779373,\"a\":1}}]}","requestorIsEditor":false,"requestorIsListEditor":false,"requestorIsOwner":false,"placements":[{"Id":"6383f174ecfd9a04769574cb","Tid":"000000000000000000000001","P":{"x":0.62715387344,"y":-0.275627732,"z":0.321439146995},"R":{"x":0,"y":0,"z":0},"A":[1]}],"serveTime":34}