{"thingDefinitions":[{"id":"640d08c99c719a3d2f111a5c","def":"{\"n\":\"floor\",\"v\":9,\"a\":[22],\"p\":[{\"s\":[{\"p\":[0,0,0],\"r\":[0,0,0],\"s\":[2.789725,0.1750512,1.90536],\"c\":[0.6666666,1,1]}]}]}"},{"id":"640d099c5b9bfb05d0703a59","def":"{\"n\":\"l wall 1\",\"v\":9,\"a\":[22],\"p\":[{\"s\":[{\"p\":[0,0,0],\"r\":[0,0,0],\"s\":[0.07536542,2.584746,2.803865],\"c\":[0.6666666,1,1]}]}]}"},{"id":"640d0a79ac0d713d3cffd3ae","def":"{\"n\":\"l wall 2\",\"v\":9,\"a\":[22],\"p\":[{\"s\":[{\"p\":[0,0,0],\"r\":[0,0,0],\"s\":[0.07536542,2.584746,2.803865],\"c\":[0.6666666,1,1]}]}]}"},{"id":"640d0ac5489fda5632694a03","def":"{\"n\":\"s wall 1\",\"v\":9,\"a\":[22],\"p\":[{\"s\":[{\"p\":[0,0,0],\"r\":[0,0,0],\"s\":[1.88996,2.329493,0.06768462],\"c\":[0.6666666,1,1]}]}]}"}],"serveTime":6}