{"ok":true,"areaId":"5f06746d6eaa094fc20dce56","areaName":"sogsparta's home","areaKey":"rr5f06746d60f6ae4fc2f18073","areaCreatorId":"5f06746d6eaa094fc20dce55","isPrivate":false,"isZeroGravity":false,"hasFloatingDust":false,"isCopyable":false,"onlyOwnerSetsLocks":false,"isExcluded":false,"environmentChangersJSON":"{\"environmentChangers\":[]}","requestorIsEditor":false,"requestorIsListEditor":false,"requestorIsOwner":false,"placements":[{"Id":"5f06746d60f6ae4fc2f18074","Tid":"000000000000000000000001","P":{"x":0.6271538734436035,"y":-0.2756277322769165,"z":0.32143914699554443},"R":{"x":0,"y":0,"z":0},"S":1.8075},{"Id":"5f0677484bf2c4522c1eae02","Tid":"000000000000000000000001","P":{"x":0.6728801131248474,"y":-0.267411470413208,"z":0.28861677646636963},"R":{"x":5.67642068862915,"y":358.73614501953125,"z":10.369606018066406},"S":1.807489037513733},{"Id":"5f299a694bf2c443e43925fa","Tid":"5f299a68dd4a4e605b5e05f1","P":{"x":-0.08802160620689392,"y":1.3301056623458862,"z":0.2973115146160126},"R":{"x":47.885093688964844,"y":323.8848876953125,"z":226.0534210205078},"S":1.0000004768371582}],"serveTime":20}