{"ok":true,"areaId":"5ae288f120f2b73606744e57","areaName":"solongthanksforallthefish","areaKey":"rr5ae288f1c9b81536061d0e7f","areaCreatorId":"5ae287252f336640fa76efb1","isPrivate":false,"isZeroGravity":false,"hasFloatingDust":false,"isCopyable":false,"onlyOwnerSetsLocks":false,"isExcluded":false,"_environmentType":"Day","environmentChangersJSON":"{\"environmentChangers\":[{\"Name\":\"sun\",\"Rotation\":{\"x\":272.5450744628906,\"y\":296.7596435546875,\"z\":308.5522766113281},\"Scale\":0.050000011920928955,\"Color\":{\"r\":1,\"g\":1,\"b\":1,\"a\":1}},{\"Name\":\"ambientLight\",\"Rotation\":{\"x\":320.5209655761719,\"y\":34.49018478393555,\"z\":66.89496612548828},\"Scale\":0.10000021010637283,\"Color\":{\"r\":0.09999997168779373,\"g\":0.09899996966123581,\"b\":0.06999997794628143,\"a\":1}}]}","requestorIsEditor":false,"requestorIsListEditor":false,"requestorIsOwner":false,"placements":[{"Id":"5ae288f1c9b81536061d0e80","Tid":"000000000000000000000001","P":{"x":0.62715387344,"y":-0.275627732,"z":0.321439146995},"R":{"x":0,"y":0,"z":0}},{"Id":"5ae28917969fc25388a0e480","Tid":"5ae2891f743cda0f87652da7","P":{"x":0.5265563726425171,"y":0.4143260717391968,"z":0.5340515375137329},"R":{"x":345.12841796875,"y":58.56357955932617,"z":332.12030029296875},"S":0.9999998807907104}],"serveTime":18}