{"ok":true,"areaId":"5c932fb9b1863030f4178cc3","areaName":"spb-aleksei's home","areaKey":"rr5c932fb996ff7b30f4a20c19","areaCreatorId":"5c932fb9b1863030f4178cc2","isPrivate":false,"isZeroGravity":false,"hasFloatingDust":false,"isCopyable":false,"onlyOwnerSetsLocks":false,"isExcluded":false,"_environmentType":"Night","environmentChangersJSON":"{\"environmentChangers\":[{\"Name\":\"night\",\"Rotation\":{\"x\":353.3775329589844,\"y\":344.4632263183594,\"z\":19.336307525634766},\"Scale\":0.05000000819563866,\"Color\":{\"r\":0.03999999910593033,\"g\":0.04999998211860657,\"b\":0.09999997168779373,\"a\":1}},{\"Name\":\"ambientLight\",\"Rotation\":{\"x\":354.48773193359375,\"y\":347.8644104003906,\"z\":8.411298751831055},\"Scale\":0.1000000387430191,\"Color\":{\"r\":0.09999997168779373,\"g\":0.09899996966123581,\"b\":0.06999997794628143,\"a\":1}},{\"Name\":\"sun\",\"Rotation\":{\"x\":283.4295959472656,\"y\":203.7617950439453,\"z\":25.3636531829834},\"Scale\":0.05000007525086403,\"Color\":{\"r\":1,\"g\":1,\"b\":1,\"a\":1}},{\"Name\":\"fog\",\"Rotation\":{\"x\":335.66741943359375,\"y\":349.3711853027344,\"z\":54.71877670288086},\"Scale\":0.030000023543834686,\"Color\":{\"r\":0.09999997168779373,\"g\":0.09999997168779373,\"b\":0.09999997168779373,\"a\":1}}]}","requestorIsEditor":false,"requestorIsListEditor":false,"requestorIsOwner":false,"placements":[{"Id":"5c932fb996ff7b30f4a20c1a","Tid":"000000000000000000000001","P":{"x":0.62715387344,"y":-0.275627732,"z":0.321439146995},"R":{"x":0,"y":0,"z":0}}],"serveTime":18}