{"ok":true,"areaId":"5b17f945ce60600f9af13fe3","areaName":"stevie maknager's home","areaKey":"rr5b17f9451bd8320f9a492f0d","areaCreatorId":"5b17f945ce60600f9af13fe2","isPrivate":false,"isZeroGravity":false,"hasFloatingDust":false,"isCopyable":false,"onlyOwnerSetsLocks":false,"isExcluded":false,"_environmentType":"Rain","environmentChangersJSON":"{\"environmentChangers\":[{\"Name\":\"sun\",\"Rotation\":{\"x\":346.2784118652344,\"y\":303.1165466308594,\"z\":305.57818603515625},\"Scale\":0.0500001460313797,\"Color\":{\"r\":1,\"g\":1,\"b\":1,\"a\":1}}]}","requestorIsEditor":false,"requestorIsListEditor":false,"requestorIsOwner":false,"placements":[{"Id":"5b17f9451bd8320f9a492f0e","Tid":"000000000000000000000001","P":{"x":0.62715387344,"y":-0.275627732,"z":0.321439146995},"R":{"x":0,"y":0,"z":0}},{"Id":"5b17f9a2b23e470ef0c3c797","Tid":"5b17f9a299cab00f8e5e0a82","P":{"x":0.4691494405269623,"y":1.6162327527999878,"z":0.07494832575321198},"R":{"x":346.4425964355469,"y":112.6836166381836,"z":275.22857666015625},"S":0.9999998807907104},{"Id":"5b17faddb23e470ef0c3c798","Tid":"5b17fadc2d90090f8d015a8d","P":{"x":0.48030370473861694,"y":1.8045730590820312,"z":0.06563052535057068},"R":{"x":346.0166015625,"y":77.8089370727539,"z":355.6963195800781},"S":0.9999998807907104}],"serveTime":17}