{"thingDefinitions":[{"id":"613261a5836f241c74f36b5d","def":"{\"v\":9,\"p\":[{\"b\":13,\"pr\":6,\"s\":[{\"p\":[0,0,0],\"r\":[0,0,0],\"s\":[0.009088594,0.1703996,0.06000511],\"c\":[1,1,1],\"pr\":{\"c\":[0.07407404,0.1079362,0.6666667],\"m\":0.25,\"a\":0.25,\"s\":0.15,\"z\":0.25,\"g\":0.5,\"h\":0.25}}]}]}"}],"serveTime":4}