{"thingDefinitions":[{"id":"60d3661326f7ef1a92701d31","def":"{\"v\":9,\"a\":[2,3,22],\"inc\":[[\"marketable scrapsavage\",\"60c96ed66dd6681660d68cf1\"],[\"thing\",\"60d3656ca4242e05259f20ba\"]],\"p\":[{\"s\":[{\"p\":[0,0,0],\"r\":[0,0,0],\"s\":[0.1750144,0.05594344,0.06914488],\"c\":[1,1,1],\"b\":[\"when triggered then emit gravity-free thing\"]}]},{\"s\":[{\"p\":[-0.07792068,-0.004449077,-0.04838706],\"r\":[-9.473743E-06,292.5,-1.884444E-06],\"s\":[0.1266711,0.02707349,0.04243427],\"c\":[1,1,1],\"b\":[\"when triggered then emit gravity-free marketable scrapsavage\"]}]}]}"}],"serveTime":5}