{"ok":true,"areaId":"581252bb76ed3f87134d6714","areaName":"supertesticular","areaKey":"rr581252bb14d87d8713381b27","areaCreatorId":"58124e4de097b06a1346ba3b","isPrivate":false,"isZeroGravity":false,"hasFloatingDust":false,"isCopyable":false,"onlyOwnerSetsLocks":false,"isExcluded":false,"environmentChangersJSON":"{\"environmentChangers\":[{\"Name\":\"Icosphere(Clone)(Clone)(Clone)(Clone)\",\"Rotation\":{\"x\":348.8336486816406,\"y\":179.34849548339844,\"z\":27.888404846191406},\"Scale\":0.3551107943058014,\"Color\":{\"r\":1,\"g\":0,\"b\":0.17142832279205322,\"a\":1}},{\"Name\":\"sun\",\"Rotation\":{\"x\":316.288330078125,\"y\":131.56610107421875,\"z\":206.39553833007812},\"Scale\":0.05000002309679985,\"Color\":{\"r\":1,\"g\":1,\"b\":1,\"a\":1}}]}","requestorIsEditor":false,"requestorIsListEditor":false,"requestorIsOwner":false,"placements":[{"Id":"58135e4c797f4247c841a1a5","Tid":"58135e4c28f2186013f565d3","P":{"x":0.6271538734436035,"y":-0.2756277322769165,"z":0.32143914699554443},"R":{"x":0,"y":0,"z":0}}],"serveTime":11}