{"ok":true,"areaId":"5d66e38c06579920a9bc83f3","areaName":"terra's home","areaKey":"rr5d66e38cd4080120a97f4c4c","areaCreatorId":"5d66e38c06579920a9bc83f2","isPrivate":false,"isZeroGravity":false,"hasFloatingDust":false,"isCopyable":false,"onlyOwnerSetsLocks":false,"isExcluded":false,"environmentChangersJSON":"{\"environmentChangers\":[]}","requestorIsEditor":false,"requestorIsListEditor":false,"requestorIsOwner":false,"placements":[{"Id":"5d66e38cd4080120a97f4c4d","Tid":"000000000000000000000001","P":{"x":0.6271538734436035,"y":-0.2756277322769165,"z":0.32143914699554443},"R":{"x":0,"y":0,"z":0},"S":2.6313},{"Id":"5d68fd300434252bbce4e2c8","Tid":"59d7df27514bdfcb13a7aa8e","P":{"x":-0.5854135751724243,"y":2.4443466663360596,"z":-1.2429004907608032},"R":{"x":0,"y":225,"z":292.5},"S":1.0003},{"Id":"5d68fd420434252bbce4e2c9","Tid":"59d7df27514bdfcb13a7aa8e","P":{"x":-0.18361333012580872,"y":2.4443466663360596,"z":-1.392755150794983},"R":{"x":22.500003814697266,"y":180,"z":270},"S":1.0004}],"serveTime":25}