{"ok":true,"areaId":"5a20e93c435be7c11369a89a","areaName":"the fort","areaKey":"rr5a23888e9342b19d133c6e1d","areaCreatorId":"5a20e93c435be7c11369a899","isPrivate":false,"isZeroGravity":false,"hasFloatingDust":false,"isCopyable":false,"onlyOwnerSetsLocks":false,"isExcluded":false,"_environmentType":"Day","environmentChangersJSON":"{\"environmentChangers\":[{\"Name\":\"sun\",\"Rotation\":{\"x\":35.326026916503906,\"y\":307.8280334472656,\"z\":259.3472595214844},\"Scale\":0.049999967217445374,\"Color\":{\"r\":1,\"g\":1,\"b\":1,\"a\":1}},{\"Name\":\"night\",\"Rotation\":{\"x\":24.290786743164062,\"y\":94.99603271484375,\"z\":313.6243896484375},\"Scale\":0.05000000074505806,\"Color\":{\"r\":0.03999999910593033,\"g\":0.049999967217445374,\"b\":0.09999994188547134,\"a\":1}},{\"Name\":\"ambientLight\",\"Rotation\":{\"x\":309.8868408203125,\"y\":132.93161010742188,\"z\":276.9391174316406},\"Scale\":0.1000000387430191,\"Color\":{\"r\":0.09999997168779373,\"g\":0.09899996966123581,\"b\":0.06999997794628143,\"a\":1}}]}","requestorIsEditor":false,"requestorIsListEditor":false,"requestorIsOwner":false,"placements":[{"Id":"5a20e93c8bd695c1130305a2","Tid":"000000000000000000000001","P":{"x":0.62715387344,"y":-0.275627732,"z":0.321439146995},"R":{"x":0,"y":0,"z":0}}],"serveTime":414}