{"ok":true,"areaId":"5e17afc6178d721da1baa8bc","areaName":"the scp foundation's home","areaKey":"rr5e17afc62aaa651da1046685","areaCreatorId":"5e17afc6178d721da1baa8bb","isPrivate":false,"isZeroGravity":false,"hasFloatingDust":false,"isCopyable":false,"onlyOwnerSetsLocks":false,"isExcluded":false,"_environmentType":"Default","environmentChangersJSON":"{\"environmentChangers\":[{\"Name\":\"night\",\"Rotation\":{\"x\":6.1122870445251465,\"y\":357.0830993652344,\"z\":3.045769453048706},\"Scale\":0.049999888986349106,\"Color\":{\"r\":0.03999999910593033,\"g\":0.04999998211860657,\"b\":0.09999997168779373,\"a\":1}}]}","requestorIsEditor":false,"requestorIsListEditor":false,"requestorIsOwner":false,"placements":[{"Id":"5e17afc62aaa651da1046686","Tid":"000000000000000000000001","P":{"x":0.6271538734436035,"y":-0.2756277322769165,"z":0.32143914699554443},"R":{"x":0,"y":0,"z":0},"S":2.8606}],"serveTime":24}