{"ok":true,"areaId":"60a0415065485505486ef048","areaName":"the mastery program","areaKey":"rr60a0415066fd0e05488d3b53","areaCreatorId":"5e974d2aa28b185eb4eae1de","isPrivate":false,"isZeroGravity":false,"hasFloatingDust":false,"isCopyable":false,"onlyOwnerSetsLocks":false,"isExcluded":false,"environmentChangersJSON":"{\"environmentChangers\":[{\"Name\":\"fog\",\"Rotation\":{\"x\":359.9862060546875,\"y\":352.6285705566406,\"z\":0.34473857283592224},\"Scale\":0.009999999776482582,\"Color\":{\"r\":0.09999997168779373,\"g\":0.09999997168779373,\"b\":0.09999997168779373,\"a\":1}},{\"Name\":\"sun\",\"Rotation\":{\"x\":86.96378326416016,\"y\":350.5682373046875,\"z\":155.63885498046875},\"Scale\":0.029999980702996254,\"Color\":{\"r\":1,\"g\":1,\"b\":1,\"a\":1}}]}","requestorIsEditor":false,"requestorIsListEditor":false,"requestorIsOwner":false,"placements":[{"Id":"60a2d6f940d69513bc924185","Tid":"60a42337a5362f0524db591b","P":{"x":0.6271541118621826,"y":-0.2756277322769165,"z":0.3214390277862549},"R":{"x":-1.6284437990773948e-12,"y":0.00001001791224553017,"z":-1.7515874818282984e-12},"A":[]},{"Id":"60a2e0ad40d69513bc92418e","Tid":"60a2e0ad5a14143080718078","P":{"x":1.3313261270523071,"y":1038.9385986328125,"z":33.490543365478516},"R":{"x":4.696518421173096,"y":265.7450866699219,"z":0.2021901160478592},"S":1.0000004768371582}],"serveTime":16}