{"thingDefinitions":[{"id":"60655751959a2a05519b40f6","def":"{\"v\":9,\"p\":[{\"b\":9,\"s\":[{\"p\":[0,0,0],\"r\":[0,0,-4.268868E-07],\"s\":[0.1250004,0.1250004,0.1250003],\"c\":[1,1,1]}]}]}"},{"id":"606557794be49d054b1c7e29","def":"{\"v\":9,\"p\":[{\"s\":[{\"p\":[0.03185035,-0.3761372,-0.1492809],\"r\":[52.52721,311.8165,297.735],\"s\":[0.1750004,0.1750002,0.1750003],\"c\":[1,1,1]}]},{\"s\":[{\"p\":[-0.1147043,0.6211834,-0.6682105],\"r\":[290.7321,173.5199,117.3248],\"s\":[0.1750005,0.1750004,0.1750004],\"c\":[1,1,1]}]}]}"}],"serveTime":8}