{"ok":true,"areaId":"59f680db6587de31109f538c","areaName":"the reactor core","areaKey":"rr59f680dbb2e264311050f196","areaCreatorId":"59f67a52f4ae77cb132d69ec","isPrivate":false,"isZeroGravity":false,"hasFloatingDust":false,"isCopyable":false,"onlyOwnerSetsLocks":false,"isExcluded":false,"_environmentType":"Day","environmentChangersJSON":"{\"environmentChangers\":[{\"Name\":\"ambientLight\",\"Rotation\":{\"x\":358.644775390625,\"y\":21.416751861572266,\"z\":82.10733032226562},\"Scale\":0.10000040382146835,\"Color\":{\"r\":0.09999994188547134,\"g\":0.09899992495775223,\"b\":0.06999994814395905,\"a\":1}},{\"Name\":\"sun\",\"Rotation\":{\"x\":339.5514831542969,\"y\":206.1220245361328,\"z\":70.22647094726562},\"Scale\":0.05000000447034836,\"Color\":{\"r\":1,\"g\":1,\"b\":1,\"a\":1}}]}","requestorIsEditor":false,"requestorIsListEditor":false,"requestorIsOwner":false,"placements":[{"Id":"59f680dbb2e264311050f197","Tid":"000000000000000000000001","P":{"x":0.62715387344,"y":-0.275627732,"z":0.321439146995},"R":{"x":0,"y":0,"z":0}},{"Id":"59f681a944e3081e38f372c1","Tid":"59f681ad5e40e1a5137b8aaa","P":{"x":0.5343060493469238,"y":0.018298588693141937,"z":0.136918306350708},"R":{"x":350.95001220703125,"y":306.6122741699219,"z":355.64453125}}],"serveTime":78}