{"ok":true,"areaId":"5e3f5daea35bc84f574c1b48","areaName":"thecozychimera's home","areaKey":"rr5e3f5dae5589814f574bcd23","areaCreatorId":"5e3f5daea35bc84f574c1b47","isPrivate":false,"isZeroGravity":false,"hasFloatingDust":false,"isCopyable":false,"onlyOwnerSetsLocks":false,"isExcluded":false,"_environmentType":"Underwater2","environmentChangersJSON":"{\"environmentChangers\":[{\"Name\":\"clouds\",\"Rotation\":{\"x\":339.2906494140625,\"y\":350.08453369140625,\"z\":19.82151222229004},\"Scale\":0.009999996051192284,\"Color\":{\"r\":1,\"g\":1,\"b\":1,\"a\":1}},{\"Name\":\"sun\",\"Rotation\":{\"x\":85.17707824707031,\"y\":317.0207824707031,\"z\":318.27740478515625},\"Scale\":0.04999999701976776,\"Color\":{\"r\":1,\"g\":1,\"b\":1,\"a\":1}}]}","requestorIsEditor":false,"requestorIsListEditor":false,"requestorIsOwner":false,"placements":[{"Id":"5e3f5dae5589814f574bcd24","Tid":"5e3f5ddea35bc84f574c1b4a","P":{"x":0.6271538734436035,"y":-0.2756277322769165,"z":0.32143914699554443},"R":{"x":0,"y":0,"z":0}},{"Id":"5e538f72d66f7c54a4fcfd4a","Tid":"5e538f71810d65558141e1f6","P":{"x":2.391901969909668,"y":0.48684459924697876,"z":-0.28662168979644775},"R":{"x":295.38067626953125,"y":304.6385192871094,"z":318.79730224609375}}],"serveTime":22}