{"ok":true,"areaId":"5d369b672ec3f47c239ff7f6","areaName":"tiny city","areaKey":"rr5d369b673947127c23328418","areaCreatorId":"5d32383f2af5577924a3774e","isPrivate":false,"isZeroGravity":false,"hasFloatingDust":false,"isCopyable":false,"onlyOwnerSetsLocks":false,"isExcluded":false,"_environmentType":"Day","environmentChangersJSON":"{\"environmentChangers\":[{\"Name\":\"sun\",\"Rotation\":{\"x\":290.99395751953125,\"y\":158.7357177734375,\"z\":114.24921417236328},\"Scale\":0.05000003054738045,\"Color\":{\"r\":1,\"g\":1,\"b\":1,\"a\":1}}]}","requestorIsEditor":false,"requestorIsListEditor":false,"requestorIsOwner":false,"placements":[{"Id":"5d369b673947127c23328419","Tid":"000000000000000000000001","P":{"x":0.62715387344,"y":-0.275627732,"z":0.321439146995},"R":{"x":0,"y":0,"z":0}},{"Id":"5d369cbd8d191d1354a6925d","Tid":"5d36a1bf2af5577924a378a5","P":{"x":0.5135950446128845,"y":1.0442231893539429,"z":-1.5185222625732422},"R":{"x":353.73236083984375,"y":56.934043884277344,"z":96.53453063964844}},{"Id":"5d369e818d191d1354a69260","Tid":"5d36a1ca74304635373f2c49","P":{"x":0.056885719299316406,"y":0.9747803807258606,"z":-1.237912893295288},"R":{"x":307.080810546875,"y":56.17803955078125,"z":340.6261291503906}}],"serveTime":12}