{"ok":true,"areaId":"5d07bccf8e68912ad2c88aab","areaName":"tobytybot's home","areaKey":"rr5d07bccf819d452ad2d6a178","areaCreatorId":"5d07bccf8e68912ad2c88aaa","isPrivate":false,"isZeroGravity":false,"hasFloatingDust":false,"isCopyable":false,"onlyOwnerSetsLocks":false,"isExcluded":false,"environmentChangersJSON":"{\"environmentChangers\":[{\"Name\":\"sun\",\"Rotation\":{\"x\":279.96185302734375,\"y\":316.3269348144531,\"z\":47.63173294067383},\"Scale\":0.05000000819563866,\"Color\":{\"r\":1,\"g\":1,\"b\":1,\"a\":1}}]}","requestorIsEditor":false,"requestorIsListEditor":false,"requestorIsOwner":false,"placements":[{"Id":"5d07beb8632afc47d4276d98","Tid":"5d07beda2dcdbd50e3ccd802","P":{"x":0.17696473002433777,"y":-0.20844590663909912,"z":0.15948832035064697},"R":{"x":0,"y":90,"z":0.000010017913155024871},"A":[1]},{"Id":"5d07bf8d0133670510cabf73","Tid":"5ae6528c14756b79d0effaa1","P":{"x":1.701972484588623,"y":0.04426802694797516,"z":3.2167580127716064},"R":{"x":0.00000939151050260989,"y":90,"z":202.5},"S":1.0000009536743164},{"Id":"5d07c00c0133670510cabf79","Tid":"58c85572d3969fc113b232e0","P":{"x":1.5205912590026855,"y":-0.015368327498435974,"z":3.515315055847168},"R":{"x":270,"y":90.00000762939453,"z":0},"S":1.0000005960464478}],"serveTime":26}