{"ok":true,"areaId":"5c2eb636fbec9a3178ec6906","areaName":"tom howard's home","areaKey":"rr5c2eb6365cfc3231781d52ac","areaCreatorId":"5c2eb636fbec9a3178ec6905","isPrivate":false,"isZeroGravity":false,"hasFloatingDust":false,"isCopyable":false,"onlyOwnerSetsLocks":false,"isExcluded":false,"environmentChangersJSON":"{\"environmentChangers\":[{\"Name\":\"sun\",\"Rotation\":{\"x\":333.65728759765625,\"y\":235.15914916992188,\"z\":220.58372497558594},\"Scale\":0.05000009760260582,\"Color\":{\"r\":1,\"g\":1,\"b\":1,\"a\":1}}]}","requestorIsEditor":false,"requestorIsListEditor":false,"requestorIsOwner":false,"placements":[{"Id":"5c2eb6365cfc3231781d52ad","Tid":"000000000000000000000001","P":{"x":0.4052971601486206,"y":-0.35134726762771606,"z":0.32968083024024963},"R":{"x":2.377103328704834,"y":352.15106201171875,"z":354.2177734375},"S":0.9200000166893005}],"serveTime":14}