{"ok":true,"areaId":"61ff00f75085df05eeae3658","areaName":"tornadoxp's home","areaKey":"rr61ff00f7c2af2f05ee7db237","areaCreatorId":"61ff00f75085df05eeae3657","isPrivate":false,"isZeroGravity":false,"hasFloatingDust":false,"isCopyable":false,"onlyOwnerSetsLocks":false,"isExcluded":false,"environmentChangersJSON":"{\"environmentChangers\":[{\"Name\":\"ambientLight\",\"Rotation\":{\"x\":0.3150291442871094,\"y\":359.442138671875,\"z\":6.714992523193359},\"Scale\":0.10000000149011612,\"Color\":{\"r\":0.09999997168779373,\"g\":0.09899996966123581,\"b\":0.06999997794628143,\"a\":1}}]}","requestorIsEditor":false,"requestorIsListEditor":false,"requestorIsOwner":false,"placements":[{"Id":"61ff00f7c2af2f05ee7db238","Tid":"000000000000000000000001","P":{"x":0.62715387344,"y":-0.275627732,"z":0.321439146995},"R":{"x":0,"y":0,"z":0},"A":[1]}],"serveTime":12}