{"thingDefinitions":[{"id":"59b09509501fd92610d5c090","def":"{\"n\":\"lightsaber teleport\",\"a\":[2,14,16],\"p\":[{\"b\":73,\"s\":[{\"p\":[0,0,0],\"r\":[0,0,0],\"s\":[0.09664012,0.09664008,0.09664012],\"c\":[1,1,1],\"b\":[\"when touched then send one nearby onto dead\",\"when starts then become 2 in 0.5s\"]},{\"p\":[0,0,0],\"r\":[0,0,0],\"s\":[0.09664012,0.09664008,0.09664012],\"c\":[1,1,1],\"b\":[\"when touched then send one nearby onto dead\",\"when starts then destroy all parts\"]}]}]}"},{"id":"61be3b9ed1e749750715e650","def":"{\"v\":9,\"p\":[{\"b\":73,\"t\":3,\"s\":[{\"p\":[2.649265,0.09234069,-4.219322],\"r\":[7.510568,79.43615,169.3174],\"s\":[0.2370569,0.2370564,0.2370565],\"c\":[1,0.6857142,0]}]}]}"}],"serveTime":6}