{"thingDefinitions":[{"id":"60b3109331d16205229aa69a","def":"{\"n\":\"floating disc\",\"v\":9,\"a\":[1,2,4,14,21,50],\"p\":[{\"b\":5,\"t\":1,\"t1\":10,\"s\":[{\"p\":[0,0,0],\"r\":[0,0,0],\"s\":[0.09829883,0.09829947,0.02568139],\"c\":[1,0.4444443,0.4444443],\"t1\":{\"c\":[0,1,0.5714287],\"a\":0}}]}]}"},{"id":"60d8d51593c2814771985d24","def":"{\"n\":\"blacklight basketball\",\"v\":9,\"a\":[1,2,9],\"p\":[{\"b\":180,\"t1\":4,\"s\":[{\"p\":[0,0,0],\"r\":[0,0,0],\"s\":[0.1250002,0.125,0.1250001],\"c\":[1,0.5142855,0],\"t1\":{\"c\":[0,0.05714234,1],\"x\":0.02153938,\"y\":0.17,\"a\":0.75,\"m\":0.5,\"n\":0.5,\"r\":0,\"g\":0.6269245,\"o\":0.5,\"t\":0.5,\"e\":0.5}}]}]}"}],"serveTime":5}