{"ok":true,"areaId":"6130815566274d32fbb8fe51","areaName":"trippa's home","areaKey":"rr61308155c6d02f32fb80443c","areaCreatorId":"6130815566274d32fbb8fe50","isPrivate":false,"isZeroGravity":false,"hasFloatingDust":false,"isCopyable":false,"onlyOwnerSetsLocks":false,"isExcluded":false,"environmentChangersJSON":"{\"environmentChangers\":[{\"Name\":\"sun\",\"Rotation\":{\"x\":76.60113525390625,\"y\":80.43583679199219,\"z\":82.58284759521484},\"Scale\":0.05000000447034836,\"Color\":{\"r\":1,\"g\":1,\"b\":1,\"a\":1}},{\"Name\":\"ambientLight\",\"Rotation\":{\"x\":351.0657043457031,\"y\":319.2144470214844,\"z\":45.914188385009766},\"Scale\":0.10000000894069672,\"Color\":{\"r\":0.09999997168779373,\"g\":0.09899996966123581,\"b\":0.06999997794628143,\"a\":1}}]}","requestorIsEditor":false,"requestorIsListEditor":false,"requestorIsOwner":false,"placements":[{"Id":"61308155c6d02f32fb80443d","Tid":"000000000000000000000001","P":{"x":0.62715387344,"y":-0.275627732,"z":0.321439146995},"R":{"x":0,"y":0,"z":0},"A":[]}],"serveTime":24}