{"thingDefinitions":[{"id":"647ba0ee3ae8af4720437580","def":"{\"v\":9,\"p\":[{\"b\":10,\"s\":[{\"p\":[0,0,0],\"r\":[0,0,0],\"s\":[0.1250001,0.125,0.1250001],\"c\":[1,1,1]}]},{\"b\":9,\"s\":[{\"p\":[0.09594069,0.2516733,0.1695468],\"r\":[341.1854,335.6892,39.90654],\"s\":[0.125,0.125,0.125],\"c\":[1,1,1]}]},{\"b\":175,\"s\":[{\"p\":[0.007581778,0.2767297,0.1756454],\"r\":[9.865166,348.7595,72.8916],\"s\":[0.04500001,0.04499999,0.04499998],\"c\":[1,1,1]}]}]}"}],"serveTime":5}