{"ok":true,"areaId":"5cdf1fa26793656054e9cbc8","areaName":"unusualcrumb's home","areaKey":"rr5cdf1fa2cd4add6054b21df8","areaCreatorId":"5cdf1fa26793656054e9cbc7","isPrivate":false,"isZeroGravity":false,"hasFloatingDust":false,"isCopyable":false,"onlyOwnerSetsLocks":false,"isExcluded":false,"_environmentType":"Default","environmentChangersJSON":"{\"environmentChangers\":[{\"Name\":\"night\",\"Rotation\":{\"x\":4.377682685852051,\"y\":6.950928688049316,\"z\":13.94491958618164},\"Scale\":0.05000000447034836,\"Color\":{\"r\":0.03999999910593033,\"g\":0.04999998211860657,\"b\":0.09999997168779373,\"a\":1}}]}","requestorIsEditor":false,"requestorIsListEditor":false,"requestorIsOwner":false,"placements":[{"Id":"5cdf1fa2cd4add6054b21df9","Tid":"000000000000000000000001","P":{"x":0.62715387344,"y":-0.275627732,"z":0.321439146995},"R":{"x":0,"y":0,"z":0}},{"Id":"5cdf2d53430f4273b8442ecc","Tid":"5cdf2d5114344052a51b7416","P":{"x":-0.5290551781654358,"y":1.121646761894226,"z":-0.23127278685569763},"R":{"x":297.0870056152344,"y":305.4224853515625,"z":315.3993225097656}}],"serveTime":13}