{"ok":true,"areaId":"5a5026fe3a9f6eaf1325a86f","areaName":"utube games  - - 's home","areaKey":"rr5a5026fe3f9f3caf1390aee7","areaCreatorId":"5a5026fe3a9f6eaf1325a86e","isPrivate":false,"isZeroGravity":false,"hasFloatingDust":false,"isCopyable":false,"onlyOwnerSetsLocks":false,"isExcluded":false,"_environmentType":"Night","environmentChangersJSON":"{\"environmentChangers\":[{\"Name\":\"sun\",\"Rotation\":{\"x\":279.8808288574219,\"y\":164.36148071289062,\"z\":349.67315673828125},\"Scale\":0.050000324845314026,\"Color\":{\"r\":1,\"g\":1,\"b\":1,\"a\":1}}]}","requestorIsEditor":false,"requestorIsListEditor":false,"requestorIsOwner":false,"placements":[{"Id":"5a5026fe3f9f3caf1390aee8","Tid":"000000000000000000000001","P":{"x":0.62715387344,"y":-0.275627732,"z":0.321439146995},"R":{"x":0,"y":0,"z":0}},{"Id":"5a50281e3597f80d0cda3525","Tid":"5a50281f6009aaa713a19f25","P":{"x":-0.8226842284202576,"y":1.0886183977127075,"z":0.5132138729095459},"R":{"x":21.813966751098633,"y":307.52557373046875,"z":80.93766784667969}}],"serveTime":11}