{"ok":true,"areaId":"5dbdee102f21db062b776f60","areaName":"uyugheyeyurijgph","areaKey":"rr5dbdee10b8a9c7062baf79cc","areaCreatorId":"5da3332b2ddfcf0625b76075","isPrivate":false,"isZeroGravity":false,"hasFloatingDust":false,"isCopyable":false,"onlyOwnerSetsLocks":false,"isExcluded":false,"environmentChangersJSON":"{\"environmentChangers\":[{\"Name\":\"sun\",\"Rotation\":{\"x\":336.98956298828125,\"y\":200.3099365234375,\"z\":216.25474548339844},\"Scale\":0.050000034272670746,\"Color\":{\"r\":1,\"g\":1,\"b\":1,\"a\":1}}]}","requestorIsEditor":false,"requestorIsListEditor":false,"requestorIsOwner":false,"placements":[{"Id":"5dbdee10b8a9c7062baf79cd","Tid":"000000000000000000000001","P":{"x":0.62715387344,"y":-0.275627732,"z":0.321439146995},"R":{"x":0,"y":0,"z":0}},{"Id":"5dbdee38012b637abce10a09","Tid":"5dbdefa24bff4c1c64636fcf","P":{"x":-0.49224069714546204,"y":0.8871904611587524,"z":0.05012621730566025},"R":{"x":5.853372573852539,"y":327.239013671875,"z":266.1316833496094},"S":0.05},{"Id":"5dbdeedc012b637abce10a18","Tid":"5dbdeedd9702f2062a9c6327","P":{"x":-0.6433887481689453,"y":0.7363945245742798,"z":-0.15952438116073608},"R":{"x":52.366939544677734,"y":303.511962890625,"z":261.0543212890625},"S":0.05}],"serveTime":41}