{"thingDefinitions":[{"id":"6404251ae0c97b05d08052e1","def":"{\"v\":9,\"p\":[{\"s\":[{\"p\":[0,0,0],\"r\":[0,0,1.707547E-06],\"s\":[0.1750003,0.1750004,0.1750001],\"c\":[1,1,1]}]},{\"s\":[{\"p\":[-0.1589964,-0.006356493,0.00457227],\"r\":[1.388748,271.5174,359.9765],\"s\":[0.175,0.1750001,0.1750001],\"c\":[1,1,1]}]},{\"s\":[{\"p\":[-0.08531492,0.1523352,0.01099429],\"r\":[3.507407,358.3579,359.1048],\"s\":[0.1750003,0.1750003,0.1750003],\"c\":[1,1,1]}]}]}"}],"serveTime":7}