{"ok":true,"areaId":"6215f5d846ecc005deac5724","areaName":"vincent7186's home","areaKey":"rr6215f5d85acb2905de1bc932","areaCreatorId":"6215f5d846ecc005deac5723","isPrivate":false,"isZeroGravity":false,"hasFloatingDust":false,"isCopyable":false,"onlyOwnerSetsLocks":false,"isExcluded":false,"environmentChangersJSON":"{\"environmentChangers\":[{\"Name\":\"sun\",\"Rotation\":{\"x\":347.42626953125,\"y\":157.27114868164062,\"z\":8.276976585388184},\"Scale\":0.05000012367963791,\"Color\":{\"r\":1,\"g\":1,\"b\":1,\"a\":1}}]}","requestorIsEditor":false,"requestorIsListEditor":false,"requestorIsOwner":false,"placements":[{"Id":"6215f5d85acb2905de1bc933","Tid":"000000000000000000000001","P":{"x":0.62715387344,"y":-0.275627732,"z":0.321439146995},"R":{"x":0,"y":0,"z":0},"A":[1]},{"Id":"62174e7d5c54234154ad71f0","Tid":"621c9d5889611a1f76dc970c","P":{"x":0.13269326090812683,"y":0.5443690419197083,"z":0.44937264919281006},"R":{"x":296.75848388671875,"y":317.1048583984375,"z":130.061279296875},"A":[]}],"serveTime":25}