{"ok":true,"areaId":"5f4d9e78a3e4686305c80ea1","areaName":"vision's home","areaKey":"rr5f4d9e78d6a86d63056336f7","areaCreatorId":"5f4d9e78a3e4686305c80ea0","isPrivate":false,"isZeroGravity":false,"hasFloatingDust":false,"isCopyable":false,"onlyOwnerSetsLocks":false,"isExcluded":false,"_environmentType":"Night","environmentChangersJSON":"{\"environmentChangers\":[{\"Name\":\"sun\",\"Rotation\":{\"x\":274.40716552734375,\"y\":323.2198791503906,\"z\":94.6909408569336},\"Scale\":0.05000004917383194,\"Color\":{\"r\":0.6666666865348816,\"g\":0.6666666865348816,\"b\":0.6666666865348816,\"a\":1}},{\"Name\":\"night\",\"Rotation\":{\"x\":1.5939054489135742,\"y\":218.9313201904297,\"z\":181.541748046875},\"Scale\":0.05000002682209015,\"Color\":{\"r\":0.03999999910593033,\"g\":0.049999967217445374,\"b\":0.09999994188547134,\"a\":1}}]}","requestorIsEditor":false,"requestorIsListEditor":false,"requestorIsOwner":false,"placements":[{"Id":"5f4d9e78d6a86d63056336f8","Tid":"000000000000000000000001","P":{"x":0.62715387344,"y":-0.275627732,"z":0.321439146995},"R":{"x":0,"y":0,"z":0},"A":[1]},{"Id":"5f4da0653df5e2c4440de282","Tid":"5f42bcb0de2ef4061f16c7cf","P":{"x":1.9977359771728516,"y":-0.14607220888137817,"z":0.6039843559265137},"R":{"x":0,"y":0.00001001791224553017,"z":0},"A":[]}],"serveTime":13}