{"ok":true,"areaId":"5bb7208ee11818452d592741","areaName":"vr business club's home","areaKey":"rr5bb7208e36af63452d71b9bf","areaCreatorId":"5bb7208ee11818452d592740","isPrivate":false,"isZeroGravity":false,"hasFloatingDust":false,"isCopyable":false,"onlyOwnerSetsLocks":false,"isExcluded":false,"_environmentType":"Day3","environmentChangersJSON":"{\"environmentChangers\":[{\"Name\":\"night\",\"Rotation\":{\"x\":336.5174560546875,\"y\":15.699970245361328,\"z\":309.2584533691406},\"Scale\":0.050000034272670746,\"Color\":{\"r\":0.03999999910593033,\"g\":0.049999967217445374,\"b\":0.09999994188547134,\"a\":1}},{\"Name\":\"sun\",\"Rotation\":{\"x\":343.67279052734375,\"y\":329.4483947753906,\"z\":277.8283386230469},\"Scale\":0.05000004544854164,\"Color\":{\"r\":1,\"g\":1,\"b\":1,\"a\":1}},{\"Name\":\"ambientLight\",\"Rotation\":{\"x\":69.6795425415039,\"y\":73.33259582519531,\"z\":311.404052734375},\"Scale\":0.10000011324882507,\"Color\":{\"r\":0.09999994188547134,\"g\":0.09899992495775223,\"b\":0.06999994814395905,\"a\":1}},{\"Name\":\"fog\",\"Rotation\":{\"x\":21.00252342224121,\"y\":5.679680824279785,\"z\":306.97247314453125},\"Scale\":0.030000001192092896,\"Color\":{\"r\":0.09999997168779373,\"g\":0.09999997168779373,\"b\":0.09999997168779373,\"a\":1}}]}","requestorIsEditor":false,"requestorIsListEditor":false,"requestorIsOwner":false,"placements":[{"Id":"5bb7208e36af63452d71b9c0","Tid":"000000000000000000000001","P":{"x":0.62715387344,"y":-0.275627732,"z":0.321439146995},"R":{"x":0,"y":0,"z":0}}],"serveTime":20}