{"ok":true,"areaId":"5cb50a25ef5174481d2df324","areaName":"vrdc03's home","areaKey":"rr5cb50a259ef751481de4c60b","areaCreatorId":"5cb50a25ef5174481d2df323","isPrivate":false,"isZeroGravity":false,"hasFloatingDust":false,"isCopyable":false,"onlyOwnerSetsLocks":false,"isExcluded":false,"environmentChangersJSON":"{\"environmentChangers\":[]}","requestorIsEditor":false,"requestorIsListEditor":false,"requestorIsOwner":false,"placements":[{"Id":"5cb50a259ef751481de4c60c","Tid":"000000000000000000000001","P":{"x":0.62715387344,"y":-0.275627732,"z":0.321439146995},"R":{"x":0,"y":0,"z":0}},{"Id":"5cb50b5be65eaa2ec8c2657d","Tid":"5cb50b67981488266be4bbd2","P":{"x":0.29436439275741577,"y":1.203771948814392,"z":-0.9799202084541321},"R":{"x":2.9480183124542236,"y":144.21202087402344,"z":345.8455810546875}},{"Id":"5cb50b60e65eaa2ec8c2657e","Tid":"5c450fa6d02855582f951920","P":{"x":0.36329543590545654,"y":1.298557996749878,"z":-0.670984148979187},"R":{"x":28.605098724365234,"y":187.35806274414062,"z":215.56619262695312},"S":1.0000059604644775},{"Id":"5cb50c43e65eaa2ec8c26582","Tid":"59b51c9b6f94dcc17b6f5b79","P":{"x":0.5403383374214172,"y":1.371917724609375,"z":-0.5829834342002869},"R":{"x":290.3273010253906,"y":349.5304260253906,"z":90.06805419921875},"S":1.0000007152557373}],"serveTime":23}