{"ok":true,"areaId":"5af1b48c910c3d3515cf9326","areaName":"vrfamily08's home","areaKey":"rr5af1b48c8b115c3515a06989","areaCreatorId":"5af1b48c910c3d3515cf9325","isPrivate":false,"isZeroGravity":false,"hasFloatingDust":false,"isCopyable":false,"onlyOwnerSetsLocks":false,"isExcluded":false,"environmentChangersJSON":"{\"environmentChangers\":[{\"Name\":\"ambientLight\",\"Rotation\":{\"x\":359.5435485839844,\"y\":5.649554252624512,\"z\":0.7146857976913452},\"Scale\":0.09999999403953552,\"Color\":{\"r\":0.09999997168779373,\"g\":0.09899996966123581,\"b\":0.06999997794628143,\"a\":1}}]}","requestorIsEditor":false,"requestorIsListEditor":false,"requestorIsOwner":false,"placements":[{"Id":"5af1b48c8b115c3515a0698a","Tid":"000000000000000000000001","P":{"x":0.62715387344,"y":-0.275627732,"z":0.321439146995},"R":{"x":0,"y":0,"z":0}},{"Id":"5af1b4d0aca16c21b0b8bc27","Tid":"5af1b59e6bafe1350320d75d","P":{"x":-2.5206103324890137,"y":0.5889096856117249,"z":0.3693687319755554},"R":{"x":270,"y":0.00001001791224553017,"z":0},"S":0.9999998211860657}],"serveTime":22}