{"thingDefinitions":[{"id":"619a7a78155629779de9bba8","def":"{\"v\":9,\"a\":[4,6,32],\"p\":[{\"b\":17,\"s\":[{\"p\":[0,0,0],\"r\":[0,0,0],\"s\":[3.363346,0.11062,3.287491],\"c\":[0.9019608,0.8509804,0.7215686]}]}]}"}],"serveTime":5}