{"thingDefinitions":[{"id":"63b65c8afbb83c6da6f96934","def":"{\"v\":9,\"a\":[22,18],\"p\":[{\"s\":[{\"p\":[0.01152781,0.00106484,-0.001996255],\"r\":[354.2369,0.03048742,353.7689],\"s\":[0.5351074,0.04662504,0.2832145],\"c\":[0.5555556,0.3527336,0.2469135]}]},{\"b\":18,\"e\":\"WREN'S AREA...!!\\nIDK WHAT IM DOING AFHGHG\",\"s\":[{\"p\":[-0.2128271,0.06570581,0.05950578],\"r\":[81.52013,312.635,312.9185],\"s\":[0.003002248,0.003000171,0.003002491],\"c\":[0.09876531,0.111111,0.111111]}]},{\"b\":14,\"s\":[{\"p\":[-0.004095239,-0.06146508,-0.4486234],\"r\":[354.2369,0.03048702,353.7689],\"s\":[0.06000921,0.06000641,0.1584991],\"c\":[0.5555556,0.3527336,0.2469135]}]}]}"}],"serveTime":4}