{"ok":true,"areaId":"5cdd2bbb14344052a51b73b4","areaName":"xuvr3's home","areaKey":"rr5cdd2bbb42f9da52a5e48b2e","areaCreatorId":"5cdd2bbb14344052a51b73b3","isPrivate":false,"isZeroGravity":false,"hasFloatingDust":false,"isCopyable":false,"onlyOwnerSetsLocks":false,"isExcluded":false,"_environmentType":"Day","environmentChangersJSON":"{\"environmentChangers\":[{\"Name\":\"ambientLight\",\"Rotation\":{\"x\":359.88421630859375,\"y\":355.27685546875,\"z\":0.04241199791431427},\"Scale\":0.10000001639127731,\"Color\":{\"r\":0.09999997168779373,\"g\":0.09899996966123581,\"b\":0.06999997794628143,\"a\":1}},{\"Name\":\"sun\",\"Rotation\":{\"x\":274.33551025390625,\"y\":232.41014099121094,\"z\":216.29672241210938},\"Scale\":0.050000082701444626,\"Color\":{\"r\":1,\"g\":1,\"b\":1,\"a\":1}}]}","requestorIsEditor":false,"requestorIsListEditor":false,"requestorIsOwner":false,"placements":[{"Id":"5cdd2bbb42f9da52a5e48b2f","Tid":"000000000000000000000001","P":{"x":0.62715387344,"y":-0.275627732,"z":0.321439146995},"R":{"x":0,"y":0,"z":0}}],"serveTime":13}