{"ok":true,"areaId":"5aa0f8488ad3637e35718e93","areaName":"yaoya's home","areaKey":"rr5aa0f848c535417e355a031c","areaCreatorId":"5aa0f8488ad3637e35718e92","isPrivate":false,"isZeroGravity":false,"hasFloatingDust":false,"isCopyable":false,"onlyOwnerSetsLocks":false,"isExcluded":false,"_environmentType":"Night","environmentChangersJSON":"{\"environmentChangers\":[{\"Name\":\"ambientLight\",\"Rotation\":{\"x\":12.276450157165527,\"y\":2.3253190517425537,\"z\":344.2654113769531},\"Scale\":0.09999998658895493,\"Color\":{\"r\":0.09999997168779373,\"g\":0.09899996966123581,\"b\":0.06999997794628143,\"a\":1}},{\"Name\":\"sun\",\"Rotation\":{\"x\":67.99629211425781,\"y\":223.97010803222656,\"z\":211.6396942138672},\"Scale\":0.04999999701976776,\"Color\":{\"r\":1,\"g\":1,\"b\":1,\"a\":1}},{\"Name\":\"fog\",\"Rotation\":{\"x\":50.02608108520508,\"y\":22.22553062438965,\"z\":341.0211486816406},\"Scale\":0.029999999329447746,\"Color\":{\"r\":0.09999997168779373,\"g\":0.09999997168779373,\"b\":0.09999997168779373,\"a\":1}}]}","requestorIsEditor":false,"requestorIsListEditor":false,"requestorIsOwner":false,"placements":[{"Id":"5aa0f848c535417e355a031d","Tid":"000000000000000000000001","P":{"x":0.6324894428253174,"y":-0.31756675243377686,"z":0.2952011823654175},"R":{"x":0.47916921973228455,"y":359.6577453613281,"z":0.6387829184532166}},{"Id":"5aa0f99411d70f2ee440cfa9","Tid":"5aa0f994b22c9a0febae9a15","P":{"x":2.446383476257324,"y":0.5507949590682983,"z":-1.6962257623672485},"R":{"x":0.000010245284101983998,"y":270,"z":90}}],"serveTime":15}