{"thingDefinitions":[{"id":"61e39e59c30da905e076897d","def":"{\"v\":9,\"p\":[{\"b\":14,\"s\":[{\"p\":[0,0,0],\"r\":[0,0,-4.268868E-07],\"s\":[0.06,0.06000001,0.06000001],\"c\":[1,1,1]}]}]}"},{"id":"61e39e9a4cbcdd7a31b64aad","def":"{\"v\":9,\"p\":[{\"b\":10,\"s\":[{\"p\":[0,0,0],\"r\":[0,0,0],\"s\":[0.125,0.125,0.125],\"c\":[1,0.1714285,0]}]}]}"}],"serveTime":6}