{"ok":true,"areaId":"5a556c2f87e0108901890d8d","areaName":"zachv's home","areaKey":"rr5a556c2f1b3a768901cea09a","areaCreatorId":"5a556c2f87e0108901890d8c","isPrivate":false,"isZeroGravity":false,"hasFloatingDust":false,"isCopyable":false,"onlyOwnerSetsLocks":false,"isExcluded":false,"environmentChangersJSON":"{\"environmentChangers\":[{\"Name\":\"night\",\"Rotation\":{\"x\":0.8789056539535522,\"y\":0.42161494493484497,\"z\":3.430874824523926},\"Scale\":0.050000011920928955,\"Color\":{\"r\":0.03999999910593033,\"g\":0.04999998211860657,\"b\":0.09999997168779373,\"a\":1}}]}","requestorIsEditor":false,"requestorIsListEditor":false,"requestorIsOwner":false,"placements":[{"Id":"5a556c2f1b3a768901cea09b","Tid":"5a556c9e0b8fb9f60fde53e1","P":{"x":0.6271538734436035,"y":-0.2756277322769165,"z":0.32143914699554443},"R":{"x":0,"y":0,"z":0}},{"Id":"5a556e33ad69942604ec5aa6","Tid":"5a556e3001eefe3413d14413","P":{"x":1.0502225160598755,"y":1.4044638872146606,"z":-4.777609825134277},"R":{"x":324.0838317871094,"y":46.36155319213867,"z":350.7364807128906}}],"serveTime":24}