{"ok":true,"areaId":"5b8eb24ffb2c8b42be043317","areaName":"zedd's home","areaKey":"rr5b8eb24f0504d242be40e0a6","areaCreatorId":"5b8eb24ffb2c8b42be043316","isPrivate":false,"isZeroGravity":false,"hasFloatingDust":false,"isCopyable":false,"onlyOwnerSetsLocks":false,"isExcluded":false,"environmentChangersJSON":"{\"environmentChangers\":[{\"Name\":\"night\",\"Rotation\":{\"x\":355.0073547363281,\"y\":21.025691986083984,\"z\":337.9200439453125},\"Scale\":0.05000002682209015,\"Color\":{\"r\":0.03999999910593033,\"g\":0.04999998211860657,\"b\":0.09999997168779373,\"a\":1}},{\"Name\":\"sun\",\"Rotation\":{\"x\":350.5348815917969,\"y\":281.92431640625,\"z\":212.47360229492188},\"Scale\":0.05000036582350731,\"Color\":{\"r\":1,\"g\":1,\"b\":1,\"a\":1}}]}","requestorIsEditor":false,"requestorIsListEditor":false,"requestorIsOwner":false,"placements":[{"Id":"5b8eb24f0504d242be40e0a7","Tid":"000000000000000000000001","P":{"x":0.62715387344,"y":-0.275627732,"z":0.321439146995},"R":{"x":0,"y":0,"z":0}}],"serveTime":43}