{"ok":true,"areaId":"5ab22e8519b70d278c48dd5a","areaName":"zombie nixon's home","areaKey":"rr5ab22e85c409f0278cc5e925","areaCreatorId":"5ab22e8519b70d278c48dd59","isPrivate":false,"isZeroGravity":false,"hasFloatingDust":false,"isCopyable":false,"onlyOwnerSetsLocks":false,"isExcluded":false,"_environmentType":"Snow","environmentChangersJSON":"{\"environmentChangers\":[]}","requestorIsEditor":false,"requestorIsListEditor":false,"requestorIsOwner":false,"placements":[{"Id":"5ab22e85c409f0278cc5e926","Tid":"000000000000000000000001","P":{"x":0.62715387344,"y":-0.275627732,"z":0.321439146995},"R":{"x":0,"y":0,"z":0}},{"Id":"5ab22efc5ca7051d8c6405ec","Tid":"5ab22efc82f1e814932e8c99","P":{"x":0.12330865859985352,"y":1.1587270498275757,"z":0.8861714601516724},"R":{"x":5.712963581085205,"y":322.1112060546875,"z":108.02687072753906},"S":1.0000035762786865},{"Id":"5ab22f1f5ca7051d8c6405ed","Tid":"5ab22efc82f1e814932e8c99","P":{"x":-0.8146575689315796,"y":1.3966460227966309,"z":0.5282562971115112},"R":{"x":32.470951080322266,"y":262.2117919921875,"z":142.70159912109375},"S":1.0000001192092896},{"Id":"5ab22f205ca7051d8c6405ee","Tid":"5ab22efc82f1e814932e8c99","P":{"x":0.987349271774292,"y":1.6992783546447754,"z":0.25809869170188904},"R":{"x":301.56298828125,"y":64.12940216064453,"z":46.310394287109375},"S":1.000001072883606}],"serveTime":26}