{"ok":true,"areaId":"5a2a12c41aff6ac213d11694","areaName":"darpal's home","areaKey":"rr5a2a12c45fe3f8c2133d0fcc","areaCreatorId":"5a2a12c41aff6ac213d11693","isPrivate":false,"isZeroGravity":false,"hasFloatingDust":false,"isCopyable":false,"onlyOwnerSetsLocks":false,"isExcluded":false,"_environmentType":"Wind","environmentChangersJSON":"{\"environmentChangers\":[{\"Name\":\"ambientLight\",\"Rotation\":{\"x\":0.6813995242118835,\"y\":0.40876463055610657,\"z\":355.1780700683594},\"Scale\":0.10000002384185791,\"Color\":{\"r\":0.09999997168779373,\"g\":0.09899996966123581,\"b\":0.06999997794628143,\"a\":1}},{\"Name\":\"night\",\"Rotation\":{\"x\":355.6912536621094,\"y\":348.3020935058594,\"z\":356.2080993652344},\"Scale\":0.05000000447034836,\"Color\":{\"r\":0.03999999910593033,\"g\":0.04999998211860657,\"b\":0.09999997168779373,\"a\":1}}]}","requestorIsEditor":false,"requestorIsListEditor":false,"requestorIsOwner":false,"placements":[{"Id":"5a2a12c45fe3f8c2133d0fcd","Tid":"000000000000000000000001","P":{"x":0.62715387344,"y":-0.275627732,"z":0.321439146995},"R":{"x":0,"y":0,"z":0}},{"Id":"5a2a12fb48e2b42700729cd2","Tid":"5a2a12f81991822210fa6a0e","P":{"x":-0.052267491817474365,"y":1.2214040756225586,"z":-0.5919492244720459},"R":{"x":301.24176025390625,"y":213.0099639892578,"z":338.79766845703125}}],"serveTime":25}