{"ok":true,"areaId":"5fc5e46d3a9a4728b4827100","areaName":"hafrigado's home","areaKey":"rr5fc5e46d75d1af28b4e9b0bd","areaCreatorId":"5fc5e46d3a9a4728b48270ff","isPrivate":false,"isZeroGravity":false,"hasFloatingDust":false,"isCopyable":false,"onlyOwnerSetsLocks":false,"isExcluded":false,"environmentChangersJSON":"{\"environmentChangers\":[{\"Name\":\"ambientLight\",\"Rotation\":{\"x\":356.8377685546875,\"y\":1.9740487337112427,\"z\":6.264618873596191},\"Scale\":0.10000002384185791,\"Color\":{\"r\":0.09999997168779373,\"g\":0.09899996966123581,\"b\":0.06999997794628143,\"a\":1}}]}","requestorIsEditor":false,"requestorIsListEditor":false,"requestorIsOwner":false,"placements":[{"Id":"5fc5e46d75d1af28b4e9b0be","Tid":"000000000000000000000001","P":{"x":0.62715387344,"y":-0.275627732,"z":0.321439146995},"R":{"x":0,"y":0,"z":0},"A":[1]}],"serveTime":22}