{"ok":true,"areaId":"5da60e01fbc7e2061ec8d7b6","areaName":" allia's home","areaKey":"rr5da60e015ba641061efc9567","areaCreatorId":"5da60e01fbc7e2061ec8d7b5","isPrivate":false,"isZeroGravity":false,"hasFloatingDust":false,"isCopyable":false,"onlyOwnerSetsLocks":false,"isExcluded":false,"_environmentType":"Day","environmentChangersJSON":"{\"environmentChangers\":[{\"Name\":\"night\",\"Rotation\":{\"x\":357.922607421875,\"y\":2.7166121006011963,\"z\":0.9634093046188354},\"Scale\":0.05000000447034836,\"Color\":{\"r\":0.03999999910593033,\"g\":0.04999998211860657,\"b\":0.09999997168779373,\"a\":1}},{\"Name\":\"ambientLight\",\"Rotation\":{\"x\":359.2373962402344,\"y\":3.000471591949463,\"z\":0.014214802533388138},\"Scale\":0.15000000596046448,\"Color\":{\"r\":0.09999997168779373,\"g\":0.09899996966123581,\"b\":0.06999997794628143,\"a\":1}},{\"Name\":\"sun\",\"Rotation\":{\"x\":326.4068603515625,\"y\":193.3644256591797,\"z\":318.7569580078125},\"Scale\":0.05000007897615433,\"Color\":{\"r\":1,\"g\":1,\"b\":1,\"a\":1}}]}","requestorIsEditor":false,"requestorIsListEditor":false,"requestorIsOwner":false,"placements":[{"Id":"5da6389637e7f542946bb474","Tid":"5da6396b582d4c06293847fa","P":{"x":-4.635943412780762,"y":0.887811005115509,"z":2.0065088272094727},"R":{"x":16.884994506835938,"y":159.99685668945312,"z":322.0559997558594}},{"Id":"5da63abd37e7f542946bb475","Tid":"5da63c2e95f612062ae6baf9","P":{"x":-4.983597278594971,"y":0.8308890461921692,"z":2.8216710090637207},"R":{"x":2.0913851261138916,"y":320.13134765625,"z":278.81341552734375}}],"serveTime":31}