{"ok":true,"areaId":"58acd351949d1bb113f1a6f2","areaName":" millys world","areaKey":"rr58acd351caec40b113afe3fa","areaCreatorId":"58a54bc3e04aed7d725fac27","isPrivate":false,"isZeroGravity":false,"hasFloatingDust":false,"isCopyable":false,"onlyOwnerSetsLocks":false,"isExcluded":false,"_environmentType":"Day","environmentChangersJSON":"{\"environmentChangers\":[{\"Name\":\"ambientLight\",\"Rotation\":{\"x\":7.528274059295654,\"y\":8.051665306091309,\"z\":73.97540283203125},\"Scale\":0.09999997168779373,\"Color\":{\"r\":0.09999997168779373,\"g\":0.09899996966123581,\"b\":0.06999997794628143,\"a\":1}},{\"Name\":\"night\",\"Rotation\":{\"x\":73.727783203125,\"y\":226.31312561035156,\"z\":159.3183135986328},\"Scale\":0.050000064074993134,\"Color\":{\"r\":0.03999999910593033,\"g\":0.04999998211860657,\"b\":0.09999997168779373,\"a\":1}},{\"Name\":\"sun\",\"Rotation\":{\"x\":341.2449035644531,\"y\":227.04983520507812,\"z\":281.37933349609375},\"Scale\":0.050000037997961044,\"Color\":{\"r\":1,\"g\":1,\"b\":1,\"a\":1}}]}","requestorIsEditor":false,"requestorIsListEditor":false,"requestorIsOwner":false,"placements":[{"Id":"58acd351caec40b113afe3fb","Tid":"000000000000000000000001","P":{"x":0.62715387344,"y":-0.275627732,"z":0.321439146995},"R":{"x":0,"y":0,"z":0}},{"Id":"58acd472c533a2337cb1c87b","Tid":"58acd472eefb1f8b727d8351","P":{"x":0.9765598773956299,"y":0.49414366483688354,"z":-2.863161087036133},"R":{"x":340.762451171875,"y":59.182823181152344,"z":94.58229064941406}}],"serveTime":24}