{"ok":true,"areaId":"5a03ca30f8b8752a1022e5a6","areaName":"17178com's home","areaKey":"rr5a03ca30b5c9bc2a101df702","areaCreatorId":"5a03ca30f8b8752a1022e5a5","isPrivate":false,"isZeroGravity":false,"hasFloatingDust":false,"isCopyable":false,"onlyOwnerSetsLocks":false,"isExcluded":false,"_environmentType":"Machine4","environmentChangersJSON":"{\"environmentChangers\":[{\"Name\":\"ambientLight\",\"Rotation\":{\"x\":15.628341674804688,\"y\":28.481548309326172,\"z\":145.70266723632812},\"Scale\":0.10000012069940567,\"Color\":{\"r\":0.09999997168779373,\"g\":0.09899996966123581,\"b\":0.06999997794628143,\"a\":1}}]}","requestorIsEditor":false,"requestorIsListEditor":false,"requestorIsOwner":false,"placements":[{"Id":"5a03ca30b5c9bc2a101df703","Tid":"000000000000000000000001","P":{"x":0.62715387344,"y":-0.275627732,"z":0.321439146995},"R":{"x":0,"y":0,"z":0}},{"Id":"5a03cc3dbeaf392a4c4b1ea1","Tid":"5a03cc3c3d9dfe7a137c0e38","P":{"x":-0.11255469173192978,"y":1.0183345079421997,"z":-0.03004283457994461},"R":{"x":270,"y":180,"z":0}}],"serveTime":22}