{"ok":true,"areaId":"5ad83833719f465fc9708761","areaName":"18777212896's home","areaKey":"rr5ad838336344805fc95e2d67","areaCreatorId":"5ad83833719f465fc9708760","isPrivate":false,"isZeroGravity":false,"hasFloatingDust":false,"isCopyable":false,"onlyOwnerSetsLocks":false,"isExcluded":false,"_environmentType":"Rain","environmentChangersJSON":"{\"environmentChangers\":[{\"Name\":\"sun\",\"Rotation\":{\"x\":274.0197448730469,\"y\":180,\"z\":180},\"Scale\":0.05000000074505806,\"Color\":{\"r\":1,\"g\":1,\"b\":1,\"a\":1}}]}","requestorIsEditor":false,"requestorIsListEditor":false,"requestorIsOwner":false,"placements":[{"Id":"5ad838336344805fc95e2d68","Tid":"000000000000000000000001","P":{"x":0.6271538734436035,"y":-0.2756277322769165,"z":0.32143914699554443},"R":{"x":0,"y":0,"z":0},"S":0.5600001215934753}],"serveTime":416}