{"ok":true,"areaId":"5cc5b1f14ccffd056ccbb2d9","areaName":"a  lukasz  ey b0ss can i habe's home","areaKey":"rr5cc5b1f1479dde056ceb80f1","areaCreatorId":"5cc5b1f14ccffd056ccbb2d8","isPrivate":false,"isZeroGravity":false,"hasFloatingDust":false,"isCopyable":false,"onlyOwnerSetsLocks":false,"isExcluded":false,"environmentChangersJSON":"{\"environmentChangers\":[]}","requestorIsEditor":false,"requestorIsListEditor":false,"requestorIsOwner":false,"placements":[{"Id":"5cc5b1f1479dde056ceb80f2","Tid":"000000000000000000000001","P":{"x":0.62715387344,"y":-0.275627732,"z":0.321439146995},"R":{"x":0,"y":0,"z":0}},{"Id":"5cc5b2481975dd47d8d8d6e6","Tid":"5cc5b244364a29481c9373d1","P":{"x":1.386974573135376,"y":1.0215559005737305,"z":3.528350830078125},"R":{"x":21.25146484375,"y":180.2056427001953,"z":257.6668701171875}},{"Id":"5cc5b24c1975dd47d8d8d6e7","Tid":"5cc5b244364a29481c9373d1","P":{"x":1.1902207136154175,"y":1.1128349304199219,"z":3.2400002479553223},"R":{"x":9.227441787719727,"y":218.71910095214844,"z":307.45928955078125},"S":1.0000016689300537},{"Id":"5cc5b24c1975dd47d8d8d6e8","Tid":"5cc5b244364a29481c9373d1","P":{"x":1.4901909828186035,"y":1.2398099899291992,"z":3.5738720893859863},"R":{"x":1.673232913017273,"y":137.50833129882812,"z":234.42698669433594},"S":1.000001311302185}],"serveTime":19}