{"ok":true,"areaId":"5de1e8111ea0d10d13f98edb","areaName":"a person's home","areaKey":"rr5de1e8118a94350d13483f4a","areaCreatorId":"5de1e8111ea0d10d13f98eda","isPrivate":false,"isZeroGravity":false,"hasFloatingDust":false,"isCopyable":false,"onlyOwnerSetsLocks":false,"isExcluded":false,"environmentChangersJSON":"{\"environmentChangers\":[{\"Name\":\"ambientLight\",\"Rotation\":{\"x\":46.75782775878906,\"y\":260.50360107421875,\"z\":8.492196083068848},\"Scale\":0.10000012814998627,\"Color\":{\"r\":0.09999997168779373,\"g\":0.09899996966123581,\"b\":0.06999997794628143,\"a\":1}},{\"Name\":\"night\",\"Rotation\":{\"x\":352.5382995605469,\"y\":313.88916015625,\"z\":336.97430419921875},\"Scale\":0.05000007897615433,\"Color\":{\"r\":0.03999999910593033,\"g\":0.04999998211860657,\"b\":0.09999997168779373,\"a\":1}},{\"Name\":\"sun\",\"Rotation\":{\"x\":292.317626953125,\"y\":280.2843322753906,\"z\":237.27084350585938},\"Scale\":0.050000108778476715,\"Color\":{\"r\":1,\"g\":1,\"b\":1,\"a\":1}},{\"Name\":\"fog\",\"Rotation\":{\"x\":354.21026611328125,\"y\":345.1579895019531,\"z\":237.54824829101562},\"Scale\":0.030000023543834686,\"Color\":{\"r\":0.09999997168779373,\"g\":0.09999997168779373,\"b\":0.09999997168779373,\"a\":1}}]}","requestorIsEditor":false,"requestorIsListEditor":false,"requestorIsOwner":false,"placements":[{"Id":"5de1e8118a94350d13483f4b","Tid":"000000000000000000000001","P":{"x":0.62715387344,"y":-0.275627732,"z":0.321439146995},"R":{"x":0,"y":0,"z":0}}],"serveTime":17}