{"ok":true,"areaId":"5fffc9ee2e95236a03db9c9a","areaName":"aaaahhhhhhhh's home","areaKey":"rr5fffc9ee11d81d6a03f73bb7","areaCreatorId":"5fffc9ee2e95236a03db9c99","isPrivate":false,"isZeroGravity":false,"hasFloatingDust":false,"isCopyable":false,"onlyOwnerSetsLocks":false,"isExcluded":false,"_environmentType":"Jungle2","environmentChangersJSON":"{\"environmentChangers\":[{\"Name\":\"night\",\"Rotation\":{\"x\":358.8677062988281,\"y\":335.0136413574219,\"z\":3.1316282749176025},\"Scale\":0.050000011920928955,\"Color\":{\"r\":0.03999999910593033,\"g\":0.04999998211860657,\"b\":0.09999997168779373,\"a\":1}},{\"Name\":\"fog\",\"Rotation\":{\"x\":0.0930878296494484,\"y\":0.8291134834289551,\"z\":6.598067760467529},\"Scale\":0.03000001050531864,\"Color\":{\"r\":0.09999997168779373,\"g\":0.09999997168779373,\"b\":0.09999997168779373,\"a\":1}},{\"Name\":\"clouds\",\"Rotation\":{\"x\":354.695556640625,\"y\":339.70050048828125,\"z\":19.5216007232666},\"Scale\":0.0257074274122715,\"Color\":{\"r\":1,\"g\":1,\"b\":1,\"a\":1}},{\"Name\":\"sun\",\"Rotation\":{\"x\":50.19892501831055,\"y\":55.07379913330078,\"z\":87.81216430664062},\"Scale\":0.050000015646219254,\"Color\":{\"r\":1,\"g\":1,\"b\":1,\"a\":1}}]}","requestorIsEditor":false,"requestorIsListEditor":false,"requestorIsOwner":false,"placements":[{"Id":"5fffc9ee11d81d6a03f73bb8","Tid":"000000000000000000000001","P":{"x":0.62715387344,"y":-0.275627732,"z":0.321439146995},"R":{"x":0,"y":0,"z":0},"A":[]}],"serveTime":10}