{"ok":true,"areaId":"5824f95eabe0466313de2720","areaName":"ads's home","areaKey":"rr5824f95ef7413263139b0cdd","areaCreatorId":"5824f95eabe0466313de271f","isPrivate":false,"isZeroGravity":false,"hasFloatingDust":true,"isCopyable":false,"onlyOwnerSetsLocks":false,"isExcluded":false,"_environmentType":"Day","environmentChangersJSON":"{\"environmentChangers\":[{\"Name\":\"sun\",\"Rotation\":{\"x\":346.10321044921875,\"y\":82.76470947265625,\"z\":13.200509071350098},\"Scale\":0.04999997094273567,\"Color\":{\"r\":1,\"g\":1,\"b\":1,\"a\":1}}]}","requestorIsEditor":false,"requestorIsListEditor":false,"requestorIsOwner":false,"placements":[{"Id":"583476ef161eee1388325220","Tid":"583476efbb13d74b73b70b13","P":{"x":-17.265844345092773,"y":4.131668567657471,"z":29.768455505371094},"R":{"x":0.000010017914064519573,"y":180,"z":90}},{"Id":"58347770161eee1388325221","Tid":"58347770fe8abab313250b4e","P":{"x":-21.666296005249023,"y":9.898126602172852,"z":26.694337844848633},"R":{"x":0.000010245284101983998,"y":90,"z":270}},{"Id":"5852b445161eee1f745bc978","Tid":"5852b445374e06da131be7ea","P":{"x":1.5282988548278809,"y":2.004953384399414,"z":1.127030849456787},"R":{"x":305.30303955078125,"y":58.43365478515625,"z":13.472662925720215}}],"serveTime":12}