{"thingDefinitions":[{"id":"6308e18b800e5c18fdc35452","def":"{\"n\":\"ground\",\"v\":9,\"a\":[1],\"p\":[{\"b\":17,\"s\":[{\"p\":[0,0,0],\"r\":[0,0,1.229801E-08],\"s\":[3.363347,0.11062,3.201105],\"c\":[0.9019608,0.8509804,0.7215686]}]}]}"}],"serveTime":5}