{"ok":true,"areaId":"57fa29dcfda9ffd8112c96a7","areaName":"aleysha's home","areaKey":"rr57fa29dc3bca72d8119b1042","areaCreatorId":"57fa29dcfda9ffd8112c96a6","isPrivate":false,"isZeroGravity":false,"hasFloatingDust":false,"isCopyable":false,"onlyOwnerSetsLocks":false,"isExcluded":false,"_environmentType":"Rain","environmentChangersJSON":"{\"environmentChangers\":[{\"Name\":\"sun\",\"Rotation\":{\"x\":84.15531158447266,\"y\":314.30621337890625,\"z\":321.0168762207031},\"Scale\":0.050000015646219254,\"Color\":{\"r\":1,\"g\":1,\"b\":1,\"a\":1}}]}","requestorIsEditor":false,"requestorIsListEditor":false,"requestorIsOwner":false,"placements":[{"Id":"57fa29dc3bca72d8119b1043","Tid":"000000000000000000000001","P":{"x":0.62715387344,"y":-0.275627732,"z":0.321439146995},"R":{"x":0,"y":0,"z":0}},{"Id":"57fa2d2a21252f3b5c2e086b","Tid":"57fa2d2ceef961a0564644cb","P":{"x":-0.7693447470664978,"y":1.4377044439315796,"z":-1.6567554473876953},"R":{"x":273.7476806640625,"y":247.02687072753906,"z":321.17864990234375}},{"Id":"57fa2da921252f3b5c2e086c","Tid":"57fa2dac1e7abe79145e605e","P":{"x":-0.7809730172157288,"y":1.87886381149292,"z":-1.6339117288589478},"R":{"x":4.096774578094482,"y":81.6744155883789,"z":191.5810546875}},{"Id":"57fa310621252f3b5c2e086e","Tid":"57fa310880585b4f158727d6","P":{"x":-1.2736352682113647,"y":1.4058594703674316,"z":-1.1370716094970703},"R":{"x":287.5689697265625,"y":102.28218841552734,"z":308.0562438964844}}],"serveTime":26}