{"ok":true,"areaId":"5adc41825bb49c1329b914c9","areaName":"alidro's home","areaKey":"rr5adc418217d21c1329db275a","areaCreatorId":"5adc41825bb49c1329b914c8","isPrivate":false,"isZeroGravity":false,"hasFloatingDust":false,"isCopyable":false,"onlyOwnerSetsLocks":false,"isExcluded":false,"_environmentType":"Default","environmentChangersJSON":"{\"environmentChangers\":[{\"Name\":\"clouds\",\"Rotation\":{\"x\":356.3101501464844,\"y\":354.8436279296875,\"z\":355.0334167480469},\"Scale\":0.010000000707805157,\"Color\":{\"r\":1,\"g\":1,\"b\":1,\"a\":1}},{\"Name\":\"ambientLight\",\"Rotation\":{\"x\":2.5816915035247803,\"y\":12.86828327178955,\"z\":358.3079528808594},\"Scale\":0.10000000149011612,\"Color\":{\"r\":0,\"g\":0.44444432854652405,\"b\":0.17777764797210693,\"a\":1}},{\"Name\":\"night\",\"Rotation\":{\"x\":0,\"y\":0,\"z\":0},\"Scale\":0.05000000074505806,\"Color\":{\"r\":0,\"g\":0.3555549681186676,\"b\":0.8888888955116272,\"a\":1}},{\"Name\":\"sun\",\"Rotation\":{\"x\":89.35897827148438,\"y\":301.03033447265625,\"z\":301.77691650390625},\"Scale\":0.05000000074505806,\"Color\":{\"r\":0.9714285731315613,\"g\":1,\"b\":0,\"a\":1}}]}","requestorIsEditor":false,"requestorIsListEditor":false,"requestorIsOwner":false,"placements":[{"Id":"5adc418217d21c1329db275b","Tid":"000000000000000000000001","P":{"x":0.62715387344,"y":-0.275627732,"z":0.321439146995},"R":{"x":0,"y":0,"z":0}}],"serveTime":23}