{"ok":true,"areaId":"612d378b748c6e1e6c7b0640","areaName":"all blacks's home","areaKey":"rr612d378b5a36761e6ca90cfe","areaCreatorId":"612d378a748c6e1e6c7b063f","isPrivate":false,"isZeroGravity":false,"hasFloatingDust":false,"isCopyable":false,"onlyOwnerSetsLocks":false,"isExcluded":false,"_environmentType":"Snow","environmentChangersJSON":"{\"environmentChangers\":[{\"Name\":\"sun\",\"Rotation\":{\"x\":284.2122497558594,\"y\":272.85284423828125,\"z\":285.61126708984375},\"Scale\":0.05000000447034836,\"Color\":{\"r\":1,\"g\":1,\"b\":1,\"a\":1}},{\"Name\":\"ambientLight\",\"Rotation\":{\"x\":27.382787704467773,\"y\":2.3874268531799316,\"z\":54.65719223022461},\"Scale\":0.1000000461935997,\"Color\":{\"r\":0.09999997168779373,\"g\":0.09899996966123581,\"b\":0.06999997794628143,\"a\":1}},{\"Name\":\"fog\",\"Rotation\":{\"x\":4.635565280914307,\"y\":58.68381881713867,\"z\":304.17181396484375},\"Scale\":0.029999999329447746,\"Color\":{\"r\":0.09999997168779373,\"g\":0.09999997168779373,\"b\":0.09999997168779373,\"a\":1}},{\"Name\":\"clouds\",\"Rotation\":{\"x\":305.3504638671875,\"y\":355.1837463378906,\"z\":9.93460750579834},\"Scale\":0.009999998845160007,\"Color\":{\"r\":1,\"g\":1,\"b\":1,\"a\":1}}]}","requestorIsEditor":false,"requestorIsListEditor":false,"requestorIsOwner":false,"placements":[{"Id":"612d378b5a36761e6ca90cff","Tid":"000000000000000000000001","P":{"x":0.62715387344,"y":-0.275627732,"z":0.321439146995},"R":{"x":0,"y":0,"z":0},"A":[1]}],"serveTime":27}