{"ok":true,"areaId":"5bff76b24fbdc463f3f2490f","areaName":"aner - platinum edition's home","areaKey":"rr5bff76b20d959063f3d6ade7","areaCreatorId":"5bff76b24fbdc463f3f2490e","isPrivate":false,"isZeroGravity":false,"hasFloatingDust":false,"isCopyable":false,"onlyOwnerSetsLocks":false,"isExcluded":false,"environmentChangersJSON":"{\"environmentChangers\":[]}","requestorIsEditor":false,"requestorIsListEditor":false,"requestorIsOwner":false,"placements":[{"Id":"5bff76b20d959063f3d6ade8","Tid":"000000000000000000000001","P":{"x":0.6271538734436035,"y":-0.2756277322769165,"z":0.32143914699554443},"R":{"x":0,"y":0,"z":0},"S":1.1399017572402954},{"Id":"5bff791ab30a5a43c87dff8d","Tid":"5bff791f75b22a64fb6e0332","P":{"x":-1.5315824747085571,"y":1.4851930141448975,"z":-0.17602306604385376},"R":{"x":344.7856750488281,"y":197.4432373046875,"z":313.82891845703125},"S":1.0000005960464478},{"Id":"5bff7932946f810cc49fac56","Tid":"5bff79328a41dd65026eb440","P":{"x":-1.5705922842025757,"y":1.0955857038497925,"z":-0.38204723596572876},"R":{"x":31.400955200195312,"y":294.4486389160156,"z":250.38735961914062},"S":1.000000238418579}],"serveTime":11}