{"ok":true,"areaId":"608cf2f25a2152054bcedbe3","areaName":"anyfleet hq","areaKey":"rr608f0147868ee70545bb2fb1","areaCreatorId":"5b8c78191b24506c998c6368","isPrivate":false,"isZeroGravity":false,"hasFloatingDust":false,"isCopyable":false,"onlyOwnerSetsLocks":false,"isExcluded":false,"_environmentType":"Silence","environmentChangersJSON":"{\"environmentChangers\":[{\"Name\":\"sun\",\"Rotation\":{\"x\":90,\"y\":0,\"z\":0},\"Scale\":0.05000000074505806,\"Color\":{\"r\":0,\"g\":0,\"b\":0,\"a\":1}},{\"Name\":\"night\",\"Rotation\":{\"x\":14.994845390319824,\"y\":334.4707946777344,\"z\":359.4570007324219},\"Scale\":0.05000000074505806,\"Color\":{\"r\":0,\"g\":0,\"b\":0,\"a\":1}},{\"Name\":\"ambientLight\",\"Rotation\":{\"x\":0.7449350953102112,\"y\":326.0950622558594,\"z\":91.54862976074219},\"Scale\":0.10000000149011612,\"Color\":{\"r\":0.44444432854652405,\"g\":0.43738964200019836,\"b\":0.39506158232688904,\"a\":1}}]}","requestorIsEditor":false,"requestorIsListEditor":false,"requestorIsOwner":false,"placements":[{"Id":"608cf42316cb922d04403a09","Tid":"608cf422a3317d0547c8e7f3","P":{"x":-1.326781153678894,"y":1.2658133506774902,"z":1.3649988174438477},"R":{"x":330.9871520996094,"y":59.89842987060547,"z":248.22723388671875},"A":[]},{"Id":"608cf46d16cb922d04403a0a","Tid":"608cf4964a5b5c0551d9d68a","P":{"x":0.2431732416152954,"y":-0.053296804428100586,"z":0.06930717825889587},"R":{"x":0.000010245284101983998,"y":90,"z":90},"A":[]}],"serveTime":15}