{"ok":true,"areaId":"5c5e4781597832055650edae","areaName":"avatar testing","areaKey":"rr5c5e4781ac73bc0556a1ad44","areaCreatorId":"5c5e3f7e9cbc6c055705b3c2","isPrivate":false,"isZeroGravity":false,"hasFloatingDust":false,"isCopyable":false,"onlyOwnerSetsLocks":false,"isExcluded":false,"environmentChangersJSON":"{\"environmentChangers\":[{\"Name\":\"sun\",\"Rotation\":{\"x\":279.080078125,\"y\":333.42401123046875,\"z\":96.23989868164062},\"Scale\":0.05000000447034836,\"Color\":{\"r\":1,\"g\":1,\"b\":1,\"a\":1}}]}","requestorIsEditor":false,"requestorIsListEditor":false,"requestorIsOwner":false,"placements":[{"Id":"5c5e47c7150dbf3b8cc83337","Tid":"000000000000000000000001","P":{"x":0.8976184129714966,"y":0.5437597036361694,"z":0.1574597954750061},"R":{"x":352.9803771972656,"y":26.314023971557617,"z":4.481152057647705},"S":16.33271026611328},{"Id":"5c5e4914150dbf3b8cc83338","Tid":"5c5e4900597832055650edb7","P":{"x":2.131568431854248,"y":2.1573925018310547,"z":1.012246012687683},"R":{"x":298.5373840332031,"y":101.48945617675781,"z":351.58392333984375}},{"Id":"5c5e4b4a150dbf3b8cc8333b","Tid":"5c5e4b37915e8c05663ec370","P":{"x":1.7094688415527344,"y":2.2001914978027344,"z":0.9864296317100525},"R":{"x":4.000741481781006,"y":337.95635986328125,"z":247.32394409179688},"S":1.0000003576278687}],"serveTime":372}