{"ok":true,"areaId":"5b8da3c551f4521b54f9e536","areaName":"avipool","areaKey":"rr5b8da3c5ce83f31b54d30996","areaCreatorId":"5a348c4f2047d49b13d86aca","isPrivate":false,"isZeroGravity":false,"hasFloatingDust":false,"isCopyable":false,"onlyOwnerSetsLocks":false,"isExcluded":false,"_environmentType":"Day2","environmentChangersJSON":"{\"environmentChangers\":[{\"Name\":\"sun\",\"Rotation\":{\"x\":337.1605224609375,\"y\":124.7402114868164,\"z\":132.954833984375},\"Scale\":0.049999989569187164,\"Color\":{\"r\":1,\"g\":1,\"b\":1,\"a\":1}}]}","requestorIsEditor":false,"requestorIsListEditor":false,"requestorIsOwner":false,"placements":[{"Id":"5b8da3c5ce83f31b54d30997","Tid":"5b8da62dc4fbeb600d7b7ca3","P":{"x":7.361546993255615,"y":-0.44340360164642334,"z":0.22707080841064453},"R":{"x":0.00001001791224553017,"y":0.00001001791224553017,"z":0}},{"Id":"5b8da5b740f646066030d32c","Tid":"5b8da5b8a9353a2d8534d706","P":{"x":-4.6506266593933105,"y":-0.5163052082061768,"z":2.044464588165283},"R":{"x":270,"y":0,"z":0}}],"serveTime":23}