{"ok":true,"areaId":"5eaf766827b3e91d2d23e00b","areaName":"awesomechuck's home","areaKey":"rr5eaf76682850441d2d3c3e86","areaCreatorId":"5eaf766827b3e91d2d23e00a","isPrivate":false,"isZeroGravity":false,"hasFloatingDust":false,"isCopyable":false,"onlyOwnerSetsLocks":false,"isExcluded":false,"environmentChangersJSON":"{\"environmentChangers\":[{\"Name\":\"sun\",\"Rotation\":{\"x\":87.15799713134766,\"y\":276.3022766113281,\"z\":287.878173828125},\"Scale\":0.05000001937150955,\"Color\":{\"r\":1,\"g\":1,\"b\":1,\"a\":1}}]}","requestorIsEditor":false,"requestorIsListEditor":false,"requestorIsOwner":false,"placements":[{"Id":"5eaf76682850441d2d3c3e87","Tid":"5eb080847e2d3f4f54a0800c","P":{"x":1.6217575073242188,"y":-0.5563379526138306,"z":0.28557097911834717},"R":{"x":0.9380212426185608,"y":27.914775848388672,"z":7.697442054748535}}],"serveTime":18}