{"ok":true,"areaId":"6237297e58fd731f7e19e059","areaName":"babynator777's home","areaKey":"rr6237297e28ddc81f7e6a9193","areaCreatorId":"6237297e58fd731f7e19e058","isPrivate":false,"isZeroGravity":false,"hasFloatingDust":false,"isCopyable":false,"onlyOwnerSetsLocks":false,"isExcluded":false,"_environmentType":"Night","environmentChangersJSON":"{\"environmentChangers\":[{\"Name\":\"sun\",\"Rotation\":{\"x\":69.38529968261719,\"y\":107.30329895019531,\"z\":40.45743942260742},\"Scale\":0.050000034272670746,\"Color\":{\"r\":1,\"g\":1,\"b\":1,\"a\":1}},{\"Name\":\"night\",\"Rotation\":{\"x\":14.05272388458252,\"y\":1.0302678346633911,\"z\":275.02490234375},\"Scale\":0.05000010132789612,\"Color\":{\"r\":0.03999999910593033,\"g\":0.049999967217445374,\"b\":0.09999994188547134,\"a\":1}},{\"Name\":\"ambientLight\",\"Rotation\":{\"x\":1.3820886611938477,\"y\":1.2382756471633911,\"z\":275.6216735839844},\"Scale\":0.1000000387430191,\"Color\":{\"r\":0.09999997168779373,\"g\":0.09899996966123581,\"b\":0.06999997794628143,\"a\":1}}]}","requestorIsEditor":false,"requestorIsListEditor":false,"requestorIsOwner":false,"placements":[{"Id":"6297b433174e4483e494c9fc","Tid":"6297b433e6c7241c51585fbb","P":{"x":-1.7039626836776733,"y":-1.3583035469055176,"z":8.12747859954834},"R":{"x":277.61376953125,"y":177.6838836669922,"z":135.46310424804688}}],"serveTime":23}