{"ok":true,"areaId":"5b243fc24abb476f8374954d","areaName":"bchamp15's home","areaKey":"rr5b243fc2a4276a6f8352d412","areaCreatorId":"5b243fc24abb476f8374954c","isPrivate":false,"isZeroGravity":false,"hasFloatingDust":false,"isCopyable":false,"onlyOwnerSetsLocks":false,"isExcluded":false,"environmentChangersJSON":"{\"environmentChangers\":[]}","requestorIsEditor":false,"requestorIsListEditor":false,"requestorIsOwner":false,"placements":[{"Id":"5b243fc2a4276a6f8352d413","Tid":"000000000000000000000001","P":{"x":0.62715387344,"y":-0.275627732,"z":0.321439146995},"R":{"x":0,"y":0,"z":0}},{"Id":"5b24433a8e484921a47f25ab","Tid":"5b24433bec41355e355f4938","P":{"x":0.38699498772621155,"y":1.220187783241272,"z":0.20629987120628357},"R":{"x":341.0033874511719,"y":82.16259765625,"z":217.14503479003906},"S":1.0000033378601074},{"Id":"5b2444038e484921a47f25ac","Tid":"5b24440530f81f6fd3e6a322","P":{"x":0.32891401648521423,"y":0.9755867719650269,"z":0.23330087959766388},"R":{"x":274.493408203125,"y":185.30262756347656,"z":130.688720703125},"S":1.000000238418579},{"Id":"5b2444618e484921a47f25ad","Tid":"5b24446316f1da5e3bf0f4eb","P":{"x":0.28775128722190857,"y":0.7339696884155273,"z":0.1588396281003952},"R":{"x":272.4748840332031,"y":64.51396179199219,"z":330.260498046875},"S":0.9999998211860657}],"serveTime":17}