{"ok":true,"areaId":"5a4a9897c3e9131b106e3673","areaName":"beans's home","areaKey":"rr5a4a9897dbae241b1075164e","areaCreatorId":"5a4a9897c3e9131b106e3672","isPrivate":false,"isZeroGravity":false,"hasFloatingDust":false,"isCopyable":false,"onlyOwnerSetsLocks":false,"isExcluded":false,"_environmentType":"Default","environmentChangersJSON":"{\"environmentChangers\":[{\"Name\":\"sun\",\"Rotation\":{\"x\":335.3294982910156,\"y\":195.3572235107422,\"z\":151.64622497558594},\"Scale\":0.04637317359447479,\"Color\":{\"r\":1,\"g\":1,\"b\":1,\"a\":1}},{\"Name\":\"ambientLight\",\"Rotation\":{\"x\":350.9340515136719,\"y\":205.28402709960938,\"z\":181.54385375976562},\"Scale\":0.09999988973140717,\"Color\":{\"r\":0.09999997168779373,\"g\":0.09899996966123581,\"b\":0.06999997794628143,\"a\":1}}]}","requestorIsEditor":false,"requestorIsListEditor":false,"requestorIsOwner":false,"placements":[{"Id":"5a4a9897dbae241b1075164f","Tid":"000000000000000000000001","P":{"x":0.62715387344,"y":-0.275627732,"z":0.321439146995},"R":{"x":0,"y":0,"z":0}},{"Id":"5a4a9cb1f93a6a11cc8cfb7c","Tid":"5a4a9cf30d20153010d6c598","P":{"x":-0.2675246000289917,"y":1.2631398439407349,"z":0.956805408000946},"R":{"x":335.21612548828125,"y":9.296957969665527,"z":260.9192199707031}}],"serveTime":199}