{"ok":true,"areaId":"5c45034bd02855582f951917","areaName":"beebo242's home","areaKey":"rr5c45034b4cb8bc582f70150a","areaCreatorId":"5c45034bd02855582f951916","isPrivate":false,"isZeroGravity":false,"hasFloatingDust":false,"isCopyable":false,"onlyOwnerSetsLocks":false,"isExcluded":false,"environmentChangersJSON":"{\"environmentChangers\":[]}","requestorIsEditor":false,"requestorIsListEditor":false,"requestorIsOwner":false,"placements":[{"Id":"5c45034b4cb8bc582f70150b","Tid":"000000000000000000000001","P":{"x":0.7685002684593201,"y":-0.7483905553817749,"z":0.2030695676803589},"R":{"x":336.9194641113281,"y":0.5466684103012085,"z":334.46502685546875},"S":0.7000001072883606},{"Id":"5c4505008a136f28345dc2a6","Tid":"000000000000000000000001","P":{"x":0.594804048538208,"y":-1.1276023387908936,"z":0.22193220257759094},"R":{"x":19.597660064697266,"y":2.9612748622894287,"z":23.22887420654297},"S":1.0000003576278687},{"Id":"5c4505388a136f28345dc2a7","Tid":"000000000000000000000001","P":{"x":0.9853088855743408,"y":0.1319018006324768,"z":-0.03512692451477051},"R":{"x":359.7393493652344,"y":6.121823310852051,"z":356.9328308105469},"S":1.0000004768371582}],"serveTime":19}