{"ok":true,"areaId":"60527c1f7feebd550a1fd1df","areaName":"beefcactus's home","areaKey":"rr60527c1fdb4831550af1af8c","areaCreatorId":"60527c1f7feebd550a1fd1de","isPrivate":false,"isZeroGravity":false,"hasFloatingDust":false,"isCopyable":false,"onlyOwnerSetsLocks":false,"isExcluded":false,"environmentChangersJSON":"{\"environmentChangers\":[]}","requestorIsEditor":false,"requestorIsListEditor":false,"requestorIsOwner":false,"placements":[{"Id":"60527c1fdb4831550af1af8d","Tid":"000000000000000000000001","P":{"x":0.62715387344,"y":-0.275627732,"z":0.321439146995},"R":{"x":0,"y":0,"z":0},"A":[1]},{"Id":"60527cb0779ce93c681cf76a","Tid":"60527cb2373da35599990e18","P":{"x":1.5837159156799316,"y":0.9274070262908936,"z":-0.26773378252983093},"R":{"x":322.2834777832031,"y":318.7559509277344,"z":121.25053405761719},"S":1.0000007152557373},{"Id":"60527dd9779ce93c681cf76e","Tid":"60527ddbca9a4b55105f412c","P":{"x":-0.3610258102416992,"y":0.2934984862804413,"z":1.711242437362671},"R":{"x":279.7371520996094,"y":62.49244689941406,"z":115.89310455322266},"S":1.000000238418579}],"serveTime":15}