{"ok":true,"areaId":"5c9a8214fe7a620569e18d08","areaName":"bellion's home","areaKey":"rr5c9a8214be980f0569b35dd5","areaCreatorId":"5c9a8214fe7a620569e18d07","isPrivate":false,"isZeroGravity":false,"hasFloatingDust":false,"isCopyable":false,"onlyOwnerSetsLocks":false,"isExcluded":false,"environmentChangersJSON":"{\"environmentChangers\":[{\"Name\":\"sun\",\"Rotation\":{\"x\":85.27701568603516,\"y\":209.79542541503906,\"z\":222.03111267089844},\"Scale\":0.050000134855508804,\"Color\":{\"r\":1,\"g\":1,\"b\":1,\"a\":1}}]}","requestorIsEditor":false,"requestorIsListEditor":false,"requestorIsOwner":false,"placements":[{"Id":"5c9a8214be980f0569b35dd6","Tid":"5c9a8305ebfb317b4a278d0e","P":{"x":0.6827818155288696,"y":-0.20382630825042725,"z":0.3479014039039612},"R":{"x":0.00001001791224553017,"y":0,"z":0}},{"Id":"5c9a854dbd522623d05c71be","Tid":"5c9a85493e6d690563bff6cb","P":{"x":0.1810539960861206,"y":0.5324766039848328,"z":5.057274341583252},"R":{"x":14.37229061126709,"y":114.54767608642578,"z":131.29910278320312},"S":1.0000001192092896},{"Id":"5c9a877fbd522623d05c71d7","Tid":"5c9a8772d435594e10df4a01","P":{"x":8.706438064575195,"y":0.24078267812728882,"z":-2.0462779998779297},"R":{"x":284.434326171875,"y":324.66436767578125,"z":167.8226318359375},"S":1.0000038146972656}],"serveTime":21}