{"thingDefinitions":[{"id":"614148541a4f820526ebf59f","def":"{\"v\":9,\"p\":[{\"c\":[[0.04,-0.092,0.157,5,6,7],[-0.516,-0.426,-0.41,7,8,4]],\"s\":[{\"p\":[0,0,0],\"r\":[0,0,8.537738E-07],\"s\":[0.1750001,0.1750003,0.1750003],\"c\":[1,1,1]},{\"p\":[0,0,0],\"r\":[0,0,8.537738E-07],\"s\":[0.1750001,0.1750003,0.1750003],\"c\":[1,1,1]}]}]}"}],"serveTime":3}