{"ok":true,"areaId":"5b7f47f87c173a4914ad9f0b","areaName":"blueflame's home","areaKey":"rr5b7f47f8a999794914e58167","areaCreatorId":"5b7f47f87c173a4914ad9f0a","isPrivate":false,"isZeroGravity":false,"hasFloatingDust":false,"isCopyable":false,"onlyOwnerSetsLocks":false,"isExcluded":false,"_environmentType":"Snow","environmentChangersJSON":"{\"environmentChangers\":[{\"Name\":\"clouds\",\"Rotation\":{\"x\":287.36370849609375,\"y\":334.09722900390625,\"z\":131.3151092529297},\"Scale\":0.010000023059546947,\"Color\":{\"r\":1,\"g\":1,\"b\":1,\"a\":1}},{\"Name\":\"sun\",\"Rotation\":{\"x\":284.94219970703125,\"y\":339.04400634765625,\"z\":11.50662899017334},\"Scale\":0.0500001534819603,\"Color\":{\"r\":1,\"g\":1,\"b\":1,\"a\":1}}]}","requestorIsEditor":false,"requestorIsListEditor":false,"requestorIsOwner":false,"placements":[{"Id":"5b7f4d1e0554c3360c6f4c63","Tid":"000000000000000000000001","P":{"x":0.5,"y":0,"z":0.5},"R":{"x":351.4812927246094,"y":342.6599426269531,"z":11.230537414550781},"S":1.0000003576278687},{"Id":"5b7f52d80554c3360c6f4c65","Tid":"58b786fc835a01810959271c","P":{"x":1.21759033203125,"y":1.433016300201416,"z":3.260312080383301},"R":{"x":284.2637023925781,"y":289.793212890625,"z":347.96826171875},"S":1.0000014305114746}],"serveTime":10}