{"ok":true,"areaId":"5f77a6ab148e0b3fbed37632","areaName":"blue brewery","areaKey":"rr5f77a6abdfed3f3fbe40027b","areaCreatorId":"5f77a221fe99c863186cf509","isPrivate":false,"isZeroGravity":false,"hasFloatingDust":false,"isCopyable":false,"onlyOwnerSetsLocks":false,"isExcluded":false,"_environmentType":"Day","environmentChangersJSON":"{\"environmentChangers\":[{\"Name\":\"ambientLight\",\"Rotation\":{\"x\":359.3103942871094,\"y\":359.573974609375,\"z\":179.2303466796875},\"Scale\":0.10000036656856537,\"Color\":{\"r\":0.09999997168779373,\"g\":0.09899996966123581,\"b\":0.06999997794628143,\"a\":1}}]}","requestorIsEditor":false,"requestorIsListEditor":false,"requestorIsOwner":false,"placements":[{"Id":"5f77a6abdfed3f3fbe40027c","Tid":"5f77a74222f2a2631937b9e7","P":{"x":0.6271538734436035,"y":-0.2756277322769165,"z":0.32143914699554443},"R":{"x":0,"y":0,"z":0},"A":[1]},{"Id":"5f77a7a2abb168531ca3586c","Tid":"5f77ab964adbc563254dd6cd","P":{"x":-0.002569526433944702,"y":0.7885547876358032,"z":-1.8142437934875488},"R":{"x":338.7857971191406,"y":114.59370422363281,"z":108.01219177246094},"A":[]},{"Id":"5f77abecabb168531ca35893","Tid":"5f77ab964adbc563254dd6cd","P":{"x":-0.2620515525341034,"y":0.7871875166893005,"z":-1.8231884241104126},"R":{"x":312.212890625,"y":284.1053466796875,"z":18.794618606567383},"A":[]}],"serveTime":16}