{"ok":true,"areaId":"5bfd47ea8a41dd65026eb3c2","areaName":"braain the space guy's home","areaKey":"rr5bfd47ead5a9a7650223127d","areaCreatorId":"5bfd47ea8a41dd65026eb3c1","isPrivate":false,"isZeroGravity":false,"hasFloatingDust":false,"isCopyable":false,"onlyOwnerSetsLocks":false,"isExcluded":false,"_environmentType":"Horror2","environmentChangersJSON":"{\"environmentChangers\":[{\"Name\":\"fog\",\"Rotation\":{\"x\":357.3321838378906,\"y\":16.863584518432617,\"z\":355.4710998535156},\"Scale\":0.02999999187886715,\"Color\":{\"r\":0.09999997168779373,\"g\":0.09999997168779373,\"b\":0.09999997168779373,\"a\":1}},{\"Name\":\"ambientLight\",\"Rotation\":{\"x\":0.41848620772361755,\"y\":25.268123626708984,\"z\":9.523395538330078},\"Scale\":0.10000000149011612,\"Color\":{\"r\":0.09999997168779373,\"g\":0.09899996966123581,\"b\":0.06999997794628143,\"a\":1}},{\"Name\":\"sun\",\"Rotation\":{\"x\":87.39173126220703,\"y\":153.1058349609375,\"z\":65.3375015258789},\"Scale\":0.05000017583370209,\"Color\":{\"r\":1,\"g\":1,\"b\":1,\"a\":1}},{\"Name\":\"night\",\"Rotation\":{\"x\":1.9059141874313354,\"y\":143.1243133544922,\"z\":2.2175936698913574},\"Scale\":0.05000017583370209,\"Color\":{\"r\":0.03999999910593033,\"g\":0.04999998211860657,\"b\":0.09999997168779373,\"a\":1}}]}","requestorIsEditor":false,"requestorIsListEditor":false,"requestorIsOwner":false,"placements":[{"Id":"5bfd47ead5a9a7650223127e","Tid":"000000000000000000000001","P":{"x":0.62715387344,"y":-0.275627732,"z":0.321439146995},"R":{"x":0,"y":0,"z":0},"A":[]}],"serveTime":21}