{"thingDefinitions":[{"id":"616ce987e0573005ddace73e","def":"{\"n\":\"ground\",\"v\":9,\"a\":[1],\"p\":[{\"b\":17,\"s\":[{\"p\":[0,0,0],\"r\":[0,0,0],\"s\":[215.151,0.11062,5.846508],\"c\":[0.9019608,0.8509804,0.7215686]}]}]}"},{"id":"616e19ac76565905eb0f9977","def":"{\"n\":\"flag pole\",\"v\":9,\"a\":[7],\"p\":[{\"b\":61,\"s\":[{\"p\":[-0.009317875,-0.009212375,1.064696],\"r\":[0,0,90.00001],\"s\":[0.1250022,0.1250017,0.1250044],\"c\":[1,1,1]}]},{\"b\":5,\"s\":[{\"p\":[-0.009274483,-0.007676601,-0.008043827],\"r\":[0,0,270],\"s\":[0.02979189,0.02889526,2.504477],\"c\":[1,1,1]}]},{\"s\":[{\"p\":[0.4519075,-0.01943886,0.7472864],\"r\":[0,0,90],\"s\":[0.001000014,0.8628427,0.4598218],\"c\":[0.6031746,1,0.4444443]}]}]}"}],"serveTime":4}