{"thingDefinitions":[{"id":"60584b876259830548db9b59","def":"{\"v\":9,\"a\":[2,9],\"p\":[{\"b\":9,\"t2\":43,\"s\":[{\"p\":[0,0,0],\"r\":[0,0,0],\"s\":[0.1250001,0.125,0.1250002],\"c\":[1,0.1714285,0],\"t2\":{\"c\":[1,0,0],\"x\":0.5,\"y\":0.5,\"a\":0.8925,\"m\":0,\"n\":0,\"r\":0,\"g\":0,\"o\":0.5,\"t\":0.5,\"e\":0.5}}]}]}"}],"serveTime":4}