{"ok":true,"areaId":"58180ded0a5ec50e10be666c","areaName":"carlsland","areaKey":"rr58180ded0920ea0e108e21a7","areaCreatorId":"580eacec772b7985130477cc","isPrivate":false,"isZeroGravity":false,"hasFloatingDust":false,"isCopyable":false,"onlyOwnerSetsLocks":false,"isExcluded":false,"environmentChangersJSON":"{\"environmentChangers\":[{\"Name\":\"sun\",\"Rotation\":{\"x\":346.3424987792969,\"y\":120.8930892944336,\"z\":100.6246337890625},\"Scale\":0.043651193380355835,\"Color\":{\"r\":1,\"g\":1,\"b\":1,\"a\":1}},{\"Name\":\"ambientLight\",\"Rotation\":{\"x\":290.87469482421875,\"y\":84.23636627197266,\"z\":19.368682861328125},\"Scale\":0.08679915219545364,\"Color\":{\"r\":0.09999997168779373,\"g\":0.09899996966123581,\"b\":0.06999997794628143,\"a\":1}},{\"Name\":\"ambientLight\",\"Rotation\":{\"x\":290.87469482421875,\"y\":84.23636627197266,\"z\":19.368682861328125},\"Scale\":0.08679915219545364,\"Color\":{\"r\":0.09999997168779373,\"g\":0.09899996966123581,\"b\":0.06999997794628143,\"a\":1}},{\"Name\":\"night\",\"Rotation\":{\"x\":359.3190002441406,\"y\":248.81993103027344,\"z\":353.7025451660156},\"Scale\":0.029999999329447746,\"Color\":{\"r\":0.03999999910593033,\"g\":0.04999998211860657,\"b\":0.09999997168779373,\"a\":1}}]}","requestorIsEditor":false,"requestorIsListEditor":false,"requestorIsOwner":false,"placements":[{"Id":"58180ded0920ea0e108e21a8","Tid":"000000000000000000000001","P":{"x":0.62715387344,"y":-0.275627732,"z":0.321439146995},"R":{"x":0,"y":0,"z":0}}],"serveTime":18}