{"ok":true,"areaId":"6313969cacd1261ef50dffb6","areaName":"cbriner's home","areaKey":"rr6313969c4cff871ef5a6e147","areaCreatorId":"6313969cacd1261ef50dffb5","isPrivate":false,"isZeroGravity":false,"hasFloatingDust":false,"isCopyable":false,"onlyOwnerSetsLocks":false,"isExcluded":false,"environmentChangersJSON":"{\"environmentChangers\":[]}","requestorIsEditor":false,"requestorIsListEditor":false,"requestorIsOwner":false,"placements":[{"Id":"6313969c4cff871ef5a6e148","Tid":"000000000000000000000001","P":{"x":0.62715387344,"y":-0.275627732,"z":0.321439146995},"R":{"x":0,"y":0,"z":0},"A":[1]},{"Id":"631396d97bc5a113908383e0","Tid":"631396d984319e05dfa4d1b2","P":{"x":-1.756354570388794,"y":0.5724576711654663,"z":1.562370777130127},"R":{"x":326.8368225097656,"y":0.4817936420440674,"z":267.3830871582031},"A":[]},{"Id":"631396de7bc5a113908383e1","Tid":"63139747800e5c18fdc35571","P":{"x":-2.382199287414551,"y":0.6402531862258911,"z":1.5032764673233032},"R":{"x":18.7225399017334,"y":311.509521484375,"z":36.15350341796875},"A":[]},{"Id":"631396de7bc5a113908383e2","Tid":"63139712fee64a05e0c651dc","P":{"x":-2.1592719554901123,"y":0.7344369888305664,"z":1.1773898601531982},"R":{"x":2.26202392578125,"y":292.90802001953125,"z":42.96611022949219},"A":[]}],"serveTime":23}