{"ok":true,"areaId":"5c79ee57b69c375384305ad8","areaName":"chadshelton1979's home","areaKey":"rr5c79ee5794e9df5384bf6b56","areaCreatorId":"5c79ee57b69c375384305ad7","isPrivate":false,"isZeroGravity":false,"hasFloatingDust":false,"isCopyable":false,"onlyOwnerSetsLocks":false,"isExcluded":false,"environmentChangersJSON":"{\"environmentChangers\":[{\"Name\":\"sun\",\"Rotation\":{\"x\":84.5733871459961,\"y\":132.5831756591797,\"z\":134.52088928222656},\"Scale\":0.050000034272670746,\"Color\":{\"r\":1,\"g\":1,\"b\":1,\"a\":1}}]}","requestorIsEditor":false,"requestorIsListEditor":false,"requestorIsOwner":false,"placements":[{"Id":"5c79ee5794e9df5384bf6b57","Tid":"000000000000000000000001","P":{"x":0.62715387344,"y":-0.275627732,"z":0.321439146995},"R":{"x":0,"y":0,"z":0}}],"serveTime":12}