{"ok":true,"areaId":"5aee13c24847d20f86ac47dc","areaName":"chestill's home","areaKey":"rr5aee13c28464560f866a5d7e","areaCreatorId":"5aee13c24847d20f86ac47db","isPrivate":false,"isZeroGravity":false,"hasFloatingDust":false,"isCopyable":false,"onlyOwnerSetsLocks":false,"isExcluded":false,"environmentChangersJSON":"{\"environmentChangers\":[{\"Name\":\"sun\",\"Rotation\":{\"x\":316.7294921875,\"y\":276.8344421386719,\"z\":270.3155517578125},\"Scale\":0.05000012367963791,\"Color\":{\"r\":1,\"g\":1,\"b\":1,\"a\":1}},{\"Name\":\"night\",\"Rotation\":{\"x\":352.9273681640625,\"y\":358.20343017578125,\"z\":6.679981231689453},\"Scale\":0.04999999701976776,\"Color\":{\"r\":0.03999999910593033,\"g\":0.04999998211860657,\"b\":0.09999997168779373,\"a\":1}}]}","requestorIsEditor":false,"requestorIsListEditor":false,"requestorIsOwner":false,"placements":[{"Id":"5aee13c28464560f866a5d7f","Tid":"000000000000000000000001","P":{"x":0.62715387344,"y":-0.275627732,"z":0.321439146995},"R":{"x":0,"y":0,"z":0}},{"Id":"5aee14741b66f92cd41124fb","Tid":"5aee1473ef9eb113186012bd","P":{"x":1.7859382629394531,"y":1.0770405530929565,"z":2.4887211322784424},"R":{"x":5.876707077026367,"y":333.6157531738281,"z":3.9848787784576416},"S":0.8200000524520874}],"serveTime":14}