{"ok":true,"areaId":"6062e1a2f9c53013826c7962","areaName":"cobiedobie's home","areaKey":"rr6062e1a2b04775138246594e","areaCreatorId":"6062e1a2f9c53013826c7961","isPrivate":false,"isZeroGravity":false,"hasFloatingDust":false,"isCopyable":false,"onlyOwnerSetsLocks":false,"isExcluded":false,"environmentChangersJSON":"{\"environmentChangers\":[]}","requestorIsEditor":false,"requestorIsListEditor":false,"requestorIsOwner":false,"placements":[{"Id":"6062e1a2b04775138246594f","Tid":"000000000000000000000001","P":{"x":0.62715387344,"y":-0.275627732,"z":0.321439146995},"R":{"x":0,"y":0,"z":0},"A":[1]},{"Id":"6062e1ce2a23fa4468bde465","Tid":"6062e1cd57bc5a134a247ce8","P":{"x":0.0905258059501648,"y":1.3899214267730713,"z":0.5581376552581787},"R":{"x":38.57020950317383,"y":11.157123565673828,"z":233.04183959960938},"S":0.94,"A":[]},{"Id":"6062e1d22a23fa4468bde467","Tid":"6062e1cd57bc5a134a247ce8","P":{"x":0.17637617886066437,"y":1.3648840188980103,"z":0.512348473072052},"R":{"x":19.13142967224121,"y":30.525297164916992,"z":247.54180908203125},"S":1.000001311302185}],"serveTime":18}