{"thingDefinitions":[{"id":"6034373875a752715b4bd07e","def":"{\"v\":9,\"p\":[{\"b\":11,\"a\":[5],\"s\":[{\"p\":[0.2212961,-0.2874801,-0.04187528],\"r\":[297.9102,295.2699,139.2996],\"s\":[0.08726607,0.2002993,0.09784515],\"c\":[1,1,1],\"b\":[\"when touched then \",\"when touched then move forward\"]},{\"p\":[0,0,0],\"r\":[0,0,0],\"s\":[0.1000001,0.1000004,0.1000004],\"c\":[1,1,1]}]}]}"}],"serveTime":6}