{"thingDefinitions":[{"id":"5fcf3c75d39ee505452a788e","def":"{\"n\":\"helmet\",\"v\":9,\"p\":[{\"b\":3,\"s\":[{\"p\":[0.4239684,-0.2345408,-0.2500094],\"r\":[46.16836,253.0078,351.4268],\"s\":[0.2322251,0.245713,0.2336643],\"c\":[0.07407401,0.6666667,0.5142855]}]},{\"b\":87,\"s\":[{\"p\":[0.3803481,-0.08423976,-0.3224258],\"r\":[59.78983,24.70918,73.4872],\"s\":[0.1250014,0.1250011,0.1250013],\"c\":[0.02469136,0.111111,0.08888879]}]}]}"},{"id":"5fcf3d06a7212a79071853e0","def":"{\"n\":\"arm\",\"v\":9,\"p\":[{\"b\":14,\"s\":[{\"p\":[0,0,0],\"r\":[0,0,0],\"s\":[0.06000028,0.06000016,0.136287],\"c\":[0,0.03809492,0.6666667]}]}]}"},{"id":"5fcf3d8dd39ee505452a7891","def":"{\"n\":\"torso\",\"v\":9,\"p\":[{\"b\":183,\"s\":[{\"p\":[0,0,0],\"r\":[0,0,-1.334021E-08],\"s\":[0.1330529,0.126489,0.07654266],\"c\":[0,0.03809492,0.6666667]}]}]}"}],"serveTime":5}