{"thingDefinitions":[{"id":"613fa3f9cdd46a34657f1e81","def":"{\"v\":9,\"p\":[{\"b\":14,\"s\":[{\"p\":[0,0,0],\"r\":[0,0,0],\"s\":[0.06000015,0.06000015,0.06000015],\"c\":[1,1,1]}]}]}"}],"serveTime":5}