{"ok":true,"areaId":"5ad40bbbfa9d411364d0be8b","areaName":"dctown2425's home","areaKey":"rr5ad40bbbea96c7136409e1c4","areaCreatorId":"5ad40bbbfa9d411364d0be8a","isPrivate":false,"isZeroGravity":false,"hasFloatingDust":false,"isCopyable":false,"onlyOwnerSetsLocks":false,"isExcluded":false,"_environmentType":"Bubbles2","environmentChangersJSON":"{\"environmentChangers\":[{\"Name\":\"sun\",\"Rotation\":{\"x\":357.435546875,\"y\":260.3912048339844,\"z\":274.71533203125},\"Scale\":0.05000002309679985,\"Color\":{\"r\":1,\"g\":1,\"b\":1,\"a\":1}}]}","requestorIsEditor":false,"requestorIsListEditor":false,"requestorIsOwner":false,"placements":[{"Id":"5ad40bbbea96c7136409e1c5","Tid":"000000000000000000000001","P":{"x":0.62715387344,"y":-0.275627732,"z":0.321439146995},"R":{"x":0,"y":0,"z":0}},{"Id":"5ad40ef71298aeb1a814c025","Tid":"5ad40ef5ebdb711c725de0f7","P":{"x":-1.013380765914917,"y":0.0971580296754837,"z":0.1962769627571106},"R":{"x":8.364904403686523,"y":67.46347045898438,"z":355.35357666015625},"S":1.000001072883606},{"Id":"5ad40f591298aeb1a814c026","Tid":"5ad40ef5ebdb711c725de0f7","P":{"x":-0.6785266399383545,"y":0.059352755546569824,"z":0.34402722120285034},"R":{"x":357.10418701171875,"y":72.15023040771484,"z":348.0881652832031},"S":1.000001072883606}],"serveTime":18}