{"ok":true,"areaId":"5ce2f89714344052a51b7579","areaName":"derpypug 16's home","areaKey":"rr5ce2f89742f9da52a5e48ba9","areaCreatorId":"5ce2f89714344052a51b7578","isPrivate":false,"isZeroGravity":false,"hasFloatingDust":false,"isCopyable":false,"onlyOwnerSetsLocks":false,"isExcluded":false,"_environmentType":"Day","environmentChangersJSON":"{\"environmentChangers\":[{\"Name\":\"ambientLight\",\"Rotation\":{\"x\":11.15087604522705,\"y\":42.62059020996094,\"z\":346.914306640625},\"Scale\":0.10000000149011612,\"Color\":{\"r\":0.09999997168779373,\"g\":0.09899996966123581,\"b\":0.06999997794628143,\"a\":1}},{\"Name\":\"night\",\"Rotation\":{\"x\":3.727593183517456,\"y\":15.916786193847656,\"z\":350.721435546875},\"Scale\":0.05000000074505806,\"Color\":{\"r\":0.03999999910593033,\"g\":0.04999998211860657,\"b\":0.09999997168779373,\"a\":1}},{\"Name\":\"sun\",\"Rotation\":{\"x\":16.899845123291016,\"y\":255.07980346679688,\"z\":229.90472412109375},\"Scale\":0.05000004917383194,\"Color\":{\"r\":1,\"g\":1,\"b\":1,\"a\":1}}]}","requestorIsEditor":false,"requestorIsListEditor":false,"requestorIsOwner":false,"placements":[{"Id":"5ce2f89742f9da52a5e48baa","Tid":"000000000000000000000001","P":{"x":-0.3703356981277466,"y":-0.4699065685272217,"z":0.13059046864509583},"R":{"x":17.882585525512695,"y":88.29256439208984,"z":343.00238037109375}},{"Id":"5ce2f8cde52a65567c626ce4","Tid":"000000000000000000000001","P":{"x":-0.9511716365814209,"y":-0.4171522855758667,"z":-0.5848587155342102},"R":{"x":357.33367919921875,"y":323.54571533203125,"z":314.4754638671875},"S":2.2456}],"serveTime":16}