{"thingDefinitions":[{"id":"6071313dcab9440554d86844","def":"{\"v\":9,\"p\":[{\"s\":[{\"p\":[0,0,0],\"r\":[0,0,-7.737324E-07],\"s\":[0.1750002,0.1750001,0.1750001],\"c\":[1,1,1]}]},{\"b\":4,\"s\":[{\"p\":[-0.005909473,0.2225347,0.01197912],\"r\":[275.1639,233.5647,168.9803],\"s\":[0.125,0.1250001,0.1250001],\"c\":[1,1,1]}]}]}"}],"serveTime":8}