{"ok":true,"areaId":"5d6698fcfec40d20a23d18e9","areaName":"dj nemes16's home","areaKey":"rr5d6698fc1667ac20a2db11b1","areaCreatorId":"5d6698fcfec40d20a23d18e8","isPrivate":false,"isZeroGravity":false,"hasFloatingDust":false,"isCopyable":false,"onlyOwnerSetsLocks":false,"isExcluded":false,"_environmentType":"Rain","environmentChangersJSON":"{\"environmentChangers\":[{\"Name\":\"night\",\"Rotation\":{\"x\":356.5164794921875,\"y\":1.7130473852157593,\"z\":358.3044738769531},\"Scale\":0.050000011920928955,\"Color\":{\"r\":0.03999999910593033,\"g\":0.04999998211860657,\"b\":0.09999997168779373,\"a\":1}},{\"Name\":\"ambientLight\",\"Rotation\":{\"x\":7.695121765136719,\"y\":318.866943359375,\"z\":347.70758056640625},\"Scale\":0.10000009834766388,\"Color\":{\"r\":0.09999997168779373,\"g\":0.09899996966123581,\"b\":0.06999997794628143,\"a\":1}}]}","requestorIsEditor":false,"requestorIsListEditor":false,"requestorIsOwner":false,"placements":[{"Id":"5d6698fc1667ac20a2db11b2","Tid":"5d6699a83301292798458c06","P":{"x":0.6271538734436035,"y":-0.2756277322769165,"z":0.32143914699554443},"R":{"x":0,"y":0,"z":0}},{"Id":"5d669e1d1ece50241c406ef3","Tid":"5e0529cbeba84f2a553eeea5","P":{"x":1.5884513854980469,"y":0.9108062982559204,"z":1.0312570333480835},"R":{"x":320.9058837890625,"y":322.2260437011719,"z":13.640496253967285}}],"serveTime":20}