{"ok":true,"areaId":"5873e356fde3a474132b372a","areaName":"djsan7's home","areaKey":"rr5873e35631ffc87413237570","areaCreatorId":"5873e356fde3a474132b3729","isPrivate":false,"isZeroGravity":false,"hasFloatingDust":false,"isCopyable":false,"onlyOwnerSetsLocks":false,"isExcluded":false,"_environmentType":"Snow","environmentChangersJSON":"{\"environmentChangers\":[{\"Name\":\"night\",\"Rotation\":{\"x\":354.61492919921875,\"y\":331.5378112792969,\"z\":5.310680389404297},\"Scale\":0.050000011920928955,\"Color\":{\"r\":0.03999999910593033,\"g\":0.049999967217445374,\"b\":0.09999994188547134,\"a\":1}}]}","requestorIsEditor":false,"requestorIsListEditor":false,"requestorIsOwner":false,"placements":[{"Id":"5873eb452a1d4c034025aad3","Tid":"5873eb45f03de0131014d728","P":{"x":3.945413112640381,"y":0.5901292562484741,"z":3.6073131561279297},"R":{"x":359.7439270019531,"y":313.96868896484375,"z":268.9293212890625}},{"Id":"5873eba02a1d4c034025aad4","Tid":"5873eba0286b361018d9b5c7","P":{"x":-0.9460773468017578,"y":1.6440778970718384,"z":0.00047713518142700195},"R":{"x":24.029020309448242,"y":254.13504028320312,"z":345.8026428222656}},{"Id":"5873ebde2a1d4c034025aad5","Tid":"5873ebde01bb646513a0a84c","P":{"x":0.6271538734436035,"y":-0.2756277322769165,"z":0.32143914699554443},"R":{"x":0,"y":0,"z":0}},{"Id":"5873ec192a1d4c034025aad6","Tid":"5873ec19e0cbfbf213be04af","P":{"x":3.5749168395996094,"y":1.2214008569717407,"z":1.3440427780151367},"R":{"x":24.6315860748291,"y":351.1787414550781,"z":189.1700439453125}}],"serveTime":22}