{"ok":true,"areaId":"60e5a65f679daa6ac48b1e34","areaName":"domce's home","areaKey":"rr60e5a65fd0f7106ac47a678e","areaCreatorId":"60e5a65f679daa6ac48b1e33","isPrivate":false,"isZeroGravity":false,"hasFloatingDust":false,"isCopyable":false,"onlyOwnerSetsLocks":false,"isExcluded":false,"_environmentType":"Day","environmentChangersJSON":"{\"environmentChangers\":[{\"Name\":\"night\",\"Rotation\":{\"x\":1.9820797443389893,\"y\":293.9253234863281,\"z\":358.9579772949219},\"Scale\":0.05000007525086403,\"Color\":{\"r\":0.03999999910593033,\"g\":0.04999998211860657,\"b\":0.09999997168779373,\"a\":1}},{\"Name\":\"fog\",\"Rotation\":{\"x\":9.060599327087402,\"y\":103.31570434570312,\"z\":243.35113525390625},\"Scale\":0.030000004917383194,\"Color\":{\"r\":0.09999997168779373,\"g\":0.09999997168779373,\"b\":0.09999997168779373,\"a\":1}}]}","requestorIsEditor":false,"requestorIsListEditor":false,"requestorIsOwner":false,"placements":[{"Id":"60e5a65fd0f7106ac47a678f","Tid":"000000000000000000000001","P":{"x":0.62715387344,"y":-0.275627732,"z":0.321439146995},"R":{"x":0,"y":0,"z":0},"A":[1]}],"serveTime":26}