{"ok":true,"areaId":"5c00fd81c8f9ed644c7518e0","areaName":"dtmanning's home","areaKey":"rr5c00fd81b7748a644cac0e62","areaCreatorId":"5c00fd81c8f9ed644c7518df","isPrivate":false,"isZeroGravity":false,"hasFloatingDust":false,"isCopyable":false,"onlyOwnerSetsLocks":false,"isExcluded":false,"environmentChangersJSON":"{\"environmentChangers\":[{\"Name\":\"SpikesVerySoft\",\"Rotation\":{\"x\":6.88189172744751,\"y\":103.8996353149414,\"z\":3.65286922454834},\"Scale\":0.02709197998046875,\"Color\":{\"r\":1,\"g\":1,\"b\":1,\"a\":1}}]}","requestorIsEditor":false,"requestorIsListEditor":false,"requestorIsOwner":false,"placements":[{"Id":"5c00fd81b7748a644cac0e63","Tid":"000000000000000000000001","P":{"x":0.62715387344,"y":-0.275627732,"z":0.321439146995},"R":{"x":0,"y":0,"z":0}},{"Id":"5c00ffbefc156653ec4b0c9f","Tid":"5c00ffbbc8f9ed644c7518e2","P":{"x":-0.07439154386520386,"y":1.7167832851409912,"z":-0.7479982376098633},"R":{"x":336.702392578125,"y":154.47372436523438,"z":304.70172119140625}}],"serveTime":10}