{"ok":true,"areaId":"58ffbaaad106766b426bad01","areaName":"ducks workshop","areaKey":"rr58ffbaaad2606c6b42eedf27","areaCreatorId":"5865273cbe80825c132858c6","isPrivate":false,"isZeroGravity":false,"hasFloatingDust":false,"isCopyable":false,"onlyOwnerSetsLocks":false,"isExcluded":false,"environmentChangersJSON":"{\"environmentChangers\":[{\"Name\":\"sun\",\"Rotation\":{\"x\":308.62664794921875,\"y\":164.089111328125,\"z\":320.2815246582031},\"Scale\":0.05000003054738045,\"Color\":{\"r\":1,\"g\":1,\"b\":1,\"a\":1}}]}","requestorIsEditor":false,"requestorIsListEditor":false,"requestorIsOwner":false,"placements":[{"Id":"58ffbaaad2606c6b42eedf28","Tid":"000000000000000000000001","P":{"x":0.62715387344,"y":-0.275627732,"z":0.321439146995},"R":{"x":0,"y":0,"z":0}},{"Id":"58ffbb6f6d3f8728c842c9fd","Tid":"590f551911e0c32f108d77b2","P":{"x":-0.4379199147224426,"y":0.5331778526306152,"z":1.6460899114608765},"R":{"x":283.29766845703125,"y":48.69965362548828,"z":290.3982849121094}}],"serveTime":21}