{"ok":true,"areaId":"5cac857c416401024d71285e","areaName":"echopanpan's home","areaKey":"rr5cac857ca12d4c024dae77ea","areaCreatorId":"5cac857c416401024d71285d","isPrivate":false,"isZeroGravity":false,"hasFloatingDust":false,"isCopyable":false,"onlyOwnerSetsLocks":false,"isExcluded":false,"environmentChangersJSON":"{\"environmentChangers\":[{\"Name\":\"ambientLight\",\"Rotation\":{\"x\":349.9687194824219,\"y\":17.630413055419922,\"z\":318.60687255859375},\"Scale\":0.10000000894069672,\"Color\":{\"r\":0.09999997168779373,\"g\":0.09899996966123581,\"b\":0.06999997794628143,\"a\":1}},{\"Name\":\"fog\",\"Rotation\":{\"x\":17.47160530090332,\"y\":22.271146774291992,\"z\":326.1915283203125},\"Scale\":0.030000006780028343,\"Color\":{\"r\":0.09999997168779373,\"g\":0.09999997168779373,\"b\":0.09999997168779373,\"a\":1}}]}","requestorIsEditor":false,"requestorIsListEditor":false,"requestorIsOwner":false,"placements":[{"Id":"5cac857ca12d4c024dae77eb","Tid":"000000000000000000000001","P":{"x":0.62715387344,"y":-0.275627732,"z":0.321439146995},"R":{"x":0,"y":0,"z":0}}],"serveTime":14}