{"ok":true,"areaId":"5a2b0058b59a0b2110481886","areaName":"eluc kenny mccormick's home","areaKey":"rr5a2b00586f818d211027434f","areaCreatorId":"5a2b0058b59a0b2110481885","isPrivate":false,"isZeroGravity":false,"hasFloatingDust":false,"isCopyable":false,"onlyOwnerSetsLocks":false,"isExcluded":false,"_environmentType":"Rain","environmentChangersJSON":"{\"environmentChangers\":[{\"Name\":\"ambientLight\",\"Rotation\":{\"x\":324.73077392578125,\"y\":103.02440643310547,\"z\":157.52137756347656},\"Scale\":0.09999992698431015,\"Color\":{\"r\":0.09999997168779373,\"g\":0.09899996966123581,\"b\":0.06999997794628143,\"a\":1}},{\"Name\":\"night\",\"Rotation\":{\"x\":80.66217803955078,\"y\":163.17686462402344,\"z\":89.75527954101562},\"Scale\":0.04999993368983269,\"Color\":{\"r\":0.03999999910593033,\"g\":0.04999998211860657,\"b\":0.09999997168779373,\"a\":1}},{\"Name\":\"sun\",\"Rotation\":{\"x\":5.2808518409729,\"y\":209.90872192382812,\"z\":176.05850219726562},\"Scale\":0.050000034272670746,\"Color\":{\"r\":1,\"g\":1,\"b\":1,\"a\":1}}]}","requestorIsEditor":false,"requestorIsListEditor":false,"requestorIsOwner":false,"placements":[{"Id":"5a2b00586f818d2110274350","Tid":"000000000000000000000001","P":{"x":0.62715387344,"y":-0.275627732,"z":0.321439146995},"R":{"x":0,"y":0,"z":0}},{"Id":"5a2b0097350d912c2448cccc","Tid":"5a2b0098543bc2ba13a6bd51","P":{"x":0.567071795463562,"y":0.7338759899139404,"z":-0.02625298500061035},"R":{"x":50.866554260253906,"y":197.77781677246094,"z":207.50311279296875}}],"serveTime":25}