{"ok":true,"areaId":"5c3ff0cb5606e0255ca687ec","areaName":"erickkach's home","areaKey":"rr5c3ff0cb493ec1255c9a7464","areaCreatorId":"5c3ff0cb5606e0255ca687eb","isPrivate":false,"isZeroGravity":false,"hasFloatingDust":false,"isCopyable":false,"onlyOwnerSetsLocks":false,"isExcluded":false,"environmentChangersJSON":"{\"environmentChangers\":[]}","requestorIsEditor":false,"requestorIsListEditor":false,"requestorIsOwner":false,"placements":[{"Id":"5c3ff0cb493ec1255c9a7465","Tid":"000000000000000000000001","P":{"x":7.582639694213867,"y":-4.601142883300781,"z":-7.817160606384277},"R":{"x":23.6463565826416,"y":29.613508224487305,"z":16.124305725097656},"S":1.259420394897461},{"Id":"5c3ff253f2b6a42148c3cbed","Tid":"5c3ff253069c9e1e05baafc6","P":{"x":-1.3102693557739258,"y":0.5167115330696106,"z":3.564838171005249},"R":{"x":338.115234375,"y":322.7987365722656,"z":66.03165435791016}},{"Id":"5c3ff262f2b6a42148c3cbee","Tid":"000000000000000000000001","P":{"x":0.7907154560089111,"y":-0.5699856877326965,"z":-0.15360701084136963},"R":{"x":57.19658279418945,"y":41.06019592285156,"z":40.912784576416016},"S":5.5703444480896},{"Id":"5c3ff26df2b6a42148c3cbef","Tid":"000000000000000000000001","P":{"x":0.6076714992523193,"y":0.47946876287460327,"z":-0.33587849140167236},"R":{"x":36.99586868286133,"y":331.3717346191406,"z":332.3394775390625},"S":14.313685417175293}],"serveTime":23}