{"ok":true,"areaId":"5acd8e28f710850fe9912cfc","areaName":"fickle's world","areaKey":"rr5acd8e28ace03e0fe9b030db","areaCreatorId":"5acd8d995ea07c338f9e46fc","isPrivate":false,"isZeroGravity":false,"hasFloatingDust":false,"isCopyable":false,"onlyOwnerSetsLocks":false,"isExcluded":false,"environmentChangersJSON":"{\"environmentChangers\":[{\"Name\":\"sun\",\"Rotation\":{\"x\":77.6394271850586,\"y\":88.37881469726562,\"z\":102.95756530761719},\"Scale\":0.04999999701976776,\"Color\":{\"r\":1,\"g\":1,\"b\":1,\"a\":1}},{\"Name\":\"night\",\"Rotation\":{\"x\":352.67474365234375,\"y\":326.4530944824219,\"z\":2.255946397781372},\"Scale\":0.05000001937150955,\"Color\":{\"r\":0.03999999910593033,\"g\":0.04999998211860657,\"b\":0.09999997168779373,\"a\":1}}]}","requestorIsEditor":false,"requestorIsListEditor":false,"requestorIsOwner":false,"placements":[{"Id":"5acd8e28ace03e0fe9b030dc","Tid":"000000000000000000000001","P":{"x":0.62715387344,"y":-0.275627732,"z":0.321439146995},"R":{"x":0,"y":0,"z":0}}],"serveTime":11}