{"thingDefinitions":[{"id":"625de65da26e3a1f7c8dbb68","def":"{\"v\":9,\"p\":[{\"b\":9,\"s\":[{\"p\":[0,0,0],\"r\":[0,0,-1.067217E-06],\"s\":[0.125,0.1250001,0.1250001],\"c\":[1,1,1]}]}]}"},{"id":"625de7a0219be91c4b0d2a8d","def":"{\"v\":9,\"p\":[{\"b\":5,\"s\":[{\"p\":[0,0,0],\"r\":[0,0,-8.537737E-07],\"s\":[0.1000001,0.1000001,0.1000001],\"c\":[1,1,1]}]}]}"}],"serveTime":3}