{"ok":true,"areaId":"5ce306574adee50e3024586f","areaName":"gamex5578's home","areaKey":"rr5ce30657358db40e309a95e5","areaCreatorId":"5ce306574adee50e3024586e","isPrivate":false,"isZeroGravity":false,"hasFloatingDust":false,"isCopyable":false,"onlyOwnerSetsLocks":false,"isExcluded":false,"_environmentType":"Day","environmentChangersJSON":"{\"environmentChangers\":[{\"Name\":\"night\",\"Rotation\":{\"x\":1.6241406202316284,\"y\":7.22409725189209,\"z\":356.8699951171875},\"Scale\":0.05000000074505806,\"Color\":{\"r\":0.11111099272966385,\"g\":0.11111099272966385,\"b\":0.11111099272966385,\"a\":1}},{\"Name\":\"sun\",\"Rotation\":{\"x\":90,\"y\":0,\"z\":0},\"Scale\":0.05000000074505806,\"Color\":{\"r\":1,\"g\":1,\"b\":1,\"a\":1}}]}","requestorIsEditor":false,"requestorIsListEditor":false,"requestorIsOwner":false,"placements":[{"Id":"5ce30657358db40e309a95e6","Tid":"000000000000000000000001","P":{"x":0.62715387344,"y":-0.275627732,"z":0.321439146995},"R":{"x":0,"y":0,"z":0}}],"serveTime":31}