{"ok":true,"areaId":"5d2a4c30c3e7ae077461a87a","areaName":"greenthunder's home","areaKey":"rr5d2a4c30d5a7fd0774929f56","areaCreatorId":"5d2a4c30c3e7ae077461a879","isPrivate":false,"isZeroGravity":false,"hasFloatingDust":false,"isCopyable":false,"onlyOwnerSetsLocks":false,"isExcluded":false,"environmentChangersJSON":"{\"environmentChangers\":[{\"Name\":\"ambientLight\",\"Rotation\":{\"x\":296.5129699707031,\"y\":211.22561645507812,\"z\":116.09483337402344},\"Scale\":0.10000023990869522,\"Color\":{\"r\":0.09999997168779373,\"g\":0.09899996966123581,\"b\":0.06999997794628143,\"a\":1}},{\"Name\":\"night\",\"Rotation\":{\"x\":359.49078369140625,\"y\":347.22857666015625,\"z\":354.58697509765625},\"Scale\":0.05000001937150955,\"Color\":{\"r\":0.03999999910593033,\"g\":0.04999998211860657,\"b\":0.09999997168779373,\"a\":1}}]}","requestorIsEditor":false,"requestorIsListEditor":false,"requestorIsOwner":false,"placements":[{"Id":"5d2a4dcd012b63002036d6b6","Tid":"5d2a4dccc3e7ae077461a87c","P":{"x":0.597893238067627,"y":0.7816749811172485,"z":4.098103046417236},"R":{"x":0,"y":0.000010017913155024871,"z":90},"S":1.0001},{"Id":"5d2a4e4bfad2d3430ca27c07","Tid":"5d2a4e498814fc062728b2fe","P":{"x":0.5158936977386475,"y":0.031277962028980255,"z":-0.10899418592453003},"R":{"x":270,"y":0.00001001791224553017,"z":0}},{"Id":"5d2a4e89012b63002036d6b7","Tid":"5d2a4e8849c99a0763e4889f","P":{"x":0.5996809005737305,"y":0.170710951089859,"z":0.11723864078521729},"R":{"x":277.68017578125,"y":264.582763671875,"z":191.26206970214844}}],"serveTime":21111}