{"ok":true,"areaId":"5cf5db217b3b97062e1b7d5f","areaName":"grify  kat 's home","areaKey":"rr5cf5db211f9d8e062e8b06c5","areaCreatorId":"5cf5db217b3b97062e1b7d5e","isPrivate":false,"isZeroGravity":false,"hasFloatingDust":false,"isCopyable":false,"onlyOwnerSetsLocks":false,"isExcluded":false,"_environmentType":"Waves4","environmentChangersJSON":"{\"environmentChangers\":[{\"Name\":\"ambientLight\",\"Rotation\":{\"x\":336.9100036621094,\"y\":355.68695068359375,\"z\":27.5584774017334},\"Scale\":0.09999999403953552,\"Color\":{\"r\":0.09999997168779373,\"g\":0.09899996966123581,\"b\":0.06999997794628143,\"a\":1}},{\"Name\":\"night\",\"Rotation\":{\"x\":345.2952880859375,\"y\":10.550093650817871,\"z\":49.721435546875},\"Scale\":0.050000015646219254,\"Color\":{\"r\":0.03999999910593033,\"g\":0.04999998211860657,\"b\":0.09999997168779373,\"a\":1}},{\"Name\":\"sun\",\"Rotation\":{\"x\":69.71551513671875,\"y\":136.71670532226562,\"z\":151.47998046875},\"Scale\":0.05000000819563866,\"Color\":{\"r\":1,\"g\":1,\"b\":1,\"a\":1}}]}","requestorIsEditor":false,"requestorIsListEditor":false,"requestorIsOwner":false,"placements":[{"Id":"5cf5db211f9d8e062e8b06c6","Tid":"000000000000000000000001","P":{"x":0.62715387344,"y":-0.275627732,"z":0.321439146995},"R":{"x":0,"y":0,"z":0}}],"serveTime":24}