{"ok":true,"areaId":"5ff9ef8ea1e2a9762d8aaea5","areaName":"hamxlapje's home","areaKey":"rr5ff9ef8e574df9762db73d8e","areaCreatorId":"5ff9ef8ea1e2a9762d8aaea4","isPrivate":false,"isZeroGravity":false,"hasFloatingDust":false,"isCopyable":false,"onlyOwnerSetsLocks":false,"isExcluded":false,"_environmentType":"Day","environmentChangersJSON":"{\"environmentChangers\":[{\"Name\":\"ambientLight\",\"Rotation\":{\"x\":343.73089599609375,\"y\":24.876779556274414,\"z\":4.982999801635742},\"Scale\":0.1000000387430191,\"Color\":{\"r\":0.09999997168779373,\"g\":0.09899996966123581,\"b\":0.06999997794628143,\"a\":1}},{\"Name\":\"night\",\"Rotation\":{\"x\":6.247286796569824,\"y\":336.3940734863281,\"z\":42.44832992553711},\"Scale\":0.05000001937150955,\"Color\":{\"r\":0.03999999910593033,\"g\":0.04999998211860657,\"b\":0.09999997168779373,\"a\":1}},{\"Name\":\"clouds\",\"Rotation\":{\"x\":300.2785949707031,\"y\":234.57424926757812,\"z\":228.99417114257812},\"Scale\":0.010000006295740604,\"Color\":{\"r\":1,\"g\":1,\"b\":1,\"a\":1}},{\"Name\":\"sun\",\"Rotation\":{\"x\":83.35967254638672,\"y\":35.51310348510742,\"z\":293.5210876464844},\"Scale\":0.050000209361314774,\"Color\":{\"r\":1,\"g\":1,\"b\":1,\"a\":1}}]}","requestorIsEditor":false,"requestorIsListEditor":false,"requestorIsOwner":false,"placements":[{"Id":"5ff9ef8e574df9762db73d8f","Tid":"000000000000000000000001","P":{"x":0.62715387344,"y":-0.275627732,"z":0.321439146995},"R":{"x":0,"y":0,"z":0},"A":[1]}],"serveTime":16}