{"ok":true,"areaId":"5ca26219d7b72d3b2abdac68","areaName":"hohungtad's home","areaKey":"rr5ca26219eff6f13b2a93e1a5","areaCreatorId":"5ca26219d7b72d3b2abdac67","isPrivate":false,"isZeroGravity":false,"hasFloatingDust":false,"isCopyable":false,"onlyOwnerSetsLocks":false,"isExcluded":false,"environmentChangersJSON":"{\"environmentChangers\":[]}","requestorIsEditor":false,"requestorIsListEditor":false,"requestorIsOwner":false,"placements":[{"Id":"5ca26219eff6f13b2a93e1a6","Tid":"000000000000000000000001","P":{"x":0.62715387344,"y":-0.275627732,"z":0.321439146995},"R":{"x":0,"y":0,"z":0}},{"Id":"5ca262dc18e0680948ecb96a","Tid":"5ca262dbbd0b0805666bbabb","P":{"x":1.600083589553833,"y":1.1461787223815918,"z":0.7239487171173096},"R":{"x":3.1604456901550293,"y":91.171630859375,"z":358.5298767089844},"S":1.000000238418579},{"Id":"5ca2636618e0680948ecb96b","Tid":"5ca263656af1a777c718b238","P":{"x":1.068455457687378,"y":1.2549536228179932,"z":1.2653157711029053},"R":{"x":358.4415283203125,"y":40.41511917114258,"z":15.423921585083008},"S":1.0000011920928955},{"Id":"5ca263d118e0680948ecb96c","Tid":"5ca263cffa4a2a65d408c8fc","P":{"x":1.5985366106033325,"y":1.026203989982605,"z":0.7429217100143433},"R":{"x":85.18281555175781,"y":348.24383544921875,"z":297.4280700683594}}],"serveTime":21}