{"ok":true,"areaId":"5a970846053d943764a34d7d","areaName":"hoix's home","areaKey":"rr5a970846cf701b3764970db0","areaCreatorId":"5a970846053d943764a34d7c","isPrivate":false,"isZeroGravity":false,"hasFloatingDust":false,"isCopyable":false,"onlyOwnerSetsLocks":false,"isExcluded":false,"_environmentType":"Rain","environmentChangersJSON":"{\"environmentChangers\":[{\"Name\":\"ambientLight\",\"Rotation\":{\"x\":354.1920166015625,\"y\":353.73065185546875,\"z\":0.8058882355690002},\"Scale\":0.10000002384185791,\"Color\":{\"r\":0.09999997168779373,\"g\":0.09899996966123581,\"b\":0.06999997794628143,\"a\":1}},{\"Name\":\"night\",\"Rotation\":{\"x\":355.24298095703125,\"y\":10.582133293151855,\"z\":352.69598388671875},\"Scale\":0.05000001937150955,\"Color\":{\"r\":0.03999999910593033,\"g\":0.04999998211860657,\"b\":0.09999997168779373,\"a\":1}},{\"Name\":\"sun\",\"Rotation\":{\"x\":347.3526306152344,\"y\":171.26373291015625,\"z\":208.87570190429688},\"Scale\":0.050000011920928955,\"Color\":{\"r\":1,\"g\":1,\"b\":1,\"a\":1}}]}","requestorIsEditor":false,"requestorIsListEditor":false,"requestorIsOwner":false,"placements":[{"Id":"5a970846cf701b3764970db1","Tid":"000000000000000000000001","P":{"x":0.6290805339813232,"y":-0.27523934841156006,"z":0.310634970664978},"R":{"x":0.029853155836462975,"y":0.8738406896591187,"z":0.17331916093826294}},{"Id":"5a9709299757611f2478511b","Tid":"5a970928ff01b1c713b423e3","P":{"x":-0.5363792181015015,"y":1.163866639137268,"z":-0.0917150229215622},"R":{"x":290.50909423828125,"y":275.6463623046875,"z":353.601806640625}}],"serveTime":27}