{"thingDefinitions":[{"id":"600e03a2ed4aca05473c8863","def":"{\"v\":9,\"p\":[{\"b\":17,\"s\":[{\"p\":[0,0,0],\"r\":[0,0,-5.336085E-08],\"s\":[0.06000012,0.06000005,0.0600001],\"c\":[1,1,1]}]},{\"b\":13,\"s\":[{\"p\":[-0.01656799,0.06491132,0.151937],\"r\":[329.7137,343.4329,0.0135736],\"s\":[0.06000007,0.06000004,0.06000004],\"c\":[1,1,1]}]},{\"b\":79,\"s\":[{\"p\":[-0.03729279,0.1485693,0.2829773],\"r\":[6.54097,248.3199,113.5401],\"s\":[0.07500008,0.0750001,0.07500014],\"c\":[1,1,1]}]}]}"}],"serveTime":5}