{"ok":true,"areaId":"5cec6c0114344052a51b7844","areaName":"home 2790","areaKey":"rr5cec6c0142f9da52a5e48c20","areaCreatorId":"5cec6c0114344052a51b7843","isPrivate":false,"isZeroGravity":false,"hasFloatingDust":false,"isCopyable":false,"onlyOwnerSetsLocks":false,"isExcluded":false,"_environmentType":"Default","environmentChangersJSON":"{\"environmentChangers\":[{\"Name\":\"ambientLight\",\"Rotation\":{\"x\":309.7679138183594,\"y\":311.2561950683594,\"z\":63.1338996887207},\"Scale\":0.10000000894069672,\"Color\":{\"r\":0.09999997168779373,\"g\":0.09899996966123581,\"b\":0.06999997794628143,\"a\":1}},{\"Name\":\"sun\",\"Rotation\":{\"x\":358.066650390625,\"y\":261.627197265625,\"z\":325.5377502441406},\"Scale\":0.050000082701444626,\"Color\":{\"r\":1,\"g\":1,\"b\":1,\"a\":1}},{\"Name\":\"night\",\"Rotation\":{\"x\":313.92279052734375,\"y\":299.7774658203125,\"z\":16.522584915161133},\"Scale\":0.050000086426734924,\"Color\":{\"r\":0.03999999910593033,\"g\":0.04999998211860657,\"b\":0.09999997168779373,\"a\":1}}]}","requestorIsEditor":false,"requestorIsListEditor":false,"requestorIsOwner":false,"placements":[{"Id":"5cec6ec1a39fa32cac4f33e7","Tid":"000000000000000000000001","P":{"x":0.444566011428833,"y":-0.337260901927948,"z":0.44082146883010864},"R":{"x":356.915771484375,"y":21.231992721557617,"z":354.8334655761719}}],"serveTime":70}