{"ok":true,"areaId":"5c24f294ad6b9c6e49e2c500","areaName":"home 2548","areaKey":"rr5c24f294d7c7206e495fe4ee","areaCreatorId":"5c24f294ad6b9c6e49e2c4ff","isPrivate":false,"isZeroGravity":false,"hasFloatingDust":false,"isCopyable":false,"onlyOwnerSetsLocks":false,"isExcluded":false,"_environmentType":"Day","environmentChangersJSON":"{\"environmentChangers\":[{\"Name\":\"ambientLight\",\"Rotation\":{\"x\":354.9581298828125,\"y\":50.74856185913086,\"z\":176.40708923339844},\"Scale\":0.10000001639127731,\"Color\":{\"r\":0.09999997168779373,\"g\":0.09899996966123581,\"b\":0.06999997794628143,\"a\":1}},{\"Name\":\"clouds\",\"Rotation\":{\"x\":346.64208984375,\"y\":5.878567218780518,\"z\":358.155029296875},\"Scale\":0.009999998845160007,\"Color\":{\"r\":1,\"g\":1,\"b\":1,\"a\":1}}]}","requestorIsEditor":false,"requestorIsListEditor":false,"requestorIsOwner":false,"placements":[{"Id":"5c24f294d7c7206e495fe4ef","Tid":"000000000000000000000001","P":{"x":0.62715387344,"y":-0.275627732,"z":0.321439146995},"R":{"x":0,"y":0,"z":0}},{"Id":"5c24f2ceb2da58191c54e727","Tid":"5c24f2ce285ab86f59fd654f","P":{"x":-0.20159073173999786,"y":1.3386467695236206,"z":0.14842768013477325},"R":{"x":354.2196044921875,"y":14.636334419250488,"z":240.66603088378906},"S":1.0000003576278687},{"Id":"5c24f475b2da58191c54e729","Tid":"5c24f4756e3e726e4f8984e8","P":{"x":-0.4564918577671051,"y":1.1112383604049683,"z":-0.4917728304862976},"R":{"x":352.1083679199219,"y":219.4888458251953,"z":271.94403076171875},"S":1.000000238418579}],"serveTime":239}