{"ok":true,"areaId":"60d7094fdd2bb10520e4e93b","areaName":"home 3283","areaKey":"rr60d7094f4ef648052070ae5a","areaCreatorId":"60d7094fdd2bb10520e4e93a","isPrivate":false,"isZeroGravity":false,"hasFloatingDust":false,"isCopyable":false,"onlyOwnerSetsLocks":false,"isExcluded":false,"environmentChangersJSON":"{\"environmentChangers\":[{\"Name\":\"sun\",\"Rotation\":{\"x\":316.88165283203125,\"y\":96.16284942626953,\"z\":50.39916229248047},\"Scale\":0.05000012367963791,\"Color\":{\"r\":1,\"g\":1,\"b\":1,\"a\":1}}]}","requestorIsEditor":false,"requestorIsListEditor":false,"requestorIsOwner":false,"placements":[{"Id":"60d7094f4ef648052070ae5b","Tid":"000000000000000000000001","P":{"x":0.62715387344,"y":-0.275627732,"z":0.321439146995},"R":{"x":0,"y":0,"z":0},"A":[1]}],"serveTime":19}