{"ok":true,"areaId":"5c75cf01288cc30552eca3ef","areaName":"home 2649","areaKey":"rr5c75cf014b31960552f62811","areaCreatorId":"5c75cf01288cc30552eca3ee","isPrivate":false,"isZeroGravity":false,"hasFloatingDust":false,"isCopyable":false,"onlyOwnerSetsLocks":false,"isExcluded":false,"environmentChangersJSON":"{\"environmentChangers\":[{\"Name\":\"sun\",\"Rotation\":{\"x\":77.17654418945312,\"y\":73.49742126464844,\"z\":82.87989807128906},\"Scale\":0.05000000819563866,\"Color\":{\"r\":1,\"g\":1,\"b\":1,\"a\":1}}]}","requestorIsEditor":false,"requestorIsListEditor":false,"requestorIsOwner":false,"placements":[{"Id":"5c75cf014b31960552f62812","Tid":"000000000000000000000001","P":{"x":0.6271538734436035,"y":-0.2756277322769165,"z":0.32143914699554443},"R":{"x":0,"y":0,"z":0},"S":0.05000000074505806}],"serveTime":15}