{"ok":true,"areaId":"634f06b86d0e175a2679f665","areaName":"home 3407","areaKey":"rr634f06b8d1c2305a26173d86","areaCreatorId":"634f06b86d0e175a2679f664","isPrivate":false,"isZeroGravity":false,"hasFloatingDust":false,"isCopyable":false,"onlyOwnerSetsLocks":false,"isExcluded":false,"_environmentType":"Default","environmentChangersJSON":"{\"environmentChangers\":[{\"Name\":\"night\",\"Rotation\":{\"x\":13.274737358093262,\"y\":352.4103088378906,\"z\":2.4552650451660156},\"Scale\":0.04999992996454239,\"Color\":{\"r\":0.03999999910593033,\"g\":0.04999998211860657,\"b\":0.09999997168779373,\"a\":1}}]}","requestorIsEditor":false,"requestorIsListEditor":false,"requestorIsOwner":false,"placements":[{"Id":"634f06b8d1c2305a26173d87","Tid":"000000000000000000000001","P":{"x":0.62715387344,"y":-0.275627732,"z":0.321439146995},"R":{"x":0,"y":0,"z":0},"A":[1]},{"Id":"634f09bf012b633a50c0ae33","Tid":"634f0791eb599c6a45d69357","P":{"x":-2.9165947437286377,"y":0.976493239402771,"z":0.7426212430000305},"R":{"x":46.724403381347656,"y":172.0279083251953,"z":34.035884857177734},"A":[]},{"Id":"634f0a521e67122768011ab3","Tid":"634f0a5e5f2b725a24f1d7e5","P":{"x":-3.0084338188171387,"y":1.1560487747192383,"z":0.5660651922225952},"R":{"x":309.5206298828125,"y":309.4473876953125,"z":318.4499816894531},"A":[]},{"Id":"634f0a961e67122768011ab4","Tid":"5af9f7a3960df23a854ba46d","P":{"x":-2.40628981590271,"y":1.1720314025878906,"z":1.2899932861328125},"R":{"x":0.000010017914064519573,"y":90,"z":0.000010017913155024871},"S":1.0002,"A":[]}],"serveTime":12}