{"ok":true,"areaId":"5cf3549c5202d9062dd49a9e","areaName":"home 2797","areaKey":"rr5cf3549c8cbb0d062dd4d745","areaCreatorId":"5cf3549c5202d9062dd49a9d","isPrivate":false,"isZeroGravity":false,"hasFloatingDust":false,"isCopyable":false,"onlyOwnerSetsLocks":false,"isExcluded":false,"environmentChangersJSON":"{\"environmentChangers\":[{\"Name\":\"fog\",\"Rotation\":{\"x\":333.1618347167969,\"y\":14.408355712890625,\"z\":332.948974609375},\"Scale\":0.029999997466802597,\"Color\":{\"r\":0.09999997168779373,\"g\":0.09999997168779373,\"b\":0.09999997168779373,\"a\":1}},{\"Name\":\"sun\",\"Rotation\":{\"x\":88.32112121582031,\"y\":297.63653564453125,\"z\":309.49664306640625},\"Scale\":0.05000000074505806,\"Color\":{\"r\":1,\"g\":1,\"b\":1,\"a\":1}}]}","requestorIsEditor":false,"requestorIsListEditor":false,"requestorIsOwner":false,"placements":[{"Id":"5cf3549c8cbb0d062dd4d746","Tid":"000000000000000000000001","P":{"x":0.6271538734436035,"y":-0.2756277322769165,"z":0.32143914699554443},"R":{"x":0,"y":0,"z":0},"S":0.05}],"serveTime":24}