{"ok":true,"areaId":"63cd49783393a105cfe4b636","areaName":"home 3427","areaKey":"rr63cd4978954bbf05cf3c4b39","areaCreatorId":"63cd49783393a105cfe4b635","isPrivate":false,"isZeroGravity":false,"hasFloatingDust":false,"isCopyable":false,"onlyOwnerSetsLocks":false,"isExcluded":false,"environmentChangersJSON":"{\"environmentChangers\":[{\"Name\":\"night\",\"Rotation\":{\"x\":357.36962890625,\"y\":357.3655090332031,\"z\":356.6344909667969},\"Scale\":0.04999993368983269,\"Color\":{\"r\":0.03999999910593033,\"g\":0.04999998211860657,\"b\":0.09999997168779373,\"a\":1}}]}","requestorIsEditor":false,"requestorIsListEditor":false,"requestorIsOwner":false,"placements":[{"Id":"63cd4978954bbf05cf3c4b3a","Tid":"000000000000000000000001","P":{"x":0.62715387344,"y":-0.275627732,"z":0.321439146995},"R":{"x":0,"y":0,"z":0},"A":[1]}],"serveTime":17}