{"ok":true,"areaId":"5a7ba62b926153f50f5fe077","areaName":"home 2140","areaKey":"rr5a7ba62b7d3089f50f2d001c","areaCreatorId":"5a7ba62b926153f50f5fe076","isPrivate":false,"isZeroGravity":false,"hasFloatingDust":false,"isCopyable":false,"onlyOwnerSetsLocks":false,"isExcluded":false,"environmentChangersJSON":"{\"environmentChangers\":[{\"Name\":\"night\",\"Rotation\":{\"x\":6.268174171447754,\"y\":359.2037658691406,\"z\":0.14706245064735413},\"Scale\":0.050000015646219254,\"Color\":{\"r\":0.03999999910593033,\"g\":0.04999998211860657,\"b\":0.09999997168779373,\"a\":1}}]}","requestorIsEditor":false,"requestorIsListEditor":false,"requestorIsOwner":false,"placements":[{"Id":"5a7ba62b7d3089f50f2d001d","Tid":"000000000000000000000001","P":{"x":-0.07462632656097412,"y":-0.508052408695221,"z":0.8369882106781006},"R":{"x":357.6201477050781,"y":47.865989685058594,"z":5.928934574127197}}],"serveTime":260}