{"ok":true,"areaId":"5a21b5955df9ff5e28482503","areaName":"home 1989","areaKey":"rr5a21b595ede41d5e2843d143","areaCreatorId":"5a21b5955df9ff5e28482502","isPrivate":false,"isZeroGravity":false,"hasFloatingDust":false,"isCopyable":false,"onlyOwnerSetsLocks":false,"isExcluded":false,"_environmentType":"Day","environmentChangersJSON":"{\"environmentChangers\":[{\"Name\":\"sun\",\"Rotation\":{\"x\":291.60260009765625,\"y\":145.8517608642578,\"z\":58.17761993408203},\"Scale\":0.05000000447034836,\"Color\":{\"r\":1,\"g\":1,\"b\":1,\"a\":1}},{\"Name\":\"ambientLight\",\"Rotation\":{\"x\":19.817890167236328,\"y\":5.073724746704102,\"z\":57.64080047607422},\"Scale\":0.10000022500753403,\"Color\":{\"r\":0.09999997168779373,\"g\":0.09899996966123581,\"b\":0.06999997794628143,\"a\":1}},{\"Name\":\"night\",\"Rotation\":{\"x\":359.9612731933594,\"y\":323.9925537109375,\"z\":274.99298095703125},\"Scale\":0.0500001423060894,\"Color\":{\"r\":0.03999999910593033,\"g\":0.04999998211860657,\"b\":0.09999997168779373,\"a\":1}},{\"Name\":\"fog\",\"Rotation\":{\"x\":293.2910461425781,\"y\":83.0248031616211,\"z\":11.998251914978027},\"Scale\":0.03000004030764103,\"Color\":{\"r\":0.09999997168779373,\"g\":0.09999997168779373,\"b\":0.09999997168779373,\"a\":1}}]}","requestorIsEditor":false,"requestorIsListEditor":false,"requestorIsOwner":false,"placements":[{"Id":"5a21b595ede41d5e2843d144","Tid":"000000000000000000000001","P":{"x":0.62715387344,"y":-0.275627732,"z":0.321439146995},"R":{"x":0,"y":0,"z":0}}],"serveTime":87}