{"thingDefinitions":[{"id":"6050373c8f6183163525bde4","def":"{\"v\":9,\"p\":[{\"b\":12,\"s\":[{\"p\":[0.02219789,-0.05595125,0.04607778],\"r\":[0.008419577,358.5818,2.172759],\"s\":[0.0439735,0.06000029,0.5486444],\"c\":[1,1,1]}]},{\"b\":139,\"e\":\"MY LITTLE PLACE\",\"s\":[{\"p\":[-0.01254683,0.06373085,-0.4296838],\"r\":[88.2423,185.1504,277.1953],\"s\":[0.007480015,0.007479986,0.007480019],\"c\":[1,1,1]},{\"p\":[-0.01254683,0.06373085,-0.4296838],\"r\":[88.2423,185.1504,277.1953],\"s\":[0.007480015,0.007479986,0.007480019],\"c\":[1,1,1]},{\"p\":[-0.01254683,0.06373085,-0.4296838],\"r\":[88.24253,185.1504,277.1953],\"s\":[0.007480015,0.007479986,0.007480019],\"c\":[1,1,1]}]}]}"}],"serveTime":5}