{"ok":true,"areaId":"581a74724324576c134fc3b4","areaName":"idk bung my boose","areaKey":"rr581a7472d8c3af6c13edbbe7","areaCreatorId":"581424bf181a23e70f6273e9","isPrivate":false,"isZeroGravity":false,"hasFloatingDust":false,"isCopyable":false,"onlyOwnerSetsLocks":false,"isExcluded":false,"environmentChangersJSON":"{\"environmentChangers\":[{\"Name\":\"sun\",\"Rotation\":{\"x\":355.4105529785156,\"y\":67.51571655273438,\"z\":127.1699447631836},\"Scale\":0.05000006780028343,\"Color\":{\"r\":1,\"g\":1,\"b\":1,\"a\":1}}]}","requestorIsEditor":false,"requestorIsListEditor":false,"requestorIsOwner":false,"placements":[{"Id":"581a7472d8c3af6c13edbbe8","Tid":"000000000000000000000001","P":{"x":0.62715387344,"y":-0.275627732,"z":0.321439146995},"R":{"x":0,"y":0,"z":0}},{"Id":"581a761fa70cde1c30292a8e","Tid":"581a76963775e37013bb67be","P":{"x":3.861499309539795,"y":0.5710418224334717,"z":2.074249029159546},"R":{"x":275.9892578125,"y":62.97734832763672,"z":347.65435791015625}}],"serveTime":13}