{"ok":true,"areaId":"5c8016756194b6055d739055","areaName":"igory's home","areaKey":"rr5c80167522b8c7055d5adbd5","areaCreatorId":"5c8016756194b6055d739054","isPrivate":false,"isZeroGravity":false,"hasFloatingDust":false,"isCopyable":false,"onlyOwnerSetsLocks":false,"isExcluded":false,"environmentChangersJSON":"{\"environmentChangers\":[{\"Name\":\"ambientLight\",\"Rotation\":{\"x\":50.01129150390625,\"y\":129.6284942626953,\"z\":276.29327392578125},\"Scale\":0.10000019520521164,\"Color\":{\"r\":0.09999997168779373,\"g\":0.09899996966123581,\"b\":0.06999997794628143,\"a\":1}}]}","requestorIsEditor":false,"requestorIsListEditor":false,"requestorIsOwner":false,"placements":[{"Id":"5c80167522b8c7055d5adbd6","Tid":"000000000000000000000001","P":{"x":0.62715387344,"y":-0.275627732,"z":0.321439146995},"R":{"x":0,"y":0,"z":0}},{"Id":"5c8016dc7d24c018c83d3f9b","Tid":"5c8016db1a77eb4151f07025","P":{"x":0.9506686925888062,"y":0.9662702083587646,"z":0.18718959391117096},"R":{"x":29.104276657104492,"y":73.62064361572266,"z":14.117505073547363},"S":1.000000238418579}],"serveTime":13}