{"ok":true,"areaId":"5c5b06b7513c2b109f8d3c63","areaName":"iirazeii's home","areaKey":"rr5c5b06b7a145cf109f50810e","areaCreatorId":"5c5b06b7513c2b109f8d3c62","isPrivate":false,"isZeroGravity":false,"hasFloatingDust":false,"isCopyable":false,"onlyOwnerSetsLocks":false,"isExcluded":false,"environmentChangersJSON":"{\"environmentChangers\":[]}","requestorIsEditor":false,"requestorIsListEditor":false,"requestorIsOwner":false,"placements":[{"Id":"5c5b06b7a145cf109f50810f","Tid":"000000000000000000000001","P":{"x":0.62715387344,"y":-0.275627732,"z":0.321439146995},"R":{"x":0,"y":0,"z":0}},{"Id":"5c5b26258a30903ba8f78a46","Tid":"5c5b26237427fe0556ab32e0","P":{"x":1.078945517539978,"y":1.4759094715118408,"z":0.19243669509887695},"R":{"x":333.97796630859375,"y":113.7811279296875,"z":327.7986755371094},"S":1.0000003576278687},{"Id":"5c5b2af58a30903ba8f78a49","Tid":"5c5b2af2461dac5cec4eaef7","P":{"x":0.15336476266384125,"y":1.4879716634750366,"z":-0.5969886779785156},"R":{"x":12.916840553283691,"y":31.939123153686523,"z":162.26246643066406},"S":1.0000052452087402},{"Id":"5c5c66bf8a309033f8571b28","Tid":"5c5c66ba590c5059c6ca66a9","P":{"x":0.3582327961921692,"y":1.9203741550445557,"z":0.09850240498781204},"R":{"x":281.6883544921875,"y":70.58097839355469,"z":356.42474365234375},"S":1.000000238418579}],"serveTime":12}