{"ok":true,"areaId":"5bcffe1be5572627488cc5fd","areaName":"immersion entertainment's home","areaKey":"rr5bcffe1b0ce25427487bd6d9","areaCreatorId":"5bcffe1be5572627488cc5fc","isPrivate":false,"isZeroGravity":false,"hasFloatingDust":false,"isCopyable":false,"onlyOwnerSetsLocks":false,"isExcluded":false,"_environmentType":"Day","environmentChangersJSON":"{\"environmentChangers\":[{\"Name\":\"sun\",\"Rotation\":{\"x\":347.1913146972656,\"y\":338.50439453125,\"z\":260.666259765625},\"Scale\":0.05000004544854164,\"Color\":{\"r\":1,\"g\":1,\"b\":1,\"a\":1}}]}","requestorIsEditor":false,"requestorIsListEditor":false,"requestorIsOwner":false,"placements":[{"Id":"5bcffe1b0ce25427487bd6da","Tid":"000000000000000000000001","P":{"x":0.6508197784423828,"y":-0.2524373531341553,"z":0.29966089129447937},"R":{"x":356.73565673828125,"y":5.751755714416504,"z":359.09454345703125},"S":0.9400001764297485},{"Id":"5bd0296e0e9adf3bcca8937f","Tid":"5bcfff44f393013a06f2b751","P":{"x":0.7973676919937134,"y":1.4430392980575562,"z":0.7687775492668152},"R":{"x":304.4752197265625,"y":359.10516357421875,"z":341.3927001953125},"S":1.0000001192092896},{"Id":"5bd029970e9adf3bcca89380","Tid":"5bcfff44f393013a06f2b751","P":{"x":2.183619499206543,"y":0.9273611307144165,"z":0.2739284038543701},"R":{"x":344.11346435546875,"y":114.93038940429688,"z":335.8212585449219},"S":1.0000015497207642}],"serveTime":24}