{"ok":true,"areaId":"5c8c83071126c21f93e49dd9","areaName":"indigo frmont's home","areaKey":"rr5c8c83072e2da71f93643b50","areaCreatorId":"5c8c83071126c21f93e49dd8","isPrivate":false,"isZeroGravity":false,"hasFloatingDust":false,"isCopyable":false,"onlyOwnerSetsLocks":false,"isExcluded":false,"environmentChangersJSON":"{\"environmentChangers\":[{\"Name\":\"ambientLight\",\"Rotation\":{\"x\":19.53776741027832,\"y\":229.818115234375,\"z\":8.259222984313965},\"Scale\":0.1000000536441803,\"Color\":{\"r\":0.09999997168779373,\"g\":0.09899996966123581,\"b\":0.06999997794628143,\"a\":1}},{\"Name\":\"night\",\"Rotation\":{\"x\":31.07286262512207,\"y\":296.82745361328125,\"z\":356.55810546875},\"Scale\":0.05000001937150955,\"Color\":{\"r\":0.03999999910593033,\"g\":0.04999998211860657,\"b\":0.09999997168779373,\"a\":1}},{\"Name\":\"sun\",\"Rotation\":{\"x\":86.76517486572266,\"y\":71.35485076904297,\"z\":49.633644104003906},\"Scale\":0.05000002682209015,\"Color\":{\"r\":1,\"g\":1,\"b\":1,\"a\":1}},{\"Name\":\"fog\",\"Rotation\":{\"x\":46.50135040283203,\"y\":148.90762329101562,\"z\":70.17665100097656},\"Scale\":0.030000006780028343,\"Color\":{\"r\":0.09999997168779373,\"g\":0.09999997168779373,\"b\":0.09999997168779373,\"a\":1}}]}","requestorIsEditor":false,"requestorIsListEditor":false,"requestorIsOwner":false,"placements":[{"Id":"5c8c83072e2da71f93643b51","Tid":"000000000000000000000001","P":{"x":0.62715387344,"y":-0.275627732,"z":0.321439146995},"R":{"x":0,"y":0,"z":0}}],"serveTime":11}