{"ok":true,"areaId":"59ed296bd5f77c1b105786c5","areaName":"jimb 0's home","areaKey":"rr59ed296b2bf5611b102d5a01","areaCreatorId":"59ed296bd5f77c1b105786c4","isPrivate":false,"isZeroGravity":false,"hasFloatingDust":false,"isCopyable":false,"onlyOwnerSetsLocks":false,"isExcluded":false,"_environmentType":"Waves","environmentChangersJSON":"{\"environmentChangers\":[{\"Name\":\"night\",\"Rotation\":{\"x\":2.4059386253356934,\"y\":347.1948547363281,\"z\":12.13611125946045},\"Scale\":0.050000015646219254,\"Color\":{\"r\":0.03999999910593033,\"g\":0.04999998211860657,\"b\":0.09999997168779373,\"a\":1}},{\"Name\":\"ambientLight\",\"Rotation\":{\"x\":5.40853214263916,\"y\":5.444334983825684,\"z\":180.69114685058594},\"Scale\":0.10000015795230865,\"Color\":{\"r\":0.09999997168779373,\"g\":0.09899996966123581,\"b\":0.06999997794628143,\"a\":1}},{\"Name\":\"clouds\",\"Rotation\":{\"x\":2.688979387283325,\"y\":172.27529907226562,\"z\":211.47406005859375},\"Scale\":0.01000000536441803,\"Color\":{\"r\":1,\"g\":1,\"b\":1,\"a\":1}},{\"Name\":\"sun\",\"Rotation\":{\"x\":353.0409240722656,\"y\":83.22058868408203,\"z\":84.3626937866211},\"Scale\":0.05000009015202522,\"Color\":{\"r\":1,\"g\":1,\"b\":1,\"a\":1}}]}","requestorIsEditor":false,"requestorIsListEditor":false,"requestorIsOwner":false,"placements":[{"Id":"59ed296b2bf5611b102d5a02","Tid":"000000000000000000000001","P":{"x":0.62715387344,"y":-0.275627732,"z":0.321439146995},"R":{"x":0,"y":0,"z":0}}],"serveTime":12}