{"thingDefinitions":[{"id":"5fc04c3b4a0a50054ea668c6","def":"{\"v\":9,\"p\":[{\"s\":[{\"p\":[0,0,0],\"r\":[2.134434E-07,3.975693E-16,2.134434E-07],\"s\":[0.442668,0.175,0.175],\"c\":[0.04938262,0.1396824,0.4444443]}]}]}"}],"serveTime":5}