{"ok":true,"areaId":"5c2249d0ea1f546e4855e0fd","areaName":"josephcoxland's home","areaKey":"rr5c2249d00683096e48b5e9f5","areaCreatorId":"5c2249d0ea1f546e4855e0fc","isPrivate":false,"isZeroGravity":false,"hasFloatingDust":false,"isCopyable":false,"onlyOwnerSetsLocks":false,"isExcluded":false,"environmentChangersJSON":"{\"environmentChangers\":[{\"Name\":\"sun\",\"Rotation\":{\"x\":78.80259704589844,\"y\":224.21107482910156,\"z\":224.60589599609375},\"Scale\":0.05000000447034836,\"Color\":{\"r\":1,\"g\":1,\"b\":1,\"a\":1}},{\"Name\":\"ambientLight\",\"Rotation\":{\"x\":341.4787292480469,\"y\":346.9454650878906,\"z\":342.5082092285156},\"Scale\":0.10000001639127731,\"Color\":{\"r\":0.09999997168779373,\"g\":0.09899996966123581,\"b\":0.06999997794628143,\"a\":1}},{\"Name\":\"night\",\"Rotation\":{\"x\":314.4242858886719,\"y\":357.32623291015625,\"z\":355.92413330078125},\"Scale\":0.04999998211860657,\"Color\":{\"r\":0.03999999910593033,\"g\":0.04999998211860657,\"b\":0.09999997168779373,\"a\":1}}]}","requestorIsEditor":false,"requestorIsListEditor":false,"requestorIsOwner":false,"placements":[{"Id":"5c2249d00683096e48b5e9f6","Tid":"000000000000000000000001","P":{"x":0.62715387344,"y":-0.275627732,"z":0.321439146995},"R":{"x":0,"y":0,"z":0}}],"serveTime":10}