{"thingDefinitions":[{"id":"63ccbe4b06e6f905c53c32b1","def":"{\"v\":9,\"p\":[{\"s\":[{\"p\":[-0.002513954,0.1765503,-0.001116939],\"r\":[356.3507,339.8252,0.3082772],\"s\":[0.1750009,0.175001,0.1750006],\"c\":[1,1,1]}]},{\"s\":[{\"p\":[-0.004818311,0.008152107,0.01136081],\"r\":[355.2562,343.1899,2.807893],\"s\":[0.1750003,0.1750004,0.1750001],\"c\":[1,1,1]}]},{\"s\":[{\"p\":[0.01022367,0.3415574,-0.01139101],\"r\":[358.7325,336.1198,276.5226],\"s\":[0.175001,0.1750006,0.1750006],\"c\":[1,1,1]}]}]}"}],"serveTime":5}