{"thingDefinitions":[{"id":"61830e9a67cd7e184a71dc64","def":"{\"v\":9,\"p\":[{\"b\":136,\"e\":\"76\",\"s\":[{\"p\":[0,0,0],\"r\":[0,0,-1.120578E-06],\"s\":[0.003000008,0.003000013,0.003000006],\"c\":[1,1,1]}]}]}"}],"serveTime":6}