{"ok":true,"areaId":"5c2377ad39f34d317e595d3d","areaName":"juug's home","areaKey":"rr5c2377ad83c166317e7b8393","areaCreatorId":"5c2377ad39f34d317e595d3c","isPrivate":false,"isZeroGravity":false,"hasFloatingDust":false,"isCopyable":false,"onlyOwnerSetsLocks":false,"isExcluded":false,"_environmentType":"Default","environmentChangersJSON":"{\"environmentChangers\":[{\"Name\":\"night\",\"Rotation\":{\"x\":340.8254089355469,\"y\":262.9237365722656,\"z\":22.955524444580078},\"Scale\":0.050000015646219254,\"Color\":{\"r\":0.03999999910593033,\"g\":0.04999998211860657,\"b\":0.09999997168779373,\"a\":1}},{\"Name\":\"sun\",\"Rotation\":{\"x\":275.2196044921875,\"y\":319.6759338378906,\"z\":145.43873596191406},\"Scale\":0.050000060349702835,\"Color\":{\"r\":1,\"g\":1,\"b\":1,\"a\":1}}]}","requestorIsEditor":false,"requestorIsListEditor":false,"requestorIsOwner":false,"placements":[{"Id":"5c2377ad83c166317e7b8394","Tid":"000000000000000000000001","P":{"x":0.62715387344,"y":-0.275627732,"z":0.321439146995},"R":{"x":0,"y":0,"z":0}},{"Id":"5c292968ae22a129f0356b69","Tid":"5c29296ead6b9c6e49e2c5e5","P":{"x":2.908691883087158,"y":1.0951122045516968,"z":1.4705848693847656},"R":{"x":42.67820739746094,"y":13.701884269714355,"z":19.322053909301758},"S":0.9999998807907104}],"serveTime":14}