{"ok":true,"areaId":"5d87c6b1288c857ffcc85b7f","areaName":"jwmueller's home","areaKey":"rr5d87c6b143f54f7ffc686446","areaCreatorId":"5d87c6b1288c857ffcc85b7e","isPrivate":false,"isZeroGravity":false,"hasFloatingDust":false,"isCopyable":false,"onlyOwnerSetsLocks":false,"isExcluded":false,"_environmentType":"Day3","environmentChangersJSON":"{\"environmentChangers\":[{\"Name\":\"sun\",\"Rotation\":{\"x\":325.6133117675781,\"y\":358.27117919921875,\"z\":14.576549530029297},\"Scale\":0.050000011920928955,\"Color\":{\"r\":1,\"g\":1,\"b\":1,\"a\":1}},{\"Name\":\"ambientLight\",\"Rotation\":{\"x\":356.8754577636719,\"y\":17.51264190673828,\"z\":357.8428039550781},\"Scale\":0.10000001639127731,\"Color\":{\"r\":0.09999997168779373,\"g\":0.09899996966123581,\"b\":0.06999997794628143,\"a\":1}},{\"Name\":\"clouds\",\"Rotation\":{\"x\":305.9753723144531,\"y\":282.7452392578125,\"z\":107.50873565673828},\"Scale\":0.010000001639127731,\"Color\":{\"r\":1,\"g\":1,\"b\":1,\"a\":1}}]}","requestorIsEditor":false,"requestorIsListEditor":false,"requestorIsOwner":false,"placements":[],"serveTime":20}