{"ok":true,"areaId":"613141cb3a162f1e651df0ce","areaName":"kadence38's home","areaKey":"rr613141cb46ad771e65b492ec","areaCreatorId":"613141cb3a162f1e651df0cd","isPrivate":false,"isZeroGravity":false,"hasFloatingDust":false,"isCopyable":false,"onlyOwnerSetsLocks":false,"isExcluded":false,"environmentChangersJSON":"{\"environmentChangers\":[]}","requestorIsEditor":false,"requestorIsListEditor":false,"requestorIsOwner":false,"placements":[{"Id":"613141cb46ad771e65b492ed","Tid":"000000000000000000000001","P":{"x":0.62715387344,"y":-0.275627732,"z":0.321439146995},"R":{"x":0,"y":0,"z":0},"A":[1]},{"Id":"613144678c1add2910718cb4","Tid":"61314466748c6e1e6c7b0681","P":{"x":-1.8641622066497803,"y":1.0393006801605225,"z":2.4638922214508057},"R":{"x":319.5084228515625,"y":257.97039794921875,"z":23.042104721069336},"A":[]},{"Id":"613144ac8c1add2910718cb5","Tid":"613144acfbb3c832f41b420d","P":{"x":-1.095495343208313,"y":1.0902265310287476,"z":3.2640748023986816},"R":{"x":315.70037841796875,"y":66.78441619873047,"z":49.430320739746094},"S":0.9999999403953552},{"Id":"613144c98c1add2910718cb6","Tid":"613144c97adc44052a0105d4","P":{"x":4.892881393432617,"y":1.0609278678894043,"z":-1.8841418027877808},"R":{"x":284.39385986328125,"y":324.0106506347656,"z":165.56484985351562},"S":1.0000008344650269}],"serveTime":11}