{"ok":true,"areaId":"60f759200fe4bd23ae602b22","areaName":"kccooters land","areaKey":"rr60f7592018d9a423ae1db3a4","areaCreatorId":"60cdd681ce706b1fc099f3fb","isPrivate":false,"isZeroGravity":false,"hasFloatingDust":false,"isCopyable":false,"onlyOwnerSetsLocks":false,"isExcluded":false,"environmentChangersJSON":"{\"environmentChangers\":[{\"Name\":\"ambientLight\",\"Rotation\":{\"x\":278.0457763671875,\"y\":184.88992309570312,\"z\":201.67005920410156},\"Scale\":0.09999999403953552,\"Color\":{\"r\":0.09999997168779373,\"g\":0.09899996966123581,\"b\":0.06999997794628143,\"a\":1}}]}","requestorIsEditor":false,"requestorIsListEditor":false,"requestorIsOwner":false,"placements":[{"Id":"60f7592018d9a423ae1db3a5","Tid":"000000000000000000000001","P":{"x":0.62715387344,"y":-0.275627732,"z":0.321439146995},"R":{"x":0,"y":0,"z":0},"A":[1]},{"Id":"60f759cd3fb74851a03ea92e","Tid":"60f759ce900565052d654b5f","P":{"x":0.3322874903678894,"y":0.8328816294670105,"z":-0.44220656156539917},"R":{"x":10.548593521118164,"y":126.11509704589844,"z":184.28482055664062},"A":[]},{"Id":"60f759d63fb74851a03ea92f","Tid":"60f759ce900565052d654b5f","P":{"x":0.5053975582122803,"y":0.8358657956123352,"z":0.017598889768123627},"R":{"x":337.42706298828125,"y":16.49063491821289,"z":158.9794921875},"A":[]}],"serveTime":12}