{"ok":true,"areaId":"59d72045bc0c26083ac23e9a","areaName":"kny911's home","areaKey":"rr59d72045121b75083ae90a1f","areaCreatorId":"59d72045bc0c26083ac23e99","isPrivate":false,"isZeroGravity":false,"hasFloatingDust":false,"isCopyable":false,"onlyOwnerSetsLocks":false,"isExcluded":false,"_environmentType":"Day","environmentChangersJSON":"{\"environmentChangers\":[{\"Name\":\"fog\",\"Rotation\":{\"x\":337.8138122558594,\"y\":340.3179931640625,\"z\":67.59395599365234},\"Scale\":0.030000008642673492,\"Color\":{\"r\":0.09999997168779373,\"g\":0.09999997168779373,\"b\":0.09999997168779373,\"a\":1}}]}","requestorIsEditor":false,"requestorIsListEditor":false,"requestorIsOwner":false,"placements":[{"Id":"59d72045121b75083ae90a20","Tid":"000000000000000000000001","P":{"x":0.62715387344,"y":-0.275627732,"z":0.321439146995},"R":{"x":0,"y":0,"z":0}},{"Id":"59d7228e54106f038853d34e","Tid":"59d7228c562977a6139f1215","P":{"x":0.015724241733551025,"y":1.3491891622543335,"z":-0.9584388136863708},"R":{"x":283.0359802246094,"y":14.613789558410645,"z":220.93075561523438}}],"serveTime":22}