{"ok":true,"areaId":"5dbc4bbb2f511010e59aea44","areaName":"kolya3500's home","areaKey":"rr5dbc4bbbf2fc1f10e57ae518","areaCreatorId":"5dbc4bbb2f511010e59aea43","isPrivate":false,"isZeroGravity":false,"hasFloatingDust":false,"isCopyable":false,"onlyOwnerSetsLocks":false,"isExcluded":false,"_environmentType":"Day","environmentChangersJSON":"{\"environmentChangers\":[{\"Name\":\"night\",\"Rotation\":{\"x\":335.14898681640625,\"y\":24.494626998901367,\"z\":318.60345458984375},\"Scale\":0.050000037997961044,\"Color\":{\"r\":0.03999999910593033,\"g\":0.04999998211860657,\"b\":0.09999997168779373,\"a\":1}},{\"Name\":\"fog\",\"Rotation\":{\"x\":348.601318359375,\"y\":7.246242523193359,\"z\":346.1819763183594},\"Scale\":0.030000008642673492,\"Color\":{\"r\":0.09999997168779373,\"g\":0.09999997168779373,\"b\":0.09999997168779373,\"a\":1}},{\"Name\":\"ambientLight\",\"Rotation\":{\"x\":351.2445373535156,\"y\":20.96398162841797,\"z\":356.95391845703125},\"Scale\":0.10000007599592209,\"Color\":{\"r\":0.09999997168779373,\"g\":0.09899996966123581,\"b\":0.06999997794628143,\"a\":1}},{\"Name\":\"sun\",\"Rotation\":{\"x\":87.68860626220703,\"y\":4.751227378845215,\"z\":4.493342876434326},\"Scale\":0.05000000074505806,\"Color\":{\"r\":1,\"g\":1,\"b\":1,\"a\":1}}]}","requestorIsEditor":false,"requestorIsListEditor":false,"requestorIsOwner":false,"placements":[{"Id":"5dbc4bbbf2fc1f10e57ae519","Tid":"000000000000000000000001","P":{"x":0.62715387344,"y":-0.275627732,"z":0.321439146995},"R":{"x":0,"y":0,"z":0}}],"serveTime":19}