{"ok":true,"areaId":"5cc3efd9981488266be4c263","areaName":"kommandnant volk's home","areaKey":"rr5cc3efd907549b266b5d06ff","areaCreatorId":"5cc3efd9981488266be4c262","isPrivate":false,"isZeroGravity":false,"hasFloatingDust":false,"isCopyable":false,"onlyOwnerSetsLocks":false,"isExcluded":false,"_environmentType":"Day","environmentChangersJSON":"{\"environmentChangers\":[{\"Name\":\"night\",\"Rotation\":{\"x\":44.970462799072266,\"y\":317.1337890625,\"z\":294.8819885253906},\"Scale\":0.05000001937150955,\"Color\":{\"r\":0.03999999910593033,\"g\":0.04999998211860657,\"b\":0.09999997168779373,\"a\":1}}]}","requestorIsEditor":false,"requestorIsListEditor":false,"requestorIsOwner":false,"placements":[{"Id":"5cc3efd907549b266b5d0700","Tid":"000000000000000000000001","P":{"x":0.6271538734436035,"y":-0.2756277322769165,"z":0.32143914699554443},"R":{"x":0,"y":0,"z":0},"S":175.9793},{"Id":"5cc3f2a331ad6d3004def4d9","Tid":"000000000000000000000001","P":{"x":0.6622952818870544,"y":-0.2980830669403076,"z":0.2885899543762207},"R":{"x":359.72015380859375,"y":4.901542663574219,"z":359.6377868652344},"S":175.97926330566406}],"serveTime":22}