{"thingDefinitions":[{"id":"5fcf73a48d1ea7055414f167","def":"{\"v\":9,\"p\":[{\"b\":14,\"s\":[{\"p\":[-0.1847611,0.005100429,-0.1299349],\"r\":[359.7635,236.4838,58.14523],\"s\":[0.06000004,0.0600001,0.06000008],\"c\":[1,1,1]}]},{\"b\":9,\"s\":[{\"p\":[0.006406342,0.002074089,0.003671979],\"r\":[357.8479,353.7808,8.16527],\"s\":[0.1250002,0.1250003,0.1250001],\"c\":[1,1,1]}]}]}"}],"serveTime":6}