{"ok":true,"areaId":"5ccef30baf98a3177b2b225d","areaName":"le brick's home","areaKey":"rr5ccef30bbe7d46177b1393e5","areaCreatorId":"5ccef30baf98a3177b2b225c","isPrivate":false,"isZeroGravity":false,"hasFloatingDust":false,"isCopyable":false,"onlyOwnerSetsLocks":false,"isExcluded":false,"environmentChangersJSON":"{\"environmentChangers\":[{\"Name\":\"ambientLight\",\"Rotation\":{\"x\":1.2369903326034546,\"y\":0.45137080550193787,\"z\":4.578465461730957},\"Scale\":0.10000003129243851,\"Color\":{\"r\":0.09999997168779373,\"g\":0.09899996966123581,\"b\":0.06999997794628143,\"a\":1}}]}","requestorIsEditor":false,"requestorIsListEditor":false,"requestorIsOwner":false,"placements":[{"Id":"5ccef30bbe7d46177b1393e6","Tid":"000000000000000000000001","P":{"x":0.62715387344,"y":-0.275627732,"z":0.321439146995},"R":{"x":0,"y":0,"z":0}}],"serveTime":287}