{"ok":true,"areaId":"580a959fee007bed0fe3eade","areaName":"lets all build cool stuff","areaKey":"rr580a959f3f620ced0f5cd05b","areaCreatorId":"580a8ea49b66e68413ffa036","isPrivate":false,"isZeroGravity":false,"hasFloatingDust":false,"isCopyable":false,"onlyOwnerSetsLocks":false,"isExcluded":false,"environmentChangersJSON":"{\"environmentChangers\":[{\"Name\":\"sun\",\"Rotation\":{\"x\":272.906494140625,\"y\":329.2330627441406,\"z\":214.74600219726562},\"Scale\":0.05000001937150955,\"Color\":{\"r\":1,\"g\":1,\"b\":1,\"a\":1}},{\"Name\":\"clouds\",\"Rotation\":{\"x\":335.2646179199219,\"y\":211.1600341796875,\"z\":227.82684326171875},\"Scale\":0.010000007227063179,\"Color\":{\"r\":1,\"g\":1,\"b\":1,\"a\":1}}]}","requestorIsEditor":false,"requestorIsListEditor":false,"requestorIsOwner":false,"placements":[{"Id":"580a959f3f620ced0f5cd05c","Tid":"000000000000000000000001","P":{"x":0.62715387344,"y":-0.275627732,"z":0.321439146995},"R":{"x":0,"y":0,"z":0}},{"Id":"580a97c1ed514a28d4063ec1","Tid":"580a97bd5e0f8f4013b3ebfb","P":{"x":2.7248318195343018,"y":1.1066842079162598,"z":-0.8470243215560913},"R":{"x":277.6407165527344,"y":193.58047485351562,"z":56.7177619934082}}],"serveTime":13}