{"ok":true,"areaId":"5d446aa38534e907249e348f","areaName":"lets make houses","areaKey":"rr5d446aa356fd3f0724ba3ce3","areaCreatorId":"5d3bbe0b62875f062e859dcd","isPrivate":false,"isZeroGravity":false,"hasFloatingDust":false,"isCopyable":false,"onlyOwnerSetsLocks":false,"isExcluded":false,"environmentChangersJSON":"{\"environmentChangers\":[{\"Name\":\"sun\",\"Rotation\":{\"x\":346.8393249511719,\"y\":177.1006622314453,\"z\":183.557861328125},\"Scale\":0.03492423892021179,\"Color\":{\"r\":1,\"g\":1,\"b\":1,\"a\":1}},{\"Name\":\"night\",\"Rotation\":{\"x\":25.402713775634766,\"y\":275.3200378417969,\"z\":344.4142761230469},\"Scale\":0.15000000596046448,\"Color\":{\"r\":0.03999999910593033,\"g\":0.04999998211860657,\"b\":0.09999997168779373,\"a\":1}},{\"Name\":\"ambientLight\",\"Rotation\":{\"x\":72.90988159179688,\"y\":133.1069793701172,\"z\":183.0891571044922},\"Scale\":0.10000002384185791,\"Color\":{\"r\":0.09999997168779373,\"g\":0.09899996966123581,\"b\":0.06999997794628143,\"a\":1}}]}","requestorIsEditor":false,"requestorIsListEditor":false,"requestorIsOwner":false,"placements":[{"Id":"5d446aca97cef4100872cd39","Tid":"5d446b31be94f5071764e52b","P":{"x":-1.4751595258712769,"y":0.0036997124552726746,"z":-0.15616285800933838},"R":{"x":0.000010017913155024871,"y":337.5,"z":0}},{"Id":"5d45c81d97cef476dc871db6","Tid":"5d45c8238040171b46aa7143","P":{"x":5.24833869934082,"y":0.7574700713157654,"z":-6.125513553619385},"R":{"x":270,"y":67.49999237060547,"z":0},"S":1.000000238418579}],"serveTime":23}