{"ok":true,"areaId":"5bcbf6e335a6b60571990d15","areaName":"lime the legend's home","areaKey":"rr5bcbf6e36058a105719feb91","areaCreatorId":"5bcbf6e335a6b60571990d14","isPrivate":false,"isZeroGravity":false,"hasFloatingDust":false,"isCopyable":false,"onlyOwnerSetsLocks":false,"isExcluded":false,"environmentChangersJSON":"{\"environmentChangers\":[]}","requestorIsEditor":false,"requestorIsListEditor":false,"requestorIsOwner":false,"placements":[{"Id":"5bcbf6e36058a105719feb92","Tid":"000000000000000000000001","P":{"x":0.41423118114471436,"y":0.44060051441192627,"z":2.167236089706421},"R":{"x":355.1597900390625,"y":294.68011474609375,"z":35.636802673339844},"S":1.3288776874542236},{"Id":"5bcbf7fe1ef5291cac05395c","Tid":"5bcbf8dfe5572627488cc4ba","P":{"x":-1.6542491912841797,"y":-0.5916911363601685,"z":0.40410709381103516},"R":{"x":334.4725341796875,"y":229.12525939941406,"z":353.7219543457031},"S":1.0000009536743164},{"Id":"5bcbf80a1ef5291cac05395d","Tid":"000000000000000000000001","P":{"x":-1.3017327785491943,"y":-0.3994358777999878,"z":1.2910492420196533},"R":{"x":3.2858667373657227,"y":222.6965789794922,"z":8.790663719177246},"S":1.3288780450820923}],"serveTime":65}