{"ok":true,"areaId":"5824c9ea9a5bd4fd0f6153a1","areaName":"lololol0l","areaKey":"rr5824c9ea1716befd0fcc3ad6","areaCreatorId":"58241c650d30628f13659186","isPrivate":false,"isZeroGravity":false,"hasFloatingDust":false,"isCopyable":false,"onlyOwnerSetsLocks":false,"isExcluded":false,"environmentChangersJSON":"{\"environmentChangers\":[{\"Name\":\"night\",\"Rotation\":{\"x\":318.1734313964844,\"y\":31.678476333618164,\"z\":249.8583526611328},\"Scale\":0.05000001937150955,\"Color\":{\"r\":0.03999999910593033,\"g\":0.04999998211860657,\"b\":0.09999997168779373,\"a\":1}},{\"Name\":\"ambientLight\",\"Rotation\":{\"x\":20.976346969604492,\"y\":77.10717010498047,\"z\":17.07935905456543},\"Scale\":0.10000000894069672,\"Color\":{\"r\":0.09999997168779373,\"g\":0.09899996966123581,\"b\":0.06999997794628143,\"a\":1}},{\"Name\":\"sun\",\"Rotation\":{\"x\":73.72333526611328,\"y\":228.5740509033203,\"z\":202.13473510742188},\"Scale\":0.04999999701976776,\"Color\":{\"r\":1,\"g\":1,\"b\":1,\"a\":1}},{\"Name\":\"fog\",\"Rotation\":{\"x\":358.93597412109375,\"y\":2.524822950363159,\"z\":335.81805419921875},\"Scale\":0.029999995604157448,\"Color\":{\"r\":0.09999997168779373,\"g\":0.09999997168779373,\"b\":0.09999997168779373,\"a\":1}}]}","requestorIsEditor":false,"requestorIsListEditor":false,"requestorIsOwner":false,"placements":[{"Id":"5824c9ea1716befd0fcc3ad7","Tid":"000000000000000000000001","P":{"x":0.62715387344,"y":-0.275627732,"z":0.321439146995},"R":{"x":0,"y":0,"z":0}}],"serveTime":31}