{"ok":true,"areaId":"5afcaa0ba8f49c610c772a01","areaName":"lopezdau's home","areaKey":"rr5afcaa0b98190b610c51869a","areaCreatorId":"5afcaa0ba8f49c610c772a00","isPrivate":false,"isZeroGravity":false,"hasFloatingDust":false,"isCopyable":false,"onlyOwnerSetsLocks":false,"isExcluded":false,"environmentChangersJSON":"{\"environmentChangers\":[]}","requestorIsEditor":false,"requestorIsListEditor":false,"requestorIsOwner":false,"placements":[{"Id":"5afcaa0b98190b610c51869b","Tid":"000000000000000000000001","P":{"x":0.62715387344,"y":-0.275627732,"z":0.321439146995},"R":{"x":0,"y":0,"z":0}},{"Id":"5b317409ad24922b9c30fbf8","Tid":"5b31740907d7da0f8f45773d","P":{"x":0.2670479118824005,"y":1.0847342014312744,"z":0.315919429063797},"R":{"x":316.5344543457031,"y":14.6963529586792,"z":341.65802001953125},"S":0.68},{"Id":"5cc8bd7aad3f5533c8e2ff0d","Tid":"5cc8bd7a346d3c790675db99","P":{"x":-0.09658358991146088,"y":1.0048447847366333,"z":0.06174183636903763},"R":{"x":343.0620422363281,"y":333.11737060546875,"z":322.6816711425781}},{"Id":"5cc8c03cad3f5533c8e2ff0e","Tid":"5cc8c03c364a29481c9374a2","P":{"x":-0.1537867784500122,"y":1.0335631370544434,"z":0.6566736698150635},"R":{"x":276.3905029296875,"y":31.356807708740234,"z":8.25291919708252}}],"serveTime":13}