{"ok":true,"areaId":"5daf57d182a8702cb6400b91","areaName":"lotaku's home","areaKey":"rr5daf57d1aaac9e2cb66f8615","areaCreatorId":"5daf57d182a8702cb6400b90","isPrivate":false,"isZeroGravity":false,"hasFloatingDust":false,"isCopyable":false,"onlyOwnerSetsLocks":false,"isExcluded":false,"_environmentType":"Day","environmentChangersJSON":"{\"environmentChangers\":[{\"Name\":\"night\",\"Rotation\":{\"x\":359.0736999511719,\"y\":348.4580383300781,\"z\":65.7848129272461},\"Scale\":0.04999999329447746,\"Color\":{\"r\":0.03999999910593033,\"g\":0.04999998211860657,\"b\":0.09999997168779373,\"a\":1}}]}","requestorIsEditor":false,"requestorIsListEditor":false,"requestorIsOwner":false,"placements":[{"Id":"5daf57d1aaac9e2cb66f8616","Tid":"000000000000000000000001","P":{"x":0.62715387344,"y":-0.275627732,"z":0.321439146995},"R":{"x":0,"y":0,"z":0}},{"Id":"5daf5890bfe1615e14cf1ea9","Tid":"5daf588f7a12512b199ab37d","P":{"x":4.129900932312012,"y":0.9461906552314758,"z":-1.8499939441680908},"R":{"x":292.6087951660156,"y":155.1683349609375,"z":253.00704956054688}}],"serveTime":203}