{"ok":true,"areaId":"62bed70b7040020291d5d2ef","areaName":"maelys et papa","areaKey":"rr62bed70ba0cdbf02913a9d31","areaCreatorId":"61a24d25ea418f4e2fbd09bc","isPrivate":false,"isZeroGravity":false,"hasFloatingDust":false,"isCopyable":false,"onlyOwnerSetsLocks":false,"isExcluded":false,"environmentChangersJSON":"{\"environmentChangers\":[]}","requestorIsEditor":false,"requestorIsListEditor":false,"requestorIsOwner":false,"placements":[{"Id":"62bed70ba0cdbf02913a9d32","Tid":"000000000000000000000001","P":{"x":0.62715387344,"y":-0.275627732,"z":0.321439146995},"R":{"x":0,"y":0,"z":0},"A":[1]},{"Id":"62bed94bfb05a024fcd7a2a8","Tid":"62bed94b49eb150290944ffc","P":{"x":2.478428840637207,"y":0.9031091928482056,"z":-3.5817480087280273},"R":{"x":0,"y":270,"z":270},"S":1.0115,"A":[]},{"Id":"62bed991fb05a024fcd7a2a9","Tid":"62bed94b49eb150290944ffc","P":{"x":3.6963212490081787,"y":0.9031091928482056,"z":-1.0183409452438354},"R":{"x":0.000010017914064519573,"y":0.000010017913155024871,"z":270},"S":1.0102359056472778}],"serveTime":25}