{"thingDefinitions":[{"id":"655e45dcfa6d7805c7ff3eca","def":"{\"v\":9,\"p\":[{\"b\":9,\"s\":[{\"p\":[0,0,0],\"r\":[0,0,0],\"s\":[0.1250004,0.1250005,0.1250002],\"c\":[1,1,1]}]},{\"b\":9,\"s\":[{\"p\":[0.3645036,-0.1556813,0.07402322],\"r\":[5.316558,264.5152,110.239],\"s\":[0.1250003,0.1250004,0.1250001],\"c\":[1,1,1]}]},{\"b\":14,\"s\":[{\"p\":[0.1756931,-0.07876419,0.01891819],\"r\":[338.7396,257.127,38.16325],\"s\":[0.06000014,0.06000011,0.06000008],\"c\":[1,1,1]}]}]}"}],"serveTime":6}