{"ok":true,"areaId":"5b1ddb6d6111214f6a83b4dd","areaName":"malware plss","areaKey":"rr5b1ee55c055e120f953d4dd1","areaCreatorId":"5a5705f337214c8801ed00d6","isPrivate":false,"isZeroGravity":false,"hasFloatingDust":false,"isCopyable":false,"onlyOwnerSetsLocks":false,"isExcluded":false,"environmentChangersJSON":"{\"environmentChangers\":[{\"Name\":\"sun\",\"Rotation\":{\"x\":287.8299560546875,\"y\":263.0491943359375,\"z\":116.8183364868164},\"Scale\":0.050000034272670746,\"Color\":{\"r\":1,\"g\":1,\"b\":1,\"a\":1}}]}","requestorIsEditor":false,"requestorIsListEditor":false,"requestorIsOwner":false,"placements":[{"Id":"62ed7b3e3a51974ab4a8ac24","Tid":"62ed7bf869f47218fbe585be","P":{"x":-1.6561850309371948,"y":-0.17004555463790894,"z":-0.7813200354576111},"R":{"x":0,"y":270,"z":270},"A":[]}],"serveTime":10}