{"ok":true,"areaId":"5b69cc1ba801422065b1cb5e","areaName":"marta vr's home","areaKey":"rr5b69cc1b88967e2065e55d99","areaCreatorId":"5b69cc1ba801422065b1cb5d","isPrivate":false,"isZeroGravity":false,"hasFloatingDust":false,"isCopyable":false,"onlyOwnerSetsLocks":false,"isExcluded":false,"environmentChangersJSON":"{\"environmentChangers\":[]}","requestorIsEditor":false,"requestorIsListEditor":false,"requestorIsOwner":false,"placements":[{"Id":"5b69cc1b88967e2065e55d9a","Tid":"000000000000000000000001","P":{"x":0.62715387344,"y":-0.275627732,"z":0.321439146995},"R":{"x":0,"y":0,"z":0}},{"Id":"5b69ccd9eb89273630f45888","Tid":"5b69ccd8e2817f206cbe3e24","P":{"x":0.12367904186248779,"y":1.8037919998168945,"z":0.7841837406158447},"R":{"x":325.5093688964844,"y":356.8035583496094,"z":230.45950317382812},"S":1.0000046491622925},{"Id":"5b69ccf8eb89273630f45889","Tid":"5b69ccd8e2817f206cbe3e24","P":{"x":0.32369768619537354,"y":2.0871288776397705,"z":-0.4376491904258728},"R":{"x":289.3077087402344,"y":279.289794921875,"z":252.37973022460938},"S":1.0000008344650269},{"Id":"5b6d39aaeb89270394bbb16b","Tid":"5b6d39ad8a956262c15b2e79","P":{"x":0.4496322572231293,"y":1.6697242259979248,"z":0.962624728679657},"R":{"x":332.2392578125,"y":116.43572235107422,"z":225.77520751953125},"S":1.0000001192092896}],"serveTime":292}