{"ok":true,"areaId":"5f47fba23c5673630c79d26f","areaName":"mdc2014's home","areaKey":"rr5f47fba2fad1b8630c0d4e81","areaCreatorId":"5f47fba23c5673630c79d26e","isPrivate":false,"isZeroGravity":false,"hasFloatingDust":false,"isCopyable":false,"onlyOwnerSetsLocks":false,"isExcluded":false,"_environmentType":"Wind","environmentChangersJSON":"{\"environmentChangers\":[{\"Name\":\"sun\",\"Rotation\":{\"x\":65.99988555908203,\"y\":0.000005008953394280979,\"z\":0.000005008953394280979},\"Scale\":0.05000000074505806,\"Color\":{\"r\":1,\"g\":1,\"b\":1,\"a\":1}}]}","requestorIsEditor":false,"requestorIsListEditor":false,"requestorIsOwner":false,"placements":[{"Id":"5f47fba2fad1b8630c0d4e82","Tid":"000000000000000000000001","P":{"x":0.62715387344,"y":-0.275627732,"z":0.321439146995},"R":{"x":0,"y":0,"z":0},"A":[1]}],"serveTime":15}