{"ok":true,"areaId":"5a23a5a75df9ff5e28482619","areaName":"mdf test bed","areaKey":"rr5a23a5a7ede41d5e2843d181","areaCreatorId":"58819948b249737513c4a5d9","isPrivate":false,"isZeroGravity":false,"hasFloatingDust":false,"isCopyable":false,"onlyOwnerSetsLocks":false,"isExcluded":false,"environmentChangersJSON":"{\"environmentChangers\":[{\"Name\":\"sun\",\"Rotation\":{\"x\":286.9990539550781,\"y\":51.89937973022461,\"z\":358.4327087402344},\"Scale\":0.050000064074993134,\"Color\":{\"r\":1,\"g\":1,\"b\":1,\"a\":1}}]}","requestorIsEditor":false,"requestorIsListEditor":false,"requestorIsOwner":false,"placements":[{"Id":"5a23a5a7ede41d5e2843d182","Tid":"000000000000000000000001","P":{"x":0.62715387344,"y":-0.275627732,"z":0.321439146995},"R":{"x":0,"y":0,"z":0}}],"serveTime":12}