{"ok":true,"areaId":"5b5417f423f75867cc3731b0","areaName":"meowser's home","areaKey":"rr5b5417f4e0855a67cce654c1","areaCreatorId":"5b5417f423f75867cc3731af","isPrivate":false,"isZeroGravity":false,"hasFloatingDust":false,"isCopyable":false,"onlyOwnerSetsLocks":false,"isExcluded":false,"_environmentType":"Day","environmentChangersJSON":"{\"environmentChangers\":[{\"Name\":\"night\",\"Rotation\":{\"x\":353.9866638183594,\"y\":166.22618103027344,\"z\":343.90838623046875},\"Scale\":0.049999937415122986,\"Color\":{\"r\":0.03999999910593033,\"g\":0.04999998211860657,\"b\":0.09999997168779373,\"a\":1}},{\"Name\":\"ambientLight\",\"Rotation\":{\"x\":2.910757541656494,\"y\":23.626787185668945,\"z\":5.7189130783081055},\"Scale\":0.10000000894069672,\"Color\":{\"r\":0.11111099272966385,\"g\":0.11111099272966385,\"b\":0.11111099272966385,\"a\":1}},{\"Name\":\"sun\",\"Rotation\":{\"x\":339.525634765625,\"y\":60.46318435668945,\"z\":206.7076416015625},\"Scale\":0.03887905552983284,\"Color\":{\"r\":1,\"g\":1,\"b\":1,\"a\":1}}]}","requestorIsEditor":false,"requestorIsListEditor":false,"requestorIsOwner":false,"placements":[{"Id":"5b541b67d1df603ad023f3d5","Tid":"000000000000000000000001","P":{"x":2.003692150115967,"y":-0.7195100784301758,"z":0.6688897609710693},"R":{"x":3.3752903938293457,"y":46.35334014892578,"z":355.38427734375},"S":1.0000017881393433},{"Id":"5b541bfdd1df603ad023f3d6","Tid":"5b541bfd3584c554195d25ed","P":{"x":0.40529537200927734,"y":0.8235446214675903,"z":-0.5946817398071289},"R":{"x":272.6856994628906,"y":267.30584716796875,"z":250.82916259765625},"S":1.0000007152557373}],"serveTime":11}