{"ok":true,"areaId":"5b2c96c17424986eb1d6ab1d","areaName":"meowfede's home","areaKey":"rr5b2c96c1d8ff6a6eb132a0b8","areaCreatorId":"5b2c96c17424986eb1d6ab1c","isPrivate":false,"isZeroGravity":false,"hasFloatingDust":false,"isCopyable":false,"onlyOwnerSetsLocks":false,"isExcluded":false,"environmentChangersJSON":"{\"environmentChangers\":[{\"Name\":\"ambientLight\",\"Rotation\":{\"x\":358.4646301269531,\"y\":6.338653564453125,\"z\":181.1200714111328},\"Scale\":0.1000002846121788,\"Color\":{\"r\":0.09999997168779373,\"g\":0.09899996966123581,\"b\":0.06999997794628143,\"a\":1}},{\"Name\":\"sun\",\"Rotation\":{\"x\":344.1988830566406,\"y\":61.13248062133789,\"z\":68.94107818603516},\"Scale\":0.050000064074993134,\"Color\":{\"r\":1,\"g\":1,\"b\":1,\"a\":1}}]}","requestorIsEditor":false,"requestorIsListEditor":false,"requestorIsOwner":false,"placements":[{"Id":"5b2c96c1d8ff6a6eb132a0b9","Tid":"5b2ca609e9d55b5e18cb2109","P":{"x":0.6271538734436035,"y":-0.2756277322769165,"z":0.32143914699554443},"R":{"x":0,"y":0,"z":0}},{"Id":"5b2c9af320dd80498485fec7","Tid":"5b2c9af170342f6edb8d1175","P":{"x":-0.41191917657852173,"y":1.6031068563461304,"z":0.3599129319190979},"R":{"x":293.55731201171875,"y":261.99188232421875,"z":88.73650360107422}}],"serveTime":17}