{"ok":true,"areaId":"6270685758fd731f7e19e1be","areaName":"metalchalk's home","areaKey":"rr6270685728ddc81f7e6a920d","areaCreatorId":"6270685758fd731f7e19e1bd","isPrivate":false,"isZeroGravity":false,"hasFloatingDust":false,"isCopyable":false,"onlyOwnerSetsLocks":false,"isExcluded":false,"environmentChangersJSON":"{\"environmentChangers\":[{\"Name\":\"night\",\"Rotation\":{\"x\":0.1237664595246315,\"y\":353.29815673828125,\"z\":5.376242160797119},\"Scale\":0.05000002682209015,\"Color\":{\"r\":0.03999999910593033,\"g\":0.04999998211860657,\"b\":0.09999997168779373,\"a\":1}}]}","requestorIsEditor":false,"requestorIsListEditor":false,"requestorIsOwner":false,"placements":[{"Id":"6270685728ddc81f7e6a920e","Tid":"000000000000000000000001","P":{"x":0.62715387344,"y":-0.275627732,"z":0.321439146995},"R":{"x":0,"y":0,"z":0},"A":[1]}],"serveTime":12}