{"ok":true,"areaId":"5c4cbeb87f0e4028ce87304a","areaName":"michaelwithay's home","areaKey":"rr5c4cbeb81326cc28cec38597","areaCreatorId":"5c4cbeb87f0e4028ce873049","isPrivate":false,"isZeroGravity":false,"hasFloatingDust":false,"isCopyable":false,"onlyOwnerSetsLocks":false,"isExcluded":false,"_environmentType":"Wind","environmentChangersJSON":"{\"environmentChangers\":[{\"Name\":\"night\",\"Rotation\":{\"x\":308.64508056640625,\"y\":71.05514526367188,\"z\":357.02069091796875},\"Scale\":0.049999989569187164,\"Color\":{\"r\":0.03999999910593033,\"g\":0.04999998211860657,\"b\":0.09999997168779373,\"a\":1}},{\"Name\":\"sun\",\"Rotation\":{\"x\":19.207504272460938,\"y\":286.12445068359375,\"z\":257.14764404296875},\"Scale\":0.04999999329447746,\"Color\":{\"r\":1,\"g\":1,\"b\":1,\"a\":1}},{\"Name\":\"ambientLight\",\"Rotation\":{\"x\":25.73830795288086,\"y\":90.97171783447266,\"z\":80.9996566772461},\"Scale\":0.10000006854534149,\"Color\":{\"r\":0.09999997168779373,\"g\":0.09899996966123581,\"b\":0.06999997794628143,\"a\":1}}]}","requestorIsEditor":false,"requestorIsListEditor":false,"requestorIsOwner":false,"placements":[{"Id":"5c4cbeb81326cc28cec38598","Tid":"000000000000000000000001","P":{"x":0.62715387344,"y":-0.275627732,"z":0.321439146995},"R":{"x":0,"y":0,"z":0}},{"Id":"5c4cbf044324d01900f41ae0","Tid":"5c4cbf0f7f0e4028ce87304c","P":{"x":0.11762067675590515,"y":1.1347875595092773,"z":0.3928999900817871},"R":{"x":5.093753337860107,"y":17.23773956298828,"z":257.59466552734375},"S":1.000005841255188}],"serveTime":18}