{"thingDefinitions":[{"id":"5facc267b0922d44f8031e0a","def":"{\"v\":9,\"p\":[{\"b\":9,\"s\":[{\"p\":[0,0,0],\"r\":[0,0,-1.707547E-06],\"s\":[0.5765131,0.08581586,0.05016536],\"c\":[1,1,1]}]}]}"},{"id":"5facc223c6c2da2abca9cb14","def":"{\"v\":9,\"p\":[{\"b\":9,\"s\":[{\"p\":[0,0,0],\"r\":[0,0,4.268869E-07],\"s\":[0.125,0.125,0.125],\"c\":[1,1,1]}]}]}"}],"serveTime":6}