{"ok":true,"areaId":"5e8d1034abf6a8062d39fb1d","areaName":"mostlypalones domain","areaKey":"rr5e8d1034bb291c062db1916b","areaCreatorId":"5a4ab9a330e6e6036637b7b4","isPrivate":false,"isZeroGravity":false,"hasFloatingDust":false,"isCopyable":false,"onlyOwnerSetsLocks":false,"isExcluded":false,"environmentChangersJSON":"{\"environmentChangers\":[]}","requestorIsEditor":false,"requestorIsListEditor":false,"requestorIsOwner":false,"placements":[{"Id":"5e8d1034bb291c062db1916c","Tid":"000000000000000000000001","P":{"x":0.5121968984603882,"y":-0.6926568746566772,"z":0.22232219576835632},"R":{"x":359.18841552734375,"y":356.81304931640625,"z":359.51995849609375},"S":4.5369},{"Id":"5e8d10549b64a9a14c72553c","Tid":"000000000000000000000001","P":{"x":0.845526397228241,"y":-0.7831439971923828,"z":0.5520792603492737},"R":{"x":0.04317650943994522,"y":335.897705078125,"z":5.101344108581543},"S":146.66993713378906},{"Id":"5e8d10559b64a9a14c72553d","Tid":"000000000000000000000001","P":{"x":-1.6703227758407593,"y":3.0860800743103027,"z":1.0903918743133545},"R":{"x":48.292110443115234,"y":321.6227111816406,"z":166.36431884765625},"S":146.6702},{"Id":"5e8d10649b64a9a14c72553e","Tid":"000000000000000000000001","P":{"x":0.015443166717886925,"y":1.1493760347366333,"z":0.40843552350997925},"R":{"x":22.967172622680664,"y":344.0650939941406,"z":99.07047271728516},"S":1.0000005960464478}],"serveTime":21}