{"ok":true,"areaId":"5f25ff8a11766f3186f936b1","areaName":"mrblarhg's home","areaKey":"rr5f25ff8af0ff3531868c1fc6","areaCreatorId":"5f25ff8a11766f3186f936b0","isPrivate":false,"isZeroGravity":false,"hasFloatingDust":false,"isCopyable":false,"onlyOwnerSetsLocks":false,"isExcluded":false,"_environmentType":"Day","environmentChangersJSON":"{\"environmentChangers\":[{\"Name\":\"ambientLight\",\"Rotation\":{\"x\":299.19342041015625,\"y\":3.5914974212646484,\"z\":13.053818702697754},\"Scale\":0.10000002384185791,\"Color\":{\"r\":0.09999997168779373,\"g\":0.09899996966123581,\"b\":0.06999997794628143,\"a\":1}},{\"Name\":\"night\",\"Rotation\":{\"x\":15.093671798706055,\"y\":314.7020568847656,\"z\":339.8169860839844},\"Scale\":0.050000011920928955,\"Color\":{\"r\":0.03999999910593033,\"g\":0.049999967217445374,\"b\":0.09999994188547134,\"a\":1}},{\"Name\":\"sun\",\"Rotation\":{\"x\":340.2684631347656,\"y\":93.6821517944336,\"z\":285.61578369140625},\"Scale\":0.030000001192092896,\"Color\":{\"r\":1,\"g\":1,\"b\":1,\"a\":1}}]}","requestorIsEditor":false,"requestorIsListEditor":false,"requestorIsOwner":false,"placements":[{"Id":"5f25ff8af0ff3531868c1fc7","Tid":"000000000000000000000001","P":{"x":0.6271538734436035,"y":-0.2756277322769165,"z":0.32143914699554443},"R":{"x":0,"y":0,"z":0},"S":0.24,"A":[1]}],"serveTime":18}