{"ok":true,"areaId":"5f51335b87268606129e4cff","areaName":"mrdiabetix's home","areaKey":"rr5f51335bbe66190612df5eb0","areaCreatorId":"5f51335b87268606129e4cfe","isPrivate":false,"isZeroGravity":false,"hasFloatingDust":false,"isCopyable":false,"onlyOwnerSetsLocks":false,"isExcluded":false,"_environmentType":"Snow","environmentChangersJSON":"{\"environmentChangers\":[{\"Name\":\"night\",\"Rotation\":{\"x\":3.166170120239258,\"y\":353.3480529785156,\"z\":358.5976867675781},\"Scale\":0.05000000074505806,\"Color\":{\"r\":0.03999999910593033,\"g\":0.04999998211860657,\"b\":0.09999997168779373,\"a\":1}},{\"Name\":\"clouds\",\"Rotation\":{\"x\":332.05029296875,\"y\":112.18216705322266,\"z\":259.32757568359375},\"Scale\":0.010000020265579224,\"Color\":{\"r\":1,\"g\":1,\"b\":1,\"a\":1}}]}","requestorIsEditor":false,"requestorIsListEditor":false,"requestorIsOwner":false,"placements":[{"Id":"5f51335bbe66190612df5eb1","Tid":"000000000000000000000001","P":{"x":0.62715387344,"y":-0.275627732,"z":0.321439146995},"R":{"x":0,"y":0,"z":0},"A":[1]},{"Id":"5f51377248b7d30794f00cd9","Tid":"5f513773154599055e093ff9","P":{"x":2.9270081520080566,"y":0.42374899983406067,"z":3.078577995300293},"R":{"x":271.9114074707031,"y":227.38555908203125,"z":199.6804656982422},"A":[]}],"serveTime":11}