{"ok":true,"areaId":"5c0a065c39f34d317e595824","areaName":"mrsolrac's home","areaKey":"rr5c0a065c83c166317e7b822a","areaCreatorId":"5c0a065c39f34d317e595823","isPrivate":false,"isZeroGravity":false,"hasFloatingDust":false,"isCopyable":false,"onlyOwnerSetsLocks":false,"isExcluded":false,"_environmentType":"Wind","environmentChangersJSON":"{\"environmentChangers\":[{\"Name\":\"sun\",\"Rotation\":{\"x\":2.404923677444458,\"y\":170.95919799804688,\"z\":212.05929565429688},\"Scale\":0.05000010132789612,\"Color\":{\"r\":1,\"g\":1,\"b\":1,\"a\":1}},{\"Name\":\"night\",\"Rotation\":{\"x\":345.4969787597656,\"y\":65.6288070678711,\"z\":198.33920288085938},\"Scale\":0.05000006780028343,\"Color\":{\"r\":0.03999999910593033,\"g\":0.04999998211860657,\"b\":0.09999997168779373,\"a\":1}}]}","requestorIsEditor":false,"requestorIsListEditor":false,"requestorIsOwner":false,"placements":[{"Id":"5c0a065c83c166317e7b822b","Tid":"000000000000000000000001","P":{"x":0.6271538734436035,"y":-0.2756277322769165,"z":0.32143914699554443},"R":{"x":0,"y":0,"z":0},"S":4.536914348602295}],"serveTime":32}