{"thingDefinitions":[{"id":"60de67f8f43d3613f8e5fed4","def":"{\"v\":9,\"p\":[{\"b\":11,\"s\":[{\"p\":[0,0,0],\"r\":[0,0,-4.535673E-07],\"s\":[0.1000001,0.1000001,0.1],\"c\":[1,1,1]}]},{\"b\":5,\"s\":[{\"p\":[0.1750134,-0.3987204,-0.7010523],\"r\":[321.3228,221.5474,319.269],\"s\":[0.1,0.1,0.1000001],\"c\":[1,1,1]}]},{\"b\":5,\"s\":[{\"p\":[0.3593321,-0.4300919,-0.3683294],\"r\":[33.01135,52.93826,33.36203],\"s\":[0.1000002,0.1000002,0.1000002],\"c\":[1,1,1]}]}]}"}],"serveTime":3}