{"thingDefinitions":[{"id":"62685018e6c7241c51585eee","def":"{\"v\":9,\"a\":[2],\"p\":[{\"b\":2,\"t\":3,\"pr\":16,\"t1\":76,\"s\":[{\"p\":[0.000564402,-0.05232747,-0.1797159],\"r\":[11.96476,187.7467,358.7084],\"s\":[0.1250005,0.1250002,0.1250003],\"c\":[0,0.2285712,1],\"t1\":{\"c\":[0.6740741,0.2592592,0.7777778],\"x\":0.5,\"y\":0.5,\"a\":0.8925,\"m\":0,\"n\":0,\"r\":0,\"g\":0,\"o\":0.5,\"t\":0.5,\"e\":0.5},\"pr\":{\"c\":[0.7506173,0.1975308,0.8888889],\"a\":0.05}}]},{\"b\":163,\"t\":1,\"c\":[[0.655,1.432,-1.01,209,4,125],[1.166,0.382,-1.281,193,3,157],[0.952,0.652,-1.249,197,4,151],[1.063,0.924,-0.983,207,147],[0.385,1.47,-0.775,223,4,104],[0.14,1.545,-1.046,3,4,318]],\"s\":[{\"p\":[0.01481682,-0.008139232,-0.007652391],\"r\":[1.724228,4.046558,356.0993],\"s\":[0.1492851,0.100001,0.138649],\"c\":[0.05749547,0.111111,0.01234568],\"pr\":{\"c\":[0.7506173,0.1975308,0.8888889],\"m\":0.25,\"a\":0.25,\"s\":0.15,\"z\":0.25,\"g\":0.5,\"h\":0.25}}]}]}"}],"serveTime":5}