{"ok":true,"areaId":"5b5dc4f9d900920728808aeb","areaName":"mz55678u","areaKey":"rr5b5dc4f932ffa80728c6ef79","areaCreatorId":"58302d9bf32773ef0f26dfe1","isPrivate":false,"isZeroGravity":false,"hasFloatingDust":false,"isCopyable":false,"onlyOwnerSetsLocks":false,"isExcluded":false,"_environmentType":"Default","environmentChangersJSON":"{\"environmentChangers\":[{\"Name\":\"sun\",\"Rotation\":{\"x\":40.970848083496094,\"y\":143.18971252441406,\"z\":214.4412841796875},\"Scale\":0.05528340861201286,\"Color\":{\"r\":1,\"g\":1,\"b\":1,\"a\":1}},{\"Name\":\"night\",\"Rotation\":{\"x\":61.65277099609375,\"y\":99.84567260742188,\"z\":254.29568481445312},\"Scale\":0.05000000447034836,\"Color\":{\"r\":0.03999999910593033,\"g\":0.04999998211860657,\"b\":0.09999997168779373,\"a\":1}},{\"Name\":\"ambientLight\",\"Rotation\":{\"x\":348.2477111816406,\"y\":206.5635223388672,\"z\":327.9649963378906},\"Scale\":0.1000000387430191,\"Color\":{\"r\":0.09999997168779373,\"g\":0.09899996966123581,\"b\":0.06999997794628143,\"a\":1}},{\"Name\":\"fog\",\"Rotation\":{\"x\":14.392403602600098,\"y\":18.976608276367188,\"z\":343.7660827636719},\"Scale\":0.02999996393918991,\"Color\":{\"r\":0.09999997168779373,\"g\":0.09999997168779373,\"b\":0.09999997168779373,\"a\":1}}]}","settingsJSON":"{}","requestorIsEditor":false,"requestorIsListEditor":false,"requestorIsOwner":false,"placements":[],"serveTime":19}