{"ok":true,"areaId":"61e1ef289418307a265dd6d0","areaName":"nathannelson1553's home","areaKey":"rr61e1ef28fd2cd37a267d1cb6","areaCreatorId":"61e1ef289418307a265dd6cf","isPrivate":false,"isZeroGravity":false,"hasFloatingDust":false,"isCopyable":false,"onlyOwnerSetsLocks":false,"isExcluded":false,"_environmentType":"Night","environmentChangersJSON":"{\"environmentChangers\":[{\"Name\":\"night\",\"Rotation\":{\"x\":1.0563476085662842,\"y\":54.324195861816406,\"z\":176.73963928222656},\"Scale\":0.050000324845314026,\"Color\":{\"r\":0.03999999910593033,\"g\":0.04999998211860657,\"b\":0.09999997168779373,\"a\":1}},{\"Name\":\"ambientLight\",\"Rotation\":{\"x\":353.2839050292969,\"y\":51.663421630859375,\"z\":275.00457763671875},\"Scale\":0.10000007599592209,\"Color\":{\"r\":0.09999997168779373,\"g\":0.09899996966123581,\"b\":0.06999997794628143,\"a\":1}},{\"Name\":\"fog\",\"Rotation\":{\"x\":318.6690979003906,\"y\":329.85565185546875,\"z\":91.136962890625},\"Scale\":0.029999952763319016,\"Color\":{\"r\":0.09999997168779373,\"g\":0.09999997168779373,\"b\":0.09999997168779373,\"a\":1}},{\"Name\":\"sun\",\"Rotation\":{\"x\":275.06768798828125,\"y\":215.07313537597656,\"z\":74.33187866210938},\"Scale\":0.04999988153576851,\"Color\":{\"r\":1,\"g\":1,\"b\":1,\"a\":1}}]}","requestorIsEditor":false,"requestorIsListEditor":false,"requestorIsOwner":false,"placements":[{"Id":"61e1ef28fd2cd37a267d1cb7","Tid":"000000000000000000000001","P":{"x":0.62715387344,"y":-0.275627732,"z":0.321439146995},"R":{"x":0,"y":0,"z":0},"A":[]}],"serveTime":19}