{"ok":true,"areaId":"5c69f8d3e3af6c286df14e29","areaName":"natnproductions's home","areaKey":"rr5c69f8d3b54bbd286daa9d11","areaCreatorId":"5c69f8d3e3af6c286df14e28","isPrivate":false,"isZeroGravity":false,"hasFloatingDust":false,"isCopyable":false,"onlyOwnerSetsLocks":false,"isExcluded":false,"_environmentType":"Day","environmentChangersJSON":"{\"environmentChangers\":[{\"Name\":\"night\",\"Rotation\":{\"x\":352.80145263671875,\"y\":48.31882858276367,\"z\":353.15740966796875},\"Scale\":0.05000000074505806,\"Color\":{\"r\":0.03999999910593033,\"g\":0.04999998211860657,\"b\":0.09999997168779373,\"a\":1}},{\"Name\":\"sun\",\"Rotation\":{\"x\":86.69583892822266,\"y\":142.70188903808594,\"z\":152.77947998046875},\"Scale\":0.04999999701976776,\"Color\":{\"r\":1,\"g\":1,\"b\":1,\"a\":1}},{\"Name\":\"fog\",\"Rotation\":{\"x\":354.2772521972656,\"y\":121.93876647949219,\"z\":30.350549697875977},\"Scale\":0.03000001609325409,\"Color\":{\"r\":0.09999997168779373,\"g\":0.09999997168779373,\"b\":0.09999997168779373,\"a\":1}},{\"Name\":\"clouds\",\"Rotation\":{\"x\":57.66545104980469,\"y\":313.5611572265625,\"z\":348.04302978515625},\"Scale\":0.010000001639127731,\"Color\":{\"r\":1,\"g\":1,\"b\":1,\"a\":1}}]}","requestorIsEditor":false,"requestorIsListEditor":false,"requestorIsOwner":false,"placements":[],"serveTime":25}