{"ok":true,"areaId":"5df35cb4638f3a3408e513f3","areaName":"new home anyland","areaKey":"rr5df35cb4751f3734080c57f0","areaCreatorId":"5cd5245c1574305d9ef97f85","isPrivate":false,"isZeroGravity":false,"hasFloatingDust":false,"isCopyable":false,"onlyOwnerSetsLocks":false,"isExcluded":false,"environmentChangersJSON":"{\"environmentChangers\":[{\"Name\":\"night\",\"Rotation\":{\"x\":46.72151184082031,\"y\":355.9552001953125,\"z\":320.7484130859375},\"Scale\":0.050000034272670746,\"Color\":{\"r\":1,\"g\":1,\"b\":1,\"a\":1}},{\"Name\":\"sun\",\"Rotation\":{\"x\":53.111968994140625,\"y\":216.4021759033203,\"z\":152.24847412109375},\"Scale\":0.050000037997961044,\"Color\":{\"r\":1,\"g\":1,\"b\":1,\"a\":1}},{\"Name\":\"ambientLight\",\"Rotation\":{\"x\":70.68158721923828,\"y\":137.1781005859375,\"z\":151.62796020507812},\"Scale\":0.1000000536441803,\"Color\":{\"r\":0.7777777910232544,\"g\":0.7777777910232544,\"b\":0.7777777910232544,\"a\":1}}]}","requestorIsEditor":false,"requestorIsListEditor":false,"requestorIsOwner":false,"placements":[{"Id":"5df35cb4751f3734080c57f1","Tid":"000000000000000000000001","P":{"x":0.6592578887939453,"y":-0.2604050636291504,"z":0.2234334945678711},"R":{"x":357.8699035644531,"y":10.195603370666504,"z":357.45037841796875}}],"serveTime":191}