{"thingDefinitions":[{"id":"60fdb075fcd54d78c30a4d51","def":"{\"v\":9,\"p\":[{\"s\":[{\"p\":[0,0,0],\"r\":[0,0,0],\"s\":[0.1750002,0.1750003,0.1750004],\"c\":[1,1,1]}]},{\"s\":[{\"p\":[-0.001173055,-0.005229786,0.1410939],\"r\":[1.895689,358.4369,3.682748],\"s\":[0.1750001,0.1750001,0.1750001],\"c\":[1,1,1]}]}]}"}],"serveTime":3}