{"ok":true,"areaId":"60f17ad2403ea723d5c0a400","areaName":"nickgamezzzz's home","areaKey":"rr60f17ad269b6ac23d5653378","areaCreatorId":"60f17ad2403ea723d5c0a3ff","isPrivate":false,"isZeroGravity":false,"hasFloatingDust":false,"isCopyable":false,"onlyOwnerSetsLocks":false,"isExcluded":false,"environmentChangersJSON":"{\"environmentChangers\":[]}","requestorIsEditor":false,"requestorIsListEditor":false,"requestorIsOwner":false,"placements":[{"Id":"60f17ad269b6ac23d5653379","Tid":"000000000000000000000001","P":{"x":0.62715387344,"y":-0.275627732,"z":0.321439146995},"R":{"x":0,"y":0,"z":0},"A":[1]},{"Id":"60fdb0755201d720f485a2ff","Tid":"60fdb075fcd54d78c30a4d51","P":{"x":0.3209930658340454,"y":1.104525089263916,"z":0.34033772349357605},"R":{"x":282.5254211425781,"y":56.23395538330078,"z":349.4517517089844},"S":1.6906,"A":[]},{"Id":"60fdb0805201d720f485a300","Tid":"60fdb075fcd54d78c30a4d51","P":{"x":-0.9075433015823364,"y":0.7067030668258667,"z":-0.3967996835708618},"R":{"x":358.8280029296875,"y":186.24163818359375,"z":92.8725814819336},"S":1.8075,"A":[]},{"Id":"60fdb0b95201d720f485a303","Tid":"60fdb075fcd54d78c30a4d51","P":{"x":0.4913288652896881,"y":1.1506997346878052,"z":0.2875674068927765},"R":{"x":281.90228271484375,"y":53.40361022949219,"z":15.838104248046875},"S":1.6906,"A":[]}],"serveTime":18}