{"ok":true,"areaId":"5ad208e30d1bf6157b3a831f","areaName":"niet's home","areaKey":"rr5ad208e3f9e5ec157b0e7eca","areaCreatorId":"5ad208e30d1bf6157b3a831e","isPrivate":false,"isZeroGravity":false,"hasFloatingDust":false,"isCopyable":false,"onlyOwnerSetsLocks":false,"isExcluded":false,"_environmentType":"Rain","environmentChangersJSON":"{\"environmentChangers\":[{\"Name\":\"night\",\"Rotation\":{\"x\":357.105712890625,\"y\":3.2059383392333984,\"z\":2.660944938659668},\"Scale\":0.05000000819563866,\"Color\":{\"r\":0.03999999910593033,\"g\":0.04999998211860657,\"b\":0.09999997168779373,\"a\":1}},{\"Name\":\"sun\",\"Rotation\":{\"x\":293.21466064453125,\"y\":117.16865539550781,\"z\":23.602798461914062},\"Scale\":0.050000086426734924,\"Color\":{\"r\":1,\"g\":1,\"b\":1,\"a\":1}}]}","requestorIsEditor":false,"requestorIsListEditor":false,"requestorIsOwner":false,"placements":[{"Id":"5ad208e4f9e5ec157b0e7ecb","Tid":"000000000000000000000001","P":{"x":0.62715387344,"y":-0.275627732,"z":0.321439146995},"R":{"x":0,"y":0,"z":0}}],"serveTime":18}