{"ok":true,"areaId":"5f91bc14fe99c863186d30e3","areaName":"niklasneighbor's home","areaKey":"rr5f91bc14cee39563181585e9","areaCreatorId":"5f91bc14fe99c863186d30e2","isPrivate":false,"isZeroGravity":false,"hasFloatingDust":false,"isCopyable":false,"onlyOwnerSetsLocks":false,"isExcluded":false,"environmentChangersJSON":"{\"environmentChangers\":[{\"Name\":\"sun\",\"Rotation\":{\"x\":278.81353759765625,\"y\":290.32171630859375,\"z\":173.0687713623047},\"Scale\":0.050000034272670746,\"Color\":{\"r\":1,\"g\":1,\"b\":1,\"a\":1}},{\"Name\":\"ambientLight\",\"Rotation\":{\"x\":359.80902099609375,\"y\":4.035206317901611,\"z\":358.0380859375},\"Scale\":0.1000000387430191,\"Color\":{\"r\":0.09999997168779373,\"g\":0.09899996966123581,\"b\":0.06999997794628143,\"a\":1}}]}","requestorIsEditor":false,"requestorIsListEditor":false,"requestorIsOwner":false,"placements":[],"serveTime":20}