{"ok":true,"areaId":"5d34c3a28a8a6d062970b1c2","areaName":"noturaveragenuby's home","areaKey":"rr5d34c3a2f82b5f0629837a76","areaCreatorId":"5d34c3a28a8a6d062970b1c1","isPrivate":false,"isZeroGravity":false,"hasFloatingDust":false,"isCopyable":false,"onlyOwnerSetsLocks":false,"isExcluded":false,"environmentChangersJSON":"{\"environmentChangers\":[{\"Name\":\"night\",\"Rotation\":{\"x\":3.7346441745758057,\"y\":69.86467742919922,\"z\":311.4237365722656},\"Scale\":0.05000000447034836,\"Color\":{\"r\":0.03999999910593033,\"g\":0.04999998211860657,\"b\":0.09999997168779373,\"a\":1}}]}","requestorIsEditor":false,"requestorIsListEditor":false,"requestorIsOwner":false,"placements":[{"Id":"5d34c3a2f82b5f0629837a77","Tid":"000000000000000000000001","P":{"x":0.62715387344,"y":-0.275627732,"z":0.321439146995},"R":{"x":0,"y":0,"z":0}}],"serveTime":17}