{"ok":true,"areaId":"5af62d509fd6ce0f804f622e","areaName":"ohhhhmama's home","areaKey":"rr5af62d501415450f8074ddc4","areaCreatorId":"5af62d509fd6ce0f804f622d","isPrivate":false,"isZeroGravity":false,"hasFloatingDust":false,"isCopyable":false,"onlyOwnerSetsLocks":false,"isExcluded":false,"environmentChangersJSON":"{\"environmentChangers\":[]}","requestorIsEditor":false,"requestorIsListEditor":false,"requestorIsOwner":false,"placements":[{"Id":"5af62d501415450f8074ddc5","Tid":"000000000000000000000001","P":{"x":0.62715387344,"y":-0.275627732,"z":0.321439146995},"R":{"x":0,"y":0,"z":0}},{"Id":"5af62d97c82dc2277821c9a9","Tid":"5af62d959d38670f86fe790f","P":{"x":0.42973682284355164,"y":1.2484562397003174,"z":0.4013870656490326},"R":{"x":295.65875244140625,"y":280.1697692871094,"z":93.06301879882812},"S":0.9999997615814209},{"Id":"5af62d9bc82dc2277821c9aa","Tid":"5af62d959d38670f86fe790f","P":{"x":-0.07670710980892181,"y":1.212334394454956,"z":0.4250764846801758},"R":{"x":75.0971908569336,"y":236.01605224609375,"z":71.49700927734375},"S":1.0000033378601074},{"Id":"5af62d9ec82dc2277821c9ab","Tid":"5af62d959d38670f86fe790f","P":{"x":0.15986227989196777,"y":1.1045078039169312,"z":0.551559329032898},"R":{"x":80.27706146240234,"y":148.41973876953125,"z":319.68426513671875}}],"serveTime":23}