{"ok":true,"areaId":"5cdd85cd14344052a51b73c0","areaName":"pablo l'escobar's home","areaKey":"rr5cdd85cd42f9da52a5e48b34","areaCreatorId":"5cdd85cd14344052a51b73bf","isPrivate":false,"isZeroGravity":false,"hasFloatingDust":false,"isCopyable":false,"onlyOwnerSetsLocks":false,"isExcluded":false,"environmentChangersJSON":"{\"environmentChangers\":[{\"Name\":\"ambientLight\",\"Rotation\":{\"x\":354.5570983886719,\"y\":55.069644927978516,\"z\":325.8739013671875},\"Scale\":0.1000000610947609,\"Color\":{\"r\":0.09999997168779373,\"g\":0.09899996966123581,\"b\":0.06999997794628143,\"a\":1}}]}","requestorIsEditor":false,"requestorIsListEditor":false,"requestorIsOwner":false,"placements":[{"Id":"5cdd85cd42f9da52a5e48b35","Tid":"000000000000000000000001","P":{"x":0.62715387344,"y":-0.275627732,"z":0.321439146995},"R":{"x":0,"y":0,"z":0}}],"serveTime":11}