{"ok":true,"areaId":"606668196a4cfe3922b11e4f","areaName":"pablopeguin's home","areaKey":"rr6066681925b4e739229c1247","areaCreatorId":"606668196a4cfe3922b11e4e","isPrivate":false,"isZeroGravity":false,"hasFloatingDust":false,"isCopyable":false,"onlyOwnerSetsLocks":false,"isExcluded":false,"_environmentType":"Day","environmentChangersJSON":"{\"environmentChangers\":[{\"Name\":\"LowPolySphere\",\"Rotation\":{\"x\":301.9458312988281,\"y\":347.7455749511719,\"z\":334.7023620605469},\"Scale\":0.12500011920928955,\"Color\":{\"r\":1,\"g\":1,\"b\":1,\"a\":1}}]}","requestorIsEditor":false,"requestorIsListEditor":false,"requestorIsOwner":false,"placements":[{"Id":"6066681925b4e739229c1248","Tid":"000000000000000000000001","P":{"x":0.62715387344,"y":-0.275627732,"z":0.321439146995},"R":{"x":0,"y":0,"z":0},"A":[1]},{"Id":"606730ec8baa26ff9c35f6f7","Tid":"606730ebeedf01391ca3e679","P":{"x":-0.8934376835823059,"y":0.9467634558677673,"z":0.5619933605194092},"R":{"x":1.6803010702133179,"y":264.27569580078125,"z":1.5342167615890503},"A":[]}],"serveTime":25}