{"ok":true,"areaId":"5efa4985d77e98063b51829b","areaName":"pengy's home","areaKey":"rr5efa4985cd25a0063b5a524c","areaCreatorId":"5efa4985d77e98063b51829a","isPrivate":false,"isZeroGravity":false,"hasFloatingDust":false,"isCopyable":false,"onlyOwnerSetsLocks":false,"isExcluded":false,"environmentChangersJSON":"{\"environmentChangers\":[{\"Name\":\"sun\",\"Rotation\":{\"x\":352.5514831542969,\"y\":148.1688995361328,\"z\":208.6133270263672},\"Scale\":0.050000037997961044,\"Color\":{\"r\":1,\"g\":1,\"b\":1,\"a\":1}}]}","requestorIsEditor":false,"requestorIsListEditor":false,"requestorIsOwner":false,"placements":[{"Id":"5efa4985cd25a0063b5a524d","Tid":"000000000000000000000001","P":{"x":0.62715387344,"y":-0.275627732,"z":0.321439146995},"R":{"x":0,"y":0,"z":0}},{"Id":"5efa4b5a7e9dc74234dcccc0","Tid":"5efa4b5ea172cf0642c8d4c2","P":{"x":0.38339558243751526,"y":1.2711011171340942,"z":0.9187904596328735},"R":{"x":339.00634765625,"y":125.25948333740234,"z":5.889157295227051},"S":0.9999998211860657}],"serveTime":25}