{"ok":true,"areaId":"5a0ba835b42bc69d140768b5","areaName":"personal","areaKey":"rr5a0ba835d835d59d141ccffd","areaCreatorId":"5a0a51ac195ffc70138e2310","isPrivate":false,"isZeroGravity":false,"hasFloatingDust":false,"isCopyable":false,"onlyOwnerSetsLocks":false,"isExcluded":false,"_environmentType":"Default","environmentChangersJSON":"{\"environmentChangers\":[{\"Name\":\"sun\",\"Rotation\":{\"x\":309.30120849609375,\"y\":266.41619873046875,\"z\":226.25062561035156},\"Scale\":0.04999990016222,\"Color\":{\"r\":1,\"g\":1,\"b\":1,\"a\":1}},{\"Name\":\"night\",\"Rotation\":{\"x\":2.3752338886260986,\"y\":198.09725952148438,\"z\":258.1097106933594},\"Scale\":0.050000011920928955,\"Color\":{\"r\":0,\"g\":0,\"b\":0,\"a\":1}}]}","requestorIsEditor":false,"requestorIsListEditor":false,"requestorIsOwner":false,"placements":[{"Id":"5a0ba835d835d59d141ccffe","Tid":"000000000000000000000001","P":{"x":0.62715387344,"y":-0.275627732,"z":0.321439146995},"R":{"x":0,"y":0,"z":0}},{"Id":"5a0babcccdfa24147cae290a","Tid":"5a0bad62a0129d97147d95b8","P":{"x":2.0607662200927734,"y":0.8782986402511597,"z":0.6167476773262024},"R":{"x":0.000010017914064519573,"y":0,"z":270}},{"Id":"5a0badd1cdfa24147cae290b","Tid":"5a0badd3e8c09a671338f223","P":{"x":2.049032688140869,"y":-0.0663885772228241,"z":0.7102735042572021},"R":{"x":270,"y":90,"z":0}}],"serveTime":16}