{"ok":true,"areaId":"5cba35c821bdca26726f5bee","areaName":"pinguinballzz's home","areaKey":"rr5cba35c8643c8c2672986ac0","areaCreatorId":"5cba35c821bdca26726f5bed","isPrivate":false,"isZeroGravity":false,"hasFloatingDust":false,"isCopyable":false,"onlyOwnerSetsLocks":false,"isExcluded":false,"_environmentType":"Night","environmentChangersJSON":"{\"environmentChangers\":[{\"Name\":\"ambientLight\",\"Rotation\":{\"x\":321.4181823730469,\"y\":51.0871696472168,\"z\":343.23486328125},\"Scale\":0.09999999403953552,\"Color\":{\"r\":0.09999997168779373,\"g\":0.09899996966123581,\"b\":0.06999997794628143,\"a\":1}},{\"Name\":\"sun\",\"Rotation\":{\"x\":88.90980529785156,\"y\":215.5174560546875,\"z\":208.93136596679688},\"Scale\":0.05000000819563866,\"Color\":{\"r\":1,\"g\":1,\"b\":1,\"a\":1}}]}","requestorIsEditor":false,"requestorIsListEditor":false,"requestorIsOwner":false,"placements":[{"Id":"5cba35c8643c8c2672986ac1","Tid":"5cba3628ef5174481d2df582","P":{"x":-1.5007750988006592,"y":-0.583385705947876,"z":-0.8121488094329834},"R":{"x":5.58858060836792,"y":314.506591796875,"z":0.58694988489151}},{"Id":"5cba3602700cd9244ccca08d","Tid":"5cba35ffa67eaf0559370c84","P":{"x":-0.2573331892490387,"y":1.1481990814208984,"z":-0.020742341876029968},"R":{"x":5.126866340637207,"y":312.9103088378906,"z":330.37249755859375}}],"serveTime":24}