{"ok":true,"areaId":"5bbd1fa849d643459b67b200","areaName":"pinkland","areaKey":"rr5bbd1fa8085e6f459b68ebcd","areaCreatorId":"5baededce59e8d1c33e136ad","isPrivate":false,"isZeroGravity":false,"hasFloatingDust":false,"isCopyable":false,"onlyOwnerSetsLocks":false,"isExcluded":false,"_environmentType":"Snow","environmentChangersJSON":"{\"environmentChangers\":[{\"Name\":\"sun\",\"Rotation\":{\"x\":344.4670104980469,\"y\":140.2713165283203,\"z\":119.83074188232422},\"Scale\":0.0500001385807991,\"Color\":{\"r\":0.9714284539222717,\"g\":0,\"b\":1,\"a\":1}}]}","requestorIsEditor":false,"requestorIsListEditor":false,"requestorIsOwner":false,"placements":[{"Id":"5bbd1fa8085e6f459b68ebce","Tid":"000000000000000000000001","P":{"x":0.62715387344,"y":-0.275627732,"z":0.321439146995},"R":{"x":0,"y":0,"z":0}},{"Id":"5bbd22f9b934626eac26df63","Tid":"5bbd22e16e1c7454a3026539","P":{"x":-0.6545233726501465,"y":0.7738292217254639,"z":0.25850710272789},"R":{"x":273.1484680175781,"y":102.39620971679688,"z":355.8978576660156},"S":1.0000007152557373},{"Id":"5bbd235eb934626eac26df64","Tid":"5bbd2346c36d4f058dc7ef3a","P":{"x":-1.6583999395370483,"y":1.2882665395736694,"z":0.25444531440734863},"R":{"x":272.44873046875,"y":221.84979248046875,"z":49.492977142333984},"S":1.000000238418579},{"Id":"5bbd2579b934626eac26df65","Tid":"5bbd2561ce29a14590e4e2bd","P":{"x":-1.7800463438034058,"y":0.5249682068824768,"z":0.3011712431907654},"R":{"x":274.7442626953125,"y":286.02728271484375,"z":333.19952392578125},"S":1.000000238418579}],"serveTime":14}