{"thingDefinitions":[{"id":"6207f569cacd111c4450b1f9","def":"{\"v\":9,\"a\":[22,18,31],\"p\":[{\"s\":[{\"p\":[-0.1895514,-0.2067324,0.03948665],\"r\":[9.136359,356.6388,14.84607],\"s\":[0.1750174,0.1750286,0.1750078],\"c\":[0.3333332,0.3333332,0.3333332]}]},{\"s\":[{\"p\":[0.338179,-0.02348319,0.0936909],\"r\":[323.2066,79.73033,11.43654],\"s\":[0.1750765,0.1750734,0.1750285],\"c\":[0.3333332,0.3333332,0.3333332]}]},{\"s\":[{\"p\":[0.1590511,0.8182057,0.002371848],\"r\":[5.530465,334.2402,56.94924],\"s\":[0.175196,0.1752245,0.1751508],\"c\":[0.3333332,0.3333332,0.3333332]}]},{\"s\":[{\"p\":[0.352462,0.3495092,-0.1487665],\"r\":[9.13636,356.6388,59.84606],\"s\":[0.1750346,0.1750726,0.1750541],\"c\":[0.3333332,0.3333332,0.3333332]}]}]}"}],"serveTime":4}