{"ok":true,"areaId":"61b9f2ac3b86ed05daa7ef12","areaName":"polarfrost's home","areaKey":"rr61b9f2acb066f505da902e31","areaCreatorId":"61b9f2ac3b86ed05daa7ef11","isPrivate":false,"isZeroGravity":false,"hasFloatingDust":false,"isCopyable":false,"onlyOwnerSetsLocks":false,"isExcluded":false,"_environmentType":"Day","environmentChangersJSON":"{\"environmentChangers\":[{\"Name\":\"ambientLight\",\"Rotation\":{\"x\":13.806770324707031,\"y\":59.57221984863281,\"z\":13.870649337768555},\"Scale\":0.1000000536441803,\"Color\":{\"r\":0.09999997168779373,\"g\":0.09899996966123581,\"b\":0.06999997794628143,\"a\":1}},{\"Name\":\"Sphere\",\"Rotation\":{\"x\":358.717041015625,\"y\":30.019927978515625,\"z\":291.94769287109375},\"Scale\":0.12500004470348358,\"Color\":{\"r\":1,\"g\":1,\"b\":1,\"a\":1}}]}","requestorIsEditor":false,"requestorIsListEditor":false,"requestorIsOwner":false,"placements":[{"Id":"61b9f2acb066f505da902e32","Tid":"000000000000000000000001","P":{"x":0.62715387344,"y":-0.275627732,"z":0.321439146995},"R":{"x":0,"y":0,"z":0},"A":[1]}],"serveTime":19}