{"ok":true,"areaId":"5ce2d1a0c140b0055ab28ce0","areaName":"pommes panzer tom's home","areaKey":"rr5ce2d1a03552b3055a865bb3","areaCreatorId":"5ce2d1a0c140b0055ab28cdf","isPrivate":false,"isZeroGravity":false,"hasFloatingDust":false,"isCopyable":false,"onlyOwnerSetsLocks":false,"isExcluded":false,"environmentChangersJSON":"{\"environmentChangers\":[]}","requestorIsEditor":false,"requestorIsListEditor":false,"requestorIsOwner":false,"placements":[{"Id":"5ce2d1a03552b3055a865bb4","Tid":"000000000000000000000001","P":{"x":0.9889163970947266,"y":-0.291513592004776,"z":-0.15704065561294556},"R":{"x":6.698306560516357,"y":15.221575736999512,"z":5.281501293182373},"S":0.82},{"Id":"5ce2d2272bfdee2638fd0a78","Tid":"000000000000000000000001","P":{"x":1.0915430784225464,"y":-0.2921809256076813,"z":-0.5052332878112793},"R":{"x":18.272764205932617,"y":16.80843162536621,"z":14.702796936035156},"S":11.837380409240723},{"Id":"5ce2d22a2bfdee2638fd0a79","Tid":"000000000000000000000001","P":{"x":1.1439188718795776,"y":-0.24525418877601624,"z":-0.5583820343017578},"R":{"x":18.955585479736328,"y":18.345542907714844,"z":17.16524314880371},"S":11.837381362915039}],"serveTime":20}