{"ok":true,"areaId":"5f8e1eb87a4ec8631f117470","areaName":"potatocheeps's home","areaKey":"rr5f8e1eb837dc0a631f2d48dc","areaCreatorId":"5f8e1eb87a4ec8631f11746f","isPrivate":false,"isZeroGravity":false,"hasFloatingDust":false,"isCopyable":false,"onlyOwnerSetsLocks":false,"isExcluded":false,"_environmentType":"Wind5","environmentChangersJSON":"{\"environmentChangers\":[{\"Name\":\"ambientLight\",\"Rotation\":{\"x\":0.3335322141647339,\"y\":12.00157642364502,\"z\":6.259787559509277},\"Scale\":0.10000000894069672,\"Color\":{\"r\":0.09999997168779373,\"g\":0.09899996966123581,\"b\":0.06999997794628143,\"a\":1}}]}","requestorIsEditor":false,"requestorIsListEditor":false,"requestorIsOwner":false,"placements":[{"Id":"5f8e1eb837dc0a631f2d48dd","Tid":"000000000000000000000001","P":{"x":0.62715387344,"y":-0.275627732,"z":0.321439146995},"R":{"x":0,"y":0,"z":0},"A":[1]},{"Id":"5f8e1ff1f4f49c3034ed5b95","Tid":"5f8e1ff17a4ec8631f117474","P":{"x":0.1578747034072876,"y":0.9466220140457153,"z":0.507244348526001},"R":{"x":313.1109619140625,"y":109.87386322021484,"z":284.9263916015625},"A":[]}],"serveTime":15}