{"ok":true,"areaId":"592e0e55dae9012a10aa5369","areaName":"projekt berm","areaKey":"rr592e0e55b330e22a107f7b03","areaCreatorId":"5928b16a4e75262e1087e7ab","isPrivate":false,"isZeroGravity":false,"hasFloatingDust":false,"isCopyable":false,"onlyOwnerSetsLocks":false,"isExcluded":false,"_environmentType":"Rain","environmentChangersJSON":"{\"environmentChangers\":[{\"Name\":\"sun\",\"Rotation\":{\"x\":306.3859558105469,\"y\":103.7138671875,\"z\":56.44979476928711},\"Scale\":0.05000002682209015,\"Color\":{\"r\":1,\"g\":1,\"b\":1,\"a\":1}}]}","requestorIsEditor":false,"requestorIsListEditor":false,"requestorIsOwner":false,"placements":[{"Id":"592e0e55b330e22a107f7b04","Tid":"000000000000000000000001","P":{"x":0.62715387344,"y":-0.275627732,"z":0.321439146995},"R":{"x":0,"y":0,"z":0}},{"Id":"592e1f22c035a3164810271f","Tid":"592e1f230fce70b62e0f1f04","P":{"x":0.22824132442474365,"y":0.9662399888038635,"z":0.19780617952346802},"R":{"x":315.4903869628906,"y":21.21601104736328,"z":328.5491943359375}}],"serveTime":14}