{"ok":true,"areaId":"5b68dacb8a2e2d206bf99eaf","areaName":"psychodrama's home","areaKey":"rr5b68dacb557940206b14ab2c","areaCreatorId":"5b68dacb8a2e2d206bf99eae","isPrivate":false,"isZeroGravity":false,"hasFloatingDust":false,"isCopyable":false,"onlyOwnerSetsLocks":false,"isExcluded":false,"environmentChangersJSON":"{\"environmentChangers\":[{\"Name\":\"night\",\"Rotation\":{\"x\":43.537166595458984,\"y\":25.02288818359375,\"z\":355.0975036621094},\"Scale\":0.050000011920928955,\"Color\":{\"r\":0.03999999910593033,\"g\":0.04999998211860657,\"b\":0.09999997168779373,\"a\":1}}]}","requestorIsEditor":false,"requestorIsListEditor":false,"requestorIsOwner":false,"placements":[{"Id":"5b68dacb557940206b14ab2d","Tid":"000000000000000000000001","P":{"x":0.62715387344,"y":-0.275627732,"z":0.321439146995},"R":{"x":0,"y":0,"z":0}}],"serveTime":24}