{"ok":true,"areaId":"5b81d44554489849070f6293","areaName":"quintthemint's home","areaKey":"rr5b81d445ac022249077916a3","areaCreatorId":"5b81d44554489849070f6292","isPrivate":false,"isZeroGravity":false,"hasFloatingDust":false,"isCopyable":false,"onlyOwnerSetsLocks":false,"isExcluded":false,"environmentChangersJSON":"{\"environmentChangers\":[{\"Name\":\"sun\",\"Rotation\":{\"x\":296.6474914550781,\"y\":309.02496337890625,\"z\":48.608909606933594},\"Scale\":0.05000000447034836,\"Color\":{\"r\":1,\"g\":1,\"b\":1,\"a\":1}}]}","requestorIsEditor":false,"requestorIsListEditor":false,"requestorIsOwner":false,"placements":[{"Id":"5b81d445ac022249077916a4","Tid":"5b81d820df21ed289c2316a1","P":{"x":0.6271538734436035,"y":-0.2756277322769165,"z":0.32143914699554443},"R":{"x":0,"y":0,"z":0}}],"serveTime":27}