{"ok":true,"areaId":"5a8ccf447c0c29751307d0c4","areaName":"razieltex's home","areaKey":"rr5a8ccf4419ab46751321a090","areaCreatorId":"5a8ccf447c0c29751307d0c3","isPrivate":false,"isZeroGravity":false,"hasFloatingDust":false,"isCopyable":false,"onlyOwnerSetsLocks":false,"isExcluded":false,"_environmentType":"Wind","environmentChangersJSON":"{\"environmentChangers\":[{\"Name\":\"night\",\"Rotation\":{\"x\":5.2287702560424805,\"y\":356.6565856933594,\"z\":2.244553327560425},\"Scale\":0.050000064074993134,\"Color\":{\"r\":0.03999999910593033,\"g\":0.04999998211860657,\"b\":0.09999997168779373,\"a\":1}}]}","requestorIsEditor":false,"requestorIsListEditor":false,"requestorIsOwner":false,"placements":[{"Id":"5a8ccf4419ab46751321a091","Tid":"000000000000000000000001","P":{"x":0.62715387344,"y":-0.275627732,"z":0.321439146995},"R":{"x":0,"y":0,"z":0}},{"Id":"5a8ccfa2201e627760e62db3","Tid":"5a8ccfa1d3428fd50fb51745","P":{"x":1.15802800655365,"y":1.2426809072494507,"z":-1.4693994522094727},"R":{"x":15.140753746032715,"y":34.7518196105957,"z":172.37802124023438}}],"serveTime":10}