{"ok":true,"areaId":"5b6bb64b10a2ed4ad2961047","areaName":"redthin's home","areaKey":"rr5b6bb64b0c29db4ad298e6f4","areaCreatorId":"5b6bb64b10a2ed4ad2961046","isPrivate":false,"isZeroGravity":false,"hasFloatingDust":false,"isCopyable":false,"onlyOwnerSetsLocks":false,"isExcluded":false,"_environmentType":"Night","environmentChangersJSON":"{\"environmentChangers\":[{\"Name\":\"sun\",\"Rotation\":{\"x\":81.9999771118164,\"y\":180,\"z\":180},\"Scale\":0.05000000074505806,\"Color\":{\"r\":1,\"g\":1,\"b\":1,\"a\":1}}]}","requestorIsEditor":false,"requestorIsListEditor":false,"requestorIsOwner":false,"placements":[{"Id":"5b6bb64b0c29db4ad298e6f5","Tid":"000000000000000000000001","P":{"x":0.62715387344,"y":-0.275627732,"z":0.321439146995},"R":{"x":0,"y":0,"z":0}},{"Id":"5b873c2106248b533c2684c9","Tid":"5b873c22af89746c920cce50","P":{"x":0.12158849835395813,"y":0.7709296941757202,"z":-0.15634174644947052},"R":{"x":356.10589599609375,"y":336.3515319824219,"z":157.95159912109375},"S":1.0000007152557373}],"serveTime":23}