{"thingDefinitions":[{"id":"651f67ebf3ec0c52a4c19cc1","def":"{\"v\":9,\"p\":[{\"b\":132,\"e\":\"i had great plans for this area...\",\"s\":[{\"p\":[0.2193724,1.219055,0.3226036],\"r\":[342.5,3.374998,0],\"s\":[0.003,0.003,0.003],\"c\":[1,1,1]}]}]}"}],"serveTime":4}