{"ok":true,"areaId":"60edcb7f76cc3d20ebf436d0","areaName":"renguii's home","areaKey":"rr60edcb7fd3e21620eb1a4b96","areaCreatorId":"60edcb7f76cc3d20ebf436cf","isPrivate":false,"isZeroGravity":false,"hasFloatingDust":false,"isCopyable":false,"onlyOwnerSetsLocks":false,"isExcluded":false,"_environmentType":"Day2","environmentChangersJSON":"{\"environmentChangers\":[{\"Name\":\"sun\",\"Rotation\":{\"x\":352.8035583496094,\"y\":231.71041870117188,\"z\":196.5181121826172},\"Scale\":0.029999999329447746,\"Color\":{\"r\":1,\"g\":1,\"b\":1,\"a\":1}},{\"Name\":\"night\",\"Rotation\":{\"x\":0.1838647425174713,\"y\":278.7818908691406,\"z\":182.1538848876953},\"Scale\":0.0499999113380909,\"Color\":{\"r\":0.03999999910593033,\"g\":0.049999967217445374,\"b\":0.09999994188547134,\"a\":1}},{\"Name\":\"ambientLight\",\"Rotation\":{\"x\":350.6255798339844,\"y\":41.1253662109375,\"z\":5.830839157104492},\"Scale\":0.09999997913837433,\"Color\":{\"r\":0.09999997168779373,\"g\":0.09899996966123581,\"b\":0.06999997794628143,\"a\":1}}]}","requestorIsEditor":false,"requestorIsListEditor":false,"requestorIsOwner":false,"placements":[{"Id":"60edd99dd028d031c06863b5","Tid":"60edd99ab421bf7446ab6bf7","P":{"x":0.49543118476867676,"y":-0.16280925273895264,"z":-0.07006996870040894},"R":{"x":0,"y":0.00001001791224553017,"z":0},"A":[1]}],"serveTime":22}