{"ok":true,"areaId":"5bf066318a41dd65026eb0de","areaName":"roch's home","areaKey":"rr5bf06631d5a9a765022311e9","areaCreatorId":"5bf066318a41dd65026eb0dd","isPrivate":false,"isZeroGravity":false,"hasFloatingDust":false,"isCopyable":false,"onlyOwnerSetsLocks":false,"isExcluded":false,"_environmentType":"Day","environmentChangersJSON":"{\"environmentChangers\":[{\"Name\":\"ambientLight\",\"Rotation\":{\"x\":357.72955322265625,\"y\":6.095889568328857,\"z\":2.0329391956329346},\"Scale\":0.10000000149011612,\"Color\":{\"r\":0.09999997168779373,\"g\":0.09899996966123581,\"b\":0.06999997794628143,\"a\":1}}]}","requestorIsEditor":false,"requestorIsListEditor":false,"requestorIsOwner":false,"placements":[{"Id":"5bf06631d5a9a765022311ea","Tid":"000000000000000000000001","P":{"x":0.5890057682991028,"y":0.35697242617607117,"z":-0.03949332237243652},"R":{"x":358.2194519042969,"y":21.10979461669922,"z":9.064983367919922},"S":1.0000007152557373}],"serveTime":27}