{"ok":true,"areaId":"5a4a4f7b7125f784148fad37","areaName":"rtgyyfyr","areaKey":"rr5a4a4f7ba7544e8414c79f4e","areaCreatorId":"5a4926f7f6574ccc139d1bcc","isPrivate":false,"isZeroGravity":false,"hasFloatingDust":false,"isCopyable":false,"onlyOwnerSetsLocks":false,"isExcluded":false,"environmentChangersJSON":"{\"environmentChangers\":[{\"Name\":\"sun\",\"Rotation\":{\"x\":341.5603942871094,\"y\":287.716552734375,\"z\":99.95037078857422},\"Scale\":0.05000004917383194,\"Color\":{\"r\":1,\"g\":1,\"b\":1,\"a\":1}}]}","requestorIsEditor":false,"requestorIsListEditor":false,"requestorIsOwner":false,"placements":[{"Id":"5a4a4f7ba7544e8414c79f4f","Tid":"000000000000000000000001","P":{"x":0.62715387344,"y":-0.275627732,"z":0.321439146995},"R":{"x":0,"y":0,"z":0}},{"Id":"5a4a54365e149d3b006538f8","Tid":"5a4a53b04fb31e78145abc72","P":{"x":2,"y":4,"z":-8},"R":{"x":318.5921325683594,"y":303.66522216796875,"z":282.36907958984375}}],"serveTime":15}