{"ok":true,"areaId":"5b156db632ec18384a78a927","areaName":"running-target's home","areaKey":"rr5b156db61ca05b384a2df2a5","areaCreatorId":"5b156db632ec18384a78a926","isPrivate":false,"isZeroGravity":false,"hasFloatingDust":false,"isCopyable":false,"onlyOwnerSetsLocks":false,"isExcluded":false,"_environmentType":"Day","environmentChangersJSON":"{\"environmentChangers\":[{\"Name\":\"sun\",\"Rotation\":{\"x\":271.8362121582031,\"y\":311.097900390625,\"z\":151.2441864013672},\"Scale\":0.05000006780028343,\"Color\":{\"r\":1,\"g\":1,\"b\":1,\"a\":1}}]}","requestorIsEditor":false,"requestorIsListEditor":false,"requestorIsOwner":false,"placements":[{"Id":"5b156db61ca05b384a2df2a6","Tid":"000000000000000000000001","P":{"x":0.62715387344,"y":-0.275627732,"z":0.321439146995},"R":{"x":0,"y":0,"z":0}},{"Id":"5b156df9f6af17243437c2ee","Tid":"5b156dfa83b3bc356ecbee04","P":{"x":-0.2506456971168518,"y":0.960138201713562,"z":0.47271373867988586},"R":{"x":26.338153839111328,"y":291.336181640625,"z":273.9674377441406},"S":1.0000020265579224}],"serveTime":26}