{"ok":true,"areaId":"5bc338523216f23259badc7c","areaName":"saen's home","areaKey":"rr5bc33852f37377325940d14f","areaCreatorId":"5bc338523216f23259badc7b","isPrivate":false,"isZeroGravity":false,"hasFloatingDust":false,"isCopyable":false,"onlyOwnerSetsLocks":false,"isExcluded":false,"_environmentType":"Rain","environmentChangersJSON":"{\"environmentChangers\":[{\"Name\":\"night\",\"Rotation\":{\"x\":35.01478958129883,\"y\":353.44677734375,\"z\":5.863532543182373},\"Scale\":0.04999976605176926,\"Color\":{\"r\":0.03999999910593033,\"g\":0.04999998211860657,\"b\":0.09999997168779373,\"a\":1}},{\"Name\":\"sun\",\"Rotation\":{\"x\":72.11823272705078,\"y\":217.22007751464844,\"z\":210.65283203125},\"Scale\":0.04999975860118866,\"Color\":{\"r\":1,\"g\":1,\"b\":1,\"a\":1}},{\"Name\":\"ambientLight\",\"Rotation\":{\"x\":9.173608779907227,\"y\":6.557598114013672,\"z\":355.73699951171875},\"Scale\":0.09999954700469971,\"Color\":{\"r\":0.09999997168779373,\"g\":0.09899996966123581,\"b\":0.06999997794628143,\"a\":1}}]}","requestorIsEditor":false,"requestorIsListEditor":false,"requestorIsOwner":false,"placements":[{"Id":"5bc33852f37377325940d150","Tid":"000000000000000000000001","P":{"x":0.62715387344,"y":-0.275627732,"z":0.321439146995},"R":{"x":0,"y":0,"z":0}}],"serveTime":12}