{"ok":true,"areaId":"5c17226a7863da6f76f386cc","areaName":"sailingjacobe's home","areaKey":"rr5c17226adbd6db6f763cf388","areaCreatorId":"5c17226a7863da6f76f386cb","isPrivate":false,"isZeroGravity":false,"hasFloatingDust":false,"isCopyable":false,"onlyOwnerSetsLocks":false,"isExcluded":false,"environmentChangersJSON":"{\"environmentChangers\":[{\"Name\":\"sun\",\"Rotation\":{\"x\":309.02728271484375,\"y\":67.24828338623047,\"z\":99.02732849121094},\"Scale\":0.04999995231628418,\"Color\":{\"r\":1,\"g\":1,\"b\":1,\"a\":1}},{\"Name\":\"night\",\"Rotation\":{\"x\":13.63669204711914,\"y\":271.9277648925781,\"z\":357.29931640625},\"Scale\":0.05000000074505806,\"Color\":{\"r\":0.33333319425582886,\"g\":0.828571081161499,\"b\":1,\"a\":1}}]}","requestorIsEditor":false,"requestorIsListEditor":false,"requestorIsOwner":false,"placements":[{"Id":"5c17226adbd6db6f763cf389","Tid":"5c1723d0a684940556e1d702","P":{"x":0.6361083984375,"y":-0.25195279717445374,"z":0.3015252351760864},"R":{"x":0.9727147817611694,"y":0.709561824798584,"z":0.9227191805839539},"S":1.0000007152557373},{"Id":"5c1722ab24555236844b4d44","Tid":"5c1722ab39f34d317e595ab1","P":{"x":0.8207154273986816,"y":1.5315035581588745,"z":0.30241259932518005},"R":{"x":315.6627197265625,"y":251.46786499023438,"z":175.54165649414062},"S":1.000002145767212}],"serveTime":17}