{"thingDefinitions":[{"id":"60ad811f628125307fb8a146","def":"{\"v\":9,\"p\":[{\"b\":9,\"s\":[{\"p\":[0,0,0],\"r\":[0,0,0],\"s\":[0.1250003,0.1250003,0.1250001],\"c\":[0.3950615,0.1975307,0.8888889]}]}]}"}],"serveTime":5}