{"ok":true,"areaId":"6382fbbcb549c6113fc49ef1","areaName":"satisfied cat's home","areaKey":"rr6382fbbc81b0e9113fef93c6","areaCreatorId":"6382fbbcb549c6113fc49ef0","isPrivate":false,"isZeroGravity":false,"hasFloatingDust":false,"isCopyable":false,"onlyOwnerSetsLocks":false,"isExcluded":false,"environmentChangersJSON":"{\"environmentChangers\":[]}","requestorIsEditor":false,"requestorIsListEditor":false,"requestorIsOwner":false,"placements":[{"Id":"6382fbbc81b0e9113fef93c7","Tid":"000000000000000000000001","P":{"x":0.62715387344,"y":-0.275627732,"z":0.321439146995},"R":{"x":0,"y":0,"z":0},"A":[1]},{"Id":"6382fbf85c6d516a0c6ce21a","Tid":"6382fbfd0b7ed71139219c95","P":{"x":-1.1344060897827148,"y":0.781232476234436,"z":2.8281664848327637},"R":{"x":318.6642150878906,"y":262.8182373046875,"z":12.057061195373535}},{"Id":"6382fcaf5c6d516a0c6ce21b","Tid":"6382fcb5897aa75af1b4b12f","P":{"x":-0.1867588460445404,"y":0.6415117979049683,"z":1.597208023071289},"R":{"x":83.62520599365234,"y":291.0911865234375,"z":242.75479125976562},"S":1.0000001192092896},{"Id":"6383d2e95c6d51757c2c10ac","Tid":"6383d2f0897aa75af1b4b133","P":{"x":-0.6445186138153076,"y":0.8527696132659912,"z":0.30116045475006104},"R":{"x":39.0228271484375,"y":249.89486694335938,"z":350.5291748046875},"S":1.0000004768371582}],"serveTime":21}