{"ok":true,"areaId":"5c7c4b44e649630559ff1dd9","areaName":"satu's home","areaKey":"rr5c7c4b44cbd08e0559b98f40","areaCreatorId":"5c7c4b44e649630559ff1dd8","isPrivate":false,"isZeroGravity":false,"hasFloatingDust":false,"isCopyable":false,"onlyOwnerSetsLocks":false,"isExcluded":false,"_environmentType":"Snow","environmentChangersJSON":"{\"environmentChangers\":[{\"Name\":\"clouds\",\"Rotation\":{\"x\":356.1167907714844,\"y\":350.6087341308594,\"z\":85.79560852050781},\"Scale\":0.010000007227063179,\"Color\":{\"r\":1,\"g\":1,\"b\":1,\"a\":1}},{\"Name\":\"sun\",\"Rotation\":{\"x\":356.6336364746094,\"y\":90.72718811035156,\"z\":98.13014221191406},\"Scale\":0.05000009387731552,\"Color\":{\"r\":1,\"g\":1,\"b\":1,\"a\":1}}]}","requestorIsEditor":false,"requestorIsListEditor":false,"requestorIsOwner":false,"placements":[{"Id":"5c7c4b44cbd08e0559b98f41","Tid":"000000000000000000000001","P":{"x":0.62715387344,"y":-0.275627732,"z":0.321439146995},"R":{"x":0,"y":0,"z":0}}],"serveTime":18}