{"ok":true,"areaId":"5cabecb2958fce7a519aa3f2","areaName":"segredo's home","areaKey":"rr5cabecb22d2fa57a516ebde8","areaCreatorId":"5cabecb2958fce7a519aa3f1","isPrivate":false,"isZeroGravity":false,"hasFloatingDust":false,"isCopyable":false,"onlyOwnerSetsLocks":false,"isExcluded":false,"_environmentType":"Underwater2","environmentChangersJSON":"{\"environmentChangers\":[{\"Name\":\"fog\",\"Rotation\":{\"x\":0,\"y\":0,\"z\":0},\"Scale\":0.029999999329447746,\"Color\":{\"r\":0.6476189494132996,\"g\":0,\"b\":0.6666666865348816,\"a\":1}},{\"Name\":\"night\",\"Rotation\":{\"x\":0.6260688900947571,\"y\":359.1815185546875,\"z\":4.742056369781494},\"Scale\":0.05000000819563866,\"Color\":{\"r\":0.6476189494132996,\"g\":0,\"b\":0.6666666865348816,\"a\":1}},{\"Name\":\"sun\",\"Rotation\":{\"x\":87.12751007080078,\"y\":90.34793090820312,\"z\":87.87403106689453},\"Scale\":0.05000000447034836,\"Color\":{\"r\":0.6476189494132996,\"g\":0,\"b\":0.6666666865348816,\"a\":1}},{\"Name\":\"ambientLight\",\"Rotation\":{\"x\":4.492129325866699,\"y\":2.3142600059509277,\"z\":352.9476318359375},\"Scale\":0.10000006854534149,\"Color\":{\"r\":0.6476189494132996,\"g\":0,\"b\":0.6666666865348816,\"a\":1}}]}","requestorIsEditor":false,"requestorIsListEditor":false,"requestorIsOwner":false,"placements":[{"Id":"5cabed6d2c34532a7cfa3d03","Tid":"5cabed6d03f15a0553a9ca45","P":{"x":-0.945236086845398,"y":1.2022428512573242,"z":-0.46550798416137695},"R":{"x":68.03543090820312,"y":336.4384765625,"z":273.7583923339844}}],"serveTime":18}