{"thingDefinitions":[{"id":"622fcedca26e3a1f7c8dba18","def":"{\"v\":9,\"p\":[{\"b\":12,\"s\":[{\"p\":[0,0,0],\"r\":[0,0,1.280661E-06],\"s\":[0.06000001,0.06000003,0.05999999],\"c\":[1,1,1]}]},{\"b\":17,\"s\":[{\"p\":[-0.08967394,-0.07416075,-0.08902909],\"r\":[293.2715,166.5661,131.3117],\"s\":[0.05999999,0.05999999,0.06000002],\"c\":[1,1,1]}]}]}"}],"serveTime":4}