{"ok":true,"areaId":"5d88926f2067ba3932339844","areaName":"shawnhero's home","areaKey":"rr5d88926fbd806339327b308b","areaCreatorId":"5d88926f2067ba3932339843","isPrivate":false,"isZeroGravity":false,"hasFloatingDust":false,"isCopyable":false,"onlyOwnerSetsLocks":false,"isExcluded":false,"environmentChangersJSON":"{\"environmentChangers\":[{\"Name\":\"sun\",\"Rotation\":{\"x\":87.65314483642578,\"y\":248.02880859375,\"z\":248.47891235351562},\"Scale\":0.04999999701976776,\"Color\":{\"r\":1,\"g\":1,\"b\":1,\"a\":1}}]}","requestorIsEditor":false,"requestorIsListEditor":false,"requestorIsOwner":false,"placements":[{"Id":"5d88926fbd806339327b308c","Tid":"000000000000000000000001","P":{"x":0.62715387344,"y":-0.275627732,"z":0.321439146995},"R":{"x":0,"y":0,"z":0}},{"Id":"5d8892819fae89337c4a3a36","Tid":"5d8892b18cacd806269a504a","P":{"x":0.021804749965667725,"y":1.03922700881958,"z":-1.0787646770477295},"R":{"x":319.5405578613281,"y":341.95361328125,"z":285.9373779296875}}],"serveTime":12}