{"ok":true,"areaId":"5b39888264bae7109d6981c5","areaName":"shellfish's home","areaKey":"rr5b39888270b664109d4f3a78","areaCreatorId":"5b39888264bae7109d6981c4","isPrivate":false,"isZeroGravity":false,"hasFloatingDust":false,"isCopyable":false,"onlyOwnerSetsLocks":false,"isExcluded":false,"environmentChangersJSON":"{\"environmentChangers\":[]}","requestorIsEditor":false,"requestorIsListEditor":false,"requestorIsOwner":false,"placements":[{"Id":"5b39888270b664109d4f3a79","Tid":"000000000000000000000001","P":{"x":0.747327446937561,"y":-0.09831118583679199,"z":0.5762959718704224},"R":{"x":355.4104309082031,"y":348.6620178222656,"z":11.11803150177002},"S":2.6313321590423584},{"Id":"5b3988bd2675112c34a5a223","Tid":"5b3988bd19e05f07a28e746b","P":{"x":-0.5601553916931152,"y":1.2775887250900269,"z":0.5112155675888062},"R":{"x":308.7484130859375,"y":355.7822265625,"z":269.44775390625},"S":1.0000001192092896},{"Id":"5b3988c42675112c34a5a224","Tid":"5b3988bd19e05f07a28e746b","P":{"x":0.8224018216133118,"y":1.1142452955245972,"z":-0.3253149688243866},"R":{"x":314.9743347167969,"y":147.64266967773438,"z":329.07421875},"S":0.9999996423721313}],"serveTime":22}