{"ok":true,"areaId":"5c96d282ebfb317b4a278bf3","areaName":"shenpie's home","areaKey":"rr5c96d282fa38cf7b4adef060","areaCreatorId":"5c96d282ebfb317b4a278bf2","isPrivate":false,"isZeroGravity":false,"hasFloatingDust":false,"isCopyable":false,"onlyOwnerSetsLocks":false,"isExcluded":false,"environmentChangersJSON":"{\"environmentChangers\":[{\"Name\":\"night\",\"Rotation\":{\"x\":3.022442102432251,\"y\":355.2994079589844,\"z\":359.3472900390625},\"Scale\":0.05000000074505806,\"Color\":{\"r\":0.03999999910593033,\"g\":0.04999998211860657,\"b\":0.09999997168779373,\"a\":1}}]}","requestorIsEditor":false,"requestorIsListEditor":false,"requestorIsOwner":false,"placements":[{"Id":"5c96d282fa38cf7b4adef061","Tid":"000000000000000000000001","P":{"x":0.62715387344,"y":-0.275627732,"z":0.321439146995},"R":{"x":0,"y":0,"z":0}},{"Id":"5c96d2dd23084f2d58a287be","Tid":"5c96d2ddaedcfb7b5572d941","P":{"x":-1.0768760442733765,"y":0.609817385673523,"z":2.100135564804077},"R":{"x":320.06097412109375,"y":89.90493774414062,"z":0.5029737949371338},"S":1.0000014305114746}],"serveTime":23}