{"thingDefinitions":[{"id":"620bfdce40a79f05dc6b50d5","def":"{\"v\":9,\"p\":[{\"s\":[{\"p\":[0,0,0],\"r\":[0,0,0],\"s\":[0.1749998,0.1750001,0.1750001],\"c\":[1,1,1]}]},{\"s\":[{\"p\":[-0.1695216,-0.003533161,-0.0009174421],\"r\":[359.9052,359.5261,2.869257],\"s\":[0.1750003,0.1750004,0.1750006],\"c\":[1,1,1]}]}]}"}],"serveTime":4}