{"ok":true,"areaId":"5d89a30ab13cec0624bc5b42","areaName":"silver crown's home","areaKey":"rr5d89a30a01dc140624285a81","areaCreatorId":"5d89a30ab13cec0624bc5b41","isPrivate":false,"isZeroGravity":false,"hasFloatingDust":false,"isCopyable":false,"onlyOwnerSetsLocks":false,"isExcluded":false,"environmentChangersJSON":"{\"environmentChangers\":[{\"Name\":\"ambientLight\",\"Rotation\":{\"x\":1.6750719547271729,\"y\":50.8035888671875,\"z\":26.850540161132812},\"Scale\":0.10000000149011612,\"Color\":{\"r\":0.09999997168779373,\"g\":0.09899996966123581,\"b\":0.06999997794628143,\"a\":1}}]}","requestorIsEditor":false,"requestorIsListEditor":false,"requestorIsOwner":false,"placements":[{"Id":"5d89a30a01dc140624285a82","Tid":"000000000000000000000001","P":{"x":0.62715387344,"y":-0.275627732,"z":0.321439146995},"R":{"x":0,"y":0,"z":0}}],"serveTime":97}