{"ok":true,"areaId":"64f641665e90b02660157682","areaName":"slash8784's home","areaKey":"rr64f641669471ff2660063313","areaCreatorId":"64f641665e90b02660157681","isPrivate":false,"isZeroGravity":false,"hasFloatingDust":false,"isCopyable":false,"onlyOwnerSetsLocks":false,"isExcluded":false,"environmentChangersJSON":"{\"environmentChangers\":[{\"Name\":\"ambientLight\",\"Rotation\":{\"x\":11.105659484863281,\"y\":9.727741241455078,\"z\":7.709635257720947},\"Scale\":0.09999992698431015,\"Color\":{\"r\":0.09999997168779373,\"g\":0.09899996966123581,\"b\":0.06999997794628143,\"a\":1}}]}","requestorIsEditor":false,"requestorIsListEditor":false,"requestorIsOwner":false,"placements":[{"Id":"64f641669471ff2660063314","Tid":"000000000000000000000001","P":{"x":0.62715387344,"y":-0.275627732,"z":0.321439146995},"R":{"x":0,"y":0,"z":0},"A":[1]}],"serveTime":15}