{"thingDefinitions":[{"id":"5fe807791dcacc178438fc29","def":"{\"n\":\"ground\",\"v\":9,\"a\":[1,30,31,42],\"p\":[{\"b\":17,\"s\":[{\"p\":[0,0,0],\"r\":[0,0,0],\"s\":[2500,0.11062,2500],\"c\":[0.9019608,0.8509804,0.7215686]}]}]}"},{"id":"5fe809192dccdd1791ae08b7","def":"{\"v\":9,\"a\":[30,41],\"p\":[{\"t\":3,\"s\":[{\"p\":[0,0,0],\"r\":[0,0,4.268868E-07],\"s\":[1.594928,1.536197,0.175002],\"c\":[0,0.006349154,0.111111]}]}]}"},{"id":"5fe80952e817cf574e4653e1","def":"{\"v\":9,\"p\":[{\"t\":10,\"s\":[{\"p\":[0,0,0],\"r\":[0,0,0],\"s\":[1.511857,1.547828,0.1750009],\"c\":[0,0,0]}]}]}"},{"id":"5fe80ceff8fe3d0557ade09c","def":"{\"v\":9,\"p\":[{\"t\":2,\"i\":[{\"t\":\"5fe80952e817cf574e4653e1\",\"p\":[0.6553167,-0.03118542,-0.6244538],\"r\":[85.34129,123.4826,212.4749]}],\"s\":[{\"p\":[0,0,0],\"r\":[0,0,0],\"s\":[0.09367429,0.0368274,0.1012332],\"c\":[0.9714286,1,0],\"b\":[\"when touched then play track with loop city rain 2\"]}]}]}"}],"serveTime":6}