{"ok":true,"areaId":"5a87ed51ba53b7dc0f82f7a5","areaName":"souplespoon's home","areaKey":"rr5a87ed519a9102dc0fe456ba","areaCreatorId":"5a87ed51ba53b7dc0f82f7a4","isPrivate":false,"isZeroGravity":false,"hasFloatingDust":false,"isCopyable":false,"onlyOwnerSetsLocks":false,"isExcluded":false,"_environmentType":"Underwater2","environmentChangersJSON":"{\"environmentChangers\":[{\"Name\":\"night\",\"Rotation\":{\"x\":8.242623329162598,\"y\":122.47055053710938,\"z\":335.7845458984375},\"Scale\":0.05000002309679985,\"Color\":{\"r\":0.03999999910593033,\"g\":0.04999998211860657,\"b\":0.09999997168779373,\"a\":1}},{\"Name\":\"sun\",\"Rotation\":{\"x\":88.31402587890625,\"y\":295.72772216796875,\"z\":294.48931884765625},\"Scale\":0.05000000819563866,\"Color\":{\"r\":1,\"g\":1,\"b\":1,\"a\":1}}]}","requestorIsEditor":false,"requestorIsListEditor":false,"requestorIsOwner":false,"placements":[{"Id":"5a87ed519a9102dc0fe456bb","Tid":"000000000000000000000001","P":{"x":0.62715387344,"y":-0.275627732,"z":0.321439146995},"R":{"x":0,"y":0,"z":0}},{"Id":"5a87eeb3c463f20a706e30da","Tid":"5a87eec92cbef39a13b045ac","P":{"x":-0.46860918402671814,"y":0.9717653393745422,"z":-0.853126049041748},"R":{"x":13.53980827331543,"y":185.25958251953125,"z":358.8722839355469}}],"serveTime":25}