{"ok":true,"areaId":"58b887caff19512210d0a1b9","areaName":"space-stuff hanger","areaKey":"rr58b887cad27dc122108b1bd1","areaCreatorId":"581e3ac8b1b49268134a90c6","isPrivate":false,"isZeroGravity":false,"hasFloatingDust":false,"isCopyable":false,"onlyOwnerSetsLocks":false,"isExcluded":false,"environmentChangersJSON":"{\"environmentChangers\":[{\"Name\":\"sun\",\"Rotation\":{\"x\":277.5248107910156,\"y\":219.55404663085938,\"z\":301.9582824707031},\"Scale\":0.04999999701976776,\"Color\":{\"r\":1,\"g\":1,\"b\":1,\"a\":1}}]}","requestorIsEditor":false,"requestorIsListEditor":false,"requestorIsOwner":false,"placements":[{"Id":"58b887cad27dc122108b1bd2","Tid":"000000000000000000000001","P":{"x":0.62715387344,"y":-0.275627732,"z":0.321439146995},"R":{"x":0,"y":0,"z":0}}],"serveTime":19}