{"ok":true,"areaId":"5c34d9d5e0b8db3184f26a25","areaName":"stallingsthomas's home","areaKey":"rr5c34d9d5e9808d318497b082","areaCreatorId":"5c34d9d5e0b8db3184f26a24","isPrivate":false,"isZeroGravity":false,"hasFloatingDust":false,"isCopyable":false,"onlyOwnerSetsLocks":false,"isExcluded":false,"environmentChangersJSON":"{\"environmentChangers\":[{\"Name\":\"sun\",\"Rotation\":{\"x\":298.7092590332031,\"y\":98.7236099243164,\"z\":19.68561363220215},\"Scale\":0.05000000447034836,\"Color\":{\"r\":1,\"g\":1,\"b\":1,\"a\":1}}]}","requestorIsEditor":false,"requestorIsListEditor":false,"requestorIsOwner":false,"placements":[{"Id":"5c34d9d5e9808d318497b083","Tid":"000000000000000000000001","P":{"x":0.62715387344,"y":-0.275627732,"z":0.321439146995},"R":{"x":0,"y":0,"z":0}},{"Id":"5c34da1ab2f48e0ee4c8e5da","Tid":"5c34da1a5496586f5aa0cfa2","P":{"x":-0.5301113128662109,"y":-0.05757737159729004,"z":0.800996720790863},"R":{"x":8.112764358520508,"y":27.4809513092041,"z":0.4289752244949341}}],"serveTime":20}