{"ok":true,"areaId":"5ebeff614755ed78590f349d","areaName":"stinky poopoo dimension","areaKey":"rr5ebeff61d3f8fa7859e8be62","areaCreatorId":"5c22abb78436ee6f7daa6c9c","isPrivate":false,"isZeroGravity":false,"hasFloatingDust":false,"isCopyable":false,"onlyOwnerSetsLocks":false,"isExcluded":false,"environmentChangersJSON":"{\"environmentChangers\":[{\"Name\":\"sun\",\"Rotation\":{\"x\":350.56658935546875,\"y\":110.08284759521484,\"z\":112.3592529296875},\"Scale\":0.05000000447034836,\"Color\":{\"r\":1,\"g\":1,\"b\":1,\"a\":1}},{\"Name\":\"ambientLight\",\"Rotation\":{\"x\":346.9574890136719,\"y\":255.44830322265625,\"z\":238.40599060058594},\"Scale\":0.15000000596046448,\"Color\":{\"r\":0.09999997168779373,\"g\":0.09899996966123581,\"b\":0.06999997794628143,\"a\":1}}]}","requestorIsEditor":false,"requestorIsListEditor":false,"requestorIsOwner":false,"placements":[{"Id":"5ebeff61d3f8fa7859e8be63","Tid":"5ebf023b6130ac316d193e8d","P":{"x":0.6271538734436035,"y":-0.2756277322769165,"z":0.32143914699554443},"R":{"x":0,"y":0,"z":0}},{"Id":"5ebf00d3ad95eb35802607ce","Tid":"5ebf00ec0d04a37ac4c41214","P":{"x":0.3645782172679901,"y":0.4011245369911194,"z":0.018494565039873123},"R":{"x":270,"y":0,"z":0}},{"Id":"5ebf01eead95eb35802607cf","Tid":"5ebef9a34fc44b48d1f11232","P":{"x":0.05524003878235817,"y":0.8778854608535767,"z":-0.16156846284866333},"R":{"x":270,"y":0.00001001791224553017,"z":0},"S":1.0000008344650269}],"serveTime":17}