{"ok":true,"areaId":"614cb07f1e2d1e1b77940ae7","areaName":"stonedrew's home","areaKey":"rr614cb07f0e2e8a1b77514e91","areaCreatorId":"614cb07f1e2d1e1b77940ae6","isPrivate":false,"isZeroGravity":false,"hasFloatingDust":false,"isCopyable":false,"onlyOwnerSetsLocks":false,"isExcluded":false,"_environmentType":"Day","environmentChangersJSON":"{\"environmentChangers\":[{\"Name\":\"sun\",\"Rotation\":{\"x\":321.0809326171875,\"y\":30.863664627075195,\"z\":33.459266662597656},\"Scale\":0.05000000447034836,\"Color\":{\"r\":1,\"g\":1,\"b\":1,\"a\":1}}]}","requestorIsEditor":false,"requestorIsListEditor":false,"requestorIsOwner":false,"placements":[{"Id":"614cb07f0e2e8a1b77514e92","Tid":"000000000000000000000001","P":{"x":0.62715387344,"y":-0.275627732,"z":0.321439146995},"R":{"x":0,"y":0,"z":0},"A":[1]},{"Id":"6153b89d780dce088079c5ff","Tid":"6153b89d28c5b11b8b7913ee","P":{"x":0.14602841436862946,"y":1.0528674125671387,"z":0.4066181480884552},"R":{"x":297.40069580078125,"y":61.544883728027344,"z":298.37335205078125}}],"serveTime":13}