{"ok":true,"areaId":"5ca6778d2d51536717c8979b","areaName":"superman713's home","areaKey":"rr5ca6778d8759ea6717b56d1e","areaCreatorId":"5ca6778d2d51536717c8979a","isPrivate":false,"isZeroGravity":false,"hasFloatingDust":true,"isCopyable":false,"onlyOwnerSetsLocks":false,"isExcluded":false,"_environmentType":"Night","environmentChangersJSON":"{\"environmentChangers\":[{\"Name\":\"night\",\"Rotation\":{\"x\":28.067106246948242,\"y\":216.1578826904297,\"z\":121.07852935791016},\"Scale\":0.04999992996454239,\"Color\":{\"r\":0.03999999910593033,\"g\":0.04999998211860657,\"b\":0.09999997168779373,\"a\":1}},{\"Name\":\"sun\",\"Rotation\":{\"x\":354.1048278808594,\"y\":242.72134399414062,\"z\":237.73056030273438},\"Scale\":0.049999918788671494,\"Color\":{\"r\":1,\"g\":1,\"b\":1,\"a\":1}},{\"Name\":\"ambientLight\",\"Rotation\":{\"x\":47.944664001464844,\"y\":356.79541015625,\"z\":270.7796630859375},\"Scale\":0.10000013560056686,\"Color\":{\"r\":0.09999997168779373,\"g\":0.09899996966123581,\"b\":0.06999997794628143,\"a\":1}}]}","requestorIsEditor":false,"requestorIsListEditor":false,"requestorIsOwner":false,"placements":[{"Id":"5ca6778d8759ea6717b56d1f","Tid":"000000000000000000000001","P":{"x":0.62715387344,"y":-0.275627732,"z":0.321439146995},"R":{"x":0,"y":0,"z":0}}],"serveTime":20}