{"ok":true,"areaId":"5f80d54f22f2a2631937bf2d","areaName":"tc4419's home","areaKey":"rr5f80d54f911bc96319caef5a","areaCreatorId":"5f80d54e22f2a2631937bf2c","isPrivate":false,"isZeroGravity":false,"hasFloatingDust":false,"isCopyable":false,"onlyOwnerSetsLocks":false,"isExcluded":false,"environmentChangersJSON":"{\"environmentChangers\":[]}","requestorIsEditor":false,"requestorIsListEditor":false,"requestorIsOwner":false,"placements":[{"Id":"5f80d54f911bc96319caef5b","Tid":"000000000000000000000001","P":{"x":0.62715387344,"y":-0.275627732,"z":0.321439146995},"R":{"x":0,"y":0,"z":0},"A":[1]},{"Id":"5f80e348e9ee3f3890a9fe9a","Tid":"60d8d90eba3dd43a59f2f56e","P":{"x":1.031814694404602,"y":1.3989301919937134,"z":-0.13318699598312378},"R":{"x":55.457305908203125,"y":0.186053067445755,"z":258.1556091308594},"A":[]},{"Id":"5f80ea1be9ee3f2d801dc93a","Tid":"5f80ea1b22f2a2631937bf44","P":{"x":0.5686421394348145,"y":0.7408534288406372,"z":-0.07048481702804565},"R":{"x":330.22265625,"y":54.83987045288086,"z":351.6565856933594}},{"Id":"60d8d88ce9ee3f3858eb61a2","Tid":"5f80e3487a4ec8631f1143a4","P":{"x":0.2418121099472046,"y":1.1730822324752808,"z":0.014196455478668213},"R":{"x":316.35882568359375,"y":71.15288543701172,"z":80.99805450439453},"A":[]}],"serveTime":23}