{"ok":true,"areaId":"6209ed21009cba05e5a2f5f6","areaName":"teapot's home","areaKey":"rr6209ed2187dfed05e5570ac3","areaCreatorId":"6209ed21009cba05e5a2f5f5","isPrivate":false,"isZeroGravity":false,"hasFloatingDust":false,"isCopyable":false,"onlyOwnerSetsLocks":false,"isExcluded":false,"environmentChangersJSON":"{\"environmentChangers\":[{\"Name\":\"night\",\"Rotation\":{\"x\":357.7718811035156,\"y\":352.7565002441406,\"z\":0.251548707485199},\"Scale\":0.04999999701976776,\"Color\":{\"r\":0.03999999910593033,\"g\":0.04999998211860657,\"b\":0.09999997168779373,\"a\":1}},{\"Name\":\"sun\",\"Rotation\":{\"x\":270.99407958984375,\"y\":310.76434326171875,\"z\":39.997684478759766},\"Scale\":0.05000002682209015,\"Color\":{\"r\":1,\"g\":1,\"b\":1,\"a\":1}}]}","requestorIsEditor":false,"requestorIsListEditor":false,"requestorIsOwner":false,"placements":[],"serveTime":25}