{"ok":true,"areaId":"5b7cdc6f306e08057215bd56","areaName":"th3luckyduck's home","areaKey":"rr5b7cdc6f128958057272d9d6","areaCreatorId":"5b7cdc6f306e08057215bd55","isPrivate":false,"isZeroGravity":false,"hasFloatingDust":false,"isCopyable":false,"onlyOwnerSetsLocks":false,"isExcluded":false,"_environmentType":"Night","environmentChangersJSON":"{\"environmentChangers\":[{\"Name\":\"sun\",\"Rotation\":{\"x\":1.3486088514328003,\"y\":254.23716735839844,\"z\":293.2435302734375},\"Scale\":0.05000006780028343,\"Color\":{\"r\":1,\"g\":1,\"b\":1,\"a\":1}},{\"Name\":\"night\",\"Rotation\":{\"x\":292.1236572265625,\"y\":317.94781494140625,\"z\":297.8724670410156},\"Scale\":0.05000000074505806,\"Color\":{\"r\":0.03999999910593033,\"g\":0.04999998211860657,\"b\":0.09999997168779373,\"a\":1}},{\"Name\":\"ambientLight\",\"Rotation\":{\"x\":16.174646377563477,\"y\":24.036026000976562,\"z\":68.97322845458984},\"Scale\":0.1000000387430191,\"Color\":{\"r\":0.09999997168779373,\"g\":0.09899996966123581,\"b\":0.06999997794628143,\"a\":1}}]}","requestorIsEditor":false,"requestorIsListEditor":false,"requestorIsOwner":false,"placements":[{"Id":"5b7cdc6f128958057272d9d7","Tid":"000000000000000000000001","P":{"x":0.62715387344,"y":-0.275627732,"z":0.321439146995},"R":{"x":0,"y":0,"z":0}}],"serveTime":11}