{"ok":true,"areaId":"5c3938b439f34d317e5962b6","areaName":"the rice fields","areaKey":"rr5c3938b483c166317e7b84c7","areaCreatorId":"5a1719ce33bf493d1020e814","isPrivate":false,"isZeroGravity":false,"hasFloatingDust":false,"isCopyable":false,"onlyOwnerSetsLocks":false,"isExcluded":false,"environmentChangersJSON":"{\"environmentChangers\":[{\"Name\":\"sun\",\"Rotation\":{\"x\":338.3277282714844,\"y\":84.1944808959961,\"z\":17.55189323425293},\"Scale\":0.030000001192092896,\"Color\":{\"r\":1,\"g\":1,\"b\":1,\"a\":1}}]}","requestorIsEditor":false,"requestorIsListEditor":false,"requestorIsOwner":false,"placements":[{"Id":"5c3938b483c166317e7b84c8","Tid":"5c3938c0573d946f77419151","P":{"x":0.6271538734436035,"y":-0.2756277322769165,"z":0.32143914699554443},"R":{"x":0,"y":0,"z":0}}],"serveTime":17}