{"ok":true,"areaId":"5ac656ddaaecd10feb2ea34b","areaName":"the blue portal's home","areaKey":"rr5ac656ddcb10f70febadb4cd","areaCreatorId":"5ac656ddaaecd10feb2ea34a","isPrivate":false,"isZeroGravity":false,"hasFloatingDust":false,"isCopyable":false,"onlyOwnerSetsLocks":false,"isExcluded":false,"environmentChangersJSON":"{\"environmentChangers\":[]}","requestorIsEditor":false,"requestorIsListEditor":false,"requestorIsOwner":false,"placements":[{"Id":"5ac656ddcb10f70febadb4ce","Tid":"5ac658b19f65d9339547b0bd","P":{"x":-0.9483487606048584,"y":-0.34019702672958374,"z":0.08393791317939758},"R":{"x":358.35186767578125,"y":240.02911376953125,"z":5.794301509857178},"S":0.9999997615814209},{"Id":"5ac6589224dd6a04987fe202","Tid":"000000000000000000000001","P":{"x":-0.6435937881469727,"y":-0.8737058043479919,"z":-0.04012875258922577},"R":{"x":7.218235969543457,"y":223.2109832763672,"z":2.641059398651123},"S":1.0000003576278687},{"Id":"5ac6589424dd6a04987fe203","Tid":"5ac658e9b669d20ff44fb6ba","P":{"x":-0.9850562810897827,"y":-0.3119228482246399,"z":0.11940911412239075},"R":{"x":355.5193786621094,"y":244.151611328125,"z":5.683666229248047},"S":1.0000007152557373}],"serveTime":472}