{"ok":true,"areaId":"5b5642c1ee23c02b4025a054","areaName":"thinkintuit's home","areaKey":"rr5b5642c12c44d42b40a792e9","areaCreatorId":"5b5642c1ee23c02b4025a053","isPrivate":false,"isZeroGravity":false,"hasFloatingDust":false,"isCopyable":false,"onlyOwnerSetsLocks":false,"isExcluded":false,"_environmentType":"Default","environmentChangersJSON":"{\"environmentChangers\":[{\"Name\":\"sun\",\"Rotation\":{\"x\":28.039243698120117,\"y\":220.94161987304688,\"z\":234.97042846679688},\"Scale\":0.05000000074505806,\"Color\":{\"r\":1,\"g\":1,\"b\":1,\"a\":1}},{\"Name\":\"ambientLight\",\"Rotation\":{\"x\":358.5697937011719,\"y\":2.7372827529907227,\"z\":357.9196472167969},\"Scale\":0.10000006854534149,\"Color\":{\"r\":0.09999997168779373,\"g\":0.09899996966123581,\"b\":0.06999997794628143,\"a\":1}},{\"Name\":\"night\",\"Rotation\":{\"x\":343.46490478515625,\"y\":305.6463623046875,\"z\":356.5773620605469},\"Scale\":0.05000003054738045,\"Color\":{\"r\":0.03999999910593033,\"g\":0.04999998211860657,\"b\":0.09999997168779373,\"a\":1}}]}","requestorIsEditor":false,"requestorIsListEditor":false,"requestorIsOwner":false,"placements":[{"Id":"5b5642c12c44d42b40a792ea","Tid":"000000000000000000000001","P":{"x":0.62715387344,"y":-0.275627732,"z":0.321439146995},"R":{"x":0,"y":0,"z":0}}],"serveTime":26}