{"ok":true,"areaId":"5b6ae97adb5cd30dc188970f","areaName":"tibial's home","areaKey":"rr5b6ae97a63f1db0dc1fd222c","areaCreatorId":"5b6ae97adb5cd30dc188970e","isPrivate":false,"isZeroGravity":false,"hasFloatingDust":false,"isCopyable":false,"onlyOwnerSetsLocks":false,"isExcluded":false,"_environmentType":"Day","environmentChangersJSON":"{\"environmentChangers\":[{\"Name\":\"ambientLight\",\"Rotation\":{\"x\":3.0807836055755615,\"y\":358.79217529296875,\"z\":1.1269457340240479},\"Scale\":0.10000000149011612,\"Color\":{\"r\":0.09999997168779373,\"g\":0.09899996966123581,\"b\":0.06999997794628143,\"a\":1}},{\"Name\":\"sun\",\"Rotation\":{\"x\":293.9126281738281,\"y\":242.54080200195312,\"z\":290.68963623046875},\"Scale\":0.04999999701976776,\"Color\":{\"r\":1,\"g\":1,\"b\":1,\"a\":1}},{\"Name\":\"night\",\"Rotation\":{\"x\":11.896228790283203,\"y\":357.70123291015625,\"z\":334.03131103515625},\"Scale\":0.04999999701976776,\"Color\":{\"r\":0.03999999910593033,\"g\":0.04999998211860657,\"b\":0.09999997168779373,\"a\":1}}]}","requestorIsEditor":false,"requestorIsListEditor":false,"requestorIsOwner":false,"placements":[{"Id":"5b6ae97a63f1db0dc1fd222d","Tid":"000000000000000000000001","P":{"x":0.62715387344,"y":-0.275627732,"z":0.321439146995},"R":{"x":0,"y":0,"z":0}}],"serveTime":22}