{"ok":true,"areaId":"5bf94de7449fc00557320ff1","areaName":"timer's home","areaKey":"rr5bf94de7af536c0557156fc6","areaCreatorId":"5bf94de6449fc00557320ff0","isPrivate":false,"isZeroGravity":false,"hasFloatingDust":false,"isCopyable":false,"onlyOwnerSetsLocks":false,"isExcluded":false,"_environmentType":"Snow","environmentChangersJSON":"{\"environmentChangers\":[{\"Name\":\"sun\",\"Rotation\":{\"x\":274.63848876953125,\"y\":34.70878601074219,\"z\":164.24925231933594},\"Scale\":0.05000000447034836,\"Color\":{\"r\":1,\"g\":1,\"b\":1,\"a\":1}}]}","requestorIsEditor":false,"requestorIsListEditor":false,"requestorIsOwner":false,"placements":[{"Id":"5bf94de7af536c0557156fc7","Tid":"000000000000000000000001","P":{"x":0.62715387344,"y":-0.275627732,"z":0.321439146995},"R":{"x":0,"y":0,"z":0}},{"Id":"5bf95e73dd660d40aceba3f7","Tid":"5bf95e72021a9d67791477d9","P":{"x":0.10444983839988708,"y":0.9685509204864502,"z":-0.14435464143753052},"R":{"x":340.4041748046875,"y":250.758544921875,"z":152.051025390625},"S":1.0000003576278687},{"Id":"5bf95ebfdd660d40aceba3f8","Tid":"5bf95ebe75b22a64fb6e0198","P":{"x":-0.37761303782463074,"y":1.1100037097930908,"z":-0.28320762515068054},"R":{"x":0.8843721747398376,"y":291.027587890625,"z":260.00872802734375},"S":1.000000238418579}],"serveTime":29779}