{"ok":true,"areaId":"605f51ff57bc5a134a247bea","areaName":"toodlp's home","areaKey":"rr605f51ff66fd26134a78bf39","areaCreatorId":"605f51ff57bc5a134a247be9","isPrivate":false,"isZeroGravity":false,"hasFloatingDust":false,"isCopyable":false,"onlyOwnerSetsLocks":false,"isExcluded":false,"environmentChangersJSON":"{\"environmentChangers\":[{\"Name\":\"ambientLight\",\"Rotation\":{\"x\":14.138450622558594,\"y\":147.75396728515625,\"z\":90.85758209228516},\"Scale\":0.09999996423721313,\"Color\":{\"r\":0.09999997168779373,\"g\":0.09899996966123581,\"b\":0.06999997794628143,\"a\":1}}]}","requestorIsEditor":false,"requestorIsListEditor":false,"requestorIsOwner":false,"placements":[{"Id":"605f51ff66fd26134a78bf3a","Tid":"000000000000000000000001","P":{"x":0.62715387344,"y":-0.275627732,"z":0.321439146995},"R":{"x":0,"y":0,"z":0},"A":[1]},{"Id":"605f524cdc831e62c009976a","Tid":"605f524be2116d22d2f34342","P":{"x":1.871882677078247,"y":1.1080454587936401,"z":-1.0419052839279175},"R":{"x":9.065277099609375,"y":126.77428436279297,"z":35.403785705566406},"A":[]}],"serveTime":23}