{"ok":true,"areaId":"5d8684102067ba3932339724","areaName":"tortue's home","areaKey":"rr5d868410bd806339327b3046","areaCreatorId":"5d8684102067ba3932339723","isPrivate":false,"isZeroGravity":false,"hasFloatingDust":false,"isCopyable":false,"onlyOwnerSetsLocks":false,"isExcluded":false,"_environmentType":"Rain","environmentChangersJSON":"{\"environmentChangers\":[{\"Name\":\"night\",\"Rotation\":{\"x\":4.2637858390808105,\"y\":348.5246276855469,\"z\":2.7017934322357178},\"Scale\":0.05000001937150955,\"Color\":{\"r\":0.03999999910593033,\"g\":0.04999998211860657,\"b\":0.09999997168779373,\"a\":1}},{\"Name\":\"sun\",\"Rotation\":{\"x\":83.0850601196289,\"y\":56.3985595703125,\"z\":54.405330657958984},\"Scale\":0.05000000447034836,\"Color\":{\"r\":1,\"g\":1,\"b\":1,\"a\":1}}]}","requestorIsEditor":false,"requestorIsListEditor":false,"requestorIsOwner":false,"placements":[{"Id":"5d868410bd806339327b3047","Tid":"000000000000000000000001","P":{"x":0.62715387344,"y":-0.275627732,"z":0.321439146995},"R":{"x":0,"y":0,"z":0}}],"serveTime":20}