{"thingDefinitions":[{"id":"5fba3ccc23193144ec17afd2","def":"{\"v\":9,\"p\":[{\"b\":9,\"s\":[{\"p\":[0,0,0],\"r\":[0,0,-4.268868E-07],\"s\":[0.125,0.1250001,0.125],\"c\":[1,1,1]}]},{\"b\":11,\"s\":[{\"p\":[-0.2021018,0.1565508,-0.06082614],\"r\":[22.35858,358.0499,315.3468],\"s\":[0.1000001,0.1000001,0.1233968],\"c\":[1,1,1]}]}]}"},{"id":"5fba3cf822ca6a2ab044711f","def":"{\"v\":9,\"p\":[{\"b\":17,\"s\":[{\"p\":[0,0,0],\"r\":[0,0,0],\"s\":[0.06000011,0.06000009,0.06000011],\"c\":[1,1,1]}]},{\"b\":17,\"s\":[{\"p\":[-0.2504294,-0.01718812,1.643598E-05],\"r\":[348.1684,332.5129,5.84161],\"s\":[0.06000002,0.06000001,0.06000003],\"c\":[1,1,1]}]}]}"}],"serveTime":6}