{"thingDefinitions":[{"id":"621455d19c850904818ebd8d","def":"{\"n\":\"ground\",\"v\":9,\"a\":[1],\"p\":[{\"b\":17,\"i\":[{\"t\":\"5811a0821f2a44ac13ea3703\",\"p\":[2.054675,2.274635,-0.5494403],\"r\":[271.2594,249.3828,344.9319]}],\"s\":[{\"p\":[0,0,0],\"r\":[0,0,0],\"s\":[171.1082,0.8836295,196.0971],\"c\":[0.9019608,0.8509804,0.7215686],\"b\":[\"when \\\"\"]},{\"p\":[0,0,0],\"r\":[0,0,0],\"s\":[3.363346,0.11062,3.201102],\"c\":[0.9019608,0.8509804,0.7215686]}]},{\"s\":[{\"p\":[-2.691734,0.2901192,3.507583],\"r\":[11.78488,323.9673,176.4806],\"s\":[0.5136104,0.3707269,0.1750003],\"c\":[1,1,1]}]},{\"s\":[{\"p\":[-1.99309,0.5303526,3.596746],\"r\":[355.3716,350.041,265.284],\"s\":[0.5136108,0.3707271,0.1750003],\"c\":[1,1,1]}]}]}"}],"serveTime":3}