{"ok":true,"areaId":"5c79932d7c36457253271c44","areaName":"treymay100's home","areaKey":"rr5c79932d9834397253a91a67","areaCreatorId":"5c79932d7c36457253271c43","isPrivate":false,"isZeroGravity":false,"hasFloatingDust":false,"isCopyable":false,"onlyOwnerSetsLocks":false,"isExcluded":false,"_environmentType":"Day3","environmentChangersJSON":"{\"environmentChangers\":[{\"Name\":\"sun\",\"Rotation\":{\"x\":343.94952392578125,\"y\":155.93338012695312,\"z\":195.1040496826172},\"Scale\":0.050000034272670746,\"Color\":{\"r\":1,\"g\":1,\"b\":1,\"a\":1}}]}","requestorIsEditor":false,"requestorIsListEditor":false,"requestorIsOwner":false,"placements":[{"Id":"5c79932d9834397253a91a68","Tid":"000000000000000000000001","P":{"x":0.62715387344,"y":-0.275627732,"z":0.321439146995},"R":{"x":0,"y":0,"z":0}},{"Id":"5c799639c48ee331d42fce33","Tid":"5c7999b20fe37c41581ef16e","P":{"x":0.0169038325548172,"y":0.7206119894981384,"z":0.1362394094467163},"R":{"x":28.5301570892334,"y":359.2077331542969,"z":308.3638916015625},"S":0.9999998807907104},{"Id":"5c799c19c48ee331d42fce4f","Tid":"5c799c188773714157a94a89","P":{"x":-0.3706599473953247,"y":0.5612990260124207,"z":0.4053080976009369},"R":{"x":348.629638671875,"y":336.7984313964844,"z":225.00245666503906},"S":1.0000007152557373}],"serveTime":15}