{"ok":true,"areaId":"5ffabe828384397d5ca521dc","areaName":"tylerboi32's home","areaKey":"rr5ffabe821e5c797d5c60f6cc","areaCreatorId":"5ffabe828384397d5ca521db","isPrivate":false,"isZeroGravity":false,"hasFloatingDust":false,"isCopyable":false,"onlyOwnerSetsLocks":false,"isExcluded":false,"environmentChangersJSON":"{\"environmentChangers\":[{\"Name\":\"ambientLight\",\"Rotation\":{\"x\":342.8558654785156,\"y\":39.3294563293457,\"z\":299.1942138671875},\"Scale\":0.1000000387430191,\"Color\":{\"r\":0.09999997168779373,\"g\":0.09899996966123581,\"b\":0.06999997794628143,\"a\":1}},{\"Name\":\"night\",\"Rotation\":{\"x\":7.341917037963867,\"y\":359.72418212890625,\"z\":24.035804748535156},\"Scale\":0.05000003054738045,\"Color\":{\"r\":0.03999999910593033,\"g\":0.04999998211860657,\"b\":0.09999997168779373,\"a\":1}},{\"Name\":\"sun\",\"Rotation\":{\"x\":332.58123779296875,\"y\":73.66213989257812,\"z\":188.73793029785156},\"Scale\":0.05000004172325134,\"Color\":{\"r\":1,\"g\":1,\"b\":1,\"a\":1}},{\"Name\":\"fog\",\"Rotation\":{\"x\":10.491798400878906,\"y\":32.09772491455078,\"z\":74.17818450927734},\"Scale\":0.03000001609325409,\"Color\":{\"r\":0.09999997168779373,\"g\":0.09999997168779373,\"b\":0.09999997168779373,\"a\":1}}]}","requestorIsEditor":false,"requestorIsListEditor":false,"requestorIsOwner":false,"placements":[{"Id":"5ffabe821e5c797d5c60f6cd","Tid":"000000000000000000000001","P":{"x":0.62715387344,"y":-0.275627732,"z":0.321439146995},"R":{"x":0,"y":0,"z":0},"A":[1]}],"serveTime":20}