{"ok":true,"areaId":"604666cc8f6183163525bbc8","areaName":"uheesggwfqwgdhd","areaKey":"rr604666ccf2f09f16350d8052","areaCreatorId":"604253ba034d6216467b7f57","isPrivate":false,"isZeroGravity":false,"hasFloatingDust":false,"isCopyable":false,"onlyOwnerSetsLocks":false,"isExcluded":false,"environmentChangersJSON":"{\"environmentChangers\":[]}","requestorIsEditor":false,"requestorIsListEditor":false,"requestorIsOwner":false,"placements":[{"Id":"604666ccf2f09f16350d8053","Tid":"000000000000000000000001","P":{"x":0.62715387344,"y":-0.275627732,"z":0.321439146995},"R":{"x":0,"y":0,"z":0},"A":[1]},{"Id":"60467679ba78d031f0b710eb","Tid":"60467330373da35599990bb8","P":{"x":0.4632669687271118,"y":-0.12421339750289917,"z":2.725123882293701},"R":{"x":90,"y":0,"z":0},"S":1.0000004768371582},{"Id":"6046767aba78d031f0b710ec","Tid":"60467330373da35599990bb8","P":{"x":0.513631284236908,"y":-0.12103547155857086,"z":2.7891175746917725},"R":{"x":90,"y":0,"z":0},"S":1.000000238418579}],"serveTime":22}