{"ok":true,"areaId":"5d256dc4140a26792a82cbe5","areaName":"ultracactus's home","areaKey":"rr5d256dc4babdef792a0f311c","areaCreatorId":"5d256dc4140a26792a82cbe4","isPrivate":false,"isZeroGravity":false,"hasFloatingDust":false,"isCopyable":false,"onlyOwnerSetsLocks":false,"isExcluded":false,"environmentChangersJSON":"{\"environmentChangers\":[]}","requestorIsEditor":false,"requestorIsListEditor":false,"requestorIsOwner":false,"placements":[{"Id":"5d256dc4babdef792a0f311d","Tid":"000000000000000000000001","P":{"x":0.45429471135139465,"y":-0.37844517827033997,"z":0.33868932723999023},"R":{"x":357.2561950683594,"y":3.979444980621338,"z":351.3216552734375}},{"Id":"5d256e230da0f911e43ff4b2","Tid":"5d256e25189a9b0629aea568","P":{"x":-0.7262074947357178,"y":0.8488451242446899,"z":0.05769813060760498},"R":{"x":357.46563720703125,"y":230.61801147460938,"z":350.141845703125}},{"Id":"5d256e260da0f911e43ff4b3","Tid":"5d256e25189a9b0629aea568","P":{"x":0.6509499549865723,"y":1.2496249675750732,"z":0.07702118903398514},"R":{"x":12.10275650024414,"y":71.59591674804688,"z":39.12275314331055}},{"Id":"5d256e2c0da0f911e43ff4b4","Tid":"5d256e25189a9b0629aea568","P":{"x":-0.44198477268218994,"y":0.965476393699646,"z":0.5253817439079285},"R":{"x":23.93248748779297,"y":294.22265625,"z":13.413957595825195},"S":1.000001311302185}],"serveTime":12}