{"ok":true,"areaId":"59e833fdcf4b66bd13961fb5","areaName":"uniform300's home","areaKey":"rr59e833fd8a7617bd138201ae","areaCreatorId":"59e833fdcf4b66bd13961fb4","isPrivate":false,"isZeroGravity":false,"hasFloatingDust":false,"isCopyable":false,"onlyOwnerSetsLocks":false,"isExcluded":false,"_environmentType":"Day","environmentChangersJSON":"{\"environmentChangers\":[{\"Name\":\"ambientLight\",\"Rotation\":{\"x\":0.0575573593378067,\"y\":347.94403076171875,\"z\":358.345703125},\"Scale\":0.10000000894069672,\"Color\":{\"r\":0.09999997168779373,\"g\":0.09899996966123581,\"b\":0.06999997794628143,\"a\":1}},{\"Name\":\"fog\",\"Rotation\":{\"x\":358.6606750488281,\"y\":353.1827087402344,\"z\":346.9995422363281},\"Scale\":0.029999999329447746,\"Color\":{\"r\":0.09999997168779373,\"g\":0.09999997168779373,\"b\":0.09999997168779373,\"a\":1}},{\"Name\":\"clouds\",\"Rotation\":{\"x\":318.2811279296875,\"y\":341.8701477050781,\"z\":41.92414093017578},\"Scale\":0.009999999776482582,\"Color\":{\"r\":1,\"g\":1,\"b\":1,\"a\":1}}]}","requestorIsEditor":false,"requestorIsListEditor":false,"requestorIsOwner":false,"placements":[{"Id":"59e833fd8a7617bd138201af","Tid":"000000000000000000000001","P":{"x":0.62715387344,"y":-0.275627732,"z":0.321439146995},"R":{"x":0,"y":0,"z":0}}],"serveTime":21}