{"ok":true,"areaId":"58608c27fa0b4c6813d16a0d","areaName":"van the mans cave","areaKey":"rr58608c27a0770c68131ebff9","areaCreatorId":"585f6294cedc8b061068a7a2","isPrivate":false,"isZeroGravity":false,"hasFloatingDust":false,"isCopyable":false,"onlyOwnerSetsLocks":false,"isExcluded":false,"_environmentType":"Day","environmentChangersJSON":"{\"environmentChangers\":[{\"Name\":\"ambientLight\",\"Rotation\":{\"x\":3.875140428543091,\"y\":96.81830596923828,\"z\":0.8031455874443054},\"Scale\":0.10000015795230865,\"Color\":{\"r\":0.09999997168779373,\"g\":0.09899996966123581,\"b\":0.06999997794628143,\"a\":1}},{\"Name\":\"night\",\"Rotation\":{\"x\":4.327824115753174,\"y\":218.06948852539062,\"z\":359.0871887207031},\"Scale\":0.05000006780028343,\"Color\":{\"r\":0.03999999910593033,\"g\":0.04999998211860657,\"b\":0.09999997168779373,\"a\":1}},{\"Name\":\"sun\",\"Rotation\":{\"x\":322.13934326171875,\"y\":107.07302856445312,\"z\":181.26893615722656},\"Scale\":0.05000003054738045,\"Color\":{\"r\":1,\"g\":1,\"b\":1,\"a\":1}}]}","requestorIsEditor":false,"requestorIsListEditor":false,"requestorIsOwner":false,"placements":[{"Id":"58608c27a0770c68131ebffa","Tid":"000000000000000000000001","P":{"x":0.62715387344,"y":-0.275627732,"z":0.321439146995},"R":{"x":0,"y":0,"z":0}},{"Id":"586090968e16ee0f98c87eab","Tid":"586090971683a0be13f8de1e","P":{"x":-1.0923590660095215,"y":0.3080279529094696,"z":3.8037335872650146},"R":{"x":2.1613094806671143,"y":327.3552551269531,"z":270.3492736816406}}],"serveTime":11}