{"thingDefinitions":[{"id":"624db33389611a1f76dc9844","def":"{\"n\":\"ground\",\"v\":9,\"a\":[1],\"p\":[{\"b\":17,\"s\":[{\"p\":[0,0,0],\"r\":[0,0,0],\"s\":[78.64396,0.01580843,114.4481],\"c\":[0.9019608,0.8509804,0.7215686]}]}]}"},{"id":"624dae2670b0f805cbec8422","def":"{\"v\":9,\"p\":[{\"s\":[{\"p\":[0,0,0],\"r\":[0,0,0],\"s\":[0.175,0.1750001,0.1750001],\"c\":[1,1,1]}]}]}"},{"id":"624daf712bd73e1f7dde0e87","def":"{\"v\":9,\"p\":[{\"b\":12,\"s\":[{\"p\":[0,0,0],\"r\":[0,0,0],\"s\":[0.06000002,0.05999999,0.06000004],\"c\":[1,1,1]}]}]}"}],"serveTime":7}