{"thingDefinitions":[{"id":"618dfcd2a7b40d05ec695c55","def":"{\"v\":9,\"p\":[{\"b\":195,\"t\":2,\"pr\":5,\"t2\":18,\"s\":[{\"p\":[0,0,0],\"r\":[0,0,-1.067217E-07],\"s\":[0.06000009,0.06000009,0.06000021],\"c\":[0.3333332,0.1492062,0.111111],\"t2\":{\"c\":[0,0,0],\"x\":0.17,\"y\":0.17,\"a\":0.8925,\"m\":0.5,\"n\":0.5,\"r\":0,\"g\":0,\"o\":0.5,\"t\":0.5,\"e\":0.5},\"pr\":{\"c\":[0.2222221,0.09876537,0.09876537],\"m\":0.25,\"a\":0.25,\"s\":0.15,\"z\":0.25,\"g\":0.5,\"h\":0.25}}]},{\"b\":73,\"t\":2,\"pr\":3,\"t2\":18,\"s\":[{\"p\":[0.00430806,0.2819929,-0.03575967],\"r\":[291.5451,36.42825,342.8021],\"s\":[0.2250001,0.2250001,0.2250002],\"c\":[0.3333332,0.1492062,0.111111],\"t2\":{\"c\":[0,0,0],\"x\":0.17,\"y\":0.17,\"a\":0.8925,\"m\":0.5,\"n\":0.5,\"r\":0,\"g\":0,\"o\":0.5,\"t\":0.5,\"e\":0.5},\"pr\":{\"c\":[0.2222221,0.09876537,0.09876537],\"m\":0.25,\"a\":0.25,\"s\":0.15,\"z\":0.25,\"g\":0.5,\"h\":0.25}}]},{\"b\":166,\"t\":13,\"pr\":3,\"t1\":4,\"t2\":18,\"s\":[{\"p\":[0.2163416,-0.06904969,0.01788047],\"r\":[284.1375,248.3637,184.771],\"s\":[0.03000009,0.0300001,0.03000011],\"c\":[0.3333332,0.1714284,0],\"t1\":{\"c\":[0.8888889,0.6405643,0.09876538],\"x\":0.17,\"y\":0.17,\"a\":0.69625,\"m\":0.5,\"n\":0.5,\"r\":0,\"g\":0,\"o\":0.5,\"t\":0.5,\"e\":0.5},\"t2\":{\"c\":[0,0,0],\"x\":0.17,\"y\":0.17,\"a\":0.8925,\"m\":0.5,\"n\":0.5,\"r\":0,\"g\":0,\"o\":0.5,\"t\":0.5,\"e\":0.5},\"pr\":{\"c\":[1,0,0],\"m\":0.25,\"a\":0.25,\"s\":0.15,\"z\":0.25,\"g\":0.5,\"h\":0.25}}]}]}"}],"serveTime":5}