{"ok":true,"areaId":"5fccbacbcf1e5a79014d9fb2","areaName":"vrmove447-4's home","areaKey":"rr5fccbacb3a03e17901d4a51a","areaCreatorId":"5fccbacbcf1e5a79014d9fb1","isPrivate":false,"isZeroGravity":false,"hasFloatingDust":false,"isCopyable":false,"onlyOwnerSetsLocks":false,"isExcluded":false,"_environmentType":"Day","environmentChangersJSON":"{\"environmentChangers\":[{\"Name\":\"night\",\"Rotation\":{\"x\":54.58256912231445,\"y\":3.8092076778411865,\"z\":264.119384765625},\"Scale\":0.05000000447034836,\"Color\":{\"r\":0.03999999910593033,\"g\":0.04999998211860657,\"b\":0.09999997168779373,\"a\":1}},{\"Name\":\"sun\",\"Rotation\":{\"x\":347.3687744140625,\"y\":265.9595947265625,\"z\":286.45062255859375},\"Scale\":0.049999989569187164,\"Color\":{\"r\":1,\"g\":1,\"b\":1,\"a\":1}}]}","requestorIsEditor":false,"requestorIsListEditor":false,"requestorIsOwner":false,"placements":[{"Id":"5fccbacb3a03e17901d4a51b","Tid":"000000000000000000000001","P":{"x":0.62715387344,"y":-0.275627732,"z":0.321439146995},"R":{"x":0,"y":0,"z":0},"A":[1]},{"Id":"5fccbd328f0713077c592c82","Tid":"5c95329a2496704a47ee8faf","P":{"x":-2.1130146980285645,"y":0.7958239316940308,"z":1.2575958967208862},"R":{"x":22.500003814697266,"y":180,"z":-1.1016344493531768e-13},"S":1.0001,"A":[]},{"Id":"6065e5588f0713113473f861","Tid":"6065e55ae9529c054dc946b8","P":{"x":0.44796550273895264,"y":1.2665702104568481,"z":-0.22144371271133423},"R":{"x":273.2553405761719,"y":306.2594909667969,"z":182.6236572265625},"A":[]}],"serveTime":22}