{"ok":true,"areaId":"5b00e2a710b1364b8bb86bc0","areaName":"werkhoven's home","areaKey":"rr5b00e2a73e23b74b8b77c673","areaCreatorId":"5b00e2a710b1364b8bb86bbf","isPrivate":false,"isZeroGravity":false,"hasFloatingDust":false,"isCopyable":false,"onlyOwnerSetsLocks":false,"isExcluded":false,"environmentChangersJSON":"{\"environmentChangers\":[]}","requestorIsEditor":false,"requestorIsListEditor":false,"requestorIsOwner":false,"placements":[{"Id":"5b00e2a73e23b74b8b77c674","Tid":"000000000000000000000001","P":{"x":0.62715387344,"y":-0.275627732,"z":0.321439146995},"R":{"x":0,"y":0,"z":0}},{"Id":"5b00e32b0009f30430e93c02","Tid":"5b00e32c1318b66188d2d83d","P":{"x":1.42049241065979,"y":1.1563870906829834,"z":0.34751150012016296},"R":{"x":7.988632678985596,"y":122.76551818847656,"z":351.6482849121094},"S":1.0000035762786865},{"Id":"5b0104300009f32ac4a22674","Tid":"5b00e32c1318b66188d2d83d","P":{"x":0.10027892887592316,"y":1.4503093957901,"z":0.2974710464477539},"R":{"x":335.27423095703125,"y":126.32115173339844,"z":266.2254638671875}},{"Id":"5b0104870009f32ac4a22675","Tid":"5b0104881318b66188d2d84b","P":{"x":1.46429443359375,"y":1.4804977178573608,"z":0.2546004354953766},"R":{"x":298.9689636230469,"y":61.24402618408203,"z":7.227736949920654},"S":1.000000238418579}],"serveTime":13}