{"ok":true,"areaId":"58b2a5e3ae8bc9b113c438d8","areaName":"wh90210","areaKey":"rr58b2a5e37082d7b1135bd7be","areaCreatorId":"58772495da2ea36113c89093","isPrivate":false,"isZeroGravity":false,"hasFloatingDust":false,"isCopyable":false,"onlyOwnerSetsLocks":false,"isExcluded":false,"_environmentType":"Night","environmentChangersJSON":"{\"environmentChangers\":[{\"Name\":\"sun\",\"Rotation\":{\"x\":286.29852294921875,\"y\":307.1464538574219,\"z\":196.0885467529297},\"Scale\":0.05000000074505806,\"Color\":{\"r\":1,\"g\":1,\"b\":1,\"a\":1}}]}","requestorIsEditor":false,"requestorIsListEditor":false,"requestorIsOwner":false,"placements":[{"Id":"58b2a5e37082d7b1135bd7bf","Tid":"000000000000000000000001","P":{"x":0.62715387344,"y":-0.275627732,"z":0.321439146995},"R":{"x":0,"y":0,"z":0}},{"Id":"58b2a79f2d16b136209f2a97","Tid":"58b2a79e9f2c7db71312291a","P":{"x":-0.48923245072364807,"y":1.307037591934204,"z":-0.10240082442760468},"R":{"x":4.923101902008057,"y":287.4057922363281,"z":168.44107055664062}},{"Id":"58b2a9372d16b136209f2a98","Tid":"58b2a93700e1141b10aaaffe","P":{"x":2.218717098236084,"y":1.582018494606018,"z":-0.3704676926136017},"R":{"x":75.33039093017578,"y":350.98419189453125,"z":144.28868103027344}},{"Id":"58b2abc12d16b136209f2a9a","Tid":"58b2a93700e1141b10aaaffe","P":{"x":-0.04207742214202881,"y":1.3713308572769165,"z":-0.028179585933685303},"R":{"x":79.27816772460938,"y":172.84442138671875,"z":72.62532806396484}}],"serveTime":19}