{"ok":true,"areaId":"5804a7469a4b9a4a130034fa","areaName":"wyrm one's home","areaKey":"rr5804a74678cb784a136948b7","areaCreatorId":"5804a7469a4b9a4a130034f9","isPrivate":false,"isZeroGravity":false,"hasFloatingDust":false,"isCopyable":false,"onlyOwnerSetsLocks":false,"isExcluded":false,"environmentChangersJSON":"{\"environmentChangers\":[{\"Name\":\"fog\",\"Rotation\":{\"x\":17.053665161132812,\"y\":327.33270263671875,\"z\":340.1072692871094},\"Scale\":0.029999999329447746,\"Color\":{\"r\":0,\"g\":1,\"b\":1,\"a\":1}},{\"Name\":\"ambientLight\",\"Rotation\":{\"x\":342.50146484375,\"y\":149.1179962158203,\"z\":153.394775390625},\"Scale\":0.1000000461935997,\"Color\":{\"r\":0.3654319941997528,\"g\":0.44444432854652405,\"b\":0.04938261955976486,\"a\":1}},{\"Name\":\"night\",\"Rotation\":{\"x\":358.1675720214844,\"y\":48.243370056152344,\"z\":9.284074783325195},\"Scale\":0.05000005662441254,\"Color\":{\"r\":0.3654319941997528,\"g\":0.44444432854652405,\"b\":0.04938261955976486,\"a\":1}},{\"Name\":\"sun\",\"Rotation\":{\"x\":288.1442565917969,\"y\":152.5695343017578,\"z\":5.491683483123779},\"Scale\":0.050000011920928955,\"Color\":{\"r\":0.800000011920929,\"g\":1,\"b\":0,\"a\":1}}]}","requestorIsEditor":false,"requestorIsListEditor":false,"requestorIsOwner":false,"placements":[{"Id":"5804a74678cb784a136948b8","Tid":"000000000000000000000001","P":{"x":0.62715387344,"y":-0.275627732,"z":0.321439146995},"R":{"x":0,"y":0,"z":0}}],"serveTime":29}