{"ok":true,"areaId":"60e3d675442af90520cb8997","areaName":"xoarth's home","areaKey":"rr60e3d675fd9e6d052065e2a0","areaCreatorId":"60e3d675442af90520cb8996","isPrivate":false,"isZeroGravity":false,"hasFloatingDust":false,"isCopyable":false,"onlyOwnerSetsLocks":false,"isExcluded":false,"_environmentType":"Day","environmentChangersJSON":"{\"environmentChangers\":[{\"Name\":\"sun\",\"Rotation\":{\"x\":331.1214904785156,\"y\":211.54881286621094,\"z\":192.20516967773438},\"Scale\":0.05000004917383194,\"Color\":{\"r\":1,\"g\":1,\"b\":1,\"a\":1}}]}","requestorIsEditor":false,"requestorIsListEditor":false,"requestorIsOwner":false,"placements":[{"Id":"60e3d675fd9e6d052065e2a1","Tid":"000000000000000000000001","P":{"x":0.62715387344,"y":-0.275627732,"z":0.321439146995},"R":{"x":0,"y":0,"z":0},"A":[1]},{"Id":"60e4eac4f2f46e637491b6e7","Tid":"60e4eac4a563ef052f2fdc6e","P":{"x":1.693542242050171,"y":1.0240544080734253,"z":-1.0955095291137695},"R":{"x":314.9362487792969,"y":338.37054443359375,"z":266.81475830078125},"A":[]},{"Id":"60e4eb85f2f46e637491b6e8","Tid":"60e4eb85532c2b5fa6087106","P":{"x":1.8955222368240356,"y":0.6563798189163208,"z":2.465747356414795},"R":{"x":358.008056640625,"y":183.70372009277344,"z":3.520294666290283}},{"Id":"60e4ebc4f2f46e637491b6e9","Tid":"60e4ebc4ef306d0524e9efe2","P":{"x":2.240812063217163,"y":0.649245023727417,"z":2.618657112121582},"R":{"x":273.83837890625,"y":24.208816528320312,"z":189.5476531982422},"S":1.0000009536743164}],"serveTime":14}