{"ok":true,"areaId":"5e9746bb719c842cd5a369ed","areaName":"yentrixof's home","areaKey":"rr5e9746bb0c5f582cd577c788","areaCreatorId":"5e9746bb719c842cd5a369ec","isPrivate":false,"isZeroGravity":false,"hasFloatingDust":false,"isCopyable":false,"onlyOwnerSetsLocks":false,"isExcluded":false,"environmentChangersJSON":"{\"environmentChangers\":[{\"Name\":\"sun\",\"Rotation\":{\"x\":304.91552734375,\"y\":218.80569458007812,\"z\":203.10763549804688},\"Scale\":0.05000001937150955,\"Color\":{\"r\":0.8888888955116272,\"g\":0.8888888955116272,\"b\":0.8888888955116272,\"a\":1}},{\"Name\":\"night\",\"Rotation\":{\"x\":348.78076171875,\"y\":355.5067443847656,\"z\":357.89471435546875},\"Scale\":0.050000037997961044,\"Color\":{\"r\":0.03999999910593033,\"g\":0.04999998211860657,\"b\":0.09999997168779373,\"a\":1}}]}","requestorIsEditor":false,"requestorIsListEditor":false,"requestorIsOwner":false,"placements":[{"Id":"5e974820fbd6951f909f0c45","Tid":"5e9747f4279c0f2ce1d2bee9","P":{"x":-0.29787999391555786,"y":0.16479212045669556,"z":1.441374659538269},"R":{"x":0.00001001791224553017,"y":180,"z":0},"A":[1]},{"Id":"5e9749eafbd6951f909f0c4a","Tid":"5cd9c8fe1574305d9ef98100","P":{"x":0.11878430843353271,"y":1.3791735172271729,"z":2.1405391693115234},"R":{"x":270,"y":0,"z":0}},{"Id":"5e974a403b91ef1d6ce64be5","Tid":"5e9748677c30fa05fdb2d458","P":{"x":-0.01826472580432892,"y":0.8908887505531311,"z":0.6262602806091309},"R":{"x":324.4638671875,"y":267.4432373046875,"z":321.889892578125}}],"serveTime":36}