{"thingDefinitions":[{"id":"62ae29ce786a57128f52bd8c","def":"{\"v\":9,\"p\":[{\"b\":3,\"t\":9,\"c\":[[-1.017,0.88,1.356,51],[1.63,0.624,1.602,48],[-0.269,0.807,-0.018,16],[0.143,1.698,-0.936,14],[-0.897,0.324,-0.014,19]],\"s\":[{\"p\":[0,0,0],\"r\":[0,0,0],\"s\":[0.125,0.125,0.1250001],\"c\":[0.148148,0.6666667,0.6666667]}]},{\"b\":3,\"s\":[{\"p\":[-0.134064,0.2875115,-0.02557814],\"r\":[65.41498,270.484,48.02559],\"s\":[0.125,0.125,0.125],\"c\":[1,1,1]}]}]}"}],"serveTime":8}