{"ok":true,"areaId":"585f62a04795926824c2c8a6","areaName":"yeti's home","areaKey":"rr585f62a09dd5436824991c68","areaCreatorId":"585f62a04795926824c2c8a5","isPrivate":false,"isZeroGravity":false,"hasFloatingDust":false,"isCopyable":false,"onlyOwnerSetsLocks":false,"isExcluded":false,"_environmentType":"Snow","environmentChangersJSON":"{\"environmentChangers\":[{\"Name\":\"ambientLight\",\"Rotation\":{\"x\":0.2454691082239151,\"y\":15.403000831604004,\"z\":357.6791076660156},\"Scale\":0.09999994933605194,\"Color\":{\"r\":0.09999997168779373,\"g\":0.09899996966123581,\"b\":0.06999997794628143,\"a\":1}},{\"Name\":\"sun\",\"Rotation\":{\"x\":80.27350616455078,\"y\":321.2081604003906,\"z\":331.2964782714844},\"Scale\":0.050000034272670746,\"Color\":{\"r\":1,\"g\":1,\"b\":1,\"a\":1}},{\"Name\":\"night\",\"Rotation\":{\"x\":344.3530578613281,\"y\":3.22882080078125,\"z\":4.986115455627441},\"Scale\":0.05000002682209015,\"Color\":{\"r\":0.03999999910593033,\"g\":0.04999998211860657,\"b\":0.09999997168779373,\"a\":1}}]}","requestorIsEditor":false,"requestorIsListEditor":false,"requestorIsOwner":false,"placements":[{"Id":"585f62a09dd5436824991c69","Tid":"000000000000000000000001","P":{"x":0.5902769565582275,"y":-0.2982841730117798,"z":0.28083688020706177},"R":{"x":0.9149279594421387,"y":3.0315260887145996,"z":357.8977355957031}}],"serveTime":10}