{"ok":true,"areaId":"5d088b0dfd6ec5062b38eddd","areaName":"zanget's home","areaKey":"rr5d088b0d898fb1062b451b8b","areaCreatorId":"5d088b0cfd6ec5062b38eddc","isPrivate":false,"isZeroGravity":false,"hasFloatingDust":false,"isCopyable":false,"onlyOwnerSetsLocks":false,"isExcluded":false,"_environmentType":"Day","environmentChangersJSON":"{\"environmentChangers\":[{\"Name\":\"night\",\"Rotation\":{\"x\":359.1648864746094,\"y\":5.9304375648498535,\"z\":354.5953369140625},\"Scale\":0.050000011920928955,\"Color\":{\"r\":0.03999999910593033,\"g\":0.04999998211860657,\"b\":0.09999997168779373,\"a\":1}},{\"Name\":\"sun\",\"Rotation\":{\"x\":86.77286529541016,\"y\":36.53252410888672,\"z\":42.286277770996094},\"Scale\":0.05000000447034836,\"Color\":{\"r\":1,\"g\":1,\"b\":1,\"a\":1}}]}","requestorIsEditor":false,"requestorIsListEditor":false,"requestorIsOwner":false,"placements":[{"Id":"5d088b0d898fb1062b451b8c","Tid":"5d088b5e0ac77f7e6d45b762","P":{"x":0.6271538734436035,"y":-0.2756277322769165,"z":0.32143914699554443},"R":{"x":0,"y":0,"z":0}},{"Id":"5d088bd7f9d2d523e84af883","Tid":"5d0893290ac77f7e6d45b764","P":{"x":-0.5812138915061951,"y":1.17764413356781,"z":0.5168670415878296},"R":{"x":354.90020751953125,"y":163.8225555419922,"z":79.09613800048828}}],"serveTime":75}