{"ok":true,"areaId":"5e36b3d06d8eca4f5d1a7131","areaName":"zawidz's home","areaKey":"rr5e36b3d0ba1efb4f5d3428f0","areaCreatorId":"5e36b3d06d8eca4f5d1a7130","isPrivate":false,"isZeroGravity":false,"hasFloatingDust":false,"isCopyable":false,"onlyOwnerSetsLocks":false,"isExcluded":false,"environmentChangersJSON":"{\"environmentChangers\":[]}","requestorIsEditor":false,"requestorIsListEditor":false,"requestorIsOwner":false,"placements":[{"Id":"5e36b3d0ba1efb4f5d3428f1","Tid":"000000000000000000000001","P":{"x":0.6271538734436035,"y":-0.2756277322769165,"z":0.32143914699554443},"R":{"x":0,"y":0,"z":0},"S":1.3289},{"Id":"5e36b77109d40c415c016f00","Tid":"5e36b718f349cf24dd87b61f","P":{"x":0.38790491223335266,"y":1.055962324142456,"z":-0.4974880814552307},"R":{"x":358.0592346191406,"y":104.4659194946289,"z":30.212034225463867},"S":0.5726},{"Id":"5e36b77709d40c415c016f01","Tid":"5e36b718f349cf24dd87b61f","P":{"x":0.19368526339530945,"y":1.223543405532837,"z":-0.588776707649231},"R":{"x":9.831371307373047,"y":212.6540985107422,"z":264.348388671875},"S":0.72},{"Id":"5e36b77a09d40c415c016f02","Tid":"5e36b718f349cf24dd87b61f","P":{"x":0.016541704535484314,"y":1.0592641830444336,"z":-0.668954610824585},"R":{"x":51.90089416503906,"y":66.44232940673828,"z":48.49656677246094},"S":0.52}],"serveTime":17}