{"ok":true,"areaId":"5adb72c5e910491336971cbe","areaName":"zelaf's home","areaKey":"rr5adb72c5d62625133691e690","areaCreatorId":"5adb72c5e910491336971cbd","isPrivate":false,"isZeroGravity":false,"hasFloatingDust":false,"isCopyable":false,"onlyOwnerSetsLocks":false,"isExcluded":false,"environmentChangersJSON":"{\"environmentChangers\":[]}","requestorIsEditor":false,"requestorIsListEditor":false,"requestorIsOwner":false,"placements":[{"Id":"5adb72c5d62625133691e691","Tid":"000000000000000000000001","P":{"x":0.723285973072052,"y":-0.22276508808135986,"z":0.33069926500320435},"R":{"x":358.94183349609375,"y":2.558551788330078,"z":2.998063325881958},"S":0.22002816200256348},{"Id":"5adb72da7376d62b5c52768f","Tid":"000000000000000000000001","P":{"x":0.1608533263206482,"y":-0.3489683270454407,"z":0.9820986986160278},"R":{"x":351.0564880371094,"y":35.540000915527344,"z":354.3747863769531}},{"Id":"5adb72db7376d62b5c527690","Tid":"000000000000000000000001","P":{"x":0.6577185392379761,"y":-0.23149168491363525,"z":0.3747071921825409},"R":{"x":359.4493103027344,"y":356.7619934082031,"z":2.824709415435791},"S":1.0000001192092896},{"Id":"5adb72db7376d62b5c527691","Tid":"000000000000000000000001","P":{"x":0.7002899050712585,"y":-0.23966240882873535,"z":0.2882130444049835},"R":{"x":358.85400390625,"y":6.358151912689209,"z":0.6450386047363281}}],"serveTime":30}