{"ok":true,"areaId":"5fae74c5b0922d44f8031e42","areaName":"zherex's home","areaKey":"rr5fae74c5750a1344f8072768","areaCreatorId":"5fae74c5b0922d44f8031e41","isPrivate":false,"isZeroGravity":false,"hasFloatingDust":false,"isCopyable":false,"onlyOwnerSetsLocks":false,"isExcluded":false,"_environmentType":"Snow","environmentChangersJSON":"{\"environmentChangers\":[{\"Name\":\"sun\",\"Rotation\":{\"x\":353.7109680175781,\"y\":174.84414672851562,\"z\":142.10272216796875},\"Scale\":0.050000064074993134,\"Color\":{\"r\":1,\"g\":1,\"b\":1,\"a\":1}}]}","requestorIsEditor":false,"requestorIsListEditor":false,"requestorIsOwner":false,"placements":[{"Id":"5fae74c5750a1344f8072769","Tid":"000000000000000000000001","P":{"x":0.6271538734436035,"y":-0.2756277322769165,"z":0.32143914699554443},"R":{"x":0,"y":0,"z":0},"S":2.083,"A":[]}],"serveTime":33}