{"ok":true,"areaId":"5cf850f012cdeb22e03f039b","areaName":"zip1090's home","areaKey":"rr5cf850f0ea761722e01409a2","areaCreatorId":"5cf850f012cdeb22e03f039a","isPrivate":false,"isZeroGravity":false,"hasFloatingDust":false,"isCopyable":false,"onlyOwnerSetsLocks":false,"isExcluded":false,"environmentChangersJSON":"{\"environmentChangers\":[]}","requestorIsEditor":false,"requestorIsListEditor":false,"requestorIsOwner":false,"placements":[{"Id":"5cf850f0ea761722e01409a3","Tid":"000000000000000000000001","P":{"x":0.22147515416145325,"y":-0.6852266192436218,"z":2.576213836669922},"R":{"x":343.4456787109375,"y":294.0419616699219,"z":37.5887565612793},"S":0.82},{"Id":"5cf8511474751236481dda14","Tid":"000000000000000000000001","P":{"x":-1.3421940803527832,"y":0.25043314695358276,"z":-2.0507900714874268},"R":{"x":75.63053894042969,"y":29.887529373168945,"z":330.98223876953125},"S":86.6896},{"Id":"5cf8511774751236481dda15","Tid":"000000000000000000000001","P":{"x":1.3444385528564453,"y":-1.141412377357483,"z":0.3626752495765686},"R":{"x":22.077720642089844,"y":326.4409484863281,"z":18.678274154663086},"S":86.68952941894531},{"Id":"5cf8511874751236481dda16","Tid":"000000000000000000000001","P":{"x":1.773642897605896,"y":-1.1321011781692505,"z":0.31889763474464417},"R":{"x":37.541168212890625,"y":308.3095397949219,"z":15.510820388793945},"S":86.68954467773438}],"serveTime":23}