{"ok":true,"areaId":"5a457a64e115d8ff13bf1629","areaName":"zoli's home","areaKey":"rr5a457a64cce65aff132766dd","areaCreatorId":"5a457a64e115d8ff13bf1628","isPrivate":false,"isZeroGravity":false,"hasFloatingDust":false,"isCopyable":false,"onlyOwnerSetsLocks":false,"isExcluded":false,"_environmentType":"Default","environmentChangersJSON":"{\"environmentChangers\":[{\"Name\":\"sun\",\"Rotation\":{\"x\":359.0496520996094,\"y\":101.05513000488281,\"z\":87.77479553222656},\"Scale\":0.05000002309679985,\"Color\":{\"r\":1,\"g\":1,\"b\":1,\"a\":1}},{\"Name\":\"ambientLight\",\"Rotation\":{\"x\":334.80853271484375,\"y\":18.049983978271484,\"z\":22.572834014892578},\"Scale\":0.10000003129243851,\"Color\":{\"r\":0.09999997168779373,\"g\":0.09899996966123581,\"b\":0.06999997794628143,\"a\":1}},{\"Name\":\"clouds\",\"Rotation\":{\"x\":75.07318115234375,\"y\":64.29834747314453,\"z\":121.86962127685547},\"Scale\":0.009999997913837433,\"Color\":{\"r\":1,\"g\":1,\"b\":1,\"a\":1}}]}","requestorIsEditor":false,"requestorIsListEditor":false,"requestorIsOwner":false,"placements":[{"Id":"5a457a64cce65aff132766de","Tid":"5a457fd60fbc582314c8e01a","P":{"x":0.5360915660858154,"y":-0.21196351945400238,"z":0.23111307621002197},"R":{"x":359.460205078125,"y":358.9183349609375,"z":356.8472595214844}},{"Id":"5a457f4228a7111b70b0ea4a","Tid":"5a45811027a2a230144fbb34","P":{"x":2.251833438873291,"y":1.1518079042434692,"z":-0.9871179461479187},"R":{"x":11.432185173034668,"y":317.4390869140625,"z":279.09271240234375}}],"serveTime":22}