{"thingDefinitions":[{"id":"657b4ea60600a914c7055642","def":"{\"v\":9,\"p\":[{\"b\":9,\"s\":[{\"p\":[0.2550319,-0.1984565,0.385848],\"r\":[304.881,331.66,55.15381],\"s\":[0.1250002,0.1250002,0.1250002],\"c\":[1,1,1]}]},{\"b\":87,\"s\":[{\"p\":[0.1148104,-0.2711991,0.125877],\"r\":[32.58443,1.548311,16.89879],\"s\":[0.125,0.125,0.125],\"c\":[1,1,1]}]}]}"},{"id":"657b4f0835ac821583ea129f","def":"{\"v\":9,\"a\":[2,16],\"p\":[{\"b\":9,\"s\":[{\"p\":[0,0,0],\"r\":[0,0,-8.537735E-07],\"s\":[0.125,0.125,0.125],\"c\":[1,1,1]}]}]}"}],"serveTime":6}