{"n":"simple slideshow viewer","p":[{"t":1,"a":[6,7],"s":[{"p":[0,0,0],"r":[0,0,0],"s":[0.7760082,0.1750005,0.6384216],"c":[0.07089943,0.03703704,0.3333333]}]}]}