{"n":"gold coin","a":[1,2],"p":[{"t":1,"s":[{"p":[-0.000181006,8.408586E-05,0.004337452],"r":[69.66663,82.45002,85.27882],"s":[0.01386583,0.01833255,0.0476056],"c":[0.9,0.8485714,0.5399999]}]},{"b":15,"t":1,"s":[{"p":[0,0,0],"r":[0,0,0],"s":[0.03010359,0.03177308,0.02376654],"c":[1,0.8571429,0]}]}]}