{"n":"sand","p":[{"b":12,"s":[{"p":[-0.355022,0.07553516,0.0117549],"r":[357.0896,337.8501,4.200323],"s":[1.583906,0.06000002,1.060768],"c":[1,1,1]}]}]}