{"n":"bottle","a":[2,15],"p":[{"b":5,"s":[{"p":[0,0,0],"r":[0,0,0],"s":[0.0519554,0.04056853,0.2602541],"c":[1,1,1]}]},{"b":5,"s":[{"p":[-0.003560464,-0.005770728,0.08200859],"r":[357.6811,1.043117,1.210462],"s":[0.04084076,0.01826661,0.2703499],"c":[1,1,1]}]}]}