{"n":"screen","a":[1],"p":[{"t":4,"a":[2],"s":[{"p":[0.7795994,-0.02695286,-0.7108694],"r":[35.64608,359.3747,2.239679],"s":[0.2147211,0.1679076,0.07399803],"c":[0.1975307,0.2539681,0.4444444]},{"p":[0.7771146,-0.04042637,-0.721233],"r":[36.60806,359.3291,1.487947],"s":[0.2147218,0.1679075,0.07399822],"c":[0.1975307,0.2539681,0.4444443],"b":["when starts then become 1 in 0.2s"]}]}]}