{"n":"lshandle","a":[1,2,3],"p":[{"b":5,"s":[{"p":[0,0,0],"r":[0,0,6.403303E-07],"s":[0.02107912,0.02051889,0.2175906],"c":[0,0,0]}]},{"b":5,"t":3,"s":[{"p":[0.009245209,-0.0006500781,0.4731664],"r":[0.2521062,1.211926,47.84073],"s":[0.0144653,0.01394451,1.147195],"c":[1,0,0],"b":["when triggered then become 2 in 0.2s","when shaken then give haptic feedback"]},{"p":[0.0005514324,-0.002387315,0.03208102],"r":[0.5474337,359.4441,43.68854],"s":[0.0144653,0.01394451,0.1264036],"c":[1,0,0],"b":["when triggered then become 1 in 0.2s","when triggered then play energy shot"]}]}]}