{"n":"thing","p":[{"s":[{"p":[0,0,0],"r":[0,0,0],"s":[0.09743474,0.08584638,0.1750003],"c":[0,0,0]}]},{"b":5,"s":[{"p":[-0.0003859419,0.01182343,-0.02415451],"r":[87.03615,100.5696,5.601493],"s":[0.02079744,0.02050943,0.1250002],"c":[1,1,1]}]},{"b":5,"s":[{"p":[-0.003319054,0.007843602,0.04296597],"r":[88.71032,120.7176,25.8301],"s":[0.01110124,0.01045968,0.1250001],"c":[1,1,1]}]}]}