{"n":"thing","p":[{"b":14,"s":[{"p":[0,0,0],"r":[0,0,0],"s":[0.06000038,0.0895623,0.5254947],"c":[0.4444444,0.3202821,0.04938265]}]},{"s":[{"p":[0.5808008,0.218514,1.156851],"r":[359.1538,0.5715634,288.8711],"s":[0.07448787,1.218598,0.755559],"c":[1,1,1]}]},{"b":5,"s":[{"p":[0.5344545,0.2347955,1.188868],"r":[70.48534,84.12273,349.3788],"s":[0.1584982,0.1715492,0.04463084],"c":[1,0,0]}]}]}