{"n":"thing","a":[7,18],"p":[{"t":1,"a":[1,4],"s":[{"p":[0.4598086,-5.034259E-08,0.1718827],"r":[270,9.659346E-06,0],"s":[2.325896,0.005000444,1.778212],"c":[0.3333333,0.3333333,0.3333333]}]},{"t":2,"a":[2],"s":[{"p":[-0.707444,-0.4853196,0.1113338],"r":[-1.707547E-06,270,90.00001],"s":[0.02584816,0.05777459,0.02772725],"c":[0.1142856,1,0]}]},{"t":1,"s":[{"p":[0.4714014,-0.9824076,0.2039559],"r":[0,0,0],"s":[2.467361,0.1749754,0.1750701],"c":[0,0,0]}]},{"t":1,"s":[{"p":[0.471402,0.964952,0.2039556],"r":[270,1.931869E-05,0],"s":[2.467481,0.174982,0.175095],"c":[0,0,0]}]}]}