{"n":"thing","p":[{"b":19,"e":"15 SHOT, MANUAL RELOAD, NONCLONEABLE","s":[{"p":[0,0,0],"r":[0,0,1.000516E-08],"s":[0.002999999,0.003000002,0.003000001],"c":[1,1,1]}]},{"b":19,"e":"FOR MOUNTING ON ARM, NONCLONEABLE","s":[{"p":[1.004393,0.0229054,0.03468521],"r":[357.4141,1.365989,359.3155],"s":[0.003,0.003000001,0.003],"c":[1,1,1]}]}]}