{"n":"ground","a":[7,18],"p":[{"b":17,"s":[{"p":[0,0,0],"r":[0,0,0],"s":[50,0.005,50],"c":[0.1904761,0.6666667,0]}]}]}