{"n":"thing","p":[{"s":[{"p":[0.200832,-0.6585429,0.8833917],"r":[332.5604,357.464,7.95939],"s":[0.1146793,0.1086921,0.1231294],"c":[0.2222221,0.2222221,0.2222221]}]},{"t":2,"s":[{"p":[0.1963062,-0.6310189,0.8735743],"r":[332.3564,356.6639,278.1483],"s":[0.08003951,0.08438004,0.1017513],"c":[0,0,0]}]},{"b":5,"t":2,"s":[{"p":[0.1909209,-0.5482507,-0.03512275],"r":[11.08152,0.2439512,308.8884],"s":[0.005000008,0.005000008,2.210785],"c":[0,0,0]}]},{"t":2,"s":[{"p":[0.2000348,-0.5136681,-0.05554405],"r":[11.9369,359.731,324.3004],"s":[0.005000003,0.005000003,1.836923],"c":[0,0,0]}]}]}