{"n":"thing","p":[{"b":13,"t":2,"s":[{"p":[0,0,0],"r":[0,0,0],"s":[0.1566331,0.02294649,0.1477494],"c":[0.3333333,0.3333333,0.3333333]}]},{"b":3,"t":2,"s":[{"p":[0.002108309,0.008220258,0.002059031],"r":[0.4530198,348.9867,2.606275],"s":[0.2336997,0.07033566,0.2262407],"c":[0.3333333,0.3333333,0.3333333]}]}]}