{"n":"thing","p":[{"b":14,"s":[{"p":[-0.1070103,0.3405177,0.07001962],"r":[334.7009,359.6624,312.2449],"s":[0.06000012,0.0600003,0.06000029],"c":[1,1,1]}]}]}