{"n":"thing","a":[7,18],"p":[{"t":2,"s":[{"p":[0,0,0],"r":[0,0,0],"s":[0.1043284,0.0441838,11.00385],"c":[0.6666667,0.6666667,0.6666667]}]}]}