{"n":"thing","p":[{"s":[{"p":[0,0,0],"r":[0,0,0],"s":[0.5604591,0.1750001,0.1750001],"c":[1,1,1]}]},{"b":18,"e":"LATER PROJECT","s":[{"p":[-0.03840632,0.1197843,0.03585327],"r":[86.91631,22.78505,22.6355],"s":[0.002999999,0.003,0.003],"c":[1,1,1]}]}]}