{"n":"thing","a":[5],"p":[{"b":17,"s":[{"p":[0,0,0],"r":[0,0,0],"s":[20.80583,2.70936,5.992014],"c":[0.111111,0.111111,0.111111]}]}]}