{"n":"grubie 50","p":[{"b":19,"e":"      50\nGRUBIES","s":[{"p":[-0.01445842,-0.01609429,0.0117019],"r":[359.1809,91.5927,87.01225],"s":[0.00100072,0.001000717,0.001000719],"c":[1,1,1]}]},{"b":9,"t":1,"s":[{"p":[-0.001149257,0.002147216,-0.000648502],"r":[358.941,5.92485,1.204738],"s":[0.01312823,0.04910884,0.05186786],"c":[1,0,0.6857142]}]}]}