{"n":"thing","p":[{"s":[{"p":[0,0,0],"r":[0,0,0],"s":[0.2512765,0.188441,0.05194671],"c":[1,1,1]}]}]}