{"n":"wall","a":[5,7,18],"p":[{"s":[{"p":[0,0,0],"r":[0,0,0],"s":[3.903278,0.1056077,3.171709],"c":[0.222222,0.222222,0.222222]}]}]}