{"n":"magicthing","a":[2,16],"p":[{"b":3,"t":3,"s":[{"p":[0,0,0],"r":[0,0,0],"s":[0.081225,0.08264931,0.07964198],"c":[0.9714285,0,1]}]}]}