{"n":"thing","a":[2,3],"p":[{"b":3,"t":3,"s":[{"p":[0,0,0],"r":[0,0,7.203714E-07],"s":[0.005000004,0.09740665,0.005000003],"c":[0,1,0.05714282]}]}]}