{"n":"thing","p":[{"b":6,"t":5,"s":[{"p":[-0.5252703,0.406811,0.05505732],"r":[359.9781,3.783223,263.8237],"s":[0.1250001,0.1250001,0.1250001],"c":[0.2857141,0,1]}]},{"b":4,"t":5,"s":[{"p":[-0.3771564,0.04526286,0.1059908],"r":[354.1694,1.558269,306.9195],"s":[0.1250003,0.1250001,0.1250003],"c":[0.2857141,0,1]}]},{"b":15,"t":5,"s":[{"p":[-0.136541,-0.2113452,0.0697448],"r":[352.9301,5.252672,1.355105],"s":[0.005000003,0.005000001,0.1250001],"c":[0.2857141,0,1]}]}]}