{"n":"thing","a":[2,3],"p":[{"b":11,"t":1,"s":[{"p":[0,0,0],"r":[0,0,3.828216E-20],"s":[1.814064,0.6236777,0.09279535],"c":[0.8888889,0.8888889,0.8888889]}]},{"b":13,"s":[{"p":[3.008217,-2.629867E-07,-0.004925062],"r":[-1.001791E-05,180,90.00001],"s":[0.2330443,0.8365808,0.1619118],"c":[0.2222221,0.1142856,0]}]}]}