{"n":"thing","a":[7,18],"p":[{"s":[{"p":[0,0,0],"r":[0,0,0],"s":[0.1088923,0.1117054,2.103103],"c":[0.8888889,0.4571426,0]}]}]}