{"n":"thing","p":[{"b":13,"s":[{"p":[0,0,0],"r":[0,0,0],"s":[0.1894352,0.179536,0.1054564],"c":[0.2222221,0.2102292,0.1975308]}]}]}