{"n":"thing","a":[7,18],"p":[{"b":12,"s":[{"p":[0,0,0],"r":[0,0,0],"s":[0.3048035,0.07725758,0.6266615],"c":[0.5361551,0.3950616,0.8888889]}]}]}