{"n":"thing","p":[{"b":3,"t":2,"s":[{"p":[0.3763143,-0.7318178,0.2084841],"r":[344.2194,359.8198,4.673752],"s":[0.6959162,0.5415847,0.1584327],"c":[0,0,0],"b":["when starts then become 2 in 5s"]},{"p":[0.5399727,-0.5327765,0.08547401],"r":[354.9816,358.926,358.2601],"s":[1.714433,0.7640671,0.005000003],"c":[0,0,0],"b":["when starts then become 3 in 0.5s"]},{"p":[0.1899874,0.1287766,-0.5952668],"r":[5.53328,4.139375,0.9984997],"s":[1.86979,0.7640659,1.431302],"c":[0,0,0],"b":["when starts then become 1 in 0.5s"]}]}]}