{"n":"thing","a":[7],"p":[{"s":[{"p":[0,0,0],"r":[0,0,0],"s":[50,0.1750012,50],"c":[1,0.6857142,0]}]}]}