{"n":"ice stand table","a":[1],"p":[{"s":[{"p":[0.02153573,0.0817607,0.01065943],"r":[7.575209,359.1454,359.8913],"s":[1.432867,0.4165003,0.9020495],"c":[0.2222221,0.1904761,0]}]},{"s":[{"p":[0.008288328,0.03473964,0.4492558],"r":[7.575209,359.1454,359.8913],"s":[1.413578,0.463218,0.04340404],"c":[0.5555556,0.4761905,0]}]}]}