{"n":"thing","p":[{"b":21,"e":"NOW RESTART THE AREA","s":[{"p":[0,0,0],"r":[0,0,0],"s":[0.007162322,0.007162314,0.007162322],"c":[0.1975308,0.4740737,0.8888889]}]},{"b":21,"e":"YOU CAN END HERE","s":[{"p":[0.06923976,-0.1932583,-0.0009385049],"r":[355.8565,1.495582,359.6244],"s":[0.006847488,0.006847483,0.006847489],"c":[0.1975307,0.4740737,0.8888889]}]},{"b":21,"e":"I CANT","s":[{"p":[0.1887595,-0.3453767,-0.02753685],"r":[352.871,1.236704,0.02421537],"s":[0.01289982,0.01289982,0.01289982],"c":[0.6666667,0.1756613,0.07407402]}]}]}