{"n":"thing","p":[{"b":22,"e":"GO\nOUTSIDE","s":[{"p":[0,0,0],"r":[0,0,0],"s":[0.01734588,0.01734587,0.01734589],"c":[0.2592591,0.6444442,0.7777778]}]}]}