{"n":"thing","a":[7],"p":[{"s":[{"p":[0,0,0],"r":[0,0,0],"s":[2.231441,0.1750006,3.43367],"c":[1,1,1]}]}]}