{"n":"thing","p":[{"b":21,"e":"I NEVER LOVED YOU","s":[{"p":[0,0,0],"r":[0,0,-2.134434E-07],"s":[0.00615109,0.00615108,0.006151084],"c":[0.8888889,0.3696648,0.09876534]}]}]}