{"n":"thing","p":[{"b":23,"e":"YOU'RE DEAD BUDDY","s":[{"p":[0,0,0],"r":[0,0,0],"s":[0.005852035,0.005852053,0.005852052],"c":[1,1,1]}]}]}