{"n":"thing","p":[{"b":12,"s":[{"p":[0,0,0],"r":[0,0,0],"s":[0.4755694,0.06000022,0.2972465],"c":[0.3333331,0.2285712,0]}]}]}