{"n":"thing","p":[{"b":18,"e":"TO VISIT \"ANYWHERE\"  STICK","s":[{"p":[0.1203281,0.2247024,0.4918542],"r":[348.4416,36.9692,353.8441],"s":[0.003966929,0.003966534,0.003966876],"c":[1,1,1]}]},{"b":18,"e":"FORK IN HAY BALE HERE","s":[{"p":[0.1495275,0.0991889,0.4967991],"r":[348.4416,36.9692,353.8441],"s":[0.003826115,0.003825386,0.003826159],"c":[1,1,1]}]},{"b":18,"e":"------------","s":[{"p":[0.1205811,-0.129726,0.5762532],"r":[345.4771,37.61647,18.63161],"s":[0.005918687,0.005917993,0.005918595],"c":[1,1,1]}]},{"b":18,"e":"V","s":[{"p":[0.1294739,-0.146896,0.5652848],"r":[345.6687,39.06686,279.0262],"s":[0.01012462,0.01012421,0.01012477],"c":[1,1,1]}]}]}