{"n":"thing","p":[{"b":18,"e":"LASER TAG","s":[{"p":[0,0,0],"r":[0,0,0],"s":[0.03126668,0.03126457,0.03126813],"c":[0.1142857,0,1]}]}]}