{"n":"thing","a":[7],"p":[{"s":[{"p":[0,0,0],"r":[0,0,0],"s":[0.682157,1.183126,0.3512446],"c":[1,0,0.1714283]}]},{"s":[{"p":[-0.3658848,0.01020104,0.191876],"r":[0,0,-1.502687E-05],"s":[0.1277469,1.163882,0.979658],"c":[0.7777778,0.08641969,0.2049381]}]}]}