{"n":"lamp","p":[{"b":3,"t":3,"s":[{"p":[0,0,0],"r":[0,0,-4.268868E-07],"s":[0.1250003,0.1250002,0.1250001],"c":[0.7777778,0.7530864,0.6049383],"b":["when told by nearby lampswitch then become 2"]},{"p":[0,0,0],"r":[0,0,-4.268868E-07],"s":[0.1250003,0.1250002,0.1250001],"c":[0,0,0],"b":["when told by nearby lampswitch then become 1"]}]},{"b":5,"t":1,"s":[{"p":[0.006063767,-0.006976403,-0.005237041],"r":[34.78616,346.6178,70.40464],"s":[0.1250001,0.1250001,0.1250001],"c":[0.7777778,0.7777778,0.7777778]}]}]}