{"n":"shelf","p":[{"b":13,"s":[{"p":[0,0,0],"r":[0,0,0],"s":[0.378061,0.01444642,0.08331485],"c":[0.5555556,0.4003526,0.06172832]}]},{"b":13,"s":[{"p":[-0.5744042,-0.07145856,0.06478053],"r":[319.9529,169.6267,106.1704],"s":[0.01319402,0.005000015,0.06000026],"c":[0.5555556,0.4003526,0.0617283]}]},{"b":13,"s":[{"p":[0.5317391,-0.04934042,0.01298904],"r":[327.3006,185.6264,86.85609],"s":[0.01319408,0.005000032,0.06000047],"c":[0.5555556,0.4003526,0.0617283]}]}]}