{"n":"thing","a":[6,7,18],"p":[{"s":[{"p":[0,0,0],"r":[0,0,0],"s":[7.37195,0.2102416,6.523499],"c":[0.3333333,0.3333333,0.3333333]}]}]}