{"n":"thing","inc":[["bn","5814c9be8d6fe45113a610c7"]],"p":[{"b":13,"s":[{"p":[0,0,0],"r":[0,0,0],"s":[0.005,0.02456314,0.06000542],"c":[1,1,1],"b":["when touched then become next in 0.2s"]},{"p":[0.03297853,-0.001156807,0.001259798],"r":[1.526666E-13,1.024528E-05,-1.707547E-06],"s":[0.03153558,0.03306698,0.06000801],"c":[1,1,1],"b":["when touched then emit bn with 80","when shaken then become previous in 0.2s"]}]},{"b":13,"s":[{"p":[-0.0329963,-0.0004372634,0.01049635],"r":[0.2525488,90.09275,89.57246],"s":[0.0294317,0.1083511,0.02151142],"c":[1,1,1]}]}]}