{"n":"thing","a":[7,18],"p":[{"s":[{"p":[0,0,0],"r":[0,0,0],"s":[6.893869,0.2102581,6.905164],"c":[1,1,1]}]}]}