{"n":"thing","a":[12],"p":[{"b":3,"a":[3],"s":[{"p":[-0.03516001,-0.2985485,-1.129797],"r":[346.5916,355.3912,356.7176],"s":[1.183945,1.189289,1.189288],"c":[0.8888889,0.8888889,0.8888889],"b":["when starts then all parts face someone, then become next"]},{"p":[0,0,0],"r":[0,0,1.707547E-06],"s":[0.1250001,0.1250004,0.1250004],"c":[0.8888889,0.8888889,0.8888889],"b":["when starts then become previous"]}]},{"b":3,"a":[3],"s":[{"p":[-0.009249061,-0.1642962,-0.4805407],"r":[32.29463,116.3013,106.2975],"s":[0.6464723,0.6464729,0.6464719],"c":[0.9714286,1,0]}]},{"b":3,"s":[{"p":[0.01012497,-0.0959979,0.07188179],"r":[347.7751,342.1071,180.1444],"s":[0.1009585,0.4539362,0.1091664],"c":[0,0,0]}]}]}