{"n":"pillar width measurement","a":[7,18],"p":[{"b":5,"a":[3],"s":[{"p":[0,0,0],"r":[0,0,0],"s":[2.563695,2.563657,2.563552],"c":[1,1,1]}]}]}