{"n":"bridge","a":[5],"p":[{"b":5,"s":[{"p":[0,0,0],"r":[0,0,2.661529E-08],"s":[1.189654,0.449954,2.195271],"c":[0.7777778,0.7777778,0.7777778]}]}]}