{"n":"thing","a":[7,18],"p":[{"s":[{"p":[-3.732624,-4.781066E-08,0],"r":[0,0,0],"s":[2.98332,0.1324883,2.92677],"c":[0.5185185,0.7777778,0.6666667]}]},{"s":[{"p":[-1.865355,-1.788139E-06,0.9916427],"r":[-3.415095E-06,3.053333E-13,180],"s":[0.7638839,0.1325529,0.895948],"c":[0.5185185,0.7777778,0.6666667]}]},{"s":[{"p":[-1.192093E-07,1.192093E-07,0.02239907],"r":[1.001791E-05,-1.001791E-05,-8.757938E-13],"s":[2.982748,0.1324508,2.994552],"c":[0.5185185,0.7777778,0.6666667]}]}]}