{"n":"thing","a":[2,21],"p":[{"b":2,"s":[{"p":[-0.007196296,-0.001065753,-0.02210325],"r":[354.7389,0.2459257,0.655166],"s":[0.08067318,0.003438313,0.03990781],"c":[1,1,1]}]},{"s":[{"p":[0.002258183,-0.004261944,0.0003767307],"r":[3.49762,0.3190819,0.6814572],"s":[0.1689418,0.006755483,0.08519904],"c":[1,1,1]}]},{"b":10,"s":[{"p":[0.001969907,0.004186445,0.00331495],"r":[2.131323,325.0086,0.5306236],"s":[0.01471315,0.003438249,0.02014162],"c":[1,0.222222,0.3555554]}]},{"b":10,"s":[{"p":[-0.01187426,0.005563636,0.002196713],"r":[359.3589,43.78662,1.426374],"s":[0.0147132,0.003438253,0.02014168],"c":[1,0.222222,0.3555554]}]}]}