{"n":"black box floor","a":[5,7],"p":[{"s":[{"p":[0,0,0],"r":[0,0,0],"s":[29.84215,1.81433,29.40071],"c":[0,0.111111,0.006349211]}]}]}