{"n":"thing","a":[7],"p":[{"b":7,"s":[{"p":[0,0,0],"r":[0,0,0],"s":[0.1006461,0.08024061,0.2974579],"c":[1,1,1]}]},{"b":7,"s":[{"p":[0.3244716,0.116475,-0.02363959],"r":[0.9441266,9.135094,24.29084],"s":[0.1006459,0.08024035,0.2974571],"c":[1,1,1]}]}]}