{"n":"deck","p":[{"s":[{"p":[0,0,0],"r":[0,0,0],"s":[1.156907,0.9821354,0.02481056],"c":[0.8888889,0.8268077,0.691358]}]}]}