{"n":"boulder","p":[{"b":17,"s":[{"p":[0,0,0],"r":[0,0,0],"s":[8.356541,2.147603,5.132266],"c":[0.3333333,0.3333333,0.3333333]}]}]}