{"n":"gyser purple","p":[{"b":4,"t":6,"s":[{"p":[0,0,0],"r":[0,0,-5.336085E-08],"s":[0.005,0.005,0.005],"c":[0,0,0],"b":["when starts then become 2 in 30s"]},{"p":[0,0,0],"r":[0,0,-5.336085E-08],"s":[0.1250004,0.1250003,0.1250002],"c":[0.5954146,0.09876531,0.8888889],"b":["when starts then become 1 in 8s"]}]}]}