{"n":"thing","a":[1,7,18],"p":[{"s":[{"p":[0,0,0],"r":[0,0,0],"s":[7.496483,1.040005,0.1212883],"c":[1,1,1]}]}]}