{"n":"thing","p":[{"s":[{"p":[0,0,0],"r":[0,0,0],"s":[3.924271,0.1750003,2.474269],"c":[0.3333332,0.2074073,0.07407395]}]}]}