{"n":"send2spawn","p":[{"b":10,"s":[{"p":[0,0,0],"r":[1.067217E-07,-2.484809E-17,-2.668043E-08],"s":[39.77982,2.036881,8.256088],"c":[1,1,1],"b":["when touched then send nearby onto spawn"]}]}]}