{"n":"hat hook","p":[{"b":14,"s":[{"p":[0,0,0],"r":[0,0,0],"s":[0.03408264,0.03512403,0.03057339],"c":[0.5555556,0.4391533,0.1851851]}]}]}