{"n":"thing","p":[{"b":9,"s":[{"p":[0,0,0],"r":[0,0,0],"s":[1.273175,0.125,0.9751128],"c":[0.222222,0.1410933,0.09876529]}]},{"b":9,"s":[{"p":[-0.2358214,0.03781146,-0.8756516],"r":[5.713951,349.2838,8.571479],"s":[1.273175,0.125,0.9751125],"c":[0.222222,0.1410933,0.09876529]}]}]}