{"n":"thing","p":[{"b":14,"t":3,"s":[{"p":[0,0,0],"r":[0,0,4.268868E-07],"s":[0.1622619,0.06,0.06030476],"c":[1,0.5142855,0]}]},{"b":7,"t":3,"s":[{"p":[0.00539383,0.05829085,-0.04424063],"r":[275.2427,59.45355,302.5463],"s":[0.0670501,0.09994332,0.1250007],"c":[1,0.5142855,0]}]},{"b":11,"t":3,"s":[{"p":[0.09492758,-0.0002868474,0.07039939],"r":[358.1266,0.1448747,265.6525],"s":[0.01264676,0.03622383,0.06371157],"c":[1,0.5142855,0]}]},{"b":11,"t":3,"s":[{"p":[-0.09823217,0.001679495,0.07297447],"r":[1.832676,1.239082,89.43292],"s":[0.01264676,0.03622378,0.06371161],"c":[1,0.5142855,0]}]}]}