{"n":"ground","a":[1],"p":[{"b":17,"s":[{"p":[0,0,0],"r":[0,0,4.168817E-09],"s":[49.99999,0.11062,37.51629],"c":[0,1,0.2285714]}]}]}