{"n":"thing","a":[22],"p":[{"b":11,"s":[{"p":[-1.106113,0.5924339,-0.001293957],"r":[90,270,0],"s":[0.244902,0.4646241,0.23299],"c":[0.4444441,0.2172835,0.0987649]}]},{"b":11,"s":[{"p":[-1.104165,-0.28652,-9.563565E-05],"r":[270,90.00001,0],"s":[0.2449573,0.4648982,0.2331094],"c":[0.4444441,0.2172834,0.09876487]}]},{"s":[{"p":[-0.01253127,0.1369762,0.0009248946],"r":[1.707548E-06,8.537736E-06,-6.830188E-06],"s":[1.735065,1.151535,0.4941103],"c":[0.4444441,0.2172834,0.09876487]}]}]}