{"n":"dong","p":[{"b":10,"s":[{"p":[0,0,0],"r":[0,0,0],"s":[0.125,0.1250002,0.1250002],"c":[0.8888889,0.3950616,0.818342]}]},{"b":10,"s":[{"p":[-0.1710236,-0.01131734,-0.04860286],"r":[3.296758,351.0065,349.4364],"s":[0.1250001,0.1250003,0.1250003],"c":[0.8888889,0.3950616,0.818342]}]},{"b":14,"s":[{"p":[-0.08615059,0.2683928,0.03943148],"r":[289.774,3.187637,25.6628],"s":[0.08155494,0.0978028,0.1261231],"c":[0.7777778,0.5185185,0.7407407]}]}]}