{"n":"chasmwall01","a":[22,20],"p":[{"s":[{"p":[0,0,0],"r":[0,0,0],"s":[1.174052,4.209023,2.484512],"c":[0.4444443,0.2172837,0.09876513]}]}]}