{"n":"thing","a":[7],"p":[{"b":5,"s":[{"p":[0.2176792,0.1151713,-0.1022245],"r":[359.2868,356.5899,81.24176],"s":[0.02665174,0.02416005,0.2235406],"c":[0.4567901,0.5555556,0.06172832]}]},{"b":16,"s":[{"p":[0.21392,0.1144372,-0.07476359],"r":[81.21303,271.2089,274.6736],"s":[0.02775322,0.1250143,0.02774566],"c":[0.4567901,0.5555556,0.06172832]}]},{"b":5,"s":[{"p":[0.2031761,0.1150984,0.1055965],"r":[359.2868,356.5899,81.24176],"s":[0.01418639,0.01270697,0.07627082],"c":[0.4567901,0.5555556,0.06172832]}]}]}