{"n":"thing","a":[21],"p":[{"b":17,"s":[{"p":[0,0,0],"r":[0,0,0],"s":[0.948158,0.9547436,1.022021],"c":[1,1,1]}]},{"b":17,"s":[{"p":[-1.33877,-0.5961977,-0.4603152],"r":[325.3792,33.84247,323.4437],"s":[1.064961,0.8399273,0.5522469],"c":[1,1,1]}]}]}