{"n":"thing","p":[{"b":18,"e":"NOTES","s":[{"p":[0,0,0],"r":[0,0,0],"s":[0.005601706,0.005601695,0.005601704],"c":[1,1,1]}]}]}