{"n":"thing","a":[7],"p":[{"s":[{"p":[0,0,0],"r":[0,0,0],"s":[0.04033094,0.1379969,0.1750021],"c":[0.1142857,0,1]}]},{"b":5,"s":[{"p":[-0.02336642,-0.004584787,-0.01411998],"r":[0,270,0],"s":[0.02887896,0.02604426,0.005000067],"c":[1,0,0.1714283],"b":["when touched then play evil why hello there voice"]}]}]}