{"n":"thing","p":[{"t":1,"s":[{"p":[0,0,0],"r":[0,0,0],"s":[0.9246036,1.013704,1.390827],"c":[0.8888889,0.6716049,0.1975307]}]}]}