{"n":"thing","a":[5,8],"p":[{"b":11,"t":5,"s":[{"p":[0,0,0],"r":[0,0,0],"s":[0.04217046,0.04775551,0.07003352],"c":[1,0.8571429,0],"b":["when starts then become 2 in 2s"]},{"p":[0,0,0],"r":[0,0,0],"s":[0.08879717,0.09695639,0.1058208],"c":[1,0.8571429,0],"b":["when starts then become 3 in 2s"]},{"p":[-0.03734082,-0.004958001,-0.1297605],"r":[6.167239,2.337877,357.0537],"s":[0.3045974,0.09695647,0.1478197],"c":[1,0.8571429,0],"b":["when starts then become 1 in 2s"]}]}]}