{"n":"thing","p":[{"b":23,"e":"DEAD END.","s":[{"p":[0,0,0],"r":[0,0,0],"s":[0.01218432,0.01218432,0.01218432],"c":[1,0,0]}]}]}