{"n":"thing","a":[5],"p":[{"b":22,"e":"DEAD END.","s":[{"p":[0,0,0],"r":[0,0,5.336085E-08],"s":[0.004459202,0.0044592,0.004459204],"c":[1,0,0.1714283],"b":["when looked at then play glitched crying 3"]}]}]}