{"n":"lasr","a":[2,6,12,13,15],"p":[{"b":8,"t":7,"s":[{"p":[-0.002982272,-0.001728022,0.02081144],"r":[359.4695,-0.003231982,2.511611],"s":[0.00500034,0.00500001,0.4697299],"c":[1,0.342857,0],"b":["when starts then become 2 in 0.5s"]},{"p":[0,0,0],"r":[0,0,0],"s":[0.005,0.005,0.005],"c":[0.9714286,1,0],"b":["when starts then become 3 in 1s"]},{"p":[0,0,0],"r":[0,0,0],"s":[0.05630784,0.04820049,0.005],"c":[1,1,1],"b":["when starts then destroy all parts in 0.1s"]}]}]}