{"n":"thing","p":[{"b":10,"s":[{"p":[-1.073743,0.1338142,-0.2291443],"r":[359.8566,356.7244,311.3737],"s":[0.2093716,0.005000005,0.207342],"c":[1,1,1]}]},{"b":10,"s":[{"p":[0.09663522,-1.209043,0.1245942],"r":[346.6144,344.3033,313.2365],"s":[0.2093719,0.005000012,0.207342],"c":[1,1,1]}]},{"b":10,"s":[{"p":[-2.31929,-0.9249272,-0.2583215],"r":[311.9708,271.6636,176.3419],"s":[0.209372,0.005000012,0.2073422],"c":[1,1,1]}]},{"b":10,"s":[{"p":[-1.13974,-2.262185,0.05842933],"r":[353.7821,352.4928,311.2159],"s":[0.2093724,0.005000032,0.2073427],"c":[1,1,1]}]}]}