{"n":"sheild","a":[7,12],"p":[{"b":5,"t":7,"s":[{"p":[0,0,0],"r":[0,0,3.828216E-20],"s":[0.269196,0.4383652,0.02489114],"c":[0,0.9142855,1]}]}]}