{"n":"thing","a":[22],"p":[{"s":[{"p":[0,0,0],"r":[0,0,0],"s":[0.2013076,50.33393,48.75484],"c":[1,1,1]}]}]}