{"n":"thing","a":[2,16],"p":[{"b":3,"t":2,"s":[{"p":[0,0,0],"r":[0,0,0],"s":[0.005,0.005,0.005],"c":[0,1,0.05714282],"b":["when starts then become 2 in 1s"]},{"p":[0.03886359,-0.1080139,-0.03175447],"r":[42.51341,43.30757,309.3235],"s":[0.1253966,0.1436259,0.1393957],"c":[0,0.5555556,0.03174605],"b":["when starts then become 3 in 1s"]},{"p":[0.03886359,-0.1080139,-0.03175447],"r":[42.51342,43.30757,309.3235],"s":[0.1253966,0.1436259,0.1393957],"c":[0,0.3333333,0.01904763],"b":["when starts then destroy all parts"]}]}]}