{"n":"thing","a":[7],"p":[{"s":[{"p":[0,0,0],"r":[0,0,0],"s":[0.1750361,1.273111,0.0244603],"c":[0.222222,0.160141,0.02469136]}]}]}