{"n":"thing","a":[5],"p":[{"b":6,"t":3,"s":[{"p":[0,0,0],"r":[0,0,1.707547E-06],"s":[0.005000003,0.008904174,0.2873725],"c":[0.2857141,0,1]}]}]}