{"n":"axe","a":[2,3],"p":[{"b":12,"s":[{"p":[0,0,0],"r":[0,0,0],"s":[0.1454865,0.02142804,0.005000002],"c":[0.5555556,0.419753,0.1234567]}]},{"b":11,"t":1,"s":[{"p":[-0.2208743,-0.02142625,-0.003275827],"r":[2.570705,182.4971,185.1525],"s":[0.05413631,0.1250014,0.02985828],"c":[0.4444444,0.4289241,0.3950616]}]}]}