{"n":"thing","p":[{"b":3,"t":8,"a":[12],"s":[{"p":[0,0,0],"r":[0,0,-8.537737E-07],"s":[0.005000012,0.05290684,0.08461419],"c":[0.3333333,0,0]}]}]}