{"n":"border m","a":[5,8],"p":[{"t":5,"s":[{"p":[-0.534307,-0.167835,0.6176017],"r":[17.85241,343.1378,236.1249],"s":[0.7672449,0.6642643,0.5608101],"c":[0.5555556,0.4056436,0.2469135]}]},{"b":6,"t":2,"s":[{"p":[-0.4413478,-0.0546445,0.3488781],"r":[347.9017,152.951,214.7308],"s":[0.005000005,0.3418294,0.005000035],"c":[1,0.3428571,0]}]},{"b":6,"t":2,"s":[{"p":[-0.4330102,-0.08098358,0.3501769],"r":[7.472578,178.0249,300.2035],"s":[0.005000005,0.2871381,0.005000045],"c":[1,0.3428571,0]}]}]}