{"n":"thing","a":[5],"p":[{"b":6,"t":3,"s":[{"p":[0,0,0],"r":[0,0,0],"s":[0.09632199,0.01277494,0.01551786],"c":[1,0.4158729,0.111111]}]}]}