{"n":"thing","p":[{"s":[{"p":[0,0,0],"r":[0,0,0],"s":[1.11434,0.02726606,50],"c":[1,1,1]}]}]}