{"n":"thing","a":[1,2,8],"p":[{"b":12,"t":1,"s":[{"p":[0,0,0],"r":[0,0,1.707547E-06],"s":[0.06000004,0.06000004,0.0409081],"c":[0.8888889,0.8888889,0.8888889],"b":["when consumed then tell pressed "]}]},{"t":6,"s":[{"p":[0.006882743,0.002010818,0.003028238],"r":[0.07657156,270.2743,177.6243],"s":[0.005,0.005,0.005],"c":[1,0.1714284,0],"b":["when told pressed then become next"]},{"p":[0.006882743,0.002010818,0.003028238],"r":[0.07657156,270.2743,177.6243],"s":[0.1727476,0.08188125,0.1038648],"c":[1,0.1714284,0],"b":["when starts then play bite 2","when starts then become next in 2s"]}]}]}