{"n":"thing","p":[{"b":5,"t":1,"s":[{"p":[-0.08540811,-0.4947045,-0.3308782],"r":[303.5618,14.24658,343.6371],"s":[0.02905226,0.02744577,1.215787],"c":[0,0,0]}]},{"b":9,"t":3,"s":[{"p":[-0.001413697,0.004761786,-0.003038591],"r":[32.03546,354.8365,349.4133],"s":[0.1862711,0.1803294,0.1250016],"c":[1,1,1]}]}]}