{"n":"thing","p":[{"t":1,"s":[{"p":[0,0,0],"r":[-5.419462E-08,-2.602498E-17,5.502839E-08],"s":[1.905545,0.005,11.67064],"c":[0,0,0]}]}]}