{"n":"thing","a":[5,8],"p":[{"b":6,"t":3,"s":[{"p":[0,0,0],"r":[-3.415095E-06,-5.088888E-14,1.707547E-06],"s":[0.1435535,0.0731564,0.286535],"c":[1,0,0],"b":["when starts then become 2 in 0.5s"]},{"p":[0,0,0],"r":[-3.415095E-06,-5.088888E-14,1.707547E-06],"s":[0.1510073,0.2164811,0.3806103],"c":[0.7777778,0.3999999,0],"b":["when starts then become 3 in 0.5s"]},{"p":[0,0,0],"r":[-3.415095E-06,-5.088888E-14,1.707547E-06],"s":[0.009768461,0.2606268,0.2814871],"c":[0.8634921,0.8888889,0],"b":["when starts then become 1 in 0.2s"]}]}]}