{"n":"thing","p":[{"b":22,"e":"CREATED BY PHILIPP","s":[{"p":[0,0,0],"r":[0,0,0],"s":[0.00300001,0.003000003,0.003000009],"c":[1,1,1]}]}]}