{"n":"thing","a":[5,8],"p":[{"b":7,"t":1,"s":[{"p":[0,0,0],"r":[0,0,0],"s":[0.4058722,0.4325336,1.736452],"c":[0.3333333,0.1714284,0]}]},{"b":7,"t":1,"s":[{"p":[-0.02699946,-0.009118855,0.8199469],"r":[10.31031,349.4408,313.2491],"s":[0.1689985,0.143887,0.3929943],"c":[0.6666667,0.4571426,0]}]},{"b":6,"t":3,"s":[{"p":[-0.07764091,-0.06620359,1.011827],"r":[39.68798,37.91203,331.6315],"s":[0.005000008,0.04621255,0.005000003],"c":[0.6666667,0.4571427,0]}]}]}