{"n":"stikrok","a":[2,7,12,16],"p":[{"b":5,"t":1,"s":[{"p":[0,0,0],"r":[0,0,0],"s":[0.005,0.005,0.20087],"c":[0.4444444,0.4444444,0.4444444],"b":["when starts then become 2 in 0.2s","when starts then all parts face someone","when starts then propel forward with 10"]},{"p":[0,0,0],"r":[0,0,0],"s":[0.005,0.005,0.20087],"c":[0.4444444,0.4444444,0.4444444],"b":["when starts then become 1 in 0.2s"]}]}]}