{"n":"thing","a":[7,18],"p":[{"s":[{"p":[0,0,0],"r":[0,0,0],"s":[0.07353307,0.0621081,0.9071262],"c":[1,1,1]}]},{"b":7,"s":[{"p":[0,-0.001131117,0.4431306],"r":[0,0,0],"s":[0.1250029,0.1250152,0.1250167],"c":[1,1,1]}]},{"s":[{"p":[0,0.07049936,0.4737473],"r":[90,0,0],"s":[0.03052099,0.04082832,0.0543],"c":[1,0,0.1714283],"b":["when touched then send nearby to doru-doru"]}]}]}