{"n":"thing","a":[5],"p":[{"b":7,"t":1,"s":[{"p":[0,0,0],"r":[0,0,0],"s":[49.09377,2.615858,48.35419],"c":[0.222222,0.1523807,0]}]}]}