{"n":"thing","p":[{"b":7,"t":2,"s":[{"p":[0,0,0],"r":[0,0,0],"s":[0.4993793,0.5960127,1.063303],"c":[0.5555556,0.3156965,0.06172832]}]}]}