{"n":"bluekey","a":[2],"p":[{"b":3,"t":1,"s":[{"p":[0,0,0],"r":[0,0,0],"s":[0.07412045,0.0810626,0.1497135],"c":[0,0.2285712,1],"b":["when starts then become next in 1s"]},{"p":[0,0,0],"r":[0,0,0],"s":[0.08485176,0.183602,0.08490919],"c":[0,0.2285712,1],"b":["when starts then become next in 1s"]},{"p":[0,0,0],"r":[0,0,0],"s":[0.1655683,0.0810626,0.08490919],"c":[0,0.2285712,1],"b":["when starts then become next in 1s"]}]}]}