{"n":"thing","a":[1,2,3,14,15,17],"p":[{"b":3,"s":[{"p":[0,0,0],"r":[0,0,0],"s":[0.05806509,0.1250001,0.1250001],"c":[1,1,1]}]},{"b":5,"s":[{"p":[-0.1572875,0.01077174,0.001443731],"r":[355.5283,267.4915,28.34368],"s":[0.01993366,0.01987188,0.3247546],"c":[1,1,1]}]}]}