{"n":"thing","a":[5,7],"p":[{"t":2,"s":[{"p":[0,0,0],"r":[0,0,0],"s":[0.18582,5.348056,11.03763],"c":[0.5555556,0.09523801,0]}]}]}