{"n":"thing","a":[6,5],"p":[{"b":12,"t":7,"a":[5],"s":[{"p":[0,0,0],"r":[0,0,-2.668043E-08],"s":[0.5198341,1.607602,0.2692041],"c":[0.4444442,0.0761903,0]}]}]}