{"n":"thing","a":[1],"p":[{"b":14,"s":[{"p":[0.8152836,-0.20551,0.1459577],"r":[347.8424,261.2625,341.5131],"s":[0.06366193,0.0568849,0.2994475],"c":[1,0.3428571,0]}]},{"b":10,"t":3,"s":[{"p":[-0.05198893,0.02620238,-0.01637513],"r":[18.05779,347.2348,347.2022],"s":[0.1865015,0.1714024,0.176993],"c":[1,0.4444443,0.5396822]}]}]}