{"n":"thing","p":[{"b":16,"s":[{"p":[0,0,0],"r":[0,0,5.336085E-08],"s":[0.06007468,0.06832989,0.05818713],"c":[1,0,0.1714283]}]},{"b":16,"s":[{"p":[0.004168835,-0.002877664,-0.004972249],"r":[3.295571,31.45316,182.914],"s":[0.06007486,0.06833024,0.05818721],"c":[1,1,1]}]},{"b":3,"s":[{"p":[-0.06993065,-0.003827902,-0.05910917],"r":[275.8515,120.0411,199.1891],"s":[0.005000005,0.03652331,0.03458417],"c":[1,1,1]}]}]}