{"n":"thing","a":[4,21],"p":[{"s":[{"p":[0,0,0],"r":[0,0,-1.040537E-06],"s":[0.3579157,9.565288,7.650529],"c":[0.4444443,0.04938262,0.3880069]}]},{"b":14,"s":[{"p":[10.73274,-2.861023E-06,3.163517E-05],"r":[6.037091E-06,270,-8.150073E-06],"s":[4.295081,4.2953,4.295211],"c":[0.111111,0.01234568,0.02927688]}]},{"s":[{"p":[11.20686,-1.144409E-05,-3.165752E-05],"r":[0,0,-1.040537E-06],"s":[0.3579462,9.565928,7.651157],"c":[0.4444443,0.04938262,0.3880069]}]},{"s":[{"p":[4.763902,2.384186E-06,0.3485612],"r":[4.268869E-07,9.39151E-06,-1.334021E-06],"s":[0.3579608,9.565856,7.651256],"c":[0.4444443,0.04938262,0.3880069]}]}]}