{"n":"thing","a":[7,18],"p":[{"s":[{"p":[0,0,0],"r":[0,0,0],"s":[1.680592,0.0522728,0.09295399],"c":[0,0.6666667,0.2666664]}]}]}