{"n":"ice","a":[2,21],"p":[{"b":13,"t":7,"s":[{"p":[0,0,0],"r":[0,0,7.656432E-20],"s":[0.01840657,0.01840672,0.01840665],"c":[0,0.7777778,0.7111112],"b":["when taken then become 2 in 0s"]},{"p":[0,0,0],"r":[0,0,7.656432E-20],"s":[0.01840657,0.01840672,0.01840665],"c":[0,0.7777778,0.7111112],"b":["when touches shaker then become 3 in 0.2s"]},{"p":[0,0,0],"r":[0,0,7.656432E-20],"s":[0.01840657,0.01840672,0.01840665],"c":[0,0.7777778,0.7111112],"b":["when starts then destroy all parts"]}]},{"b":13,"t":7,"s":[{"p":[-0.0008790493,1.536979E-10,0],"r":[-1.001791E-05,1.001791E-05,-1.751587E-12],"s":[0.01352802,0.01397583,0.01481704],"c":[0,0.7777778,0.7111112]}]}]}