{"n":"thing","p":[{"b":3,"t":7,"a":[5],"s":[{"p":[0,0,0],"r":[-4.268869E-07,3.180556E-15,-8.537739E-07],"s":[0.1643756,0.04530513,0.1250005],"c":[0.7604938,0.7777778,0.1728393]}]},{"b":3,"t":7,"s":[{"p":[0.07490698,-0.02933975,-0.04650996],"r":[6.910138,10.02804,357.2026],"s":[0.1250005,0.05823978,0.1250005],"c":[0.7604938,0.7777778,0.1728394]}]},{"b":3,"t":7,"s":[{"p":[0.113836,-0.04087515,-0.08117953],"r":[8.995223,13.52832,358.4302],"s":[0.1250005,0.05823978,0.1250004],"c":[0.7604938,0.7777778,0.1728394]}]}]}