{"n":"thing","a":[7,18],"p":[{"s":[{"p":[0,0,0],"r":[0,0,0],"s":[1.055403,3.314375,0.1859752],"c":[1,1,1]}]}]}