{"n":"thing","a":[7,18],"p":[{"s":[{"p":[0,0,0],"r":[0,0,0],"s":[2.219881,0.1348786,0.0356167],"c":[1,1,1]}]}]}