{"n":"thing","p":[{"s":[{"p":[0,0,0],"r":[0,0,0],"s":[0.4869506,0.05204484,0.8046366],"c":[1,1,1]}]}]}