{"n":"thing","a":[7,18],"p":[{"s":[{"p":[0,0,0],"r":[0,0,0],"s":[0.05991146,2.102545,0.06815216],"c":[0.7777778,0.3456789,0.6419752]}]}]}