{"n":"thing","a":[5],"p":[{"b":9,"t":7,"s":[{"p":[0,0,0],"r":[0,0,0],"s":[0.0493649,0.5866951,1.282847],"c":[1,0.6857142,0]}]}]}