{"n":"thing","a":[7,18],"p":[{"s":[{"p":[0,0,0],"r":[0,0,0],"s":[0.7087694,0.7647676,1.028205],"c":[0.1728394,0.2222221,0.2222221]}]}]}