{"n":"thing","a":[7,18],"p":[{"s":[{"p":[0,0,0],"r":[0,0,0],"s":[1.808501,0.1750154,2.499752],"c":[1,1,1]}]}]}