{"n":"thing","a":[7,18],"p":[{"s":[{"p":[0,0,0],"r":[0,0,0],"s":[3.825593,0.1731028,2.308369],"c":[0.8888889,0.8578483,0.7901235]}]}]}