{"n":"ground square","a":[7],"p":[{"b":12,"s":[{"p":[0,0,0],"r":[0,0,0],"s":[3.375785,0.4416219,3.006744],"c":[0.06172832,0.5555556,0.08994702]}]}]}