{"n":"thing","a":[2,16],"p":[{"b":2,"t":1,"s":[{"p":[-8.042032E-05,-0.02322825,-0.000109561],"r":[0.02706752,310.9107,359.6659],"s":[0.005000174,0.01593094,0.1250147],"c":[0.8888889,0.8888889,0.8888889]}]},{"t":1,"s":[{"p":[0.09919579,-0.02989099,-0.08617084],"r":[89.66603,216.2797,355.3689],"s":[0.1473242,0.00961113,0.01720501],"c":[0.8888889,0.8888889,0.8888889]}]},{"b":13,"t":1,"s":[{"p":[0.1012225,-0.02860124,-0.08796255],"r":[359.6659,220.9109,179.9729],"s":[0.04520684,0.00874451,0.00601568],"c":[0.7777778,0.5876543,0.1728394]}]}]}