{"n":"thing","p":[{"b":17,"s":[{"p":[0,0,0],"r":[-2.134434E-07,0,0],"s":[0.1635207,0.08261234,0.1548685],"c":[0.4444443,0.3809522,0]}]},{"b":17,"s":[{"p":[0.2970693,-0.1032531,-0.05846827],"r":[350.8183,17.27918,25.21621],"s":[0.1635207,0.08261228,0.09353001],"c":[0.4444443,0.3809522,0]}]}]}