{"n":"crows nest","a":[7],"p":[{"s":[{"p":[0,0,0],"r":[0,0,0],"s":[0.01226443,0.8261423,0.6868188],"c":[0.7777778,0.1728394,0.1728394]}]}]}