{"n":"frame0","a":[7,18],"p":[{"b":11,"s":[{"p":[0,0,0],"r":[0,0,0],"s":[0.007268528,3.686476,2.617115],"c":[0.3333333,0.2984126,0.2222221]}]}]}