{"n":"ocflr","p":[{"b":17,"t":1,"s":[{"p":[0,0,0],"r":[0,0,0],"s":[34.5703,2.544629,40.61097],"c":[0,1,0.7428571]}]}]}