{"n":"stnwl","a":[5],"p":[{"b":17,"t":1,"s":[{"p":[0,0,0],"r":[0,0,0],"s":[3.07388,1.632567,50],"c":[0.3333332,1,0.9428572]}]},{"b":17,"t":1,"s":[{"p":[-3.812902,-0.1415257,0.4871156],"r":[359.1034,2.126986,306.7388],"s":[3.88701,1.773987,32.58036],"c":[0.3333332,1,0.9428572]}]}]}