{"n":"rug","a":[7,18],"p":[{"t":5,"s":[{"p":[0.04377136,-0.0005300045,-0.01548099],"r":[0,0,0],"s":[0.01229671,1.11676,1.69268],"c":[1,0,0.3428572]}]},{"t":5,"s":[{"p":[0.03631663,-0.0004326105,-2.097434E-05],"r":[0,0,0],"s":[0.005000962,0.6948059,1.291897],"c":[0,0.8126982,0.8888889]}]},{"b":18,"e":"IT'S A RUG..","s":[{"p":[0.03610218,0.5372429,-0.02714729],"r":[0,89.99999,180],"s":[0.001000045,0.00100018,0.001000144],"c":[0,0.0571423,1]}]}]}