{"n":"thing","p":[{"b":17,"s":[{"p":[0,0,0],"r":[0,0,0],"s":[0.02006308,0.02233929,0.02760487],"c":[1,0,0.1714283]}]},{"b":12,"s":[{"p":[0.008183407,-0.05763125,-0.01721983],"r":[12.24521,275.6443,266.8439],"s":[0.01865803,0.005000002,0.008684191],"c":[1,0,0.1714283]}]},{"b":12,"s":[{"p":[0.009710584,-0.03231785,-0.02596285],"r":[23.51519,270.2954,255.934],"s":[0.006444421,0.005000036,0.008361813],"c":[1,0,0.1714283]}]}]}