{"n":"thing","p":[{"b":19,"e":"SPIDER","s":[{"p":[0,0,0],"r":[0,0,0],"s":[0.02401003,0.02401003,0.02401003],"c":[0.2222221,0.9333332,1]}]}]}