{"n":"coals","p":[{"b":13,"t":3,"s":[{"p":[0,0,0],"r":[0,0,0],"s":[0.007728084,0.01330579,0.00885396],"c":[0,0,0],"b":["when told by nearby litbyhandle then become 2 in 0.5s"]},{"p":[0,0,0],"r":[0,0,0],"s":[0.007728084,0.01330579,0.00885396],"c":[1,0,0.1714283],"b":["when starts then become 1 in 4s"]},{"p":[0,0,0],"r":[0,0,0],"s":[0.007728084,0.01330579,0.00885396],"c":[0,0,0]}]}]}