{"n":"book","a":[22],"p":[{"s":[{"p":[0,0,0],"r":[0,0,0],"s":[0.005,0.2722119,0.2041833],"c":[0.8888889,0.1975308,0.3160492]}]},{"b":5,"s":[{"p":[0.02110017,0.004791381,0.1011612],"r":[90,270,0],"s":[0.005005666,0.01751578,0.3413067],"c":[0.8888889,0.1975308,0.3160492]}]},{"s":[{"p":[0.04202366,4.805624E-07,2.384186E-07],"r":[-1.001791E-05,1.001791E-05,-8.757938E-13],"s":[0.005002187,0.2723401,0.2041891],"c":[0.8888889,0.1975308,0.3160492]}]},{"s":[{"p":[0.02000702,5.383044E-07,-0.001687467],"r":[-1.001791E-05,0,0],"s":[0.04069041,0.2679635,0.1964462],"c":[1,1,1]}]}]}