{"n":"mazewalls","a":[7,23],"p":[{"b":12,"s":[{"p":[0,0,0],"r":[0,0,0],"s":[2.351335,0.7661178,1.373538],"c":[0.6666667,0.6666667,0.6666667]}]},{"b":12,"s":[{"p":[8.773154,1.786536,0.02300262],"r":[0,0,22.50001],"s":[2.355354,0.7671515,1.375352],"c":[0.6666667,0.6666667,0.6666667]}]},{"b":12,"s":[{"p":[17.32407,5.479589,0.06711578],"r":[0,0,22.50001],"s":[2.353122,0.7665959,1.374405],"c":[0.6666667,0.6666667,0.6666667]}]}]}