{"n":"boulder","p":[{"b":3,"s":[{"p":[0,0,0],"r":[0,0,0],"s":[1.306068,1.716598,2.729139],"c":[0.4444443,0.4444443,0.4444443]}]}]}