{"n":"thing","p":[{"t":8,"a":[12],"s":[{"p":[0,0,0],"r":[0,0,-5.336086E-07],"s":[0.1750002,0.1750003,0.1750003],"c":[1,1,1],"b":["when starts then loop machine"]}]}]}