{"n":"thing","a":[1,2,3],"inc":[["thing","587e6221e315406d1373bf56"]],"p":[{"b":2,"s":[{"p":[0.0388905,-0.001474768,-0.07176926],"r":[0.240471,355.1037,0.2669474],"s":[0.02416948,0.03501536,0.1676787],"c":[1,1,1]}]},{"b":16,"s":[{"p":[0.05721745,-0.002495006,-0.08289193],"r":[4.853865,5.404916,91.20743],"s":[0.03278364,0.02088252,0.0403108],"c":[1,1,1]}]},{"b":14,"s":[{"p":[0.1172689,-0.002602562,-0.1377715],"r":[359.1451,292.681,90.64053],"s":[0.0475855,0.04933739,0.0273946],"c":[1,1,1]}]},{"b":4,"t":8,"a":[12],"s":[{"p":[0.2765696,0.2070984,0.01714312],"r":[1.716516,350.442,355.7767],"s":[0.06156426,0.06901633,0.0635232],"c":[1,1,1],"b":["when triggered then emit thing with 20"]}]}]}