{"n":"advertisement","a":[1,22,18],"p":[{"t":2,"s":[{"p":[0,0,0],"r":[0,0,0],"s":[0.1187523,1.842901,0.3846706],"c":[0.4430334,0.4444444,0.3950616]}]},{"s":[{"p":[-0.003383381,0,0.00338338],"r":[0,0,0],"s":[0.1007273,1.949642,0.4409624],"c":[0.4444443,0.4444443,0.4444443]}]},{"b":19,"e":"CATCH A MOVIE\nAT CENTRAL CINEMA","s":[{"p":[-0.06563058,-0.5109109,0.09749392],"r":[3.415095E-06,89.99999,90],"s":[0.009911567,0.009909105,0.009912276],"c":[1,1,1]}]}]}