{"n":"grb41","p":[{"b":7,"t":2,"s":[{"p":[0,0,0],"r":[0,0,0],"s":[0.4121053,0.9976782,0.2851184],"c":[0.4444443,0.3047618,0]}]}]}