{"n":"card1","a":[2,3],"p":[{"b":18,"e":"MASTER\nCARD","s":[{"p":[-0.08307413,-0.02913892,0.05739252],"r":[65.91192,178.2964,171.3985],"s":[0.003000029,0.003000263,0.003000227],"c":[1,1,1]}]},{"s":[{"p":[-0.0002373879,-0.006315297,-0.005799999],"r":[23.8003,7.704303,3.825357],"s":[0.1898326,0.005000043,0.1170923],"c":[0.4444443,0.6666664,1]}]}]}