{"n":"ground","a":[7,18],"p":[{"s":[{"p":[0,0,0],"r":[0,0,0],"s":[147.7168,0.1825591,126.9902],"c":[0.222222,0.222222,0.222222]}]}]}