{"n":"txt bubble","a":[22,21],"p":[{"b":20,"e":"HEY THERE TRAVELER,\nWHY DONT YA AV A DRINK\nAND COME INSIDE AND MEET\nMA FAMILY.","s":[{"p":[-0.004112248,-0.007150345,0.04609074],"r":[270,90,0],"s":[0.0008896413,0.0008896329,0.0008896415],"c":[1,1,1]}]},{"b":16,"t":7,"s":[{"p":[0.01412964,-0.002647613,0.006352036],"r":[-8.537737E-06,-8.537735E-06,-1.366038E-05],"s":[0.02058202,0.01642926,0.03989138],"c":[1,1,1]}]}]}