{"n":"poster","a":[7,18],"p":[{"s":[{"p":[0,0,0],"r":[0,0,0],"s":[0.8335871,0.08085408,1.219141],"c":[0.2299821,0.04938254,0.4444442]}]},{"s":[{"p":[1.192093E-07,0.01879311,-1.862645E-09],"r":[0,0,0],"s":[0.7901269,0.05349572,1.162554],"c":[1,1,1]}]}]}