{"n":"thing","a":[5,7],"p":[{"s":[{"p":[0,0,0],"r":[0,0,0],"s":[26.83226,150.0081,0.1319299],"c":[0.8888889,0.8888889,0.8888889]}]}]}