{"n":"thing","p":[{"s":[{"p":[0,0,0],"r":[0,0,0],"s":[0.1750025,0.538966,0.1750035],"c":[0.2222221,0.2222221,0.2222221]}]}]}