{"n":"stp2x","a":[4],"p":[{"b":7,"t":2,"s":[{"p":[0,0,0],"r":[0,0,0],"s":[0.3233255,0.3659035,0.1336295],"c":[0.4444444,0.2525572,0.04938265]}]}]}