{"n":"thing","a":[7],"p":[{"s":[{"p":[0,0,0],"r":[0,0,0],"s":[21.93037,0.03487851,0.6218181],"c":[1,0.1714284,0]}]}]}