{"n":"thing","p":[{"b":3,"a":[3],"s":[{"p":[0,0,0],"r":[0,0,0],"s":[6.378085,6.378085,6.378085],"c":[1,1,1]}]}]}