{"n":"thing","a":[8],"p":[{"b":4,"t":5,"s":[{"p":[0,0,0],"r":[0,0,0],"s":[0.03992644,0.02191737,0.09399144],"c":[0.9714286,1,0]}]}]}