{"n":"thing","p":[{"t":7,"s":[{"p":[0.2874104,-0.1175625,0.3850819],"r":[350.1277,359.9492,23.84894],"s":[0.3474159,0.02367432,0.3357316],"c":[0.4444443,0.7619047,1]}]}]}