{"n":"thing","p":[{"s":[{"p":[0,0,0],"r":[0,0,0],"s":[21.85469,70.88914,0.1728427],"c":[0.3333332,0.3333332,0.3333332]}]}]}