{"n":"thing","p":[{"b":9,"s":[{"p":[0,0,0],"r":[0,0,0],"s":[1.110853,0.1770015,11.59691],"c":[0.3333332,0.3333332,0.3333332]}]},{"b":9,"s":[{"p":[-0.2002468,-0.1783994,-0.2606108],"r":[9.341624,12.3236,340.1287],"s":[1.110853,0.1770016,11.59692],"c":[0.3333332,0.3333332,0.3333332]}]}]}