{"n":"thing","p":[{"b":9,"s":[{"p":[0,0,0],"r":[0,0,0],"s":[0.4111223,0.2952432,12.24817],"c":[0.3333332,0.3333332,0.3333332]}]},{"b":9,"s":[{"p":[-0.1502313,-0.0335858,0.01119418],"r":[1.049315,354.3049,349.2377],"s":[0.4111224,0.2952433,12.24817],"c":[0.3333332,0.3333332,0.3333332]}]},{"b":9,"s":[{"p":[-0.3058405,-0.03962106,0.01489296],"r":[0.01583537,346.3249,340.6679],"s":[0.4111224,0.2952437,12.24819],"c":[0.3333332,0.3333332,0.3333332]}]}]}