{"n":"rec room","p":[{"b":3,"s":[{"p":[0,0,0],"r":[0,0,0],"s":[0.1250001,0.1250003,0.005000007],"c":[0.1975307,0.2222221,0.2222221]}]}]}