{"n":"thing","a":[8],"p":[{"b":10,"t":3,"s":[{"p":[1.038721,0.4537929,-1.145938],"r":[17.52552,85.67339,150.8719],"s":[0.1250002,0.1250002,0.1250001],"c":[1,1,1]}]},{"b":10,"t":3,"s":[{"p":[0.3649572,0.2790002,0.1973974],"r":[335.8694,18.3638,9.220119],"s":[0.1250002,0.1250002,0.1250001],"c":[1,1,1]}]}]}