{"n":"2w","p":[{"s":[{"p":[0,0,0],"r":[0,0,-1.067217E-07],"s":[0.1750005,0.005000005,0.1750003],"c":[1,1,1]}]}]}