{"n":"thing","a":[7,18],"p":[{"b":22,"e":"ART THING","s":[{"p":[0,0,0],"r":[0,0,0],"s":[0.01272222,0.01271816,0.01272523],"c":[0.05079362,0,0.111111]}]},{"b":22,"e":"ART THING","s":[{"p":[-0.008724213,0.01308036,-0.008697509],"r":[1.001791E-05,0,0],"s":[0.01272397,0.01271816,0.01272727],"c":[1,1,1]}]}]}