{"n":"thing","p":[{"s":[{"p":[0.005436752,0.2145014,0.07229179],"r":[0.838149,269.0662,173.4726],"s":[0.6078005,0.009192928,0.410332],"c":[0.4444444,0.3047618,0]}]},{"b":5,"t":1,"s":[{"p":[0.02100876,0.2823284,-0.2058464],"r":[359.1223,267.4055,236.1855],"s":[0.005000019,0.005000009,0.3625406],"c":[0.7777778,0.6666667,0]}]},{"b":5,"t":1,"s":[{"p":[0.009997457,0.2111323,0.3635398],"r":[0.9975739,268.6673,236.1751],"s":[0.005000026,0.005000019,0.3625414],"c":[0.7777778,0.6666667,0]}]}]}