{"n":"9w","p":[{"s":[{"p":[0,0,0],"r":[0,0,0],"s":[0.1750004,0.004999998,0.1750004],"c":[1,1,1]}]}]}