{"n":"thing","p":[{"b":7,"s":[{"p":[0,0,0],"r":[0,0,0],"s":[0.2275477,0.122812,0.2114754],"c":[1,1,1]}]}]}