{"n":"thing","p":[{"im":"258216445137021240/17C2F72D96959429E781D0C46863EEC21D080260/","s":[{"p":[0,0,0],"r":[0,0,0],"s":[1.202809,0.01,0.6765803],"c":[1,1,1]}]}]}