{"n":"thing","a":[5,13],"p":[{"b":12,"s":[{"p":[0,0,0],"r":[0,0,0],"s":[150,0.4582113,1.541417],"c":[1,1,1]}]}]}