{"n":"wlpprx2","a":[22],"p":[{"b":62,"t":7,"s":[{"p":[0,0,0],"r":[0,0,0],"s":[3.994218,0.3657004,1.15015],"c":[0,0.7428569,1]}]},{"b":62,"t":7,"s":[{"p":[0.002450324,-0.02046306,-0.05975414],"r":[-5.131528E-06,270,3.018545E-07],"s":[3.996421,0.2649406,0.6589066],"c":[0,0.7428569,1]}]}]}