{"n":"wlpprx1","a":[5],"p":[{"b":88,"t":1,"s":[{"p":[0.3730078,-0.05889988,0.2705773],"r":[0,90,0],"s":[1.707997,0.01501697,0.0440381],"c":[0,0.7428569,1]}]},{"b":82,"t":2,"s":[{"p":[0.1790104,-0.07884669,-0.03252828],"r":[0,0,0],"s":[1.343221,0.07506847,0.07828828],"c":[0,0.7428569,1]}]}]}