{"n":"thing","p":[{"b":65,"s":[{"p":[0,0,0],"r":[-2.668043E-08,-3.727213E-17,1.600826E-07],"s":[0.430917,0.03740768,0.4151185],"c":[0.2222221,0.1523809,0]}]}]}