{"n":"wood chips","a":[1,7],"p":[{"im":"156899965731307176/BFA86D8C17CDAF2C34C000E5E007B0482500F9B2/","s":[{"p":[0,0,0],"r":[0,0,0],"s":[0.7730125,0.01,0.7730125],"c":[0,0,0]}]}]}