{"n":"thing","a":[1,2,21],"p":[{"b":59,"s":[{"p":[0.0011367,0.0007217843,0.02486986],"r":[74.94457,270.6205,270.5407],"s":[0.04540629,0.3233984,0.04540628],"c":[0.5481482,0.07407402,0.6666667]}]},{"b":5,"s":[{"p":[0.0005571758,0.001206632,0.01002726],"r":[0.306856,357.9428,6.080334],"s":[0.03313133,0.03369529,0.004324404],"c":[0.3333333,0.3333333,0.3333333]}]}]}