{"n":"thing","a":[8],"p":[{"b":73,"t":3,"s":[{"p":[0,0,0],"r":[0,0,0],"s":[0.03392783,0.03392801,0.03392798],"c":[0.8747795,0.8888889,0.3950616]}]}]}