{"n":"thing","a":[2,3],"p":[{"b":18,"e":"RAPE","s":[{"p":[-0.01417726,0.02886997,0.007847752],"r":[85.93793,239.1326,243.0206],"s":[0.001000003,0.001000002,0.001000003],"c":[1,1,1]}]},{"b":10,"s":[{"p":[0.01108575,0.002220546,-0.001593786],"r":[357.8311,3.045475,348.1925],"s":[0.0476991,0.02635958,0.03082344],"c":[1,0.2222221,0.8888887],"b":["when triggered then play attention seeking whistle 2"]}]},{"s":[{"p":[0.04332482,0.002786549,0.0002797246],"r":[279.5733,15.28339,344.2822],"s":[0.04191107,0.05197658,0.02244443],"c":[1,0.2222221,0.8888887],"b":["when blown at then play attention seeking whistle"]}]}]}