{"n":"thing","a":[1,2,9],"p":[{"b":59,"t":1,"s":[{"p":[0,0,0],"r":[0,0,0],"s":[0.009113957,0.0691636,0.009196222],"c":[1,1,1]}]}]}