{"n":"thing","p":[{"b":17,"a":[3],"s":[{"p":[0,0,0],"r":[0,0,0],"s":[5.810517,5.810517,5.810517],"c":[0.4320987,0.7777778,0.511111]}]}]}