{"n":"thing","p":[{"b":19,"e":"NO MAGIC TREASURE\nSHALL YE SEE\nTILL YE FIND\nTHE FROGGY KEY","s":[{"p":[0,0,0],"r":[0,0,0],"s":[0.004382062,0.00438206,0.004382063],"c":[0.3333332,1,0.3714285]}]}]}