{"n":"reuleauxtet","a":[1,2,21],"p":[{"b":67,"t":1,"s":[{"p":[-0.02441869,-0.1237256,0.04202668],"r":[329.6103,24.66883,231.3725],"s":[0.1250008,0.1250005,0.1250008],"c":[1,0.3333331,0.9047617]}]},{"b":67,"t":1,"s":[{"p":[0.01249295,-0.002225384,-0.02062992],"r":[351.6115,15.04456,352.2278],"s":[0.1250004,0.125,0.1250008],"c":[1,0.3333332,0.9047617]}]},{"b":67,"t":1,"s":[{"p":[-0.1163615,-0.01114661,0.05050024],"r":[342.836,133.4969,348.8124],"s":[0.1250003,0.1250002,0.1250006],"c":[1,0.3333332,0.9047617]}]},{"b":67,"t":1,"s":[{"p":[0.009709693,-0.009903066,0.1251481],"r":[351.6784,254.7184,343.7004],"s":[0.125001,0.1250002,0.1250013],"c":[1,0.3333332,0.9047617]}]}]}