{"n":"thing","a":[7,18],"p":[{"b":5,"t":1,"s":[{"p":[0,0,0],"r":[0,0,0],"s":[0.01562674,0.01655215,5.144162],"c":[0.7777778,0.7777778,0.7777778]}]}]}