{"n":"thing","a":[1,2],"p":[{"b":59,"s":[{"p":[-0.1052952,0.0119575,0.01200004],"r":[357.9166,352.2855,356.0508],"s":[0.1250008,0.1250002,0.1250006],"c":[0.3333333,0.3333333,0.3333333]}]},{"b":3,"s":[{"p":[0.0155822,0.001690244,-0.0008560867],"r":[34.44268,39.59469,3.363199],"s":[0.01123079,0.01253667,0.009938263],"c":[1,0,0.1714283]}]},{"b":3,"s":[{"p":[-0.1111502,0.009520994,0.01233015],"r":[36.1557,353.7517,337.2288],"s":[0.01123084,0.01253667,0.009938314],"c":[1,0,0.1714283]}]},{"b":59,"s":[{"p":[0.01100746,0.009408622,-0.007441683],"r":[359.4375,2.948518,358.9648],"s":[0.1250036,0.1250009,0.1250025],"c":[0.3333333,0.3333333,0.3333333]}]}]}