{"n":"top","p":[{"b":17,"s":[{"p":[0,0,0],"r":[0,0,-1.600825E-07],"s":[0.1754967,0.04112327,0.1764584],"c":[0.7777778,0.7654321,0.691358]}]}]}