{"n":"thing","a":[2,3,7,15,18,21],"p":[{"im":"170413290311768713/941CEB037D6DF2E1DEA58C72FB6C935CE16049D0/","s":[{"p":[0.04037238,0.1202459,-1.490116E-08],"r":[0,0,-5.008957E-06],"s":[0.06938515,0.007048171,0.1233513],"c":[0,0,0]}]},{"b":60,"t":1,"s":[{"p":[0.03980017,0.1185818,-1.490116E-08],"r":[90,-1.001791E-05,0],"s":[0.08529627,0.1629529,0.009330761],"c":[0,0,0]}]},{"b":16,"t":1,"s":[{"p":[0.04066706,0.1246929,-0.07027212],"r":[-4.829673E-06,270,180],"s":[0.004503251,0.003526089,0.005338734],"c":[0,0,0]}]}]}