{"n":"thing","p":[{"b":12,"s":[{"p":[0,0,0],"r":[0,0,-3.335053E-08],"s":[2.808747,0.4046735,1.834026],"c":[0,0.5555556,0.2222221]}]}]}