{"n":"thing","a":[4,20],"p":[{"b":12,"s":[{"p":[0,0,0],"r":[0,0,-3.335053E-08],"s":[3.225799,0.05785643,2.904112],"c":[0.06172827,0.5555556,0.2592592]}]}]}