{"n":"thing","a":[7,18],"p":[{"b":13,"t":1,"s":[{"p":[0,0,0],"r":[0,0,0],"s":[0.06446625,0.04301709,0.03941615],"c":[0.6603175,0.6666667,0.4444443],"b":["when touches hand then become next in 0.5s, play stone bouncing on stone"]},{"p":[-3.72529E-09,-0.03881931,0],"r":[0,0,-1.024528E-05],"s":[0.06447067,0.04302078,0.03941998],"c":[0.6603175,0.6666667,0.4444443],"b":["when starts then tell nearby zoop, become next in 5s"]}]}]}