{"n":"thing","p":[{"b":4,"pr":18,"s":[{"p":[0,0,0],"r":[0,0,1.86763E-07],"s":[0.6592481,0.1250006,0.1250006],"c":[1,1,1],"pr":{"c":[1,1,1],"m":0.07544327,"a":0.1416521,"s":0.1403723,"z":0.25,"g":0.5,"h":0.25}}]}]}