{"n":"thing","p":[{"t1":4,"t2":6,"s":[{"p":[0,0,0],"r":[0,0,0],"s":[0.175,0.175,0.175],"c":[1,1,1],"b":["when starts then become next in 2s"],"t1":{"c":[0,0,0],"x":0.17,"y":0.17,"a":0.5,"r":0,"o":0.5,"t":0.5,"e":0.5},"t2":{"c":[1,0.1714285,0],"x":0.06905429,"y":0.0865926,"a":0.5,"r":0,"o":0.5,"t":0.5,"e":0.5}},{"p":[0,0,0],"r":[0,0,0],"s":[0.175,0.175,0.175],"c":[1,1,1],"b":["when starts then become next in 2s"],"t1":{"c":[0,0,0],"x":0.17,"y":0.6387007,"a":0.5,"r":0,"o":0.5,"t":0.5,"e":0.5},"t2":{"c":[1,0.1714285,0],"x":0.17,"y":0.17,"a":0.25,"r":0,"o":0.5,"t":0.5,"e":0.5}}]}]}