{"n":"thing","a":[2,7,12,18,20,21],"p":[{"b":55,"t":9,"s":[{"p":[0,0,0],"r":[0,0,0],"s":[0.06422843,0.01413157,0.06422797],"c":[1,0.8888889,0.2222221],"pr":{"c":[1,0.8888889,0.2222221],"m":0.25,"a":0.25,"s":0.15,"z":0.25,"g":0.5,"h":0.25}}]},{"b":73,"t":8,"a":[12],"s":[{"p":[-9.313226E-10,-0.004404068,-0.001968384],"r":[0,0,0],"s":[0.1915846,0.191577,0.1915795],"c":[1,1,1],"b":["when starts then all parts face up","when touched then play coin with low-pass varied-pitch"]}]},{"b":4,"t":8,"a":[12],"s":[{"p":[0.01922733,-0.003059387,0.007080078],"r":[-8.49675E-06,90,180],"s":[0.01808597,0.002569505,0.02224924],"c":[1,1,1],"b":["when starts then rotate forward with 10"]}]}]}