{"n":"thing","p":[{"s":[{"p":[0,0,0],"r":[0,0,0],"s":[0.05230352,0.7960314,3.242342],"c":[1,1,1]}]}]}