{"n":"thing","a":[12],"p":[{"b":61,"t":7,"pr":2,"s":[{"p":[0,0,0],"r":[0,0,0],"s":[0.1250003,0.1250002,0.1250004],"c":[0.9714286,1,0],"pr":{"c":[0.9714286,1,0],"m":0.3227565,"a":0.25,"s":0.15,"z":0.1755627,"g":0.5,"h":0.3250121}}]}]}