{"n":"thing","a":[7,18],"p":[{"b":2,"t":8,"a":[11,12],"su":[{"i":"58c245f2cb8f1f34e4b4065e","t":"58ccb91146c4e4c01303eb5a","p":[0.003429652,-0.1514261,0.04337884],"r":[0,90.00001,0]}],"s":[{"p":[0,0,0],"r":[0,0,0],"s":[0.01920535,0.005000101,0.04589862],"c":[1,1,1],"b":["when starts then become next in 5.5s"]},{"p":[0,-1.490116E-08,0.1417796],"r":[0,0,5.008957E-06],"s":[0.01921297,0.005001029,0.04590803],"c":[1,1,1],"b":["when starts then become next in 7s"]},{"p":[0,7.450581E-09,-0.08846808],"r":[0,0,1.502687E-05],"s":[0.01921291,0.005000994,0.04590771],"c":[1,1,1],"b":["when starts then become next in 5.5s"]}]}]}