{"n":"thing","p":[{"b":60,"t":9,"s":[{"p":[0,0,0],"r":[0,0,0],"s":[0.3433098,0.06732369,0.3622844],"c":[0,0,0]}]}]}