{"n":"thing","p":[{"b":7,"a":[2],"s":[{"p":[0,0,0],"r":[0,0,0],"s":[0.03735309,0.01227829,0.01789131],"c":[0.2857141,0,1]}]},{"b":21,"e":"VIDEO","s":[{"p":[-0.01129603,-0.00660096,0.01543256],"r":[14.15374,178.2347,180.1366],"s":[0.001,0.001000002,0.001],"c":[1,1,1]}]}]}