{"n":"thing","a":[7],"p":[{"s":[{"p":[4.656613E-10,0.001999974,0.002999783],"r":[0,0,0],"s":[0.9403381,0.07093784,0.3721783],"c":[1,0.9460315,0.8888889]}]}]}