{"n":"thing","a":[6,5,7],"p":[{"a":[5],"s":[{"p":[0,0,0],"r":[0,0,0],"s":[20.24766,17.70584,0.005000856],"c":[1,0.9460315,0.8888889]}]}]}