{"n":"thing","p":[{"im":"94979810852579441/CF7C402ED979B5E558C87221B2531935A40502B8/","s":[{"p":[0,0,0],"r":[0,0,0],"s":[0.3476653,0.01,0.521498],"c":[1,1,1]}]}]}