{"n":"thing","a":[7],"p":[{"s":[{"p":[0,0,0],"r":[0,0,0],"s":[0.1750274,0.1156538,2.761221],"c":[1,0.9460315,0.8888889]}]},{"s":[{"p":[-1.714999,0.001000228,1.164153E-10],"r":[0,0,0],"s":[1.423008,0.1156538,2.761221],"c":[1,0.9460315,0.8888889]}]}]}