{"n":"thing","a":[7],"p":[{"s":[{"p":[-2.937411E-07,-1.680003,-0.5990093],"r":[0,0,0],"s":[0.1874305,3.520404,1.367232],"c":[1,0.9460315,0.8888889]}]}]}