{"n":"thing","a":[7],"p":[{"s":[{"p":[0,0,0],"r":[0,0,0],"s":[0.1092571,0.436677,2.330872],"c":[1,0.9460317,0.8888889]}]}]}