{"n":"thing","p":[{"b":13,"s":[{"p":[0,0,0],"r":[0,0,0],"s":[0.2535372,0.01734382,0.03851893],"c":[0.2222218,0.1382712,0.04938246]}]},{"b":13,"s":[{"p":[0.141082,-0.05092863,0.5544002],"r":[5.33602,359.6228,1.600496],"s":[0.2535376,0.01734382,0.03851903],"c":[0.2222218,0.1382712,0.04938246]}]},{"b":13,"s":[{"p":[-0.04239534,-0.02762806,0.278657],"r":[4.751751,0.005225101,1.439689],"s":[0.2535379,0.01734383,0.03851902],"c":[0.2222218,0.1382712,0.04938246]}]}]}