{"n":"rail1","a":[6,7],"p":[{"b":60,"t":9,"s":[{"p":[0,0,0],"r":[0,0,0],"s":[83.60419,0.1249997,0.1249994],"c":[0.4444443,0.4444443,0.4444443]}]}]}