{"n":"thing","a":[20,25],"p":[{"t":8,"a":[1,4,12],"s":[{"p":[0,0,0],"r":[0,0,0],"s":[55.23295,53.96958,0.1750003],"c":[1,1,1]}]}]}