{"n":"thing","a":[2,3,7,12,14],"inc":[["thing","58cc60163e72bebe1334b291"],["thing 2","58d1eef6a5d99ea113adb79d"],["thing 3","58cd87ac7efb72c8194f9056"]],"p":[{"s":[{"p":[0,0,0],"r":[0,0,0],"s":[0.03747566,0.04804878,0.1750018],"c":[0,0.4444443,0.4444443],"b":["when triggered then tell body trigered"]}]},{"s":[{"p":[0.002706887,-0.0354376,-0.09277156],"r":[270,270,0],"s":[0.03691524,0.04026598,0.1232558],"c":[0,0.4444443,0.4444443],"b":["when triggered then tell body trigered"]}]},{"t":8,"a":[12],"s":[{"p":[0.005721063,0.002307934,0.244716],"r":[0,0,0],"s":[0.005000886,0.0324172,0.007662892],"c":[1,1,1],"b":["when told by body trigered then emit thing 3","when told by body trigered then play machine gun shot"]}]}]}