{"n":"thing","p":[{"b":17,"s":[{"p":[-0.02241762,-0.09586787,-0.1948228],"r":[276.6692,12.37843,266.5106],"s":[0.03101794,0.02652433,0.02521857],"c":[1,1,1]}]},{"b":10,"s":[{"p":[0.01824374,0.02209662,-0.04442101],"r":[355.287,355.937,26.63608],"s":[0.147101,0.1250003,0.2853163],"c":[1,1,1]}]}]}