{"n":"thing","a":[5],"p":[{"b":17,"s":[{"p":[0,0,0],"r":[0,0,-1.067217E-07],"s":[0.3851398,1.116526,0.4196726],"c":[0.2222216,0.2222216,0.2222216]}]},{"b":17,"a":[3],"s":[{"p":[-0.01191134,-1.186738,0.02835882],"r":[349.9899,355.4898,358.2612],"s":[0.5760863,0.5760846,0.5760858],"c":[0.2222216,0.2222216,0.2222216]}]}]}