{"n":"ruler-01","a":[2,12,15,21],"p":[{"s":[{"p":[-0.7314797,-0.135384,0.02020299],"r":[342.6408,357.1849,343.6401],"s":[0.2368669,0.004906549,0.021283],"c":[0.111111,0.111111,0.111111]}]},{"s":[{"p":[-0.5941954,-0.1006339,0.03141427],"r":[341.3235,350.9782,54.79228],"s":[0.01891596,0.004913443,0.07936274],"c":[1,1,1]}]}]}