{"n":"1717","a":[7],"p":[{"b":23,"e":"1717","s":[{"p":[0,0,0],"r":[0,135,0],"s":[0.02866367,0.02866364,0.02866293],"c":[1,1,1],"b":["when told by any trig1717 then become next in 0.01s"]},{"p":[0,0,0],"r":[0,0,0],"s":[0.02866367,0.02866364,0.02866293],"c":[1,1,1],"b":["when starts then become next in 5s"]},{"p":[0,0,-4.999996],"r":[0,0,0],"s":[0.02866367,0.02866364,0.02866293],"c":[1,1,1],"b":["when starts then become next in 5s"]},{"p":[0,0,-4.999996],"r":[0,0,0],"s":[0.02866367,0.02866364,0.02866293],"c":[1,1,1],"b":["when starts then tell any teleport"]}]}]}