{"n":"thing","a":[22,23],"p":[{"b":78,"t":9,"s":[{"p":[0,0,0],"r":[0,0,0],"s":[0.0323046,0.06357469,0.03175379],"c":[0.1111109,0.1238092,0.3333332]}]},{"b":69,"t":9,"s":[{"p":[-0.0007144565,0.06511593,0.0007280494],"r":[-1.001791E-05,270,180],"s":[0.05915009,0.005000266,0.0638454],"c":[0.3086419,0.3227511,0.5555556]}]},{"b":69,"t":9,"s":[{"p":[0.002099098,-0.05495739,-0.002037336],"r":[-1.001791E-05,270,180],"s":[0.03841063,0.005001732,0.04063013],"c":[0.2222221,0.2222221,0.2222221]}]},{"b":69,"t":9,"s":[{"p":[0.0009414401,0.07693577,0.0008771735],"r":[-1.001791E-05,270,180],"s":[0.009311159,0.00500069,0.009694945],"c":[0.3086419,0.3227511,0.5555556]}]}]}