{"n":"floor","a":[7,18],"p":[{"t1":114,"s":[{"p":[0,0,0],"r":[0,0,0],"s":[50.00127,50.00075,0.1750509],"c":[0.1481481,0.4444444,0.1650793],"t1":{"c":[0,0.3333333,0.07619048],"x":0.08229661,"y":0.2013795,"a":0.8925,"m":0,"n":0,"r":0,"g":0,"o":0.5,"t":0.5,"e":0.5}}]},{"t1":114,"s":[{"p":[50.03509,4.553792E-05,-0.0003133864],"r":[0,0,0],"s":[50.0826,50.11814,0.1753814],"c":[0.148148,0.4444443,0.1650792],"t1":{"c":[0,0.3333333,0.07619048],"x":0.08229661,"y":0.2013795,"a":0.8925,"m":0,"n":0,"r":0,"g":0,"o":0.5,"t":0.5,"e":0.5}}]},{"t1":114,"s":[{"p":[100.1494,3.647816E-05,0.0008693637],"r":[0,0,0],"s":[50.13129,50.15269,0.1754782],"c":[0.148148,0.4444443,0.1650792],"t1":{"c":[0,0.3333333,0.07619048],"x":0.08229661,"y":0.2013795,"a":0.8925,"m":0,"n":0,"r":0,"g":0,"o":0.5,"t":0.5,"e":0.5}}]},{"t1":114,"s":[{"p":[-0.268815,-50.02848,0.003925323],"r":[0,0,180],"s":[50.07016,50.06517,0.1751926],"c":[0.148148,0.4444443,0.1650792],"t1":{"c":[0,0.3333333,0.07619048],"x":0.08229661,"y":0.2013795,"a":0.8925,"m":0,"n":0,"r":0,"g":0,"o":0.5,"t":0.5,"e":0.5}}]}]}