{"n":"thing","a":[7],"p":[{"t":1,"t1":74,"t2":99,"s":[{"p":[0,0,0],"r":[0,0,0],"s":[0.02240806,6.65138,12.48617],"c":[0.3333332,0.03703704,0.03703704],"t1":{"c":[0.2222221,0.09241617,0.02469136],"x":0.5,"y":0.5,"a":0.8925,"m":0,"n":0,"r":0,"g":0,"o":0.5,"t":0.5,"e":0.5},"t2":{"c":[0.4444444,0.2821869,0.1975308],"x":0.007818699,"y":0.01822114,"a":0.8925,"m":0,"n":0,"r":0,"g":0,"o":0.5,"t":0.5,"e":0.5}}]}]}