{"n":"thing","a":[22,13,18],"p":[{"b":38,"t":1,"s":[{"p":[0,0,0],"r":[0,0,0],"s":[0.0344487,0.04875074,0.08704456],"c":[0.5555556,0.4850087,0.0617283]}]},{"b":15,"t":1,"a":[3],"s":[{"p":[0,0.03003693,-0.03893089],"r":[0,0,180],"s":[0.02424088,0.02423034,0.02425913],"c":[0.5555556,0.4850087,0.0617283]}]},{"b":84,"t":1,"a":[3],"s":[{"p":[0,0.03053284,-0.05158806],"r":[90,180,0],"s":[0.0172718,0.01725171,0.01727596],"c":[0.5555556,0.4850087,0.0617283]}]}]}