{"n":"thing","p":[{"b":18,"e":"CUSTOMISABLE VERSION >>>>","s":[{"p":[0,0,0],"r":[0,0,0],"s":[0.002999999,0.003,0.003000001],"c":[0,0,0]}]}]}