{"n":"thing","p":[{"b":17,"t1":63,"s":[{"p":[0,0,0],"r":[0,0,0],"s":[0.0953919,0.1738912,0.1303411],"c":[0.2222215,0.2222215,0.2222215],"t1":{"c":[0,0,0],"x":0.5,"y":0.5,"a":0.8925,"m":0,"n":0,"r":0,"g":0,"o":0.5,"t":0.5,"e":0.5}}]},{"b":17,"t1":63,"s":[{"p":[-0.07704264,-0.3758428,-0.1469701],"r":[3.285397,354.442,356.6146],"s":[0.09539202,0.1738913,0.1303415],"c":[0.2222215,0.2222215,0.2222215],"t1":{"c":[0,0,0],"x":0.5,"y":0.5,"a":0.8925,"m":0,"n":0,"r":0,"g":0,"o":0.5,"t":0.5,"e":0.5}}]},{"b":17,"t1":63,"s":[{"p":[-0.1504779,-0.5603975,0.0803532],"r":[327.7274,24.98255,343.9256],"s":[0.09539218,0.1738914,0.1303417],"c":[0.2222215,0.2222215,0.2222215],"t1":{"c":[0,0,0],"x":0.5,"y":0.5,"a":0.8925,"m":0,"n":0,"r":0,"g":0,"o":0.5,"t":0.5,"e":0.5}}]},{"b":17,"t1":63,"s":[{"p":[0.03013131,-0.3178321,0.1257128],"r":[54.91579,244.8649,20.85603],"s":[0.09539211,0.1738913,0.1303417],"c":[0.2222215,0.2222215,0.2222215],"t1":{"c":[0,0,0],"x":0.5,"y":0.5,"a":0.8925,"m":0,"n":0,"r":0,"g":0,"o":0.5,"t":0.5,"e":0.5}}]}]}