{"n":"thing","a":[22,13,18],"p":[{"t1":63,"s":[{"p":[0,0,0],"r":[0,0,0],"s":[8.169007,0.1749966,3.771983],"c":[0.2222216,0.2222216,0.2222216],"t1":{"c":[0,0,0],"x":0.5,"y":0.5,"a":0.8925,"m":0,"n":0,"r":0,"g":0,"o":0.5,"t":0.5,"e":0.5}}]},{"t1":63,"s":[{"p":[-7.403728,-0.006282991,2.448585],"r":[4.596258E-06,22.5,-3.071122E-06],"s":[8.193491,0.1750526,2.013547],"c":[0.2222216,0.2222216,0.2222216],"t1":{"c":[0,0,0],"x":0.5,"y":0.5,"a":0.8925,"m":0,"n":0,"r":0,"g":0,"o":0.5,"t":0.5,"e":0.5}}]},{"t1":63,"s":[{"p":[-13.02892,-0.03465753,3.043464],"r":[-5.421658E-06,22.5,-3.071122E-06],"s":[8.202096,0.1751085,2.015543],"c":[0.2222216,0.2222216,0.2222216],"t1":{"c":[0,0,0],"x":0.5,"y":0.5,"a":0.8925,"m":0,"n":0,"r":0,"g":0,"o":0.5,"t":0.5,"e":0.5}}]}]}