{"n":"health boost","a":[2,7,18,21],"p":[{"b":3,"t":7,"s":[{"p":[0,0,0],"r":[0,0,0],"s":[0.08364741,0.08364721,0.08364761],"c":[0,0.05714229,1],"b":["when walked into then tell nearby health, then play sci fi button beep, then destroy all parts"]}]},{"b":5,"t":7,"s":[{"p":[-7.450581E-09,0,0.09998786],"r":[0,0,8.537737E-06],"s":[0.01948917,0.01976731,0.0721617],"c":[0,0.05714229,1]}]},{"b":5,"s":[{"p":[-4.470348E-08,0,0.1387141],"r":[0,0,90],"s":[0.02327614,0.02206287,0.02747153],"c":[0,0,0]}]}]}