{"n":"thing","a":[1,7,18],"p":[{"a":[11],"t1":13,"s":[{"p":[0,0,0],"r":[0,0,0],"s":[1.622221,15.89925,0.1754082],"c":[0,0.5714284,1],"b":["when starts then become next in 4s"],"t1":{"c":[0,0.126984,0.5555556],"x":0.3701839,"y":0.3423424,"a":1,"m":0.5,"n":0.5,"r":0,"g":0.5425644,"o":0.8601189,"t":0.5,"e":0.5146141}},{"p":[0,0,0],"r":[0,0,0],"s":[1.622221,15.89925,0.1754082],"c":[0,0.5714284,1],"b":["when starts then become next in 4s"],"t1":{"c":[0,0.126984,0.5555556],"x":0.3701839,"y":0.3423424,"a":1,"m":0.5,"n":0.2665482,"r":0,"g":0.5425644,"o":0.8601189,"t":0.5,"e":0.5146141}},{"p":[0,0,0],"r":[0,0,0],"s":[1.622221,15.89925,0.1754082],"c":[0,0.5714284,1],"b":["when starts then become next in 0s"],"t1":{"c":[0,0.126984,0.5555556],"x":0.3701839,"y":0.3423424,"a":1,"m":0.5,"n":0.0475235,"r":0,"g":0.5425644,"o":0.8601189,"t":0.5,"e":0.5146141}}]}]}