{"n":"thing","a":[7,18],"p":[{"s":[{"p":[0,0,0],"r":[0,0,0],"s":[3.008996,3.617159,0.1660449],"c":[0.0582009,0.111111,0.03703704]}]}]}