{"n":"thing","a":[7,18],"p":[{"s":[{"p":[0,0,0],"r":[0,0,0],"s":[2.464409,0.1750025,1.705938],"c":[0.111111,0.111111,0.111111]}]}]}