{"n":"thing","a":[7,18],"p":[{"s":[{"p":[0,0,0],"r":[0,0,0],"s":[0.9160726,9.004718,0.03140587],"c":[0.2222221,0.1142856,0]}]}]}