{"n":"thing","a":[2],"p":[{"b":73,"t":9,"t1":95,"s":[{"p":[0,0,0],"r":[0,0,0],"s":[0.06824611,0.0682461,0.06824618],"c":[0.1142854,1,0],"t1":{"c":[1,1,1],"x":1,"y":0.6749225,"a":0,"m":0,"n":0,"r":0,"g":0,"o":0.5,"t":0.5,"e":0.5}}]}]}