{"n":"thing","p":[{"b":12,"s":[{"p":[0,0,0],"r":[0,0,0],"s":[0.04861743,0.03841904,0.05999999],"c":[1,1,1]}]}]}