{"n":"thing","p":[{"t1":58,"s":[{"p":[0,0,0],"r":[0,0,-3.415094E-06],"s":[0.4995624,0.005000036,0.6378781],"c":[1,1,1],"t1":{"c":[0,0,0],"x":0.5,"y":0.5,"a":0.8925,"m":0,"n":0,"r":0,"g":0,"o":0.5,"t":0.5,"e":0.5}}]}]}