{"n":"thing","a":[1,2],"p":[{"b":23,"e":"STATE 3","s":[{"p":[-0.04171648,0.05597985,0.02168131],"r":[90,-9.659345E-06,0],"s":[0.003000527,0.003000046,0.003000517],"c":[1,1,1]}]},{"s":[{"p":[-0.00170064,-0.0002670288,0],"r":[0,0,1.024528E-05],"s":[0.1129115,0.108679,0.0400994],"c":[1,1,1]}]},{"b":23,"e":"4","s":[{"p":[0.02359134,0.06267285,0.02098529],"r":[86.35149,294.6625,294.8846],"s":[0.003000011,0.003000007,0.003000009],"c":[1,1,1]}]},{"b":80,"s":[{"p":[0.0292483,0.05776737,0.002564974],"r":[2.572888,359.7002,0.3734752],"s":[0.01040797,0.005000005,0.01002663],"c":[0.9714285,0,1]}]}]}