{"n":"thing","a":[20],"p":[{"s":[{"p":[0.0166849,-0.006364148,0.03497451],"r":[345.2366,93.88879,355.985],"s":[0.02913785,0.04281405,0.1819034],"c":[1,1,1]}]},{"s":[{"p":[0.01047936,-0.0113065,-0.004646774],"r":[4.614922,2.356092,10.77433],"s":[0.02913782,0.04281399,0.2842236],"c":[1,1,1]}]}]}