{"n":"thing","a":[1,2,21],"p":[{"b":16,"s":[{"p":[-0.01678046,-0.01897516,0.0003059946],"r":[336.9414,3.227529,85.40952],"s":[0.0172564,0.03082499,0.01532528],"c":[1,0,0.3428572]}]},{"b":16,"s":[{"p":[-0.006910553,-0.01066616,-0.002443147],"r":[348.2092,345.2608,4.553273],"s":[0.01895497,0.03253444,0.01486809],"c":[1,0,0.3428572]}]},{"b":4,"s":[{"p":[0.004883796,-0.0332325,-0.0005621742],"r":[51.53963,93.92532,83.13961],"s":[0.03592535,0.02413116,0.02667801],"c":[1,0,0.3428572]}]}]}