{"n":"thing","p":[{"t":2,"s":[{"p":[0,0,0],"r":[0,0,0],"s":[0.1750004,0.175,0.1750001],"c":[1,0,0]}]}]}