{"n":"clfwlx","a":[5],"p":[{"b":9,"t1":7,"t2":136,"s":[{"p":[0,0,0],"r":[0,0,0],"s":[5.433504,5.707332,27.49859],"c":[0.5555556,0.5555556,0.5555556],"t1":{"c":[0,0,0],"x":0.17,"y":0.17,"a":0.8925,"m":0.5,"n":0.5,"r":0,"g":0,"o":0.5,"t":0.5,"e":0.5},"t2":{"c":[0,0,0],"x":0.5,"y":0.5,"a":0.8925,"m":0,"n":0,"r":0,"g":0,"o":0.5,"t":0.5,"e":0.5}}]},{"b":9,"t1":7,"t2":136,"s":[{"p":[1.76756,-8.318078,-0.1817541],"r":[348.176,3.214303,326.408],"s":[13.77297,7.813582,27.42616],"c":[0.5555556,0.5555556,0.5555556],"t1":{"c":[0,0,0],"x":0.17,"y":0.17,"a":0.8925,"m":0.5,"n":0.5,"r":0,"g":0,"o":0.5,"t":0.5,"e":0.5},"t2":{"c":[0,0,0],"x":0.5,"y":0.5,"a":0.7021314,"m":0,"n":0,"r":0,"g":0,"o":0.5,"t":0.5,"e":0.5}}]}]}