{"n":"thing","a":[7,12,18],"p":[{"b":2,"t":8,"a":[11,12,17],"su":[{"i":"58efb65cc92b191ebcd2cfd3","t":"58efb6a044f65deb53ad27c0","p":[4.821036E-10,0.005514623,0],"r":[0,0,0]}],"s":[{"p":[0,0,0],"r":[0,0,0],"s":[0.0343289,0.027211,0.0984975],"c":[1,1,1],"b":["when starts then become next in 15s"]},{"p":[0,0,0],"r":[5.008957E-06,90,5.008957E-06],"s":[0.0343289,0.027211,0.0984975],"c":[1,1,1],"b":["when starts then become next in 15s"]},{"p":[0,0,0],"r":[-1.804894E-12,180,1.001791E-05],"s":[0.0343289,0.027211,0.0984975],"c":[1,1,1],"b":["when starts then become next in 15s"]},{"p":[0,0,0],"r":[-5.008957E-06,270,5.008952E-06],"s":[0.0343289,0.027211,0.0984975],"c":[1,1,1],"b":["when starts then become next in 15s"]}]}]}