{"n":"thing","a":[20],"p":[{"b":7,"t1":27,"s":[{"p":[0,0,0],"r":[0,0,0],"s":[0.8668494,1.248699,4.347445],"c":[0.6666667,0.4804232,0.07407389],"t1":{"c":[0.7777778,0.6148147,0.2592592],"x":0.260923,"y":0.5390651,"a":0.8925,"m":0,"n":0,"r":0,"g":0,"o":0.5,"t":0.5,"e":0.5}}]}]}