{"n":"thing","a":[5],"p":[{"b":7,"t":1,"t1":43,"s":[{"p":[0,0,0],"r":[0,0,0],"s":[0.9151782,1.564839,1.038549],"c":[0.111111,0.04620802,0.01234568],"t1":{"c":[1,0.5142855,0],"x":0.5,"y":0.5,"a":0.8925,"m":0,"n":0,"r":0,"g":0,"o":0.5,"t":0.5,"e":0.5}}]}]}