{"n":"thing","a":[5],"p":[{"b":6,"t":1,"a":[5],"t1":43,"s":[{"p":[0,0,0],"r":[0,0,0],"s":[0.8271334,1.255549,0.2909556],"c":[0.111111,0,0],"t1":{"c":[1,0.5142855,0],"x":0.5,"y":0.5,"a":0.8925,"m":0,"n":0,"r":0,"g":0.2857759,"o":0.5,"t":0.5,"e":0.5}}]}]}