{"n":"cavetopmtx3","a":[5],"p":[{"b":76,"t":1,"t1":43,"s":[{"p":[0,0,0],"r":[0,0,5.336085E-08],"s":[2.12123,1.396616,6.508392],"c":[0,0,0],"t1":{"c":[0.8888889,0.4571427,0],"x":0.5,"y":0.5,"a":0.8925,"m":0,"n":0,"r":0,"g":0.6685829,"o":0.5,"t":0.5,"e":0.5}}]}]}