{"n":"thing","a":[5,7],"p":[{"t":2,"a":[5],"s":[{"p":[0,0,0],"r":[0,0,0],"s":[12.42663,13.55602,1.592995],"c":[0.5555556,0.09523798,0]}]}]}