{"n":"thing","a":[5],"p":[{"b":7,"t":1,"t1":43,"s":[{"p":[0,0,0],"r":[5.122642E-06,0,0],"s":[1.913438,0.4044659,4.710105],"c":[0,0,0],"t1":{"c":[1,0.5142855,0],"x":0.5,"y":0.5,"a":0.8925,"m":0,"n":0,"r":0,"g":0.6736767,"o":0.5,"t":0.5,"e":0.5}}]}]}