{"n":"thing","a":[5],"p":[{"b":7,"t":1,"s":[{"p":[0,0,0],"r":[0,0,0],"s":[0.4078429,0.382763,2.060901],"c":[1,0.6857142,0]}]},{"b":7,"t":1,"t1":43,"s":[{"p":[-0.3668444,-0.2972016,0.80225],"r":[352.0667,17.33286,52.37569],"s":[0.4007406,0.4457815,4.699177],"c":[1,0.6857142,0],"t1":{"c":[1,0.5142855,0],"x":0.5,"y":0.5,"a":0.8925,"m":0,"n":0,"r":0,"g":0,"o":0.5,"t":0.5,"e":0.5}}]}]}