{"n":"thing","a":[5,7],"p":[{"t":1,"t1":43,"s":[{"p":[0,0,0],"r":[0,0,0],"s":[12.53123,1.315986,3.426628],"c":[0,0,0],"t1":{"c":[1,0.5142855,0],"x":0.3040026,"y":0.5,"a":0.7022678,"m":0,"n":0,"r":0,"g":0.4120207,"o":0.5,"t":0.5,"e":0.5}}]}]}