{"n":"thing","p":[{"s":[{"p":[0,0,0],"r":[2.134434E-07,-6.721407E-15,-3.608528E-06],"s":[0.175,0.3600811,0.5237701],"c":[1,0.7904761,0.333333]}]}]}