{"n":"thing","a":[7,18],"p":[{"s":[{"p":[0,0,0],"r":[0,0,0],"s":[150,150,0.1750088],"c":[0.6285715,1,0]}]},{"b":11,"s":[{"p":[0.1788842,-2.384186E-07,-0.1372904],"r":[270,-5.757418E-13,0],"s":[0.8696247,0.7885354,0.3205249],"c":[1,0.6857142,0]}]}]}