{"n":"thing","p":[{"t1":63,"s":[{"p":[0,0,0],"r":[0,0,0],"s":[2.872057,0.1750187,5.89278],"c":[0.2222211,0.2222211,0.2222211],"t1":{"c":[0,0,0],"x":0.5,"y":0.5,"a":0.8925,"m":0,"n":0,"r":0,"g":0,"o":0.5,"t":0.5,"e":0.5}}]}]}