{"n":"thing","p":[{"b":17,"s":[{"p":[-0.1626313,0.09189275,0.1157395],"r":[350.2578,333.8855,357.062],"s":[0.2138222,0.1900235,0.1068625],"c":[0.2370369,0.3333332,0.07407398]}]},{"b":17,"s":[{"p":[0.07427415,0.1423837,-0.01186721],"r":[339.838,14.42105,358.4362],"s":[0.2138223,0.1900234,0.1068625],"c":[0.2370369,0.3333332,0.07407395]}]},{"b":17,"s":[{"p":[0.3910572,0.1010529,-0.1812294],"r":[344.4182,29.43484,353.5244],"s":[0.1847468,0.1215655,0.1068625],"c":[0.1580245,0.222222,0.0493826]}]}]}