{"n":"thing","p":[{"b":4,"s":[{"p":[0,0,0],"r":[0,0,-2.522134E-08],"s":[0.1250001,0.1250001,0.1250003],"c":[1,1,1]}]}]}