{"n":"thing","p":[{"b":3,"t1":3,"s":[{"p":[0,0,0],"r":[0,0,0],"s":[150.0001,150,0.005000018],"c":[0.8888889,0.4994709,0.2962962],"t1":{"c":[0.8,1,0],"x":0.17,"y":0.17,"a":0.6543201,"m":0.5,"n":0.5,"r":0,"g":0,"o":0.5,"t":0.5,"e":0.2}}]}]}