{"n":"thing","a":[1,2],"p":[{"b":7,"s":[{"p":[0,0,0],"r":[0,0,0],"s":[0.1299103,0.05466208,0.03128394],"c":[0.6285716,0,1]}]},{"b":23,"e":"CODE","s":[{"p":[-0.0711437,-0.05410102,0.02250704],"r":[2.174724,180.2612,180.123],"s":[0.009000536,0.009000528,0.009000546],"c":[1,1,1],"b":["when touched then go to inventory page  73"]}]}]}