{"n":"mazeslab","a":[22],"p":[{"b":12,"t1":39,"t2":45,"s":[{"p":[0,0,0],"r":[0,0,0],"s":[5.614589,0.803337,4.192292],"c":[0.6666667,0.6666667,0.6666667],"t1":{"c":[0.0507936,0.1111111,0],"x":0.7684937,"y":0.7086334,"a":1,"m":0,"n":0.009613037,"r":0.2243652,"g":0.9770355,"o":0.5,"t":0.5,"e":0.5},"t2":{"c":[0.4444444,0.4444444,0.4444444],"x":0.537384,"y":0.6589966,"a":0.8925,"m":0,"n":0,"r":0,"g":0.4478302,"o":0.5,"t":0.5,"e":0.5}}]}]}