{"n":"thing","a":[7,18],"p":[{"b":4,"t":10,"s":[{"p":[0,0,0],"r":[0,0,0],"s":[0.7773275,0.6002856,4.995517],"c":[1,1,1]}]},{"b":4,"t":10,"s":[{"p":[0,9.536743E-07,-10.07463],"r":[0,180,180],"s":[0.7773997,0.6005375,4.997506],"c":[1,1,1]}]}]}