{"n":"thing","a":[20],"p":[{"pr":5,"s":[{"p":[0,0,0],"r":[0,0,0],"s":[0.1930883,0.1636017,0.01855388],"c":[0.111111,0.1051145,0.09876534],"pr":{"c":[1,1,1],"m":0.4877348,"a":1,"s":0.08762646,"z":0.1571903,"g":0.5872993,"h":0.5485449}}]},{"s":[{"p":[-0.004374919,-0.001075283,-0.2030813],"r":[357.6915,1.683058,270.4041],"s":[0.1175169,0.1491496,0.4069447],"c":[0.5555556,0.2857141,0]}]}]}