{"n":"thing","a":[1,2,21],"p":[{"b":12,"t":2,"t1":4,"s":[{"p":[0.0428324,-0.02969529,0.04302369],"r":[359.5683,344.67,341.6201],"s":[0.01555861,0.006576548,0.01525111],"c":[1,1,1],"t1":{"c":[0,0,0],"x":0.2838764,"y":0.3373432,"a":0.75,"m":0.5,"n":0.5,"r":0,"g":1,"o":0.5688934,"t":0.1349182,"e":0}}]},{"b":12,"s":[{"p":[0.01425584,-0.005982272,0.02381099],"r":[4.52425,0.1513592,350.6266],"s":[0.01555864,0.006576554,0.01525112],"c":[0.1142856,1,0]}]},{"b":12,"t":2,"t1":58,"s":[{"p":[0.04059291,-0.04776664,0.06875203],"r":[349.5821,327.7826,337.9697],"s":[0.01555863,0.006576549,0.01525111],"c":[1,1,1],"t1":{"c":[0.06349199,0.5555556,0],"x":0.5,"y":0.5,"a":0.8909894,"m":0,"n":0,"r":0,"g":0,"o":0.5,"t":0.5,"e":0.5}}]},{"b":23,"e":"TEXTURES","s":[{"p":[0.003464875,-0.02500438,-0.01070244],"r":[298.3022,53.56704,261.2357],"s":[0.003000007,0.003000003,0.003000009],"c":[0.01234568,0.111111,0.1026454]}]}]}