{"n":"thing","p":[{"b":5,"s":[{"p":[0,0,0],"r":[0,0,0],"s":[0.09078585,0.07752246,0.9463001],"c":[0,0,0]}]}]}