{"n":"thing","a":[8],"p":[{"b":3,"t":3,"s":[{"p":[0,0,0],"r":[0,0,0],"s":[0.9034995,0.8243262,0.09834898],"c":[1,1,1]}]}]}