{"n":"spoon","a":[2],"p":[{"b":14,"s":[{"p":[0,0,0],"r":[0,0,0],"s":[0.005000017,0.02687504,0.02558367],"c":[0.3333332,0.3333332,0.3333332]}]},{"b":17,"s":[{"p":[0.001923234,-0.002349774,0.09163165],"r":[84.88507,200.8336,22.86503],"s":[0.005000116,0.01963152,0.01082675],"c":[0.9714286,1,0],"b":["when touches bowl then become 2 in 0.2s"]},{"p":[-0.0124468,0.005081077,0.09407974],"r":[84.49316,237.1668,59.32185],"s":[0.005000077,0.0196314,0.01082672],"c":[0.9714286,1,0],"b":["when consumed then become 1 in 0.2s","when consumed then play voice cough"]}]},{"b":5,"s":[{"p":[-0.002813644,0.004647287,0.09126043],"r":[10.22297,86.82529,355.3343],"s":[0.02802836,0.01907926,0.02193262],"c":[0.3333332,0.3333332,0.3333332]}]}]}