{"n":"thing","a":[20],"p":[{"t1":3,"s":[{"p":[0,0,0],"r":[0,0,0],"s":[0.175002,4.515633,0.1750009],"c":[0,0,0],"t1":{"c":[0.4444444,0.3978835,0.2962962],"x":0.17,"y":0.17,"a":0.65,"m":0.5,"n":0.5,"r":0,"g":0,"o":0.5,"t":0.5,"e":0.2}}]},{"t1":3,"s":[{"p":[-1.753705,0.2952564,-0.1209334],"r":[0.7567963,354.9491,358.5356],"s":[0.1750044,4.648803,0.1750018],"c":[0,0,0],"t1":{"c":[0.4444444,0.3978835,0.2962962],"x":0.17,"y":0.17,"a":0.65,"m":0.5,"n":0.5,"r":0,"g":0,"o":0.5,"t":0.5,"e":0.2}}]}]}