{"n":"thing","a":[7,18],"p":[{"b":82,"t":1,"s":[{"p":[0,0,0],"r":[0,0,0],"s":[3.252231,0.2712098,1.222412],"c":[0.222222,0.2857141,0.3333332]}]}]}