{"n":"thing","a":[7,18,20],"p":[{"s":[{"p":[0,0,0],"r":[0,0,0],"s":[9.705782,9.333074,0.005025355],"c":[0.08641965,0.1089946,0.111111]}]}]}