{"n":"thing","a":[20],"p":[{"b":5,"pr":47,"s":[{"p":[0,0,0],"r":[0,0,0],"s":[0.09338897,0.007537955,0.05368812],"c":[1,1,1],"pr":{"c":[0.7160494,0.7777778,0.691358],"m":0.3159268,"a":0.25,"s":0.105111,"z":0.4866502,"g":0.6668408,"h":0.5321548}}]}]}