{"n":"redspawn","a":[7,20],"p":[{"t":8,"a":[12],"s":[{"p":[0,0,0],"r":[0,0,0],"s":[0.1750266,0.1750063,0.1750243],"c":[1,0,0.1714283],"b":["when starts then become 2","when starts then tell any redshot"]},{"p":[0,0,0],"r":[0,0,0],"s":[0.1750266,0.1750063,0.1750243],"c":[0.2222221,0.07407401,0.0994708],"b":["when starts then become 1 in 0.1s","when starts then tell any redshot"]}]}]}