{"n":"thing","a":[21],"p":[{"b":10,"t1":128,"s":[{"p":[0,0,0],"r":[0,0,0],"s":[1.308453,13.2521,15.08266],"c":[0.111111,0.111111,0.111111],"t1":{"c":[0.3333333,0.3333333,0.3333333],"x":0.5,"y":0.5,"a":0,"m":0,"n":0,"r":0,"g":0,"o":0.5,"t":0.5,"e":0.5}}]},{"b":10,"t1":128,"s":[{"p":[-4.708951,-18.86509,1.286482],"r":[336.2735,7.887776,329.5562],"s":[8.669098,13.25214,15.08271],"c":[0.111111,0.111111,0.111111],"t1":{"c":[0.2222221,0.2222221,0.2222221],"x":0.5,"y":0.5,"a":0,"m":0,"n":0,"r":0,"g":0,"o":0.5,"t":0.5,"e":0.5}}]},{"b":10,"t1":128,"s":[{"p":[2.043493,-9.746819,-1.566426],"r":[1.430568,347.5112,354.7173],"s":[3.367008,7.21113,8.79185],"c":[0.111111,0.111111,0.111111],"t1":{"c":[0.5555556,0.5555556,0.5555556],"x":0.5,"y":0.5,"a":0,"m":0,"n":0,"r":0,"g":0,"o":0.5,"t":0.5,"e":0.5}}]}]}