{"n":"thing","a":[21],"p":[{"b":16,"t1":124,"s":[{"p":[0,0,0],"r":[0,0,-8.537735E-07],"s":[2.947113,5.4562,2.683784],"c":[0,0,0],"t1":{"c":[0.7777778,0.7506173,0.691358],"x":0.2999897,"y":0.3970585,"a":0.226082,"m":0,"n":0,"r":0,"g":0,"o":0.5,"t":0.5,"e":0.5}}]}]}