{"n":"thing","p":[{"b":17,"t":2,"t1":80,"s":[{"p":[0,0,0],"r":[0,0,8.537734E-07],"s":[0.1680929,0.005000009,0.101307],"c":[0.7777778,0.7777778,0.7777778],"t1":{"c":[0,0.9142855,1],"x":0,"y":0.5,"a":0.8925,"m":0,"n":0,"r":0,"g":0,"o":0.5,"t":0.5,"e":0.5}}]},{"b":17,"t":2,"t1":80,"s":[{"p":[-0.1426243,-0.0008494556,-0.106974],"r":[0.0614294,51.14513,0.6762817],"s":[0.1227156,0.005000034,0.08696956],"c":[0.7777778,0.7777778,0.7777778],"t1":{"c":[0,0.9142855,1],"x":0,"y":0.5,"a":0.8925,"m":0,"n":0,"r":0,"g":0,"o":0.5,"t":0.5,"e":0.5}}]}]}