{"n":"thing","a":[7,21],"p":[{"s":[{"p":[0,0,0],"r":[0,0,0],"s":[1.008677,1.00845,1.008634],"c":[1,1,1]}]}]}