{"n":"thing","a":[7,18],"p":[{"s":[{"p":[0.002600076,-0.001400113,0.0100001],"r":[0,0,0],"s":[2.448991,0.05715755,2.660444],"c":[1,1,1]}]}]}