{"n":"thing","a":[6,5,22,13],"p":[{"t":8,"a":[12,17],"pr":16,"s":[{"p":[-0.1310877,0.03005258,-0.7852436],"r":[337.5,315,1.755824E-05],"s":[0.01081373,0.005000692,0.01067019],"c":[0,0,0],"pr":{"c":[1,1,1],"a":0.008556962}}]},{"t":8,"a":[12,17],"pr":16,"s":[{"p":[-0.02018091,0.1524049,0.253417],"r":[-1.628444E-12,0,0],"s":[0.01081032,0.005000299,0.01066881],"c":[0,0,0],"pr":{"c":[1,1,1],"a":0.008556962}}]}]}