{"n":"thing","p":[{"s":[{"p":[0,0,0],"r":[0,0,0],"s":[0.06364457,0.04394385,0.1750007],"c":[0.7777778,0.7777778,0.7777778]}]},{"s":[{"p":[-0.0001051176,0.02638499,-0.0004133775],"r":[1.038127,359.7203,0.8967757],"s":[0.02435505,0.04302065,0.1078342],"c":[0.2222221,0.2222221,0.2222221],"b":["when touched then become 2 in 0.2s","when touched then play doorbell"]},{"p":[0.0027792,0.01202457,-0.0007019069],"r":[0.364011,0.5695304,1.185934],"s":[0.02435505,0.04302067,0.1078341],"c":[0.222222,0.222222,0.222222],"b":["when starts then become 1 in 0.2s"]}]}]}