{"n":"thing","a":[13],"p":[{"s":[{"p":[-0.02455552,0.08697278,-0.1201688],"r":[359.39,0.3940281,0.5606325],"s":[9.669526,0.10475,1.093591],"c":[0.04938249,0.02469136,0.1111108]}]}]}