{"n":"thing","a":[7,18],"p":[{"a":[1],"s":[{"p":[0,0,0],"r":[0,0,0],"s":[2.292823,0.1933896,2.203565],"c":[0,0,0]}]},{"b":5,"a":[2],"s":[{"p":[-0.05108094,0.9417516,-0.2015513],"r":[0,0,270],"s":[0.02020247,0.01778199,0.1250418],"c":[1,0,0]}]}]}