{"n":"thing","p":[{"b":3,"s":[{"p":[0,0,0],"r":[0,0,-1.707547E-06],"s":[0.125,0.125,0.125],"c":[0.111111,0.09065246,0.08641965]}]}]}