{"n":"thing","a":[22],"p":[{"b":13,"t1":27,"s":[{"p":[0,0,0],"r":[0,0,0],"s":[0.10705,0.0600124,0.06002065],"c":[0.4444443,0.4444443,0.4444443],"t1":{"c":[0.7777778,0.7777778,0.7777778],"x":0.5,"y":0.5,"a":0.8925,"m":0,"n":0,"r":0,"g":0,"o":0.5,"t":0.5,"e":0.5}}]},{"b":13,"t1":27,"s":[{"p":[-0.1811867,-0.05971489,0.1835518],"r":[0,0,337.5],"s":[0.1070729,0.06002908,0.06004318],"c":[0.4444443,0.4444443,0.4444443],"t1":{"c":[0.7777778,0.7777778,0.7777778],"x":0.5,"y":0.5,"a":0.8925,"m":0,"n":0,"r":0,"g":0,"o":0.5,"t":0.5,"e":0.5}}]},{"b":13,"t1":27,"s":[{"p":[-0.3220221,0.08814315,0.00271228],"r":[4.743313E-07,7.098868E-07,292.5],"s":[0.10706,0.06001681,0.06002922],"c":[0.4444443,0.4444443,0.4444443],"t1":{"c":[0.7777778,0.7777778,0.7777778],"x":0.5,"y":0.5,"a":0.8925,"m":0,"n":0,"r":0,"g":0,"o":0.5,"t":0.5,"e":0.5}}]},{"b":13,"t1":27,"s":[{"p":[-0.1736882,-0.199431,0.002288803],"r":[0,0,0],"s":[0.1070563,0.06002631,0.06003683],"c":[0.4444443,0.4444443,0.4444443],"t1":{"c":[0.7777778,0.7777778,0.7777778],"x":0.5,"y":0.5,"a":0.8925,"m":0,"n":0,"r":0,"g":0,"o":0.5,"t":0.5,"e":0.5}}]}]}