{"n":"thing","p":[{"t":8,"a":[12],"su":[{"i":"59120faeb2c21f17f0621056","t":"59120f6a5dd10c9513aa5222","p":[0.03522713,-0.01050077,-0.004528131],"r":[359.4837,102.7618,67.27732]}],"s":[{"p":[0,0,0],"r":[0,0,-5.336085E-08],"s":[0.0335406,0.09363761,0.1188712],"c":[1,1,1],"b":["when starts then become next in 10s"]},{"p":[0,0,0],"r":[358.2864,359.9123,59.97906],"s":[0.0335406,0.09363761,0.1188712],"c":[1,1,1],"b":["when starts then become next in 10s"]}]}]}