{"n":"thing","a":[7],"p":[{"t":7,"s":[{"p":[-0.003995896,1.171764E-09,0.006701707],"r":[0,0,0],"s":[0.1313349,0.02698598,0.1154678],"c":[0,0,0],"b":["when touched then tell nearby compup"]}]},{"b":54,"t":2,"t1":74,"s":[{"p":[-0.005418778,-0.001618385,0.008834361],"r":[0,0,1.001791E-05],"s":[0.03700669,0.02742925,0.03700659],"c":[0,0.7428566,1],"b":["when starts then become next in .2s"],"t1":{"c":[0.5555556,0.8857141,1],"x":0.5515537,"y":0.4771595,"a":1,"m":0,"n":0,"r":0,"g":0,"o":0.5,"t":0.5,"e":0.5}},{"p":[-0.005418778,-0.001618385,0.008834361],"r":[0,0,1.001791E-05],"s":[0.03700669,0.02742925,0.03700659],"c":[0,0.7428566,1],"b":["when starts then become untweened 1 in 0s"],"t1":{"c":[0.5555556,0.8857141,1],"x":0.5515537,"y":0.4771595,"a":1,"m":0,"n":0,"r":1,"g":0,"o":0.5,"t":0.5,"e":0.5}},{"p":[-0.005418778,-0.001618385,0.008834361],"r":[0,0,1.001791E-05],"s":[0.03700669,0.02742925,0.03700659],"c":[0,0.7428566,1],"t1":{"c":[0.5555556,0.8857141,1],"x":0.5515537,"y":0.4771595,"a":1,"m":0,"n":0,"r":1,"g":0,"o":0.5,"t":0.5,"e":0.5}}]}]}