{"n":"thing","a":[5,7,18],"p":[{"b":52,"t":1,"s":[{"p":[-1.852015,-3.618065,0.1147428],"r":[0,0,299],"s":[1.450225,0.1331573,0.9981341],"c":[0.3333331,0.3333331,0.3333331]}]}]}