{"n":"floor","a":[7],"p":[{"b":53,"t":1,"s":[{"p":[0,0,0],"r":[0,0,0],"s":[2.807519,0.2784362,2.917151],"c":[0.3333332,0.3333332,0.3333332]}]}]}