{"n":"thing","a":[7,18],"p":[{"t1":8,"s":[{"p":[-0.0599657,3.84388,1.320011],"r":[0,0,0],"s":[0.01549463,2.259168,2.551629],"c":[0.4444443,0.409171,0.1975307],"t1":{"c":[0.4444444,0.3809523,0],"x":0.3577422,"y":0.4591112,"a":0.69625,"m":0.5,"n":0.5,"r":0,"g":0,"o":0.5,"t":0.5,"e":0.5}}]}]}