{"n":"thing","a":[7],"p":[{"t":1,"t1":16,"s":[{"p":[-0.0206852,0.002190594,0.01606476],"r":[270,180,0],"s":[0.175003,0.1750054,0.9079604],"c":[0.8888889,0.8888889,0.8888889],"b":["when starts then become next in 29s"],"t1":{"c":[0,0,0],"x":0.2248725,"y":0.03431313,"a":0.8925,"m":0.5,"n":0.5,"r":0,"g":0,"o":0.5971889,"t":0.5,"e":0.5}},{"p":[-0.0206852,0.002190594,0.01606476],"r":[270,180,0],"s":[0.175003,0.1750054,0.9079604],"c":[0.8888889,0.8888889,0.8888889],"b":["when starts then become next in 29s"],"t1":{"c":[0,0,0],"x":0.2248725,"y":0.03431313,"a":0.8925,"m":0.5,"n":0.5,"r":0,"g":0,"o":0.6091251,"t":0.6154079,"e":1}}]}]}