{"n":"thing","a":[7],"p":[{"b":5,"t":1,"s":[{"p":[0.003925318,-0.03682184,0.004394531],"r":[270,1.931869E-05,0],"s":[0.03600154,0.03600118,0.01361918],"c":[0.7777778,0.4839506,0.1728394]}]},{"b":59,"t":1,"s":[{"p":[0.003641131,0.0108118,0.003646851],"r":[0,0,-1.001791E-05],"s":[0.04902098,0.9843353,0.0490209],"c":[0.7777778,0.4839506,0.1728394]}]},{"b":51,"t":1,"s":[{"p":[0.003905291,0.006505012,-0.04949952],"r":[90,270,0],"s":[0.1123975,0.272047,0.04478629],"c":[0.7777778,0.4839506,0.1728394]}]}]}