{"n":"thing","p":[{"t":10,"a":[11,16],"t1":152,"t2":152,"s":[{"p":[0,0,0],"r":[0,0,0],"s":[1.512712,0.01049245,1.612758],"c":[0.04550253,0.111111,0.03703704],"t1":{"c":[0.02539681,0.2222221,0],"x":0.546494,"y":0.546494,"a":0.8694063,"m":0,"n":0,"r":0,"g":0,"o":0.5,"t":0.5,"e":0.5},"t2":{"c":[0.1142856,1,0],"x":0.4361315,"y":0.4361315,"a":0.5887809,"m":0,"n":0,"r":0.1383983,"g":0,"o":0.5,"t":0.5,"e":0.5}}]}]}