{"n":"thing","p":[{"b":86,"a":[3],"t1":130,"s":[{"p":[0,0,0],"r":[0,0,0],"s":[2.123516,2.123516,2.123516],"c":[0,0,0],"t1":{"c":[1,1,1],"x":0.5,"y":0.4625082,"a":0.6675254,"m":0.1967173,"n":0,"r":0,"g":0.1025305,"o":0.5,"t":0.5,"e":0.5}}]}]}