{"n":"thing","a":[7,18],"p":[{"t":8,"a":[12],"su":[{"i":"5917799cb2c21f170003cf2c","t":"59177a5e48fdd0b313213878","p":[-0.02816776,-0.0002999257,0.4470296],"r":[90,-2.003582E-05,0]}],"s":[{"p":[0,0,0],"r":[0,0,0],"s":[0.07421946,0.03981961,0.03431382],"c":[1,1,1],"b":["when told by nearby d4open then become 2 in 0.5s"]},{"p":[1.920944E-08,-3.358685E-15,-0.2197304],"r":[0,0,0],"s":[0.07422695,0.0398198,0.0343172],"c":[1,1,1],"b":["when told by nearby d4close then become 1 in 0.5s"]}]}]}