{"n":"thing","p":[{"b":63,"t1":43,"s":[{"p":[0,0,0],"r":[0,0,-4.378969E-13],"s":[0.1375122,0.5655643,0.06289135],"c":[0.6666667,0.5037037,0.148148],"t1":{"c":[0.4444444,0.3047618,0],"x":0.5,"y":0.5,"a":0.8387166,"m":0,"n":0,"r":0,"g":0,"o":0.5,"t":0.5,"e":0.5}}]},{"b":17,"s":[{"p":[-0.100081,-0.00460054,0.001280767],"r":[86.87489,119.4809,185.541],"s":[0.01498426,0.01345214,0.06152232],"c":[0.6666667,0.5037037,0.148148]}]},{"b":20,"e":"JANICE'S LUNCH\nDON'T TOUCH!!!","t1":43,"s":[{"p":[-0.03725149,0.05651856,0.01889324],"r":[359.8158,162.8969,252.7035],"s":[0.002674051,0.002674046,0.002674053],"c":[0,0,0],"t1":{"c":[0,0,0],"x":0.5,"y":0.5,"a":0.8925,"m":0,"n":0,"r":0,"g":0,"o":0.5,"t":0.5,"e":0.5}}]}]}