{"n":"thing","a":[7,18],"p":[{"t1":29,"s":[{"p":[0,0,0],"r":[0,0,0],"s":[0.02035166,0.01862054,1.22864],"c":[1,0.9650794,0.8888889],"t1":{"c":[1,0.9650794,0.8888889],"x":0.5,"y":0.5,"a":0.8925,"m":0,"n":0,"r":0,"g":0,"o":0.5,"t":0.5,"e":0.5}}]}]}