{"n":"thing","p":[{"t1":33,"s":[{"p":[0,0,0],"r":[0,0,0],"s":[0.1750003,0.175,0.1750002],"c":[1,1,1],"t1":{"c":[0.3333333,0.1714285,0],"x":0.6466976,"y":0.6234037,"a":0.8925,"m":0,"n":0,"r":0,"g":0,"o":0.5,"t":0.5,"e":0.5}}]}]}