{"n":"thing","p":[{"b":73,"t":3,"t1":10,"t2":13,"s":[{"p":[0,0,0],"r":[0,0,0],"s":[0.7699848,0.7699687,0.7699677],"c":[1,0.8571429,0],"t1":{"c":[1,0.6857142,0],"a":0},"t2":{"c":[1,0.6857142,0],"x":0.17,"y":0.1860904,"a":0.7635099,"m":0.5,"n":0.5,"r":0,"g":1,"o":1,"t":0.5,"e":0.547123}},{"p":[0,0,0],"r":[0,0,0],"s":[0.2250348,0.2250182,0.2250174],"c":[1,0.8571429,0],"b":["when starts then become next in 29s"],"t1":{"c":[1,0.6857142,0],"a":0},"t2":{"c":[1,0.6857142,0],"x":0.17,"y":0.1860904,"a":0.7635099,"m":0.5,"n":0.5,"r":0,"g":1,"o":0,"t":0.5,"e":0.547123}}]}]}