{"n":"thing","a":[7],"p":[{"a":[5],"s":[{"p":[0,0,0],"r":[0,0,0],"s":[3.813891,0.1750464,3.265209],"c":[0,0,0]}]}]}