{"n":"thing","a":[7],"p":[{"b":57,"t1":125,"s":[{"p":[0,0,0],"r":[0,0,-7.656432E-20],"s":[0.7151708,2.01859,0.7151672],"c":[0.4444443,0.4444443,0.4444443],"t1":{"c":[0.1111111,0.1111111,0.1111111],"x":0.4247551,"y":0.6840401,"a":0.8925,"m":0,"n":0,"r":0,"g":0,"o":0.5,"t":0.5,"e":0.5}}]},{"b":17,"t":2,"t1":125,"s":[{"p":[0.04174809,0.2624111,0.03424836],"r":[270,1.001791E-05,0],"s":[0.4713649,0.4355554,0.01159837],"c":[1,0.5142855,0],"b":["when starts then become next in 5s"],"t1":{"c":[0.1111111,0.1111111,0.1111111],"x":0.146183,"y":0.459755,"a":0.6946469,"m":0.3447723,"n":0,"r":0,"g":1,"o":0.5,"t":0.5,"e":0.5}},{"p":[0.04174809,0.2624111,0.03424836],"r":[270,1.001791E-05,0],"s":[0.4713649,0.4355554,0.01159837],"c":[1,0.5142855,0],"b":["when starts then become next in 5s"],"t1":{"c":[0.1111111,0.1111111,0.1111111],"x":0.146183,"y":0.459755,"a":0.6946469,"m":0.5453148,"n":0,"r":0,"g":1,"o":0.5,"t":0.5,"e":0.5}}]}]}