{"n":"thing","a":[7],"p":[{"t1":38,"s":[{"p":[0,0,0],"r":[0,0,0],"s":[0.9985461,0.1750026,1.054508],"c":[0.4444443,0.2285713,0],"t1":{"c":[0.6666667,0.342857,0],"x":0.5,"y":0.5,"a":0.8925,"m":0,"n":0,"r":0,"g":0,"o":0.5,"t":0.5,"e":0.5}}]}]}