{"n":"pipe 1","a":[20],"p":[{"b":83,"t":7,"s":[{"p":[0,0,0],"r":[0,0,0],"s":[0.03653924,1.4652,0.05529574],"c":[0.3333331,0.3333331,0.3333331]}]}]}