{"n":"thing","p":[{"b":3,"t":2,"s":[{"p":[0,0,0],"r":[0,0,-2.401238E-07],"s":[0.01211629,0.01211626,0.02005399],"c":[0.2158729,0.2222221,0]}]},{"b":3,"t":2,"s":[{"p":[0.5157021,0.3647811,-0.1428385],"r":[67.53509,112.4543,254.1288],"s":[0.01211629,0.01211626,0.02005401],"c":[0.2158729,0.2222221,0]}]},{"b":3,"t":2,"s":[{"p":[-0.113749,-0.06736724,0.2334443],"r":[27.89324,218.2632,8.286985],"s":[0.0121163,0.01211626,0.02005403],"c":[0.2158729,0.2222221,0]}]}]}