{"n":"thing","a":[7,13,18],"p":[{"t":1,"s":[{"p":[0,0,0],"r":[0,0,0],"s":[4.311888,0.1750837,0.1750421],"c":[0.3333332,0.05714275,0]}]},{"t":1,"s":[{"p":[3.963381,4.002206,-4.768372E-07],"r":[0,0,89.99999],"s":[4.311607,0.1751222,0.175066],"c":[0.3333332,0.05714275,0]}]}]}