{"n":"thing","a":[7,18],"p":[{"t":1,"s":[{"p":[0,0,0],"r":[0,0,0],"s":[7.927075,0.04794346,6.576102],"c":[0.3333332,0.05714275,0]}]}]}