{"n":"thing","p":[{"s":[{"p":[0.1048612,-0.2513144,0.002434488],"r":[352.7152,319.1888,7.609713],"s":[0.008876896,0.01085008,0.08851919],"c":[0.3333331,0.2857141,0]}]},{"s":[{"p":[0.1104848,-0.2808558,-0.09585978],"r":[337.3042,20.77724,49.42152],"s":[0.00905659,0.01085003,0.2156959],"c":[0.3333331,0.2857141,0]}]},{"b":57,"s":[{"p":[-0.3197755,-0.2361745,0.4785516],"r":[1.750782,334.3738,351.9269],"s":[0.1220177,0.125,0.06175508],"c":[1,0,0.3428572]}]}]}