{"n":"thing","a":[7,18],"p":[{"b":5,"s":[{"p":[0,0,0],"r":[0,0,0],"s":[0.1558472,0.1558586,0.04704562],"c":[0.6666667,0.2962962,0.4232804]}]},{"b":4,"s":[{"p":[0,0,-0.08850098],"r":[0,180,270],"s":[0.2566512,0.2566492,0.4573602],"c":[0.6666667,0.2962962,0.4232804]}]},{"b":58,"a":[3],"s":[{"p":[0,0,0.3641624],"r":[90,0,0],"s":[0.2396947,0.2396476,0.2396898],"c":[0.6666667,0.2962962,0.4232804]}]},{"b":5,"a":[3],"t1":26,"s":[{"p":[0,0,0.359127],"r":[0,0,270],"s":[0.1613331,0.1613433,0.05252324],"c":[0.4444443,0.3005289,0.148148],"t1":{"c":[0.3333333,0.2253968,0.1111111],"x":0.6395187,"y":0.6650162,"a":0.8925,"m":0,"n":0,"r":0,"g":0,"o":0.5,"t":0.5,"e":0.5}}]}]}