{"n":"fireflies","p":[{"t":8,"a":[12],"pr":31,"s":[{"p":[0,0,0],"r":[0,0,0],"s":[0.1750006,0.005,0.1750005],"c":[1,1,1],"pr":{"c":[0.9714286,1,0],"m":0.1717072,"a":1,"s":0.15,"z":0.1941881,"g":0.5,"h":0.9201651}}]}]}