{"n":"ground","a":[7,18],"p":[{"b":12,"t1":157,"s":[{"p":[0,0,0],"r":[0,0,0],"s":[150,0.06250126,150],"c":[0.06349192,0.5555556,0],"t1":{"c":[0.06349199,0.5555556,0],"x":0.5,"y":0.5,"a":0.8925,"m":0,"n":0,"r":0,"g":0,"o":0.5,"t":0.5,"e":0.5}}]}]}