{"n":"thing","a":[7,18],"p":[{"t":1,"s":[{"p":[0.8600273,4.999998,0],"r":[0,0,0],"s":[6.431125,0.1976597,2.401321],"c":[1,0.895238,0.6666666]}]}]}