{"n":"rock","p":[{"b":53,"t1":46,"s":[{"p":[0,0,0],"r":[0,0,0],"s":[0.6094096,0.1250001,0.5499434],"c":[0.8888889,0.8888889,0.8888889],"t1":{"c":[0,0,0],"x":0.5,"y":0.5,"a":0.8925,"m":0,"n":0,"r":0,"g":0,"o":0.5,"t":0.5,"e":0.5}}]},{"b":52,"t1":45,"s":[{"p":[0.3228986,0.04974538,0.2827197],"r":[339.701,268.7146,262.6089],"s":[0.08135545,0.2817781,0.09689568],"c":[0.8888889,0.8888889,0.8888889],"t1":{"c":[0,0,0],"x":0.5,"y":0.5,"a":0.8925,"m":0,"n":0,"r":0,"g":0,"o":0.5,"t":0.5,"e":0.5}}]},{"b":52,"t1":45,"s":[{"p":[-0.3572246,-0.04690287,-0.02197391],"r":[10.31976,42.64546,304.6804],"s":[0.1926891,0.125,0.4531098],"c":[0.8888889,0.8888889,0.8888889],"t1":{"c":[0,0,0],"x":0.5,"y":0.5,"a":0.8925,"m":0,"n":0,"r":0,"g":0,"o":0.5,"t":0.5,"e":0.5}}]}]}