{"n":"thing","a":[7],"p":[{"b":5,"s":[{"p":[0,0,0],"r":[0,0,0],"s":[6.860586,5.221262,0.2477626],"c":[0.2222221,0.07407398,0.07407398]}]}]}