{"n":"thing","a":[7,18],"p":[{"b":57,"t":1,"s":[{"p":[0,0,0],"r":[0,0,0],"s":[0.03585603,0.05255821,0.06211263],"c":[1,1,1]}]},{"b":57,"t":1,"s":[{"p":[0,-1.490116E-08,0.105278],"r":[0,0,90],"s":[0.03585938,0.052561,0.06211637],"c":[1,1,1]}]},{"b":57,"t":1,"s":[{"p":[0,-2.980232E-08,0.2103577],"r":[0,0,0],"s":[0.03585773,0.05256063,0.0621147],"c":[1,1,1]}]},{"b":57,"t":1,"s":[{"p":[0,-2.980232E-08,0.3153305],"r":[0,0,90],"s":[0.03586147,0.05256433,0.0621211],"c":[1,1,1]}]}]}