{"n":"thing","a":[1,7,18],"p":[{"b":18,"e":"MODEL ROOMS ARE\nTHE BEST ROOMS\n-DELCO","s":[{"p":[0,0,0],"r":[0,0,0],"s":[0.003471983,0.003470907,0.003471926],"c":[1,0,0]}]}]}