{"n":"thing","p":[{"b":3,"t":3,"s":[{"p":[0,0,0],"r":[0,0,0],"s":[5.487843,5.495603,10.49299],"c":[1,1,1]}]}]}