{"n":"thing","p":[{"t1":101,"s":[{"p":[0,0,0],"r":[0,0,0],"s":[0.1750001,0.1750002,0.1750002],"c":[0,0.5777773,0.7777778],"t1":{"c":[0,0,0],"x":0.6983197,"y":0.6888574,"a":0.971429,"m":0,"n":0,"r":0,"g":0,"o":0.5,"t":0.5,"e":0.5}}]}]}