{"n":"thing","a":[2],"p":[{"im":"93851170782740737/F815038E7443728928BF337865B280CCB1B37A4C/","s":[{"p":[0,0,0],"r":[0,0,0],"s":[0.1750025,0.01,0.1167048],"c":[0,0,0]}]}]}