{"n":"thing","a":[7,18],"p":[{"b":4,"t":8,"a":[12],"su":[{"i":"592b00267004611dd4e00c78","t":"5922530bac5bdcb823cd4022","p":[0.002701756,-0.01475333,-0.09412636],"r":[82.97792,149.0511,328.861]}],"s":[{"p":[0,0,0],"r":[0,0,0],"s":[0.04938209,0.01988184,0.04632178],"c":[1,1,1],"b":["when starts then become next in 2s"]},{"p":[0,0,0.02283096],"r":[0,0,-8.537737E-06],"s":[0.04939054,0.01988503,0.04632912],"c":[1,1,1],"b":["when starts then become next in 2s"]}]}]}