{"n":"thing","a":[7,18],"p":[{"a":[1],"s":[{"p":[0,0,0],"r":[0,0,0],"s":[2.949625,0.1750147,1.912334],"c":[0.4416222,0.4444441,0.3456786]}]}]}