{"n":"thing","a":[7,18],"p":[{"t":1,"s":[{"p":[0,0,0],"r":[0,0,0],"s":[5.399022,0.1976795,2.401525],"c":[1,0.895238,0.6666666]}]}]}