{"n":"tardpad","a":[7],"p":[{"t":8,"a":[12],"s":[{"p":[0,0,0],"r":[0,0,0],"s":[0.3095232,0.01978944,0.436983],"c":[1,1,1]}]}]}