{"n":"thing","p":[{"b":3,"t":8,"a":[12],"pr":2,"s":[{"p":[0,0,0],"r":[-3.841981E-06,0,0],"s":[0.06048515,0.04141283,0.04600022],"c":[1,1,1],"pr":{"c":[1,1,1],"m":0.1405034,"a":1,"s":0.15,"z":0.25,"g":0.5,"h":0.323503}}]},{"b":3,"t":8,"a":[12],"pr":2,"s":[{"p":[0.1405958,0.002311274,-0.005782083],"r":[355.2075,0.0273037,8.031807],"s":[0.0604849,0.04141276,0.04600007],"c":[1,1,1],"pr":{"c":[1,1,1],"m":0.1405034,"a":1,"s":0.15,"z":0.25,"g":0.5,"h":0.323503}}]}]}