{"n":"thing","a":[7],"p":[{"im":"782911079737242211/EA03C6CB2414D7230EE4AA9BDD5F9EEDDA9F0FD7/","s":[{"p":[0,0,0],"r":[0,0,0],"s":[0.6150893,0.01,0.951169],"c":[0,0,0]}]}]}