{"n":"thing","a":[7,18],"p":[{"s":[{"p":[0,0,0],"r":[0,0,0],"s":[0.8668251,0.2833967,2.597625],"c":[0,0,0]}]}]}