{"n":"building","a":[7],"p":[{"s":[{"p":[-0.009612612,0.001162659,-0.003730012],"r":[356.9204,356.5954,358.9911],"s":[8.209641,2.55585,8.741129],"c":[1,1,1]}]},{"s":[{"p":[-0.09666049,1.263467,0.1728719],"r":[86.75955,338.4463,161.8781],"s":[0.7938545,2.18572,0.09680896],"c":[0,0,0]}]},{"b":63,"s":[{"p":[-0.0299289,1.251172,-1.006405],"r":[358.9926,266.5412,3.080103],"s":[0.1250493,0.1250468,0.4991255],"c":[1,1,1]}]}]}