{"n":"thing","a":[21],"p":[{"b":17,"t1":3,"s":[{"p":[0,0,0],"r":[0,0,-8.537737E-07],"s":[0.004029697,0.01840483,0.003179188],"c":[0.6666667,0.342857,0],"t1":{"c":[0.1111111,0.05714279,0],"x":0.17,"y":0.17,"a":0.65,"m":0.5,"n":0.5,"r":0,"g":0,"o":0.5,"t":0.5,"e":0.2}}]}]}