{"n":"loop","p":[{"b":55,"s":[{"p":[-0.0004537231,0.003048953,-0.002831399],"r":[1.412107,6.531054,359.8676],"s":[0.04630207,0.05797252,0.04249997],"c":[0,0.5555556,0.2222221]}]},{"b":63,"s":[{"p":[0.0483057,0.009500731,-0.01716224],"r":[1.952364,273.0836,351.7834],"s":[0.03748531,0.1492966,0.03869374],"c":[0,0.5555556,0.222222]}]}]}