{"n":"thing","p":[{"t":4,"s":[{"p":[0,0,0],"r":[0,0,0],"s":[0.8899158,0.1750004,0.1750003],"c":[1,1,1]}]}]}