{"n":"thing","a":[7,18],"p":[{"t":7,"s":[{"p":[0,0,0],"r":[0,0,0],"s":[1.203752,0.005002895,1.303752],"c":[1,1,1]}]}]}