{"n":"thing","a":[7,18],"p":[{"b":13,"s":[{"p":[0,-5.820766E-11,0.0004235507],"r":[0,0,5.008957E-06],"s":[0.005002924,0.05282261,0.0415296],"c":[0.8888889,0.7619048,0]}]},{"b":20,"e":"didn't you just\nsay not to bring \nit back to my \nroom?","s":[{"p":[-0.01257636,-0.06992199,0.06599332],"r":[1.366038E-05,90.00001,90.00001],"s":[0.002888633,0.002888541,0.002889301],"c":[0,0,0]}]}]}