{"n":"thing","p":[{"b":60,"t1":5,"s":[{"p":[0,0,0],"r":[0,0,0],"s":[22.62132,1.980826,0.3529649],"c":[0.4444443,0.3245148,0.1975307],"t1":{"c":[0.2222221,0.1502645,0.07407402],"x":0.17,"y":0.01005785,"a":0.69625,"m":0.5,"n":0.5,"r":0,"g":0,"o":0.5,"t":0.5,"e":0.5}}]}]}