{"n":"thing","a":[7,18],"p":[{"t":9,"t1":66,"s":[{"p":[0,0,0],"r":[0,0,0],"s":[0.3134499,0.7373595,2.181406],"c":[0.6666667,0.6666667,0.6666667],"b":["when told by any door1 then become next in 2s"],"t1":{"c":[0.6666667,0.6666667,0.6666667],"x":0.3344235,"y":0.4661534,"a":0.8925,"m":0,"n":0,"r":0,"g":0,"o":0.5,"t":0.5,"e":0.5}},{"p":[1.788139E-07,0.6273279,0],"r":[0,0,0],"s":[0.3134931,0.7373495,2.181367],"c":[0.6666667,0.6666667,0.6666667],"t1":{"c":[0.6666667,0.6666667,0.6666667],"x":0.3344235,"y":0.4661534,"a":0.8925,"m":0,"n":0,"r":0,"g":0,"o":0.5,"t":0.5,"e":0.5}}]},{"t":9,"t1":66,"s":[{"p":[-1.788139E-07,-0.7460041,0],"r":[0,0,-8.537737E-06],"s":[0.3134401,0.7373458,2.181715],"c":[0.6666667,0.6666667,0.6666667],"b":["when told by any door1 then become next in 2s"],"t1":{"c":[0.6666667,0.6666667,0.6666667],"x":0.3344235,"y":0.4661534,"a":0.8925,"m":0,"n":0,"r":0,"g":0,"o":0.5,"t":0.5,"e":0.5}},{"p":[-3.576279E-07,-1.375888,0],"r":[0,0,-8.537737E-06],"s":[0.313434,0.7373722,2.182033],"c":[0.6666667,0.6666667,0.6666667],"t1":{"c":[0.6666667,0.6666667,0.6666667],"x":0.3344235,"y":0.4661534,"a":0.8925,"m":0,"n":0,"r":0,"g":0,"o":0.5,"t":0.5,"e":0.5}}]}]}