{"n":"plasmabolt","a":[1,2,7,12,18],"p":[{"pr":28,"s":[{"p":[-0.000659951,0.003563762,0.04785514],"r":[-5.008957E-06,180,-4.853141E-20],"s":[0.005001951,0.005001017,0.02941055],"c":[1,1,1],"pr":{"c":[0.6666667,0,0],"m":0.7248533,"a":1,"s":0.09937373,"z":0.1443961,"g":0.5,"h":0.5204892}},{"p":[-0.0004603863,-0.0001599193,-0.1233072],"r":[0,0,180],"s":[0.005000629,0.005000751,0.02940204],"c":[1,1,1],"pr":{"c":[1,1,1],"m":0.25,"a":0.25,"s":0.15,"z":0.25,"g":0.5,"h":0.25}}]},{"b":69,"t":2,"s":[{"p":[-0.002006195,0.0006338358,0.1252525],"r":[0,270,90],"s":[0.01203606,0.05446673,0.01220043],"c":[1,1,1],"b":["when touched then play lightsword hit 2 with 20","when touched then destroy all parts","when touches pbd then destroy all parts","when touches pbd then play ligh","when touches pbd then tell 1"],"pr":{"c":[0.6666667,0,0],"m":0.25,"a":0.25,"s":0.15,"z":0.25,"g":0.5,"h":0.25}}]}]}