{"n":"thing","a":[1],"p":[{"b":53,"t":9,"t1":45,"s":[{"p":[0,0,0],"r":[0,0,0],"s":[0.1250022,0.1230029,0.1249995],"c":[0.4444443,0.3047618,0],"t1":{"c":[0.3333333,0.2285714,0],"x":0.5,"y":0.5,"a":0.6813015,"m":0,"n":0,"r":0.03887987,"g":0,"o":0.5,"t":0.5,"e":0.5}}]},{"b":73,"t":3,"s":[{"p":[-0.003514052,-0.004689932,-0.00210011],"r":[-8.964258E-08,90.00001,9.748988E-06],"s":[0.1923928,0.1924213,0.1924187],"c":[1,0.7555555,0.2222221]}]}]}