{"n":"ground","a":[1,7,13,18],"p":[{"b":17,"t1":76,"s":[{"p":[0,0,0],"r":[0,0,0],"s":[3.363372,0.1106253,3.201184],"c":[0.4190476,0,0.6666667],"t1":{"c":[0.9714285,0,1],"x":0.02316922,"y":0.02572,"a":0.8925,"m":0,"n":0,"r":0,"g":0,"o":0.5,"t":0.5,"e":0.5}}]}]}