{"n":"thing","a":[7],"p":[{"t":8,"a":[12],"su":[{"i":"5945f05bf05ef9421c2cbff1","t":"5945520d0d814cf44f429a0d","p":[0.1849584,-0.1603608,0.1137159],"r":[356.9541,2.540689,13.40341]},{"i":"5944b4eef05ef9263cb9ddc9","t":"5944b4f85652ed0f1488cf6a","p":[-0.08382888,-0.1016336,0.2260036],"r":[331.5821,6.283365,318.2502]}],"s":[{"p":[0,0,0],"r":[0,0,0],"s":[0.175003,0.1750007,0.175001],"c":[1,1,1],"b":["when starts then become next in 1.5"]},{"p":[0,3.72529E-09,-0.03999997],"r":[0,0,0],"s":[0.175003,0.1750007,0.175001],"c":[1,1,1],"b":["when starts then become previous in 1.5"]}]}]}