{"n":"floor","a":[7,18],"p":[{"b":60,"a":[1,4],"s":[{"p":[0,0,0],"r":[0,0,0],"s":[29.73995,0.09033509,30.02972],"c":[0.4444443,0.3513226,0.148148]}]}]}