{"n":"thing","inc":[["i","594bdb81aed709a65e3e0b44"],["in","594c192e0917f6c613169346"]],"p":[{"b":17,"t":2,"a":[3],"pr":40,"s":[{"p":[0,0,0],"r":[0,0,0],"s":[0.1316823,0.1316824,0.1316823],"c":[0.3333332,0.1492062,0.111111],"b":["when hitting sword then become next in 1s"],"pr":{"c":[1,1,1],"m":1,"a":1,"s":0.6110954,"z":0.2915293,"g":0.3883944,"h":0.01316166}},{"p":[0.009893181,-0.0415018,0.02728357],"r":[357.5267,359.2583,359.5115],"s":[0.1316824,0.1316824,0.1316823],"c":[0.3333332,0.1492062,0.111111],"b":["when starts then emit in with 0, then become next in 1s"],"pr":{"c":[1,1,1],"m":1,"a":1,"s":0.6110954,"z":0.2915293,"g":0.3883944,"h":0.01316166}}]},{"b":5,"t":2,"a":[3],"s":[{"p":[-0.2517528,1.428575,-1.062904],"r":[57.70279,19.78296,356.1608],"s":[0.3963479,0.3963476,0.3963474],"c":[1,0.7904761,0.3333331]}]}]}