{"n":"thing","p":[{"b":21,"e":"<DIAMOND TARDIS","s":[{"p":[0,0,0],"r":[0,0,4.268868E-07],"s":[0.005439213,0.005439212,0.005439215],"c":[1,1,1]}]}]}