{"n":"thing","p":[{"b":129,"e":"Doctor Chad","s":[{"p":[0,0,0],"r":[0,0,0],"s":[0.008799526,0.008799527,0.008799529],"c":[0,0.05714229,1]}]},{"b":133,"e":"All you need to do\nis wear the head.","s":[{"p":[0.0535293,-0.1331629,0.002277461],"r":[2.973873,1.34964,359.7332],"s":[0.00292607,0.002926061,0.00292607],"c":[0.4444443,0.4761901,1]}]}]}