{"n":"floor","a":[7],"p":[{"t1":107,"t2":4,"s":[{"p":[0,0,0],"r":[0,0,0],"s":[5.612481,0.1750028,6.250466],"c":[0.3333332,0.2116401,0.148148],"t1":{"c":[0.2222221,0.2222221,0.2222221],"x":0.5,"y":0.5,"a":0.8925,"m":0,"n":0,"r":0,"g":0,"o":0.5,"t":0.5,"e":0.5},"t2":{"c":[1,0,0.3428573],"x":0.17,"y":0.17,"a":0.69625,"m":0.5,"n":0.5,"r":0,"g":0,"o":0.5,"t":0.5,"e":0.5}}]}]}