{"n":"thing","a":[7,21],"p":[{"im":"851593544325486800/4092A3F15C853FB185590F9242D5CD24C04F6B6E/","s":[{"p":[0,0,0],"r":[0,0,0],"s":[0.250689,0.01,0.334252],"c":[0,0,0]}]}]}