{"n":"thing","p":[{"b":18,"e":"USE GUN ON\nPORTAL. ONCE \nIN TOUCH THE\nEYE.","s":[{"p":[-0.1032143,0.008751143,0.1375406],"r":[87.4594,220.2775,220.9508],"s":[0.003000003,0.003000001,0.003000002],"c":[0,0,0]}]},{"s":[{"p":[0.008728385,0.005916438,-0.00221849],"r":[1.938251,358.8983,357.8663],"s":[0.232737,0.005000009,0.3067054],"c":[1,1,1]}]},{"b":14,"t":1,"s":[{"p":[0.005740155,0.01922327,0.1425595],"r":[278.1419,10.76911,345.6748],"s":[0.005000014,0.005000015,0.01133359],"c":[1,1,1]}]},{"b":5,"t":1,"s":[{"p":[0.007705241,0.05185258,0.1469844],"r":[282.7944,16.49062,325.5032],"s":[0.005000028,0.005000032,0.005000011],"c":[1,1,1]}]}]}