{"n":"thing","a":[7,18],"p":[{"s":[{"p":[0,0,0],"r":[0,0,0],"s":[2.012138,0.004999905,1.06321],"c":[1,1,1]}]},{"b":109,"e":"COMEING SOON","s":[{"p":[-0.8588307,0.01890562,0.1477597],"r":[90,5.008956E-06,0],"s":[0.02696545,0.0269573,0.02696438],"c":[0,0,0]}]}]}