{"n":"thing","p":[{"b":107,"e":"USE THE SWORD TO\nSMASH LAVA ORB\nTHEN COLLECT THE\nITEM","s":[{"p":[-0.1568442,-0.02023304,0.1098949],"r":[275.9488,31.39999,59.32891],"s":[0.003000001,0.003000001,0.003000002],"c":[0.5555556,0.5555556,0.5555556]}]},{"b":12,"s":[{"p":[-0.05343384,-0.002087012,0.003908379],"r":[4.785652,0.5074745,357.649],"s":[0.05536476,0.02046612,0.07046689],"c":[0.4444443,0.4444443,0.4444443]}]},{"b":12,"s":[{"p":[0.1434138,-0.01513,0.0138584],"r":[4.721475,354.1093,352.1822],"s":[0.03972068,0.02046622,0.070467],"c":[0.4444443,0.4444443,0.4444443]}]},{"b":12,"s":[{"p":[0.1091264,0.001699477,-0.2391949],"r":[353.7455,327.7441,356.3941],"s":[0.005000004,0.02046628,0.04005387],"c":[0.4444443,0.4444443,0.4444443]}]}]}