{"n":"thing","a":[7],"p":[{"b":17,"t1":75,"t2":14,"s":[{"p":[0,0,0],"r":[0,0,0],"s":[0.2482303,0.02299423,0.1141172],"c":[0.111111,1,1],"b":["when starts then become next in 2s"],"t1":{"c":[1,0,0.5142857],"x":0.01914191,"y":0.06073856,"a":0.8925,"m":0,"n":0,"r":0,"g":0,"o":0.5,"t":0.5,"e":0.5},"t2":{"c":[0,0,0],"x":0.04334395,"y":0.07185619,"a":0.8925,"m":0.5,"n":0.5,"r":0,"g":0,"o":0.5,"t":0.5,"e":0.5}},{"p":[0,0,0],"r":[0,0,0],"s":[0.2482303,0.02299423,0.1141172],"c":[0.111111,1,1],"b":["when starts then become next in 2s"],"t1":{"c":[1,0,0.5142857],"x":0.003912449,"y":0.06073856,"a":0.8925,"m":0,"n":0,"r":0,"g":0,"o":0.5,"t":0.5,"e":0.5},"t2":{"c":[0,0,0],"x":0.04334395,"y":0.07185619,"a":0.8925,"m":0.5,"n":0.5,"r":0,"g":0,"o":0.5,"t":0.5,"e":0.5}}]},{"b":17,"t":1,"t1":56,"s":[{"p":[-0.009132268,-0.0520705,0.004006385],"r":[0,0,0],"s":[0.3099592,0.06000073,0.1390648],"c":[0.8,0,1],"t1":{"c":[0,0.9142855,1],"x":0.6656115,"y":0.5,"a":0.8925,"m":0,"n":0,"r":0,"g":0,"o":0.5,"t":0.5,"e":0.5}}]}]}