{"n":"thing","a":[22,13,18,20],"p":[{"s":[{"p":[-4.930561E-14,3.469574,-6.066397E-07],"r":[-1.001791E-05,-1.941257E-19,1.001791E-05],"s":[0.3475966,1.178431,4.693534],"c":[0.6666667,0.6666667,0.6666667]}]},{"s":[{"p":[-2.384186E-07,0.8109782,1.783173],"r":[0,0,1.001791E-05],"s":[0.3475614,4.154457,1.124674],"c":[0.6666667,0.6666667,0.6666667]}]},{"s":[{"p":[2.384186E-07,0.8321149,-1.784668],"r":[-1.001791E-05,-8.757938E-13,1.001791E-05],"s":[0.347627,4.10656,1.124882],"c":[0.6666667,0.6666667,0.6666667]}]}]}