{"n":"thing","a":[7,18],"p":[{"b":13,"s":[{"p":[-0.007394612,0,0],"r":[0,0,0],"s":[0.04522971,0.005000085,0.02194656],"c":[0.2857141,0,1],"b":["when touched then go to inventory page  1"]}]},{"b":18,"e":"MENU","s":[{"p":[-0.04142886,0.009270743,0.009176256],"r":[90,-1.001791E-05,0],"s":[0.001803301,0.001803349,0.001803312],"c":[1,1,1],"b":["when "]}]}]}