{"n":"cave 2","p":[{"b":12,"s":[{"p":[0,0,0],"r":[0,0,0],"s":[0.6289901,1.866952,0.7595512],"c":[1,1,1]}]}]}