{"n":"cave 2","p":[{"b":12,"s":[{"p":[0,0,0],"r":[0,0,0],"s":[0.9720473,1.515567,0.3208372],"c":[1,1,1]}]}]}