{"n":"rail","a":[7,18],"p":[{"b":14,"s":[{"p":[0.1241598,1.008542,1.800097],"r":[270,90.00001,0],"s":[0.1201123,0.1201066,0.1201076],"c":[1,1,1]}]},{"b":7,"s":[{"p":[0.1223955,0.8189409,1.798347],"r":[270.4325,11.60517,78.51788],"s":[0.1099342,0.1045762,0.7190638],"c":[1,1,1]}]}]}