{"n":"thing","p":[{"b":122,"e":"SHIP","s":[{"p":[0,0,0],"r":[0,0,0],"s":[0.003000001,0.003000001,0.003000001],"c":[1,1,1]}]}]}