{"n":"shot glass","a":[2,3,7,15],"p":[{"b":58,"t":7,"s":[{"p":[0,0,0],"r":[0,0,0],"s":[0.02275792,0.2864768,0.02275802],"c":[1,1,1]}]},{"b":5,"t":7,"a":[3],"s":[{"p":[0.0003144742,-0.0300734,9.632108E-05],"r":[90,-9.659345E-06,0],"s":[0.0147392,0.01473751,0.00573209],"c":[1,1,1]}]},{"b":5,"s":[{"p":[0.0003144734,-0.004348516,9.632183E-05],"r":[90,-1.931869E-05,0],"s":[0.01474042,0.01473953,0.05724083],"c":[1,0,0],"b":["when consumed then become next in 0.2s, play slurping drink gulp"]},{"p":[0.0003144742,-0.02715719,9.632582E-05],"r":[90,-9.659344E-06,0],"s":[0.014742,0.01474073,0.005000247],"c":[1,1,1]}]}]}