{"n":"depression","a":[1],"p":[{"b":5,"t":7,"s":[{"p":[0,0,0],"r":[0,0,0],"s":[0.004999979,0.005000112,0.1250121],"c":[0.111111,0.111111,0.111111]}]},{"b":16,"t":7,"s":[{"p":[0.002708435,-0.001428396,0.2009238],"r":[90,180,0],"s":[0.02421358,0.1071902,0.02597479],"c":[0.111111,0.111111,0.111111]}]},{"b":16,"t":7,"s":[{"p":[0.001398563,-0.001428358,-0.06055678],"r":[1.366038E-05,90,90],"s":[0.01605088,0.01165817,0.01765035],"c":[0.111111,0.111111,0.111111]}]},{"b":16,"t":10,"pr":56,"s":[{"p":[0.002708435,-0.001428396,0.2031902],"r":[90,180,0],"s":[0.01929436,0.1022845,0.02105209],"c":[0,0,0],"pr":{"c":[0,0,0],"m":0.2942047,"a":0.8469647,"s":0,"z":0.2913127,"g":0.6071266,"h":0.3753934}}]}]}