{"n":"thing","p":[{"b":73,"t":2,"s":[{"p":[0,0,0],"r":[0,0,0],"s":[0.04737569,0.04737589,0.04737605],"c":[0.7777778,0,0],"b":["when touches 502 then play enter digital beep","when touches 502 then destroy all parts"]},{"p":[0,0,0],"r":[0,0,0],"s":[0.04737569,0.04737589,0.04737605],"c":[1,1,1]},{"p":[0,0,0],"r":[0,0,0],"s":[0.04737569,0.04737589,0.04737605],"c":[1,1,1]}]}]}