{"n":"thing","a":[7,13,18],"p":[{"s":[{"p":[0,0,0],"r":[0,0,0],"s":[37.67181,23.31636,0.01395494],"c":[1,1,1]}]}]}