{"n":"thing","a":[7],"p":[{"s":[{"p":[0,0,0],"r":[0,0,0],"s":[22.52026,0.1842548,3.804372],"c":[0.7777778,0.7777778,0.7777778]}]}]}