{"n":"thing","p":[{"im":"865107062085778964/15D0994B7E3E24CD4160A69680FABEC57E70A19D/","s":[{"p":[0,0,0],"r":[0,0,0],"s":[1.311523,0.01000001,0.7377322],"c":[1,1,1]}]}]}