{"n":"thing","a":[1,2],"p":[{"im":"169288908549786728/E3D265BDF332A1CD4D662C4EAA774B3C1220F1D1/","s":[{"p":[0,0,0],"r":[0,0,0],"s":[0.2253349,0.01,0.2253349],"c":[0,0,0]}]},{"im":"169288908549786728/E3D265BDF332A1CD4D662C4EAA774B3C1220F1D1/","s":[{"p":[-8.731149E-11,-0.0004177094,0],"r":[0,0,180],"s":[0.2253352,0.01,0.2253352],"c":[0,0,0]}]}]}