{"n":"thing","p":[{"b":3,"t1":30,"s":[{"p":[0,0,0],"r":[0,0,0],"s":[14.55286,2.008122,1.621731],"c":[0.8804233,0.8888889,0.5925926],"t1":{"c":[0.3950617,0.4444444,0.1975308],"x":0.1530001,"y":0.156186,"a":0.715748,"m":0,"n":0,"r":0,"g":0,"o":0.5,"t":0.5,"e":0.5}}]}]}