{"n":"thing","a":[7,18],"p":[{"b":4,"t":8,"a":[11,12],"su":[{"i":"598a4777b4c36e3a64f42aae","t":"598a47840a3942f24949a7a8","p":[-0.953865,0.2862245,0.3104238],"r":[350.0424,1.604582,270.4608]}],"t1":4,"s":[{"p":[0,0,0],"r":[0,0,0],"s":[0.1249824,0.1250351,0.1249964],"c":[1,1,1],"b":["when starts then become next in 0.3s"],"t1":{"c":[0,0,0],"x":0.17,"y":0.17,"a":0.69625,"m":0.5,"n":0.5,"r":0,"g":0,"o":0.5,"t":0.5,"e":0.5}},{"p":[9.536743E-07,3.945077,0],"r":[0,0,0],"s":[0.1250085,0.1250899,0.1250115],"c":[1,1,1],"b":["when starts then become untweened next in 0s"],"t1":{"c":[0,0,0],"x":0.17,"y":0.17,"a":0.69625,"m":0.5,"n":0.5,"r":0,"g":0,"o":0.5,"t":0.5,"e":0.5}}]}]}