{"n":"thing","a":[7,18],"p":[{"t":7,"a":[1,2],"s":[{"p":[0,0,0],"r":[0,0,0],"s":[0.01046419,16.46484,5.557703],"c":[0.8888889,0.9714285,1]}]}]}