{"n":"thing","p":[{"b":57,"s":[{"p":[0,0,0],"r":[0,0,0],"s":[0.1249999,0.125,0.1249999],"c":[0,0,0]}]},{"b":5,"s":[{"p":[0.005444416,-0.1073978,-0.03512104],"r":[292.3778,351.9525,356.8959],"s":[0.07850503,0.07642358,0.2514235],"c":[0,0,0]}]}]}