{"n":"thing","a":[7,18],"p":[{"b":53,"s":[{"p":[0,0,0],"r":[0,0,-7.656432E-20],"s":[0.124999,0.1250027,0.1249974],"c":[0.3333332,0.1386242,0.03703704]}]},{"b":53,"s":[{"p":[4.051633E-08,0.2317264,0],"r":[1.001791E-05,-1.001791E-05,-6.157171E-14],"s":[0.08775073,0.8421192,0.07977949],"c":[0.3333332,0.1386242,0.03703704]}]},{"b":53,"s":[{"p":[0,0.6787307,0],"r":[0,0,1.001791E-05],"s":[0.2990773,0.04462245,0.4842719],"c":[0.3333332,0.1386242,0.03703704]}]}]}