{"n":"thing","a":[7,13,18],"p":[{"b":5,"t1":38,"s":[{"p":[-13.285,-0.3694469,-0.05727768],"r":[-1.707547E-06,1.272222E-13,180],"s":[0.1251846,0.1251778,2.485852],"c":[0.2222221,0.1502644,0.07407398],"t1":{"c":[0.5555556,0.5555556,0.5555556],"x":0.5,"y":0.08046722,"a":0.8925,"m":0,"n":0,"r":0,"g":0,"o":0.5,"t":0.5,"e":0.5}}]},{"b":5,"t1":38,"s":[{"p":[-1.490116E-08,-0.1441925,0],"r":[0,0,0],"s":[0.12507,0.1250515,2.483894],"c":[0.222222,0.1502644,0.07407395],"t1":{"c":[0.5555556,0.5555556,0.5555556],"x":0.5,"y":0.08046722,"a":0.8925,"m":0,"n":0,"r":0,"g":0,"o":0.5,"t":0.5,"e":0.5}}]}]}