{"n":"thing","a":[2,3],"p":[{"b":5,"s":[{"p":[0,0,0],"r":[0,0,0],"s":[0.009234627,0.01115318,0.125003],"c":[1,1,1]}]},{"b":5,"s":[{"p":[0.0006083883,0.001299273,0.05023038],"r":[359.4508,1.645844,358.9892],"s":[0.01636811,0.01468661,0.005000004],"c":[1,1,1],"b":["when triggered then tell any wink"]}]}]}