{"n":"thing","p":[{"t":8,"a":[12,17],"s":[{"p":[0,0,0],"r":[0,0,-2.668043E-08],"s":[1.001116,0.1750002,3.131451],"c":[1,1,1],"b":["when walked into then play machine squeak 2 with high-pass, become next in 1s"]},{"p":[0,0,0],"r":[0,0,-2.668043E-08],"s":[1.001116,0.1750002,3.131451],"c":[1,1,1],"b":["when starts then become next in 28s"]}]}]}