{"n":"thing","p":[{"b":3,"t":3,"s":[{"p":[0,0,0],"r":[0,0,-1.707547E-06],"s":[0.06099996,0.1250003,0.1668578],"c":[0.7777778,0.7777778,0.7777778],"b":["when starts then set light intensity 20"]}]}]}