{"n":"venn diagram","a":[21],"p":[{"b":86,"s":[{"p":[-0.2901382,-0.008827056,-0.08233965],"r":[0.5645339,10.60973,358.306],"s":[0.206366,0.212103,0.2071072],"c":[1,1,1]}]},{"b":86,"s":[{"p":[-0.06944542,-0.0211923,0.03401577],"r":[358.5454,355.2196,358.1148],"s":[0.2063661,0.2121028,0.2071069],"c":[1,1,1]}]},{"b":86,"s":[{"p":[-0.07356685,-0.02932795,-0.2873207],"r":[358.7761,7.559457,359.1173],"s":[0.2063664,0.212103,0.2071075],"c":[1,1,1]}]}]}