{"n":"thing","a":[7,18],"p":[{"t1":38,"s":[{"p":[0,0,0],"r":[0,0,0],"s":[1.876632,4.375526,0.1967111],"c":[0.2222219,0.1382714,0.04938254],"t1":{"c":[1,1,1],"x":0.5,"y":0.5,"a":0.8925,"m":0,"n":0,"r":0,"g":0,"o":0.5,"t":0.5,"e":0.5}}]}]}