{"n":"thing","p":[{"b":18,"e":"IT'S A VENN \nPIEAGRAM!","s":[{"p":[0,0,0],"r":[0,0,-9.338148E-08],"s":[0.003000002,0.003000003,0.003000003],"c":[1,1,1]}]},{"s":[{"p":[0.08933187,-0.04199431,0.01325478],"r":[281.0363,6.916776,353.0732],"s":[0.2345839,0.005000007,0.09323729],"c":[0,0,0]}]}]}