{"n":"thing","a":[7,18],"p":[{"t2":38,"s":[{"p":[0,0,0],"r":[0,0,0],"s":[0.1750463,16.62191,3.839883],"c":[0.3333331,0.2253966,0.1111109],"t2":{"c":[0.7777778,0.7777778,0.7777778],"x":0.5,"y":0.07155561,"a":0.8925,"m":0,"n":0,"r":0,"g":0,"o":0.5,"t":0.5,"e":0.5}}]}]}