{"n":"thing","a":[7,18],"p":[{"b":5,"t":9,"s":[{"p":[0,0,0],"r":[0,0,0],"s":[0.08012427,0.0801353,0.005000959],"c":[0.5555556,0,0]}]}]}