{"n":"thing","a":[7,18],"p":[{"b":4,"t":8,"a":[12],"su":[{"i":"599ce20737e09642a8b31af8","t":"599ce35a7ea497b0131785fb","p":[0.4222962,0.0005928278,1.06954],"r":[90,180,0]}],"s":[{"p":[0,0,0],"r":[0,0,0],"s":[0.009211366,0.01156692,0.01386825],"c":[1,1,1],"b":["when told by any openfreezer then become 2 in 0.8s"]},{"p":[0,-5.820766E-11,-0.0004147292],"r":[0,0,89.99999],"s":[0.009224055,0.01155436,0.01387088],"c":[1,1,1],"b":["when told by any stay then become next in 0s","when told by any openfreezer then become 1 in 0.8s"]},{"p":[0,2.910383E-11,0.0001971722],"r":[0,0,89.99999],"s":[0.009235748,0.0115511,0.01386118],"c":[1,1,1],"b":["when told by any stay then become previous in 0s","when told by any openfreezer then become 1 in 0.8s"]}]}]}