{"n":"thing","a":[7,18],"p":[{"s":[{"p":[-2.980232E-08,-1.192093E-07,0.7522794],"r":[0,0,0],"s":[2.787803,0.1086394,0.0483463],"c":[0,0,0],"b":["when told by any dark then become next in 0.2s"]},{"p":[0,0,0],"r":[0,0,0],"s":[2.787102,0.1086293,1.343685],"c":[0,0,0],"b":["when told by any dark then become 1 in 0.2s","when told by any stay then become next in 0s"]},{"p":[0,0,0],"r":[0,0,0],"s":[2.787102,0.1086293,1.343685],"c":[0,0,0],"b":["when told by any dark then become 1 in 0.2s","when told by any stay then become previous in 0s"]}]}]}