{"n":"thing","a":[2,3,21],"p":[{"b":17,"s":[{"p":[0,0,0],"r":[4.268868E-07,0,0],"s":[0.1234902,0.2758946,0.1234913],"c":[0.190476,0.6666667,0]}]},{"b":17,"s":[{"p":[0.01817864,0.31073,-0.007992417],"r":[349.2781,359.8913,355.4498],"s":[0.1234904,0.2758948,0.1234912],"c":[0.190476,0.6666667,0],"b":["when any part hit then add crumbles for all parts","when any part hit then play squelchy squirt with very-varied-pitch high-pitch 60"]}]},{"b":17,"s":[{"p":[0.08257137,0.6199006,-0.05287337],"r":[342.2396,359.0533,351.4206],"s":[0.1234901,0.2758924,0.1234911],"c":[0.190476,0.6666667,0]}]}]}