{"n":"thing","p":[{"s":[{"p":[0,0,0],"r":[0,0,0],"s":[0.2291212,0.09169924,0.1249088],"c":[1,0,0.3428572],"b":["when touched then tell any reset, become next in 0.5s"]},{"p":[0,0,0],"r":[0,0,0],"s":[0.2291212,0.09169924,0.1249088],"c":[0,0,0],"b":["when starts then become next in 0.5s"]}]},{"b":18,"e":"RESET","s":[{"p":[-0.1030284,0.04817428,0.03321257],"r":[86.99274,159.1913,161.0552],"s":[0.006188507,0.006188504,0.006188504],"c":[0,0,0]}]}]}