{"n":"4","a":[7,18,32],"p":[{"su":[{"i":"599e91f3fc386826a8a8bb7b","t":"59052bef51dfe8b0133dc310","p":[-0.5367951,0.07943899,1.328377],"r":[356.597,320.5252,302.1713]}],"s":[{"p":[0.006666422,0.9970447,-0.08802235],"r":[0,0,2.003583E-05],"s":[0.1444701,0.5549511,0.132861],"c":[0.6666667,0.6666667,0.6666667],"b":["when told by any 4 then become untweened next in .05s"]},{"p":[0,-1.5,-2.384186E-07],"r":[0,0,1.001791E-05],"s":[0.1444717,0.5549011,0.1328524],"c":[0.6666667,0.6666667,0.6666667],"b":["when told by any reset then become untweened next in 0.05s","when told by any refresh then become 2 in 0.05s","when told by any 4 then become untweened next in .05s"]}]}]}