{"n":"thing","a":[22,18,20],"p":[{"b":60,"s":[{"p":[0,0,0],"r":[0,0,0],"s":[0.1980617,0.08629052,0.07856182],"c":[0.4444443,0.4021163,0.148148]}]},{"b":60,"s":[{"p":[0,-1.862645E-09,0.01685608],"r":[0,0,1.502687E-05],"s":[0.1542817,0.06353324,0.07856426],"c":[0.4444443,0.4021163,0.148148]}]},{"b":60,"s":[{"p":[0,0.003232298,0.02216968],"r":[0,0,337.5],"s":[0.0704181,0.01255221,0.07455232],"c":[0,0,0]}]}]}