{"n":"thing","a":[7,18],"p":[{"t1":66,"s":[{"p":[-3.72529E-08,-0.0999999,0],"r":[0,0,0],"s":[0.673004,0.1750043,2.375004],"c":[0,0,0],"t1":{"c":[1,1,1],"x":0.7677151,"y":0.6686207,"a":1,"m":0,"n":0.005066156,"r":0,"g":0,"o":0.5,"t":0.5,"e":0.5}}]}]}