{"n":"thing","a":[7,18],"p":[{"t1":24,"s":[{"p":[0,0,0],"r":[0,0,0],"s":[19.4587,24.96281,0.1750473],"c":[0.8888889,0.8888889,0.8888889],"t1":{"c":[0,0,0],"x":0.2181983,"y":0.6474867,"a":0.8925,"m":0,"n":0,"r":0,"g":0,"o":0.5,"t":0.5,"e":0.5}}]}]}