{"n":"grass","a":[21],"p":[{"b":66,"s":[{"p":[0.2324307,0.00885633,-0.1230377],"r":[352.376,317.271,356.1934],"s":[0.04438586,0.1531682,0.009493219],"c":[0.1037036,0.3333332,0.07407398]}]},{"b":66,"s":[{"p":[0.1452106,-0.05279256,-0.1341338],"r":[8.230666,317.2222,21.03073],"s":[0.04438588,0.1095967,0.009493219],"c":[0.169312,0.3333332,0.148148]}]},{"b":66,"s":[{"p":[0.2692215,-0.1223263,-0.1030363],"r":[317.8862,278.7381,348.7525],"s":[0.02821236,0.08741321,0.009493254],"c":[0.1820104,0.4444443,0.148148]}]},{"b":66,"s":[{"p":[0.2092795,-0.02853115,-0.07146727],"r":[5.11973,297.4092,348.9172],"s":[0.03595993,0.1235031,0.00949325],"c":[0.09453251,0.4444443,0.04938262]}]}]}