{"n":"thing","a":[8],"p":[{"b":4,"t":4,"s":[{"p":[0,0,0],"r":[0,0,0],"s":[0.4042636,0.4105657,0.03467768],"c":[0.5185185,0.7777778,0.7777778]}]}]}