{"n":"legendary artifact","p":[{"b":73,"t":9,"s":[{"p":[0,0,0],"r":[0,0,0],"s":[0.4409442,0.4409432,0.4409434],"c":[1,0,0],"b":["when touched then tell nearby toomanydogs","when triggered then play wrong 2"]},{"p":[0,0,0],"r":[0,0,0],"s":[0.4409442,0.4409432,0.4409434],"c":[1,0,0]}]},{"b":18,"e":"YOU'RE CARRYING TOO MANY DOGS.","s":[{"p":[-0.08686438,-0.03478948,0.0327671],"r":[64.71224,108.3928,115.0949],"s":[0.00100011,0.001000059,0.001000015],"c":[1,1,1],"b":["when told by nearby toomanydogs then become untweened 2","when told by nearby toomanydogs then play bashing"]},{"p":[-0.2477088,-0.1618454,0.2562111],"r":[64.71224,108.3928,115.0949],"s":[0.002999948,0.003000061,0.00299997],"c":[1,1,1],"b":["when starts then become untweened 1 in 29.9s"]}]}]}