{"n":"top","a":[7,18],"p":[{"b":69,"t":1,"s":[{"p":[0,0,0],"r":[0,0,0],"s":[0.004999779,0.03396382,0.005000311],"c":[0.2222221,0.2010581,0.07407398]}]},{"b":4,"t":1,"s":[{"p":[-0.0002174363,0.01656437,-0.0004272432],"r":[90,270,0],"s":[0.03246121,0.03246174,0.01351276],"c":[0.2222221,0.2010581,0.07407398]}]},{"b":4,"t":1,"s":[{"p":[-0.0002174347,0.03565216,-0.0004272398],"r":[270,90,0],"s":[0.03247005,0.03246676,0.006663188],"c":[0.2222221,0.2010581,0.07407398]}]},{"b":57,"t":1,"s":[{"p":[-1.251448E-05,0.03129005,-0.001376152],"r":[-1.001791E-05,1.252119E-12,180],"s":[0.03405733,0.02397927,0.03405187],"c":[0.222222,0.2010581,0.07407395]}]}]}