{"n":"thing","p":[{"b":20,"e":"BALLOON DECORATIONS!!!","s":[{"p":[0,0,0],"r":[-1.334021E-08,0,0],"s":[0.003000011,0.003000003,0.003000014],"c":[1,1,1]}]}]}