{"n":"thing","p":[{"im":"857229350282400612/524F7855AE76FA85A3A3C07803BF2892D7DC7DE3/","s":[{"p":[0,0,0],"r":[-2.385416E-15,-4.268868E-07,-6.403303E-07],"s":[0.641927,0.008356698,0.7833889],"c":[1,1,1]}]}]}