{"n":"thing","p":[{"im":"857229442438671734/C93272B74CECF4C7662E65A8ACD6C91CBC750A97/","s":[{"p":[0,0,0],"r":[0,0,1.855123E-08],"s":[0.5507838,0.01000001,0.7109194],"c":[1,1,1]}]}]}