{"n":"thing","p":[{"im":"857229442438663617/94AD2091F104BF20724258691EACE76604973F30/","s":[{"p":[0,0,0],"r":[0,0,0],"s":[0.5086275,0.01000001,0.7497555],"c":[1,1,1]}]}]}