{"n":"thing","p":[{"b":17,"s":[{"p":[-0.9332165,0.2801514,-0.02397114],"r":[0.8679886,2.742399,348.4559],"s":[0.03226976,0.0224454,0.406688],"c":[0.111111,0.08395045,0.02469136]}]},{"b":17,"s":[{"p":[0.1073994,0.06734986,-0.07704503],"r":[0.8679871,2.742399,78.45588],"s":[0.03227302,0.02244874,0.4067298],"c":[0.111111,0.08395045,0.02469136]}]},{"b":17,"s":[{"p":[-0.4866323,0.1883157,-0.1809733],"r":[11.7566,97.12508,24.42733],"s":[0.01476209,0.01439655,0.5324569],"c":[0.111111,0.08395045,0.02469136]}]},{"b":17,"s":[{"p":[-0.4232915,0.1758483,0.2585038],"r":[11.64195,93.48254,14.35099],"s":[0.01476222,0.01439662,0.5324579],"c":[0.111111,0.08395039,0.02469136]}]}]}