{"n":"thing","p":[{"b":3,"s":[{"p":[0,0,0],"r":[0,0,0],"s":[7.921191,0.946623,2.737211],"c":[0.04726617,0.222222,0.02469136]}]}]}