{"n":"thing","a":[2,13,14,15,19,25,30],"p":[{"b":3,"t":6,"pr":2,"t1":40,"t2":47,"s":[{"p":[0,0,0],"r":[0,0,0],"s":[0.1250004,0.1250003,0.1250004],"c":[1,0,0.8571426],"b":["when touched then become next in 0.2s"],"t1":{"c":[1,0,0.5142857],"x":0.5,"y":0.5,"a":0.8925,"m":0,"n":0,"r":0,"g":0,"o":0.5,"t":0.5,"e":0.5},"t2":{"c":[1,1,1],"x":0.5,"y":0.5,"a":0.8925,"m":0,"n":0,"r":0,"g":0,"o":0.5,"t":0.5,"e":0.5},"pr":{"c":[1,1,1],"m":0.25,"a":0.25,"s":0.15,"z":0.25,"g":0.5,"h":0.25}},{"p":[0,0,0],"r":[0,0,0],"s":[0.1250004,0.1250003,0.1250004],"c":[1,0,0.8571426],"t1":{"c":[1,0,0.5142857],"x":0.5,"y":0.5,"a":0.8925,"m":0,"n":0,"r":0,"g":0,"o":0.5,"t":0.5,"e":0.5},"t2":{"c":[1,1,1],"x":0.5,"y":0.5,"a":0.8925,"m":0,"n":0,"r":0,"g":0,"o":0.5,"t":0.5,"e":0.5},"pr":{"c":[1,1,1],"m":0.25,"a":0.25,"s":0.15,"z":0.25,"g":0.5,"h":0.25}}]}]}