{"n":"thing","p":[{"t":8,"a":[12],"s":[{"p":[0,0,0],"r":[0,0,-1.707547E-06],"s":[0.1749999,0.1750001,0.1750001],"c":[1,1,1],"b":["when starts then loop fire with 120"]}]}]}