{"n":"thing","a":[7],"p":[{"s":[{"p":[0,0,0],"r":[0,0,-7.656432E-20],"s":[106.7822,0.005000297,88.53267],"c":[0.5502645,0.5555556,0.3703702]}]}]}