{"n":"thing","p":[{"b":17,"s":[{"p":[0,0,0],"r":[0,0,0],"s":[0.005000002,0.005000002,0.005000001],"c":[1,0.8571429,0]}]},{"b":10,"s":[{"p":[-0.03119155,0.01042721,-0.07408552],"r":[332.2291,359.4525,355.3943],"s":[0.005000001,0.005,0.005000003],"c":[0.2222221,0.1975307,0.04938262]}]}]}