{"n":"workbench","a":[7],"p":[{"t1":86,"s":[{"p":[0,0,0],"r":[0,0,0],"s":[1.735467,0.7801821,0.7341665],"c":[0.3333332,0.2857142,0],"t1":{"c":[0.4444444,0.4021164,0.1481481],"x":0.1063271,"y":0.5,"a":0.8925,"m":0,"n":0,"r":0,"g":0,"o":0.5,"t":0.5,"e":0.5}}]}]}