{"n":"thing","a":[7,18],"p":[{"b":3,"t":1,"s":[{"p":[0,0,0],"r":[0,0,0],"s":[0.2185288,0.2284002,0.005000017],"c":[1,1,1]}]}]}