{"n":"thing","inc":[["tennis ball","59be16525ecc97d51303849d"],["thing","59bebbd5390e683b11aa5af9"]],"p":[{"s":[{"p":[0,0,0],"r":[0,0,0],"s":[0.005000012,0.1494087,0.005000017],"c":[1,1,1],"b":["when touched then emit thing"]}]}]}