{"n":"thing","a":[2,3],"inc":[["thing","59bfd606ffef841619f27899"],["thing 2","59bfd69da3884eac1325a49d"],["thing 3","59bfd6ed15b347d013c9c2f8"]],"p":[{"b":5,"s":[{"p":[0.05823403,-0.0081608,0.1661378],"r":[332.2037,346.2253,56.67755],"s":[0.02130828,0.02130856,0.03547438],"c":[1,1,1],"b":["when shaken then emit thing 3 with 0.1"]}]},{"b":5,"s":[{"p":[0.06577576,-0.02375378,0.1366989],"r":[332.2037,346.2253,56.67755],"s":[0.01729304,0.01729425,0.06228176],"c":[1,0.6857142,0]}]}]}