{"n":"tennis ball","a":[2,9,31],"p":[{"b":3,"t1":156,"s":[{"p":[0,0,0],"r":[0,0,0],"s":[0.04504227,0.04504221,0.04504229],"c":[0.2126982,1,0.111111],"b":["when hit then add crumbles then destroy all parts"],"t1":{"c":[0.984127,1,0.4444444],"x":0.5,"y":0.5,"a":0.8925,"m":0,"n":0,"r":0,"g":0,"o":0.5,"t":0.5,"e":0.5}}]}]}