{"n":"thing","a":[31],"p":[{"b":62,"s":[{"p":[0,0,0],"r":[0,0,0],"s":[0.1250001,0.1250002,0.1250002],"c":[1,1,1]}]},{"b":69,"s":[{"p":[0.1198381,0.3129897,-0.03881428],"r":[60.62074,81.48058,256.7287],"s":[0.005,0.005,0.005],"c":[1,1,1]}]}]}