{"n":"thing","a":[2,9],"p":[{"b":69,"t1":19,"s":[{"p":[0,0,0],"r":[4.202167E-07,3.335054E-09,1.067217E-07],"s":[0.005000001,0.004999999,0.005000004],"c":[1,0,0],"b":["when consumed then play splat crunch hit, then destroy all parts"],"t1":{"c":[1,1,1],"x":0.17,"y":0.17,"a":0.8925,"m":0.5,"n":0.5,"r":0,"g":0,"o":0.5,"t":0.5,"e":0.5}}]}]}