{"n":"thing","a":[21],"p":[{"b":3,"s":[{"p":[0,0,0],"r":[0,0,0],"s":[0.01532683,0.01532683,0.01532683],"c":[1,1,1]}]}]}