{"n":"thing","a":[2,3,12],"inc":[["thing","59c08490fdb459d21307d72c"]],"p":[{"s":[{"p":[0.001899775,-0.005701793,-0.0359946],"r":[358.5702,1.942374,2.071753],"s":[0.0218345,0.02615912,0.09392354],"c":[1,1,1],"b":["when triggered then emit gravity-free thing with 50"]}]},{"s":[{"p":[0.02266192,-0.007861046,-0.07793905],"r":[2.037872,289.3843,0.4104758],"s":[0.02183469,0.01744582,0.03504542],"c":[1,1,1]}]}]}