{"n":"thing","p":[{"b":3,"t1":25,"s":[{"p":[0,0,0],"r":[4.260531E-07,-3.967928E-16,-1.067217E-07],"s":[1.140981,0.199276,0.4146202],"c":[0,0,0],"t1":{"c":[0.4444444,0.3245149,0.1975308],"x":0.5,"y":0.5,"a":0.8925,"m":0,"n":0,"r":0,"g":0,"o":0.5,"t":0.5,"e":0.5}}]}]}