{"n":"thing","a":[7,18,20],"p":[{"t":1,"s":[{"p":[0,0,0],"r":[0,0,0],"s":[24.97271,0.02370691,0.102824],"c":[0.1111105,0.1111105,0.1111105]}]}]}