{"n":"floor","p":[{"s":[{"p":[0,0,0],"r":[0,0,0],"s":[17.00155,0.04507776,10.69843],"c":[0.3086419,0.4497354,0.5555556]}]}]}