{"n":"thing","p":[{"t":8,"a":[12],"pr":57,"s":[{"p":[0.1856176,-1.915165,0.08870788],"r":[0.93523,359.8703,2.087506],"s":[0.1750001,0.1750001,0.1750002],"c":[1,1,1],"b":["when neared then become next in 3","when neared then play ghost whoosh with very-low-pitch","when neared then play scary horror ghost with 500"],"pr":{"c":[0.5555556,0.5555556,0.5555556],"m":0,"a":0,"s":0,"z":0,"g":0.5,"h":0.5}},{"p":[0,0,0],"r":[0,0,0],"s":[0.175,0.1750001,0.1750001],"c":[1,1,1],"b":["when starts then become 3"],"pr":{"c":[1,1,1],"m":0.08629179,"a":0.05977178,"s":0,"z":0.6364796,"g":0.5,"h":0.5}},{"p":[0,0,0],"r":[0,0,0],"s":[0.175,0.1750001,0.1750001],"c":[1,1,1],"pr":{"c":[1,1,1],"m":0,"a":0,"s":0,"z":0,"g":0.5,"h":0.5}}]}]}