{"n":"thing","a":[6],"p":[{"b":5,"t":8,"a":[12],"pr":35,"s":[{"p":[0,0,0],"r":[0,0,0],"s":[0.1250003,0.1250003,0.1250004],"c":[1,1,1],"b":["when told by nearby open then become next in 1.8"],"pr":{"c":[0.5396826,0.5555556,0],"m":0,"a":0,"s":0,"z":0,"g":0.5,"h":0.5}},{"p":[0,0,0],"r":[0,0,0],"s":[0.1250003,0.1250003,0.1250004],"c":[1,1,1],"pr":{"c":[0.5396826,0.5555556,0],"m":0.25,"a":0.01233095,"s":0.15,"z":0.5,"g":0.5,"h":0.5}}]}]}