{"n":"thing","a":[7],"p":[{"b":137,"e":"PARK","s":[{"p":[0,0,0],"r":[0,0,0],"s":[0.02676092,0.02676047,0.02676072],"c":[1,1,1]}]}]}