{"n":"thing","a":[7],"p":[{"b":137,"e":"TUNNEL \n EAST","s":[{"p":[0,0,0],"r":[0,0,0],"s":[0.02391545,0.02391605,0.02391591],"c":[1,1,1]}]}]}