{"n":"thing","inc":[["7","59c6ed2e9c8bb0881f006b9b"]],"p":[{"t":8,"a":[12,14],"s":[{"p":[0,0,0],"r":[0,0,6.670106E-09],"s":[0.04805879,0.005,0.04216167],"c":[1,0.1714284,0],"b":["when starts then emit gravity-free 7 with 0, then become next in 23.3s"]},{"p":[0,0,0],"r":[0,0,6.670106E-09],"s":[0.04805879,0.005,0.04216167],"c":[1,0.1714284,0],"b":["when starts then become 1 in 0s"]}]}]}