{"n":"wall","a":[7,13,18],"p":[{"t1":151,"s":[{"p":[0,0,0],"r":[0,0,0],"s":[0.5707988,0.08810551,2.742929],"c":[0.222222,0.1982362,0.1728394],"b":["when touched then become 2 in 0.2s"],"t1":{"c":[0,0,0],"x":0.6432855,"y":0.1794168,"a":0.8925,"m":0,"n":0,"r":0,"g":0,"o":0.5,"t":0.5,"e":0.5}},{"p":[0.001800292,-0.08635617,7.450581E-09],"r":[0,0,-5.008957E-06],"s":[0.5710326,0.08811857,2.743374],"c":[0.2222219,0.1982361,0.1728393],"b":["when starts then become 3 in 0.5s"],"t1":{"c":[0,0,0],"x":0.6432855,"y":0.1794168,"a":0.8925,"m":0,"n":0,"r":0,"g":0,"o":0.5,"t":0.5,"e":0.5}},{"p":[-0.5650728,-0.08635612,7.450581E-09],"r":[0,0,0],"s":[0.5713198,0.08813929,2.74394],"c":[0.2222219,0.1982361,0.1728393],"b":["when touched then become 4 in 0.5s"],"t1":{"c":[0,0,0],"x":0.6432855,"y":0.1794168,"a":0.8925,"m":0,"n":0,"r":0,"g":0,"o":0.5,"t":0.5,"e":0.5}},{"p":[0.001389019,-0.08635617,7.450581E-09],"r":[0,0,1.001791E-05],"s":[0.5716325,0.08815905,2.744513],"c":[0.2222219,0.198236,0.1728393],"b":["when starts then become 1 in 0.2s"],"t1":{"c":[0,0,0],"x":0.6432855,"y":0.1794168,"a":0.8925,"m":0,"n":0,"r":0,"g":0,"o":0.5,"t":0.5,"e":0.5}}]}]}