{"n":"brown","a":[6,5],"p":[{"a":[11],"t1":58,"t2":13,"s":[{"p":[0,0,0],"r":[0,0,0],"s":[1.184975,0.1750003,4.950264],"c":[0.4444443,0.3880069,0.04938258],"b":["when starts then become next in 10"],"t1":{"c":[0,0,0],"x":0.1223755,"y":0.1837311,"a":0.9873639,"m":0,"n":1,"r":0,"g":0,"o":0.5,"t":0.5,"e":0.5},"t2":{"c":[0,0,0],"x":0.08589356,"y":0.1269702,"a":0.8925,"m":0.5,"n":0.5,"r":0,"g":0,"o":0.5,"t":0.5,"e":0.5}},{"p":[0,0,0],"r":[0,0,0],"s":[1.184975,0.1750003,4.950264],"c":[0.4444443,0.3880069,0.04938255],"b":["when starts then become untweened previous"],"t1":{"c":[0,0,0],"x":0.1223755,"y":0.1837311,"a":0.9873639,"m":0,"n":0,"r":0,"g":0,"o":0.5,"t":0.5,"e":0.5},"t2":{"c":[0,0,0],"x":0.08589356,"y":0.1269702,"a":0.8925,"m":0.5,"n":0.5,"r":0,"g":0,"o":0.5,"t":0.5,"e":0.5}}]}]}