{"n":"thing","p":[{"t":8,"a":[11,12],"su":[{"i":"59cd6144992df130ec6d427a","t":"59cd63bd575a8b2e10be05e4","p":[-3.537295,5.914985,4.015207],"r":[3.078351,180.8948,155.9444]}],"s":[{"p":[0,0,0],"r":[0,0,0],"s":[0.9286474,0.7550341,0.797955],"c":[1,0.342857,0],"b":["when starts then become 2 in 1s"]},{"p":[-0.1196045,0.1668015,-30.38502],"r":[358.7124,0.09554948,7.429582],"s":[0.9286473,0.7550339,0.7979545],"c":[1,0.3428569,0],"b":["when starts then become 3 in 2s"]},{"p":[-2.733178,-0.1420174,-37.78226],"r":[356.8557,5.069086,15.34947],"s":[0.9286482,0.7550348,0.7979568],"c":[1,0.3428569,0]}]}]}