{"n":"movemoon","p":[{"b":2,"t":8,"a":[12],"s":[{"p":[0,0,0],"r":[0,0,1.067217E-07],"s":[0.4872538,0.3612604,0.6146363],"c":[1,1,1]}]}]}