{"n":"thing","a":[7,18],"p":[{"b":4,"t":8,"a":[12],"su":[{"i":"59c6ba89dedf201248da4719","t":"59c6d0d89c8bb0881f006b8a","p":[-0.03444672,0.8757935,-1.264847],"r":[270,1.001791E-05,0]}],"s":[{"p":[0,0,0],"r":[0,0,0],"s":[0.4121782,0.03014423,0.32791],"c":[1,1,1],"b":["when told by any huge then become next in 0.2s, play steam release with low-pitch 500"]},{"p":[0,1.490116E-08,0.1611519],"r":[0,0,0],"s":[0.4121908,0.03015112,0.3279847],"c":[1,1,1],"b":["when starts then become next in 5s, play monster roar 2 with low-pitch 250"]},{"p":[0,4.768372E-07,5.324898],"r":[0,0,0],"s":[0.4122221,0.03017567,0.3282453],"c":[1,1,1],"b":["when starts then become next in 1s"]},{"p":[0,4.768372E-07,5.324898],"r":[0,0,0],"s":[0.4122221,0.03017567,0.3282453],"c":[1,1,1],"b":["when starts then become 3 in 28s"]}]}]}