{"n":"thing","p":[{"t":8,"a":[12,17],"s":[{"p":[0,0,0],"r":[0,0,4.002064E-08],"s":[2.797004,0.1750002,6.819309],"c":[1,1,1]}]}]}