{"n":"thing","a":[7,18],"p":[{"t":1,"s":[{"p":[0,0,0],"r":[0,0,0],"s":[3.810865,1.379301,0.049225],"c":[0.7777778,0.7777778,0.7777778]}]}]}