{"n":"thing","a":[5],"p":[{"b":17,"s":[{"p":[0,0,0],"r":[0,0,2.668043E-08],"s":[11.52361,6.663657,6.663657],"c":[0.2222214,0.2222214,0.2222214]}]}]}