{"n":"thing","p":[{"b":14,"t":7,"pr":12,"t1":76,"s":[{"p":[-0.04254501,0.2293924,-0.4280524],"r":[336.8408,96.12827,351.7765],"s":[0.06000027,0.06000027,0.06000041],"c":[0,1,1],"t1":{"c":[0,0,0],"x":0.5,"y":0.5,"a":0.8925,"m":0,"n":0,"r":0,"g":0,"o":0.5,"t":0.5,"e":0.5},"pr":{"c":[1,1,1],"m":0.25,"a":0.25,"s":0.15,"z":0.025,"g":0.5,"h":0.25}}]},{"b":121,"e":"TEST","s":[{"p":[-0.0297493,-0.05163249,0.02895924],"r":[81.37162,272.4324,177.0029],"s":[0.003000004,0.003000003,0.003000002],"c":[1,1,1]},{"p":[-0.03094025,0.2040628,-0.3976452],"r":[19.06958,189.367,72.92988],"s":[0.003000006,0.003000005,0.003000004],"c":[1,1,1]}]}]}