{"n":"thing","a":[7,18],"p":[{"b":5,"t":1,"s":[{"p":[0,0,0],"r":[0,0,0],"s":[0.005000479,0.005002972,1.794244],"c":[0,0,0]}]}]}