{"n":"thing","a":[7,18],"p":[{"t":9,"su":[{"i":"59d07203dedf20172ca9bf97","t":"59d1950b37d460ac139b7730","p":[-0.802609,-0.02055201,0.006996264],"r":[-1.502687E-05,270,180]}],"s":[{"p":[0.01855803,-0.1678787,2.793968E-08],"r":[0,0,0],"s":[0.06435701,1.209516,0.1380744],"c":[0.2222219,0.2222219,0.2222219],"b":["when told by nearby gozer99 then become next in 4s, play door screeching and squeaking with 250, tell any ghosty"]},{"p":[-0.003325701,-0.1678787,2.980232E-08],"r":[1.001791E-05,270,1.001792E-05],"s":[0.06439658,1.209566,0.223342],"c":[0.2222219,0.2222219,0.2222219],"b":["when starts then become next in 15s"]},{"p":[-0.003325701,-0.1678787,2.980232E-08],"r":[1.001791E-05,270,1.001792E-05],"s":[0.06439658,1.209566,0.223342],"c":[0.2222219,0.2222219,0.2222219],"b":["when starts then become next in 3s"]},{"p":[0.01855803,-0.1678787,2.793968E-08],"r":[0,0,0],"s":[0.06435701,1.209516,0.1455541],"c":[0.2222219,0.2222219,0.2222219],"b":["when starts then become next in 0.2s, play key locking door"]}]}]}