{"n":"thing","p":[{"b":59,"t":4,"t1":10,"s":[{"p":[0,0,0],"r":[0,0,0],"s":[0.2127478,0.4597382,0.1874457],"c":[0.111111,0.111111,0.111111],"t1":{"c":[0.4444444,0.4444444,0.4444444],"a":0}}]},{"t1":102,"t2":10,"s":[{"p":[-0.07680704,-0.00043246,0.1791115],"r":[275.6113,148.4833,17.66641],"s":[0.08092416,0.02771691,0.09136018],"c":[0.5555556,0.4938272,0.4938272],"b":["when touched then emit star with 0.1"],"t1":{"c":[0,0,0],"x":0.5,"y":0.5,"a":0.8925,"m":0,"n":0,"r":0,"g":0,"o":0.5,"t":0.5,"e":0.5},"t2":{"c":[0,0,0],"a":0}}]},{"b":13,"t1":102,"s":[{"p":[-0.0790558,0.02314094,0.1914024],"r":[279.385,162.3072,2.875152],"s":[0.005000013,0.005000051,0.01554062],"c":[0.5555556,0.4938272,0.4938272],"t1":{"c":[0,0,0],"x":0.5,"y":0.6086073,"a":0.8925,"m":0,"n":0,"r":0,"g":0.01743317,"o":0.5,"t":0.5,"e":0.5}}]}]}