{"n":"thing","a":[7,18],"p":[{"b":5,"t":1,"s":[{"p":[0,0,0],"r":[0,0,0],"s":[0.005001561,0.005003787,1.794652],"c":[0,0,0]}]}]}