{"n":"thing","p":[{"s":[{"p":[0,0,0],"r":[0,0,0],"s":[2.249616,0.2225728,46.01681],"c":[0,0,0]}]}]}