{"n":"ground","a":[1,21],"p":[{"b":17,"s":[{"p":[0,0,0],"r":[0,0,2.134434E-07],"s":[3.272966,0.1076474,3.115082],"c":[0.9019608,0.8509804,0.7215686]}]}]}