{"n":"thing","a":[22,18,31],"p":[{"b":60,"t":2,"a":[17],"s":[{"p":[-0.01279994,0.02156936,0.01619882],"r":[0,0,22.50002],"s":[0.4899245,0.02313696,0.2394127],"c":[0.111111,0.111111,0.111111]}]},{"b":60,"t":1,"a":[17],"s":[{"p":[0.004620441,-0.01115488,0.00755936],"r":[0,0,22.50001],"s":[0.6132277,0.07368263,0.3398902],"c":[0,0,0]}]},{"b":142,"e":"WORK IN PROGRESS","s":[{"p":[-0.2056258,-0.04017274,0.06038758],"r":[67.50002,90,90],"s":[0.00515121,0.005150671,0.005151183],"c":[1,1,1]}]}]}