{"n":"smoke ball","a":[1],"p":[{"b":73,"t":6,"pr":8,"s":[{"p":[0,0,0],"r":[0,0,0],"s":[0.02257437,0.02257439,0.02257446],"c":[0,0,0],"pr":{"c":[0,0,0],"a":1}}]}]}