{"n":"thing","p":[{"t":3,"s":[{"p":[0,0,0],"r":[0,0,0],"s":[1.380803,2.15456,0.005],"c":[1,1,1]}]}]}