{"n":"thing","a":[7,18],"p":[{"b":83,"t":8,"a":[12],"su":[{"i":"59d3db56fe6ab14a4c6de28a","t":"59d3dc75bf0f32b113a0a8d0","p":[-4.863218,-2.669909,-7.980517],"r":[21.39079,311.4847,23.94398]}],"s":[{"p":[-1.206794E-08,0.01171112,-0.06369402],"r":[-8.14222E-13,90.00002,180],"s":[0.1251157,0.1250768,0.1251211],"c":[1,1,1],"b":["when starts then become 2 in 1s"]},{"p":[0,0,0],"r":[0,0,0],"s":[0.1250991,0.1250701,0.1251044],"c":[1,1,1],"b":["when starts then become 3 in 1s"]},{"p":[-0.09270408,0,-0.07719231],"r":[8.14222E-13,270,-4.829673E-06],"s":[0.1251028,0.1250798,0.1251214],"c":[1,1,1],"b":["when starts then become 4 in 1s"]},{"p":[-0.09270409,-7.450581E-09,-0.1604195],"r":[-5.008957E-06,180,-4.378969E-13],"s":[0.1251107,0.1250872,0.1251225],"c":[1,1,1],"b":["when starts then become 1 in 1s"]}]}]}