{"n":"thing","p":[{"b":9,"t":2,"a":[3],"s":[{"p":[0,0,0],"r":[0,0,4.268868E-07],"s":[0.7881095,0.7881095,0.7881095],"c":[0,0.9142855,1]}]},{"b":17,"t":2,"s":[{"p":[1.322099,0.4950271,0.1258815],"r":[24.98799,2.125249,13.11359],"s":[0.7678924,0.1689044,0.2511951],"c":[0,0.9142855,1]}]}]}