{"n":"wall","a":[7,13,18],"p":[{"t":1,"su":[{"i":"59d51e5765249a06340dc479","t":"59d58669d71334e2139c806d","p":[-0.2140333,0.04031545,0.08316481],"r":[270,90.00001,0]}],"s":[{"p":[-0.00351274,0,0],"r":[0,0,1.001791E-05],"s":[0.570805,0.0881088,2.743007],"c":[0.2222221,0,0],"b":["when touched then become 2 in 0.2s"]},{"p":[-0.004548789,0.08167816,-7.450581E-09],"r":[0,0,5.008957E-06],"s":[0.5710248,0.08812824,2.743337],"c":[0.2222221,0,0],"b":["when starts then become 3 in 0.5s"]},{"p":[0.5663186,0.08124185,-0.002190001],"r":[0,0,1.502687E-05],"s":[0.5710548,0.08814107,2.74357],"c":[0.2222221,0,0],"b":["when touched then become 4 in 0.5s"]},{"p":[-0.003377439,0.08041991,-7.450581E-09],"r":[0,0,0],"s":[0.5710791,0.08816968,2.744226],"c":[0.2222221,0,0],"b":["when starts then become 1 in 0.2s"]}]}]}