{"n":"thing","a":[2],"p":[{"s":[{"p":[-0.7592564,0.1119972,-0.3188521],"r":[1.759254,273.7809,165.4766],"s":[0.1000732,1.103783,0.01755117],"c":[1,1,1]}]},{"s":[{"p":[-0.2616096,0.5629467,-0.1755131],"r":[65.21136,179.6109,93.33681],"s":[0.1000732,1.103783,0.01755116],"c":[1,1,1]}]},{"s":[{"p":[0.1113571,0.08981804,-0.3197671],"r":[0.4221001,80.49025,20.41058],"s":[0.1000733,1.103784,0.01755118],"c":[1,1,1]}]},{"s":[{"p":[-0.3662343,-0.2796218,-0.4276225],"r":[296.4911,354.9413,96.9198],"s":[0.1000733,1.103783,0.0175512],"c":[1,1,1]}]}]}