{"n":"thing","p":[{"s":[{"p":[0,0,0],"r":[0,0,0],"s":[0.04151393,0.01319324,0.1520763],"c":[1,1,1],"b":["when touches hand then tell any door","when touches hand then become 2 in 1s"]},{"p":[0.9313039,0.8714187,0.005255759],"r":[1.939447,359.1119,266.0926],"s":[0.04151401,0.01319327,0.1520764],"c":[1,1,1],"b":["when touches hand then become 1 in 1s","when touches hand then tell any door"]}]}]}