{"n":"thing","a":[7,18,20],"p":[{"t":9,"s":[{"p":[0,0,0],"r":[0,0,0],"s":[29.56287,0.1863008,16.66592],"c":[0.111111,0.111111,0.111111]}]}]}