{"n":"thing","a":[7,18],"p":[{"t":8,"a":[12],"su":[{"i":"59d952ad6079144314577aaa","t":"59d9546f334fbd96130ae311","p":[-0.5300608,0.0295893,-0.7841148],"r":[85.54614,332.2573,332.375]}],"s":[{"p":[0,0,0],"r":[0,0,0],"s":[0.07215802,0.005,0.1750001],"c":[1,1,1],"b":["when told by any door2 then become next in 1s"]},{"p":[0.02030837,-0.0009855506,-0.0005596764],"r":[3.113931,1.427402,267.2186],"s":[0.07216584,0.005000228,0.1750138],"c":[1,1,1],"b":["when told by any door2 then become next in 1s"]}]}]}