{"n":"thing","p":[{"im":"893260449057576395/0A764FA89D62D902B637052F787991F2DAB72119/","s":[{"p":[0,0,0],"r":[0,0,0],"s":[0.2726755,0.01,0.3635674],"c":[1,1,1]}]}]}