{"n":"thing","p":[{"a":[5],"s":[{"p":[0,0,0],"r":[0,0,-4.669074E-08],"s":[0.1638454,0.005,0.1750005],"c":[1,1,1],"b":["when touched hand then go to inventory page 14"]}]},{"b":100,"a":[5],"e":"ART CARDS","s":[{"p":[-0.08215368,0.01192961,0.03091153],"r":[87.21287,165.5336,165.1313],"s":[0.003000002,0.00300001,0.003000006],"c":[0.9714286,1,0],"b":["when touched hand then go to inventory page 14"]}]}]}