{"n":"thing","a":[6,5,7,18],"p":[{"b":4,"t":8,"a":[12,17],"su":[{"i":"59dada0ddedf202db028dac3","t":"59dada4ef4e8bf1d10068915","p":[-0.8305082,-0.00477346,-0.1167224],"r":[-9.659345E-06,270,4.07111E-13]}],"s":[{"p":[0,0,0],"r":[0,0,0],"s":[0.1250038,0.0110065,0.08745944],"c":[1,1,1],"b":["when starts then become next in 4s"]},{"p":[0,-1.490116E-08,0.1342637],"r":[0,0,0],"s":[0.125003,0.0110095,0.08748253],"c":[1,1,1],"b":["when starts then become next in 4s"]}]}]}