{"n":"thing","a":[1,22,18],"p":[{"s":[{"p":[0,0,0],"r":[0,0,0],"s":[0.4488053,0.5459884,0.1750034],"c":[0.4444443,0.4444443,0.4444443]}]},{"s":[{"p":[0,-0.2983027,5.21569E-08],"r":[-1.001791E-05,0,0],"s":[0.5104438,0.1343161,0.2316142],"c":[0.4444443,0.4444443,0.4444443]}]},{"b":103,"e":"R.I.P.","s":[{"p":[-0.1437688,0.1759065,-0.08918767],"r":[3.763252E-13,3.289939E-20,1.001791E-05],"s":[0.01997718,0.0199745,0.01997713],"c":[0,0,0]}]}]}