{"n":"thing","v":2,"a":[6,5,7,18],"p":[{"b":17,"t":7,"s":[{"p":[0,0,0],"r":[0,0,0],"s":[0.1044988,0.005000136,0.1022182],"c":[0.04938256,0.207407,0.4444442],"b":["when touched then play water splash 2","when touched then add crumbles for all parts"]}]}]}