{"n":"ground","v":1,"a":[1,7,13,18],"p":[{"s":[{"p":[-0.3316872,-0.2339077,-8.940697E-08],"r":[0,0,0],"s":[0.01900472,0.3702866,0.01707777],"c":[1,1,1]}]}]}