{"n":"desk","v":1,"a":[7,18],"p":[{"b":7,"t":7,"s":[{"p":[0.002186792,0.0959955,0.0674883],"r":[270.0198,180,0],"s":[0.04189672,0.02336515,0.1632232],"c":[0,0,0]}]},{"b":16,"t":1,"s":[{"p":[0.003917007,0.1615839,0.06625625],"r":[2.003582E-05,180,2.003583E-05],"s":[0.02687349,0.04110086,0.01774632],"c":[0,0,0]}]},{"t":1,"a":[1,4,2],"s":[{"p":[0.001078426,0.3381984,0.04365593],"r":[270.0198,1.001791E-05,0],"s":[0.655705,0.005001056,0.3966553],"c":[0,0,0]}]},{"t":1,"s":[{"p":[0.03971654,0.001758032,-1.125724E-07],"r":[-1.628444E-12,-1.001791E-05,1.628444E-12],"s":[0.8453534,0.02591469,0.5343096],"c":[0,0,0]}]}]}