{"n":"thing","v":2,"a":[7],"p":[{"s":[{"p":[0,0,0],"r":[0,0,0],"s":[0.9410653,0.05473738,1.884071],"c":[0.2028217,0.5555556,0.06172822]}]}]}