{"n":"thing","v":2,"a":[7,18],"p":[{"b":59,"s":[{"p":[0,0,0],"r":[0,0,0],"s":[3.152471,150,3.152507],"c":[0.2222219,0.1622572,0.09876481]}]}]}