{"n":"thing","v":2,"p":[{"b":18,"e":"MASTER COPY","s":[{"p":[0,0,0],"r":[0,0,3.335053E-09],"s":[0.02216738,0.02216737,0.02216737],"c":[1,1,1]}]}]}