{"n":"thing","v":2,"p":[{"b":18,"e":"MAKE A CLONE OF THIS WORLD AND PLAY IT THERE!!","s":[{"p":[0,0,0],"r":[0,0,0],"s":[0.01391814,0.01391814,0.01391814],"c":[0.4444443,0.4444443,0.4444443]}]}]}