{"n":"thing","v":2,"p":[{"b":59,"s":[{"p":[0,0,0],"r":[0,0,2.668043E-08],"s":[0.04735429,2.239223,0.05069844],"c":[0,0,0]}]},{"b":59,"s":[{"p":[0.001393029,-0.07693664,0.001248591],"r":[0.7968386,357.4469,3.272937],"s":[0.05177252,0.1014962,0.05311798],"c":[0.6666667,0.6666667,0.6666667]}]},{"b":59,"s":[{"p":[0.001282796,-0.05316481,-0.001950942],"r":[0.6413275,357.0712,1.908917],"s":[0.0517725,0.1014962,0.05311799],"c":[0.6666667,0.6666667,0.6666667]}]}]}