{"n":"thing","v":2,"p":[{"b":73,"t":2,"s":[{"p":[0,0,0],"r":[0,0,0],"s":[0.05901612,0.05901611,0.05901621],"c":[1,1,1],"b":["when told by any blink then become next in 1s"]},{"p":[0,0,0],"r":[0,0,0],"s":[0.0835634,0.08356339,0.08356349],"c":[1,1,1],"b":["when starts then become next in 6s"]},{"p":[0,0,0],"r":[0,0,0],"s":[0.0835634,0.08356339,0.08356349],"c":[1,1,1],"b":["when starts then become next in 1s"]}]}]}