{"n":"thing","v":2,"p":[{"b":134,"e":"HEAD BY AXEL","s":[{"p":[0,0,0],"r":[0,0,0],"s":[0.009657726,0.009657718,0.009657721],"c":[0.1142855,1,0],"pr":{"c":[0.1142856,1,0],"m":0.25,"a":0.25,"s":0.15,"z":0.25,"g":0.5,"h":0.25}}]}]}