{"n":"thing","v":2,"p":[{"b":14,"s":[{"p":[0,0,0],"r":[0,0,0],"s":[0.06000002,0.06000003,0.06000003],"c":[1,1,1]}]},{"b":14,"s":[{"p":[-0.002124458,0.006508291,-0.2790575],"r":[1.931314,1.249442,4.052187],"s":[0.06000007,0.06000006,0.06000007],"c":[1,1,1]}]}]}