{"n":"thing","v":2,"a":[21],"p":[{"b":3,"s":[{"p":[0,0,0],"r":[0,0,0],"s":[30.66871,4.260807,26.78542],"c":[1,1,1]}]},{"s":[{"p":[-0.6434321,2.501799,-0.2861068],"r":[0.6063253,1.421712,359.4851],"s":[29.27963,3.096447,31.654],"c":[1,1,1]}]}]}