{"n":"thing","v":2,"a":[7,18],"p":[{"b":5,"s":[{"p":[0,0,0.05752516],"r":[0,0,0],"s":[0.009294329,0.009145848,0.0203045],"c":[0.7777778,0.1728394,0.1728394],"b":["when touched then tell any kam"]}]},{"b":5,"s":[{"p":[0,0,0.06107855],"r":[0,0,0],"s":[0.009839409,0.009488254,0.005002866],"c":[0.6666667,0.6666667,0.6666667]}]},{"b":5,"s":[{"p":[0,-0.008195877,0.05103302],"r":[0,0,1.024528E-05],"s":[0.01135439,0.02558457,0.02352254],"c":[0.3333332,0.3333332,0.3333332]}]},{"b":13,"s":[{"p":[-0.0006980896,-0.05389214,0.04733324],"r":[0,0,270],"s":[0.06005619,0.01233097,0.005001378],"c":[0.3132274,0.4444443,0.2962962]}]}]}