{"n":"thing","v":2,"a":[6],"inc":[["airhook","5a0383ec30c105460b7bb13c"],["airhook 2","5a0384b730c105460b7bb13e"]],"p":[{"b":4,"s":[{"p":[0,0,0],"r":[0,0,0],"s":[0.005,0.005,0.008371715],"c":[0,0,0],"b":["when starts then all parts face up","when told by any airhook then emit gravity-free airhook 2 with 0","when told by any airhookh then destroy all parts"],"pr":{"c":[0.2857141,1,0],"m":0.25,"a":0.25,"s":0.15,"z":0.25,"g":0.5,"h":0.25}}]},{"b":14,"s":[{"p":[-0.0005324547,0.001391319,-0.005511514],"r":[315.8332,270.7254,359.7581],"s":[0.005000007,0.005000007,0.01503506],"c":[0,0,0],"b":["when starts then become next in 0.2s"]},{"p":[0.0004037787,6.115227E-05,-0.002503341],"r":[357.1622,177.6419,42.5816],"s":[0.005000018,0.005000014,0.0150351],"c":[0,0,0],"b":["when starts then become 1 in 0.2s"]}]}]}