{"n":"thing","v":2,"a":[1,2,5,7,18,21,36],"p":[{"b":86,"t":7,"t1":59,"t2":60,"s":[{"p":[0,0,0],"r":[0,0,-3.828216E-20],"s":[128.5823,108.9695,143.9545],"c":[0,0,0],"t1":{"c":[1,1,1],"x":0.03514862,"y":0.05324936,"a":0.8925,"m":0,"n":0.1538086,"r":0.06908798,"g":0,"o":0.5,"t":0.5,"e":0.5},"t2":{"c":[1,1,1],"x":0.1484337,"y":0.1080971,"a":0.8925,"m":0,"n":0,"r":0,"g":0,"o":0.5,"t":0.5,"e":0.5}}]},{"b":86,"t1":59,"t2":60,"s":[{"p":[-8.080542E-07,-9.243063,-1.616108E-06],"r":[0,0,-3.828216E-20],"s":[128.5823,108.9695,143.9545],"c":[0,0,0],"t1":{"c":[1,1,1],"x":0.03514862,"y":0.05324936,"a":0.8925,"m":0,"n":0.1538086,"r":0,"g":0,"o":0.5,"t":0.5,"e":0.5},"t2":{"c":[1,1,1],"x":0.1484337,"y":0.1080971,"a":0.8925,"m":0,"n":0,"r":0,"g":0,"o":0.5,"t":0.5,"e":0.5}}]}]}