{"n":"thing","v":2,"a":[2],"inc":[["bull","5963e0eb179ea5a81374e344"]],"p":[{"b":5,"s":[{"p":[0,0,0],"r":[0,0,0],"s":[0.03705491,0.03929748,0.6249774],"c":[1,1,1],"b":["when triggered then emit bull with 10"]}]}]}