{"n":"thing","v":2,"p":[{"b":116,"e":"HEY, YA'LL","s":[{"p":[0,0,0],"r":[0,0,0],"s":[0.02653579,0.02653561,0.0265358],"c":[0,0,0]}]}]}