{"n":"thing","v":2,"a":[2],"p":[{"s":[{"p":[0,0,0],"r":[0,0,0],"s":[2.877728,0.0424673,1.691928],"c":[1,1,1]}]}]}