{"n":"thing","v":2,"p":[{"b":2,"t":8,"a":[12],"su":[{"i":"5a0987583e316d2c74d54af4","t":"5a0987504f18b0790e41a841","p":[0.02181248,0.01790452,0.04462957],"r":[5.518569,352.219,304.3225]}],"s":[{"p":[0,0,0],"r":[0,0,0],"s":[0.1107813,0.06902273,0.2605675],"c":[1,1,1],"b":["when told by any smash then become next in 0.2s"]},{"p":[-0.4347522,0.02904862,-0.4997143],"r":[2.749622,265.2452,352.6778],"s":[0.1107816,0.06902298,0.2605682],"c":[1,1,1],"b":["when told by any resetsmash then become 1 in 2s"]}]}]}