{"n":"thing","v":2,"a":[7,18],"p":[{"s":[{"p":[2.363763E-07,-0.007787227,-0.02134806],"r":[0,0,-1.502687E-05],"s":[1.401232,0.0149283,0.8933303],"c":[0,0,0]}]},{"t":1,"a":[1],"s":[{"p":[2.384186E-07,-0.01286507,2.402812E-07],"r":[0,0,180],"s":[1.293905,0.005000168,0.8291186],"c":[0,0,0]}]}]}