{"n":"sky island","v":2,"a":[7,13,20,21],"p":[{"b":3,"t1":147,"s":[{"p":[0.6458673,0.283987,-4.498272],"r":[-1.707547E-06,0,180],"s":[5.700847,5.522992,0.2280166],"c":[0.07407389,0.6666667,0.2095236],"t1":{"c":[0.5925926,0.8888889,0.6603175],"x":0.1381252,"y":0.2207513,"a":0.8925,"m":0,"n":0,"r":0,"g":0,"o":0.5,"t":0.5,"e":0.5}}]},{"b":4,"t1":140,"s":[{"p":[0.4404536,0.5568428,-13.73819],"r":[1.707547E-06,180,180],"s":[4.971303,4.971111,9.134807],"c":[0.4444442,0.2765431,0.09876522],"t1":{"c":[0.4444444,0.2765431,0.09876538],"x":0.5,"y":0.5,"a":0.8925,"m":0,"n":0,"r":0,"g":0,"o":0.5,"t":0.5,"e":0.5}}]},{"b":4,"t1":140,"s":[{"p":[1.981486,2.056797,-11.28168],"r":[345.8992,165.371,216.9229],"s":[3.67301,3.673023,5.054748],"c":[0.4444443,0.2765431,0.09876525],"t1":{"c":[0.4444444,0.2765431,0.09876538],"x":0.5,"y":0.5,"a":0.8925,"m":0,"n":0,"r":0,"g":0,"o":0.5,"t":0.5,"e":0.5}}]},{"b":4,"t1":140,"s":[{"p":[-2.427356,-0.4161816,-9.812988],"r":[6.45375,211.1341,183.5029],"s":[3.672847,3.672852,3.672877],"c":[0.4444443,0.2765431,0.09876525],"t1":{"c":[0.4444444,0.2765431,0.09876538],"x":0.5,"y":0.5,"a":0.8925,"m":0,"n":0,"r":0,"g":0,"o":0.5,"t":0.5,"e":0.5}}]}]}