{"n":"base wall","v":2,"a":[7,18],"p":[{"t1":104,"t2":92,"s":[{"p":[0,0,0],"r":[0,0,0],"s":[0.1801086,2.118297,0.9565225],"c":[0.6666667,0.5968254,0.4444443],"t1":{"c":[0.7777778,0.7234568,0.6049383],"x":0.5,"y":0.4907493,"a":0.8925,"m":0,"n":0,"r":0,"g":0,"o":0.5,"t":0.5,"e":0.5},"t2":{"c":[0.7777778,0.7234568,0.6049383],"x":0.4238913,"y":0.1718784,"a":0.7445421,"m":1,"n":0,"r":0,"g":0,"o":0.5,"t":0.5,"e":0.5}}]}]}