{"n":"thing","v":2,"a":[33],"p":[{"b":5,"s":[{"p":[0,0,0],"r":[0,0,0],"s":[0.1151286,0.06017558,0.5058879],"c":[0.4444443,0.4444443,0.4444443]}]},{"b":9,"s":[{"p":[-0.008931635,-0.0257919,0.2252956],"r":[4.413613,359.1635,359.843],"s":[0.2446182,0.1250002,0.08536068],"c":[0.4444443,0.4444443,0.4444443]}]},{"b":9,"s":[{"p":[0.2160353,-0.02032107,0.172837],"r":[11.47428,34.28458,7.470169],"s":[0.07494873,0.089964,0.08997121],"c":[0.4444443,0.4444443,0.4444443]}]},{"b":9,"s":[{"p":[-0.2048909,0.005315185,0.1806758],"r":[1.547619,325.3199,350.9977],"s":[0.07494876,0.08996402,0.08997119],"c":[0.4444443,0.4444443,0.4444443]}]}]}