{"n":"thing","v":2,"a":[25],"p":[{"a":[1,2,5],"s":[{"p":[0,0,0],"r":[0,0,1.067217E-07],"s":[2.331656,0.005,1.540695],"c":[0.111111,0.111111,0.111111]}]}]}