{"n":"maze endd","v":2,"p":[{"b":5,"t":8,"a":[12],"s":[{"p":[0,0,0],"r":[0,0,0],"s":[0.1250004,0.125003,0.125003],"c":[1,1,1]}]}]}