{"n":"thing","v":2,"a":[7],"p":[{"s":[{"p":[-0.0298233,-0.009374619,-0.002338412],"r":[0,0,0],"s":[0.5127457,0.03020873,0.5123453],"c":[1,1,1]}]},{"b":147,"s":[{"p":[-0.2592621,0.006349564,-0.2298355],"r":[1.024528E-05,90,270],"s":[0.01338294,0.01259147,0.01187821],"c":[0.2857141,1,0],"b":["when touched then tell stop"]}]},{"b":147,"s":[{"p":[0.2019272,0.004816055,-0.2313614],"r":[1.024528E-05,90,270],"s":[0.01338251,0.01259097,0.01187766],"c":[1,0,0],"b":["when touched then tell start"]}]}]}