{"n":"thing","v":2,"p":[{"im":"861740565652022726/442452F819E2741FC096C5765158723823A342E0/","s":[{"p":[0,0,0],"r":[0,0,0],"s":[0.9202397,0.01,0.4776167],"c":[1,1,1]}]}]}