{"n":"thing","v":2,"p":[{"b":140,"e":"MAKE THE MASK USEFUL","s":[{"p":[0,0,0],"r":[0,0,0],"s":[0.003000005,0.003000012,0.003000011],"c":[1,1,1]}]}]}