{"n":"thing","v":2,"a":[21],"p":[{"s":[{"p":[0,0,0],"r":[1.067217E-07,6.833219E-17,7.337115E-08],"s":[0.175,0.175,0.175],"c":[1,1,1]}]}]}