{"n":"thing","v":2,"p":[{"b":77,"s":[{"p":[-0.1850407,0.3195324,-0.1215427],"r":[8.134486,34.36818,355.8368],"s":[0.03202564,0.06646755,0.02996191],"c":[1,1,1]}]},{"b":34,"s":[{"p":[-0.2225925,0.3327815,-0.1598924],"r":[324.6593,220.0945,95.27987],"s":[0.0785431,0.08804798,0.05356802],"c":[1,1,1]}]}]}