{"n":"snowball","v":3,"a":[2,31,34],"p":[{"b":10,"s":[{"p":[0,0,0],"r":[0,0,-1.28066E-06],"s":[0.06272197,0.06272199,0.06272192],"c":[1,1,1],"b":["when trigger let go then become next "]},{"p":[0,0,0],"r":[0,0,-1.28066E-06],"s":[0.06272197,0.06272199,0.06272192],"c":[1,1,1],"b":["when touched then destroy all parts, then add crumbles"]}]}]}