{"n":"thing","v":3,"a":[7,18],"p":[{"t":11,"s":[{"p":[0,0,0],"r":[0,0,0],"s":[0.05500151,0.05325421,0.5173512],"c":[1,1,1]}]}]}