{"n":"thing","v":3,"a":[7,12,18],"p":[{"t":8,"a":[12],"su":[{"i":"59ea8027b151f50358931826","t":"59ea83274f57da1f10b23e32","p":[0.009525533,-0.05150746,-0.07263661],"r":[32.10557,308.494,347.2222]}],"s":[{"p":[0,0,0],"r":[0,0,-3.828216E-20],"s":[0.3530141,0.3411812,0.1750296],"c":[1,0,0.3428572],"b":["when starts then all parts face someone"]}]}]}