{"n":"thing","v":3,"a":[7],"p":[{"t1":21,"s":[{"p":[0,0,0],"r":[0,0,0],"s":[9.925592,5.516352,0.08429432],"c":[0.5555556,0.5555556,0.5555556],"t1":{"c":[0.1111111,0.03809524,0],"x":0.17,"y":0.17,"a":0.8925,"m":0.5,"n":0.5,"r":0,"g":0,"o":0.5,"t":0.5,"e":0.5}}]}]}