{"n":"thing","v":2,"p":[{"b":78,"s":[{"p":[0,0,0],"r":[0,0,0],"s":[0.4276986,0.07500017,0.4048396],"c":[1,1,1]}]}]}