{"n":"thing","v":2,"p":[{"b":7,"s":[{"p":[0,0,0],"r":[0,0,0],"s":[0.1250001,0.1250002,0.1250002],"c":[1,1,1],"b":["when pointed at then become next in 0.5s"]},{"p":[0,0,0],"r":[0,0,0],"s":[0.1250001,0.1250002,0.1250002],"c":[1,0,0.3428572],"b":["when starts then become previous in 0.5s"]}]}]}