{"n":"thing","v":2,"p":[{"b":14,"s":[{"p":[0,0,0],"r":[0,0,0],"s":[0.06000005,0.06000013,0.06000011],"c":[1,1,1],"pr":{"c":[1,0,0.3428573],"m":0.25,"a":0.25,"s":0.15,"z":0.25,"g":0.5,"h":0.25}}]},{"b":42,"s":[{"p":[-0.05675026,-0.03660356,0.01238409],"r":[5.522176,5.643266,351.7127],"s":[0.1250001,0.1250001,0.1250001],"c":[1,1,1]}]},{"b":41,"s":[{"p":[0.06028045,0.02593221,0.01426963],"r":[357.6298,357.0669,181.7016],"s":[0.1250001,0.1250001,0.1250001],"c":[1,1,1]}]},{"b":89,"pr":12,"s":[{"p":[0.005811474,0.009229913,-0.1287229],"r":[308.4384,143.0556,6.419707],"s":[0.1250001,0.1250001,0.1250002],"c":[1,1,1],"pr":{"c":[1,0,0.3428573],"m":1,"a":0.9873068,"s":0,"z":1,"g":0.6685762,"h":0.25}}]}]}