{"n":"shelf","v":3,"a":[7,18,21],"p":[{"b":64,"t":1,"s":[{"p":[0,0,0],"r":[0,0,0],"s":[0.6923253,0.02431716,0.3386106],"c":[0,0,0]}]},{"b":64,"t":9,"s":[{"p":[-4.704072E-09,-0.05380832,0],"r":[0,0,0],"s":[0.6559297,0.1034063,0.2876172],"c":[1,1,1]}]}]}