{"n":"mat","v":3,"p":[{"b":60,"s":[{"p":[0,0,0],"r":[0,0,-3.828216E-20],"s":[0.4918186,0.005000691,0.3464746],"c":[0.4444443,0,0]}]}]}