{"n":"bowl","v":3,"p":[{"b":75,"pr":52,"t1":23,"s":[{"p":[0,0,0],"r":[0,0,0],"s":[0.06477101,0.05660646,0.06651422],"c":[0,0.05714255,1],"t1":{"c":[0.1142857,0,1],"x":0.17,"y":0.17,"a":0.69625,"m":0.5,"n":0.5,"r":0,"g":0,"o":0.5,"t":0.5,"e":0.5},"pr":{"c":[0.1142857,0,1],"m":0.25,"a":0.25,"s":0.15,"z":0.25,"g":0.5,"h":0.25}}]}]}