{"n":"thing","v":2,"p":[{"b":14,"s":[{"p":[0,0,0],"r":[0,0,-1.067217E-06],"s":[0.0600002,0.06000014,0.1523226],"c":[1,0,0]}]}]}