{"n":"thing","v":3,"p":[{"b":10,"s":[{"p":[0,0,0],"r":[0,0,0],"s":[0.005000003,0.005,0.005000006],"c":[0.8,1,0]}]}]}