{"n":"thing","v":2,"p":[{"b":5,"s":[{"p":[0,0,0],"r":[0,0,0],"s":[0.005000003,0.005000004,0.321174],"c":[1,1,1]}]}]}