{"n":"thing","v":2,"a":[7,18],"p":[{"b":3,"t1":52,"s":[{"p":[0,0,0],"r":[0,0,0],"s":[45.68456,0.09229624,78.66384],"c":[0.2821868,0.5555556,0.2469135],"t1":{"c":[0.3950616,0.7777778,0.3456789],"x":0.5,"y":0.5,"a":0.8925,"m":0,"n":0,"r":0,"g":0,"o":0.5,"t":0.5,"e":0.5}}]}]}