{"n":"thing","v":2,"a":[30],"p":[{"b":82,"s":[{"p":[-0.347216,0.1639394,-0.2070465],"r":[22.0738,303.5795,297.7243],"s":[0.1086024,0.005000003,0.07500044],"c":[0.4444443,0.4444443,0.4444443]}]}]}