{"n":"thing","v":2,"p":[{"b":9,"s":[{"p":[0,0,0],"r":[0,0,0],"s":[0.1250002,0.1250001,0.1250001],"c":[0,1,1]}]},{"b":10,"s":[{"p":[-0.1186303,-0.2929606,-0.7831597],"r":[307.9189,200.6882,39.28061],"s":[0.6339988,0.4284298,0.2467163],"c":[0,1,1]}]},{"b":10,"s":[{"p":[-0.2972183,0.2969244,-0.5010528],"r":[291.829,82.66041,198.4551],"s":[0.6339989,0.4284297,0.2467163],"c":[0,1,1]}]},{"b":10,"s":[{"p":[-0.1298387,0.2728751,-0.7011453],"r":[13.68812,147.2657,110.1477],"s":[0.633999,0.4284298,0.2467165],"c":[0,1,1]}]}]}