{"n":"thing","v":2,"d":"HOW DO I DO ANYTHING","a":[2,15],"p":[{"b":175,"s":[{"p":[0.9067276,-0.5927792,-1.043227],"r":[83.21447,147.4356,222.0645],"s":[0.04500012,0.04500002,0.04500009],"c":[1,1,1]}]},{"b":7,"s":[{"p":[2.47662,2.535098,0.5340581],"r":[316.3653,333.9428,334.0988],"s":[0.1250001,0.1250001,0.125],"c":[1,1,1]}]},{"b":7,"s":[{"p":[2.332254,2.515199,0.4972565],"r":[30.89432,13.05326,94.62475],"s":[0.1250002,0.1250001,0.1250001],"c":[1,1,1]}]},{"b":7,"s":[{"p":[2.499672,2.732015,0.4837422],"r":[356.7177,349.5296,3.941718],"s":[0.1250002,0.1250002,0.1250002],"c":[1,1,1]}]}]}