{"n":"thing","v":3,"a":[7],"p":[{"s":[{"p":[0,0,0],"r":[0,0,0],"s":[64.89917,0.1776614,37.61795],"c":[0.4444443,0.4444443,0.4444443],"pr":{"c":[1,1,1],"m":0.25,"a":0.25,"s":0.15,"z":0.25,"g":0.5,"h":0.25}}]},{"s":[{"p":[5.975462,-23.6104,18.48418],"r":[0,0,270],"s":[89.92101,41.88551,0.1751154],"c":[0.111111,0.111111,0.111111]}]}]}