{"n":"thing","v":2,"p":[{"s":[{"p":[0,0,0],"r":[0,0,0],"s":[0.1750001,0.1750001,0.1750001],"c":[1,1,1]}]},{"b":2,"s":[{"p":[-0.006627527,0.1523998,0.001999083],"r":[278.2619,147.1491,211.0778],"s":[0.1250001,0.1250001,0.125],"c":[1,1,1]}]},{"b":14,"s":[{"p":[0.0009318944,0.277487,0.004536919],"r":[273.4387,168.3858,178.806],"s":[0.06000004,0.06000004,0.06000003],"c":[1,1,1]}]}]}