{"n":"thing","v":3,"a":[7,13],"p":[{"b":82,"s":[{"p":[0,0,0],"r":[0,0,0],"s":[0.7768307,2.915166,0.7860304],"c":[0.222222,0.222222,0.222222]}]},{"s":[{"p":[0.02293762,-0.9583488,-0.1282824],"r":[270,90.00001,0],"s":[2.532688,2.270075,0.1821902],"c":[0.111111,0.111111,0.111111]}]}]}