{"n":"thing","v":3,"p":[{"s":[{"p":[0,0,0],"r":[-5.122642E-06,0,0],"s":[0.07533483,0.009300555,0.1053587],"c":[0.02539681,0.2222221,0],"b":["when told by any 1yes then become 2"]},{"p":[0,0,0],"r":[-5.122642E-06,0,0],"s":[0.07533483,0.009300555,0.1053587],"c":[0.02539681,0.222222,0],"b":["when touched then tell any yes1"]}]}]}