{"n":"thing","v":3,"p":[{"b":131,"e":"To start, take the blue spheres\nabove the control panels. By\nmoving the control orbs through\nthe panels, you can control the\nRAPTOR-1's arms.","s":[{"p":[-0.04351653,-0.3129854,-0.08025993],"r":[38.57707,351.9929,354.795],"s":[0.001000002,0.001000001,0.001000002],"c":[0,0,0],"b":["when told by any yes1 then become 2 in 4s"]},{"p":[-0.05000996,-0.3173605,-0.07941914],"r":[32.63557,356.1793,357.4995],"s":[0.001000001,0.001000001,0.001000001],"c":[0,0,0],"b":["when starts then become next"]},{"p":[0,0,0],"r":[0,0,0],"s":[0.002787153,0.002787134,0.002787151],"c":[0,0,0],"b":["when starts then become next in 12s"]},{"p":[0,0,0],"r":[0,0,0],"s":[0.002787153,0.002787134,0.002787151],"c":[0,0,0],"b":["when starts then become next"]}]}]}