{"n":"thing","v":2,"p":[{"b":5,"s":[{"p":[0,0,0],"r":[0,0,0],"s":[0.2341731,0.2125703,0.005000021],"c":[0.2222221,0.2222221,0.2222221]}]}]}