{"n":"seat","v":3,"a":[2,22,18,29],"p":[{"b":5,"t1":150,"s":[{"p":[0.08200838,0.2673645,-0.007415725],"r":[90,90.00001,0],"s":[0.136857,0.1340327,0.08927691],"c":[0.5555556,0,0],"t1":{"c":[0,0,0],"x":0.5,"y":0.5,"a":0.8925,"m":0,"n":0,"r":0,"g":0,"o":0.5,"t":0.5,"e":0.5}}]},{"b":5,"t":11,"s":[{"p":[0.08200842,0.6657867,-0.007415655],"r":[90,90.00001,0],"s":[0.02801971,0.02802123,1.013196],"c":[0.6666667,0.6666667,0.6666667]}]}]}