{"n":"thing","v":3,"a":[6,8],"p":[{"pr":40,"s":[{"p":[0,0,0],"r":[0,0,0],"s":[0.724366,0.6002822,0.5378428],"c":[1,1,1],"b":["when told by any gameover then become next"],"pr":{"c":[1,0.5142856,0],"m":0,"a":0.4362431,"s":0.1620277,"z":0.5654236,"g":0.6703568,"h":0.5}},{"p":[0,0,0],"r":[0,0,0],"s":[0.724366,0.6002822,0.5378428],"c":[1,1,1],"pr":{"c":[1,0.5142856,0],"m":0.25,"a":0.4362431,"s":0.1620277,"z":0.5654236,"g":0.6703568,"h":0.5}}]}]}