{"n":"thing","v":3,"a":[22,18],"p":[{"s":[{"p":[0,0,0],"r":[0,0,0],"s":[0.4515717,0.1896688,4.586555],"c":[0.3333332,0.3333332,0.3333332]}]}]}