{"n":"thing","v":3,"a":[7,21],"p":[{"b":42,"s":[{"p":[0.004518513,0.03140695,-0.1068068],"r":[0,292.5,0],"s":[0.1264326,0.06065242,0.127491],"c":[1,1,1]}]},{"b":71,"s":[{"p":[0,6.210779E-09,-0.07104303],"r":[0,-8.537737E-06,0],"s":[0.1140589,0.06084677,0.1345146],"c":[0.333333,0.2402113,0.03703704]}]},{"b":42,"s":[{"p":[0.004783638,0.06171314,-0.03923083],"r":[0,247.5,180],"s":[0.1263411,0.0508217,0.1274235],"c":[1,1,1]}]},{"b":42,"s":[{"p":[0.01097107,0.03231405,-0.1051512],"r":[-1.577568E-06,45,-6.5345E-07],"s":[0.1026769,0.0585154,0.1037329],"c":[1,1,1]}]}]}