{"n":"blanket","v":3,"p":[{"b":45,"t1":74,"s":[{"p":[0.07237273,-0.002316177,-0.2336115],"r":[0.5578842,287.0634,358.5361],"s":[0.07404602,1.566113,0.1244958],"c":[0.4444443,0.3358023,0.09876534],"t1":{"c":[0.8888889,0.8268077,0.691358],"x":0.6013868,"y":0.2202003,"a":0.8925,"m":0.07692599,"n":0,"r":0,"g":0,"o":0.5,"t":0.5,"e":0.5}}]},{"b":45,"t1":74,"s":[{"p":[0.2202867,0.7781975,0.00274682],"r":[1.083441,14.9168,180.5049],"s":[0.1250018,1.566115,0.354743],"c":[0.4444443,0.3358023,0.09876534],"t1":{"c":[0.8888889,0.8268077,0.691358],"x":0.2897191,"y":0.2236996,"a":0.8925,"m":0.04839849,"n":0,"r":0,"g":0,"o":0.5,"t":0.5,"e":0.5}}]},{"b":45,"t1":74,"s":[{"p":[-0.0005679429,-0.00522529,0.04244083],"r":[1.680816,2.868316,0.1852081],"s":[0.1250018,1.566105,0.3547413],"c":[0.4444443,0.3358023,0.09876532],"t1":{"c":[0.8888889,0.8268077,0.691358],"x":0.2897191,"y":0.2236996,"a":0.8925,"m":0,"n":0,"r":0,"g":0,"o":0.5,"t":0.5,"e":0.5}}]}]}