{"n":"grass animated","v":3,"a":[6,34],"p":[{"b":175,"s":[{"p":[0,0,0],"r":[0,0,2.134434E-07],"s":[0.1185649,0.4218873,0.1185649],"c":[0.2349204,0.3333331,0.222222],"b":["when starts then become next in 2"]},{"p":[0.07374061,-0.1153895,-0.05318154],"r":[3.725003,0.9907759,6.430706],"s":[0.118565,0.4069467,0.1185651],"c":[0.2349202,0.3333329,0.2222218],"b":["when starts then become next in 2"]}]},{"b":175,"s":[{"p":[0.1631936,-0.1526877,0.03102227],"r":[1.561158,7.487772,352.8988],"s":[0.1185651,0.4504369,0.1185652],"c":[0.2349203,0.333333,0.2222219],"b":["when starts then become next in 2.5"]},{"p":[0.1903601,-0.06062818,-0.03325482],"r":[3.073907,10.41723,355.486],"s":[0.1185658,0.4437947,0.1185658],"c":[0.23492,0.3333327,0.2222216],"b":["when starts then become next in 2"]}]}]}