{"n":"thing","v":2,"a":[7,18],"p":[{"t":8,"a":[12],"s":[{"p":[0,0,0],"r":[0,0,0],"s":[1.713501,6.614771,14.35433],"c":[1,1,1]}]}]}