{"n":"thing","v":2,"a":[7,18],"p":[{"b":4,"t":8,"a":[12],"su":[{"i":"5a5c2ae9dad23226c48e38e1","t":"5a5c2ac1595bad601394d092","p":[0.9614127,0.236266,-0.3258791],"r":[-1.195283E-05,270,270]}],"s":[{"p":[0,0,0],"r":[0,0,0],"s":[0.1250022,0.125001,0.125004],"c":[1,1,1],"b":["when starts then become next in 5s"]},{"p":[0,-1.490116E-08,0.1529198],"r":[0,0,0],"s":[0.1250039,0.1250061,0.1250075],"c":[1,1,1],"b":["when starts then become next in 5s"]}]}]}