{"n":"sheildup","v":3,"a":[7,18],"p":[{"s":[{"p":[0,0,0],"r":[0,0,0],"s":[0.3235821,0.2962337,0.1677407],"c":[0.2222218,0.2222218,0.2222218]}]}]}