{"n":"thing","v":3,"a":[1,7,8,18,20],"p":[{"t":3,"s":[{"p":[0,0,0],"r":[0,0,0],"s":[0.08750905,0.09611312,0.1561276],"c":[0.111111,0.771428,1]}]}]}