{"n":"thing","v":3,"a":[7,18],"p":[{"b":64,"s":[{"p":[0,0,0],"r":[0,0,7.656432E-20],"s":[2.082837,0.1250064,0.8290809],"c":[0,0,0]}]},{"t1":77,"s":[{"p":[0.006855006,-0.02907227,1.056931],"r":[270.0198,180,0],"s":[6.151413,0.8742014,0.1750501],"c":[0,0,0],"t1":{"c":[1,1,1],"x":0.2694888,"y":0.6354154,"a":0.8925,"m":0,"n":0,"r":0,"g":0,"o":0.5,"t":0.5,"e":0.5}}]},{"t1":60,"s":[{"p":[0.006854539,-0.03072765,5.337275],"r":[270,180,0],"s":[6.151726,7.719212,0.1751373],"c":[0.2117646,0.1882352,0.470588],"t1":{"c":[0.05098037,0.07450979,0.2627451],"x":0.153093,"y":0.1319641,"a":0.8925,"m":0,"n":0,"r":0,"g":0,"o":0.5,"t":0.5,"e":0.5}}]}]}