{"n":"thing","v":3,"a":[7,18],"p":[{"b":60,"s":[{"p":[0,0,0],"r":[0,0,0],"s":[3.085904,0.1250008,0.8789394],"c":[0.6666667,0.6666667,0.6666667]}]},{"b":60,"s":[{"p":[0,-0.5308053,0.02569675],"r":[1.001791E-05,1.001791E-05,1.001791E-05],"s":[2.903924,1.066666,0.8385287],"c":[0.4431369,0.1921565,0.223529]}]},{"s":[{"p":[0.8539221,-0.3310636,-0.3863238],"r":[270,9.659345E-06,0],"s":[0.5710224,0.02961004,0.236799],"c":[0,0,0]}]}]}