{"n":"met","v":2,"a":[7,18],"p":[{"b":5,"t":8,"a":[12],"s":[{"p":[0,0,0],"r":[0,0,0],"s":[0.1250438,0.1249935,0.1250158],"c":[1,1,1]}]}]}