{"n":"bullet","v":3,"a":[2,15,31,38],"p":[{"b":3,"t":1,"s":[{"p":[0,0,0],"r":[0,0,2.134434E-07],"s":[0.01143118,0.01143112,0.01143116],"c":[0.6666667,0.6243386,0.3703702],"b":["when touched then play bullet impact"]}]}]}