{"n":"light","v":3,"a":[1,2,3,6,14],"p":[{"t":3,"s":[{"p":[-0.1263177,0.0007324666,0.08326058],"r":[340.2244,71.52473,327.2914],"s":[0.005000012,0.005000028,0.02457887],"c":[0,0,0],"b":["when triggered then become 2 in 0.5s"]},{"p":[0.01763237,0.07920194,-0.03415799],"r":[358.9035,359.438,8.608363],"s":[0.00500001,0.1791297,0.5025201],"c":[1,1,1],"b":["when triggered then become 1 in 0.2s"]},{"p":[-0.1263177,0.0007324666,0.08326058],"r":[340.2244,71.52473,327.2914],"s":[0.005000012,0.005000028,0.02457887],"c":[0,0,0]}]},{"b":34,"s":[{"p":[-0.097669,0.02010943,0.08944663],"r":[339.3974,73.84189,75.70583],"s":[0.01793113,0.02596818,0.03173001],"c":[0.6666667,0.6666667,0.6666667]}]}]}