{"n":"hello bin","v":3,"p":[{"b":86,"s":[{"p":[0,0,0],"r":[0,0,-1.067217E-07],"s":[0.1036806,0.2797422,0.1036806],"c":[0.3333332,0.2402115,0.03703704]}]},{"b":94,"a":[19],"e":"HELLO BITES\n\n$10 EACH","s":[{"p":[-0.1567021,0.1800202,-0.140989],"r":[1.91785,44.03126,0.5664111],"s":[0.004147222,0.004147219,0.004147225],"c":[1,1,1]}]}]}