{"n":"grass","a":[],"p":[{"b":14,"s":[{"p":[0,0,0],"r":[297.3541,170.5231,36.47934],"s":[0.02740151,0.02112507,0.06104486],"c":[0.2342856,0.5,0.1999999]}]},{"b":14,"s":[{"p":[-0.03963947,0.00566864,0.05951214],"r":[289.1517,224.1507,8.629446],"s":[0.0274015,0.02112508,0.06104482],"c":[0.2039998,0.7,0.1399999]}]}]}