{"n":"water","a":[1,7],"p":[{"b":12,"a":[5],"s":[{"p":[0.0002031852,-0.08771747,-0.000168009],"r":[357.5734,356.2132,1.514683],"s":[50.00144,1.09075,50.00151],"c":[0.3456789,0.37037,0.7777778],"b":["when starts then become 2 in 2s"]},{"p":[0.1507353,-0.03752038,0.1168462],"r":[357.5734,356.2132,1.514693],"s":[50.00239,1.090753,50.00233],"c":[0.3456787,0.3703699,0.7777778],"b":["when starts then become 1 in 2s"]}]}]}