{"n":"kayak","p":[{"b":16,"s":[{"p":[0,0,0],"r":[0,0,0],"s":[1.034031,0.1250001,0.2640765],"c":[0.09453254,0.4444444,0.04938265]}]},{"b":16,"s":[{"p":[0.3961729,-0.05416259,-0.06345695],"r":[355.0578,1.596265,46.31885],"s":[0.125,0.1250001,0.1250001],"c":[0.4317459,0.4444444,0]}]},{"b":16,"s":[{"p":[-0.5320391,-0.07451662,-0.09705675],"r":[354.3148,354.0341,63.22863],"s":[0.1250001,0.1250002,0.1250001],"c":[0.4317459,0.4444444,0]}]}]}