{"n":"thing","p":[{"b":7,"a":[3],"s":[{"p":[0,0,0],"r":[0,0,0],"s":[0.4530681,0.2392193,0.1250001],"c":[0.5555556,0.1234567,0.1234567],"b":["when touched then give haptic feedback","when blown at then play "]},{"p":[0,0,0],"r":[0,0,0],"s":[0.4530681,0.2392193,0.1250001],"c":[0.5555556,0.1234567,0.1234567],"b":["when touched then give haptic feedback","when blown at then send nearby to area 1"]}]},{"b":14,"s":[{"p":[-0.1922508,0.04283264,-0.3333226],"r":[354.4665,181.979,100.0653],"s":[0.0600001,0.06000011,0.1309029],"c":[1,0.8571429,0]}]},{"b":4,"s":[{"p":[-0.063648,0.037597,-0.4542592],"r":[355.8575,205.2158,92.34696],"s":[0.02411637,0.2679879,0.2827305],"c":[1,1,1]}]}]}