{"n":"wall","a":[7,18],"p":[{"s":[{"p":[0,0,0],"r":[0,0,0],"s":[9.219728,0.1750086,2.481645],"c":[0.7777778,0.6148147,0.2592591]}]},{"s":[{"p":[-0.02684688,0.06933737,-0.2212336],"r":[0,0,0],"s":[9.01651,0.1103,0.05440902],"c":[1,0.7206349,0.111111]}]},{"s":[{"p":[0.01860333,0.05700731,-0.4347235],"r":[0,0,0],"s":[9.01685,0.1103049,0.05441178],"c":[1,0.7206349,0.111111]}]}]}