{"n":"thing","a":[7],"p":[{"s":[{"p":[0,0,0],"r":[0,0,0],"s":[8.890299,0.1750247,7.332185],"c":[0.5555556,0.419753,0.1234567]}]}]}