{"n":"laserred","a":[2,14,16],"p":[{"b":9,"t":6,"s":[{"p":[0,0,0],"r":[0,0,0],"s":[0.01787169,0.01902853,0.0185254],"c":[1,0,0.1714283],"b":["when starts then become 2 in 5s"]},{"p":[0,0,0],"r":[0,0,0],"s":[0.01787169,0.01902853,0.0185254],"c":[1,0,0.1714283],"b":["when starts then send nearby to area sparky inc","when starts then become 3 in 0.2s"]},{"p":[0,0,0],"r":[0,0,0],"s":[0.01787169,0.01902853,0.0185254],"c":[1,0,0.1714283],"b":["when starts then destroy all parts"]}]}]}