{"n":"doorway","a":[7],"p":[{"s":[{"p":[0,0,0],"r":[0,0,0],"s":[2.42069,0.1750506,2.393758],"c":[0.6666667,0.5037037,0.148148]}]},{"s":[{"p":[0.4931889,1.645906,1.252304],"r":[270,270,0],"s":[0.1751017,3.260031,3.019951],"c":[0.6666667,0.5037037,0.1481479]}]}]}