{"n":"thing","a":[2,9,15],"p":[{"b":3,"a":[3],"s":[{"p":[0,0,0],"r":[0,0,0],"s":[0.0138189,0.01381889,0.01381892],"c":[0,0,0]}]}]}