{"n":"roof","a":[7],"p":[{"b":2,"s":[{"p":[0,0,0],"r":[0,0,0],"s":[1.806355,1.529257,0.5829472],"c":[0,0,0]}]}]}