{"n":"thing","p":[{"s":[{"p":[0,0,0],"r":[0,0,0],"s":[0.9544773,0.6068738,0.546525],"c":[1,1,1]}]}]}