{"n":"large dance floor 4","a":[7],"p":[{"t":3,"s":[{"p":[0,0,0],"r":[-1.707547E-06,-5.088888E-14,3.415095E-06],"s":[0.205369,0.7158785,0.7372711],"c":[0.2857141,1,0],"b":["when starts then become 2 in 0.5s"]},{"p":[0,0,0],"r":[-1.707547E-06,-5.088888E-14,3.415095E-06],"s":[0.205369,0.7158785,0.7372711],"c":[1,0,0.3428572],"b":["when starts then become 3 in 0.5s"]},{"p":[0,0,0],"r":[-1.707547E-06,-5.088888E-14,3.415095E-06],"s":[0.205369,0.7158785,0.7372711],"c":[1,0.6857142,0],"b":["when starts then become 4 in 0.5s"]},{"p":[0,0,0],"r":[-1.707547E-06,-5.088888E-14,3.415095E-06],"s":[0.205369,0.7158785,0.7372711],"c":[0,0.5714284,1],"b":["when starts then become 1 in 0.5s"]}]}]}