{"n":"thing","p":[{"b":9,"s":[{"p":[0,0,0],"r":[0,0,0],"s":[0.04945393,0.07649138,0.06099524],"c":[1,0.6857142,0]}]},{"b":9,"s":[{"p":[-0.1098766,-0.02488569,0.008506607],"r":[25.10163,28.00645,4.902295],"s":[0.04945394,0.07649139,0.06099521],"c":[1,0.6857142,0]}]}]}