{"n":"thing","a":[7,18],"p":[{"b":12,"t":7,"s":[{"p":[0,0,0],"r":[0,0,0],"s":[0.2923421,0.06000119,0.5719041],"c":[0.8,0,1]}]}]}