{"n":"cross beam short","a":[7],"p":[{"s":[{"p":[0,0,0],"r":[0,0,0],"s":[16.71349,0.0556922,0.1744324],"c":[0.8776014,0.8888889,0.4938272]}]},{"s":[{"p":[0.04010105,18.35573,0.0031991],"r":[1.707547E-06,180,1.024528E-05],"s":[16.74359,0.05579754,0.1747276],"c":[0.8776014,0.8888889,0.4938272]}]}]}