{"n":"thing","a":[7],"p":[{"b":3,"s":[{"p":[0,0,0],"r":[0,0,0],"s":[27.30042,27.97693,0.5241938],"c":[0,0.4444441,0.02539684]}]}]}