{"n":"thing","p":[{"t":6,"s":[{"p":[0.01141693,-0.02683239,0.01605047],"r":[359.5123,359.1619,2.290408],"s":[0.1750008,0.1750005,0.1750011],"c":[1,0.5142855,0]}]},{"t":6,"s":[{"p":[0.02015169,-0.1898043,-0.01654986],"r":[359.7753,0.6429775,3.020569],"s":[0.1750005,0.1750004,0.1750007],"c":[1,0.5142855,0]}]},{"t":6,"s":[{"p":[0.02068479,-0.3508457,-0.03319919],"r":[6.076734,356.8577,358.0128],"s":[0.1750006,0.1750005,0.1750009],"c":[1,0.5142855,0]}]},{"t":7,"s":[{"p":[0.01193708,0.1647125,0.01348054],"r":[357.603,357.3451,2.174475],"s":[0.175001,0.1750009,0.1750015],"c":[1,0.5142855,0]}]}]}