{"n":"thing","p":[{"b":17,"t":6,"s":[{"p":[0,0,0],"r":[0,0,0],"s":[0.06,0.06000001,0.06000001],"c":[0,0,0]}]},{"b":5,"t":5,"s":[{"p":[0.01711967,-0.05887947,-0.07300282],"r":[330.2961,346.3539,8.774006],"s":[0.125,0.125,0.125],"c":[0.1142856,1,0]}]}]}