{"n":"thing","a":[7,18],"p":[{"b":12,"s":[{"p":[0,0,0],"r":[0,0,0],"s":[0.8100117,0.0600949,0.2484169],"c":[0.8888889,0.6095237,0]}]}]}