{"n":"thing","a":[7,18],"p":[{"s":[{"p":[0,0,0],"r":[0,0,8.821216E-07],"s":[0.2143139,50,50],"c":[0.111111,0.05714277,0]}]}]}