{"n":"thing","a":[7,18],"p":[{"s":[{"p":[0,0,0],"r":[0,0,0],"s":[0.1039838,2.507399,5.38503],"c":[1,1,1]}]}]}