{"n":"thing","a":[8],"p":[{"b":5,"s":[{"p":[0.1143446,-0.1977109,-0.01449132],"r":[356.5057,11.70343,29.62471],"s":[0.00500821,0.005020068,0.03724346],"c":[0.8888889,0.6095237,0]}]},{"b":5,"s":[{"p":[0.1036193,-0.2012801,-0.06911676],"r":[356.5057,11.70343,29.62471],"s":[0.005011637,0.00502838,0.1022997],"c":[1,1,1]}]},{"b":16,"t":2,"s":[{"p":[0.09666599,-0.2038621,-0.1069197],"r":[29.56415,283.6884,94.01814],"s":[0.005,0.005,0.005000028],"c":[1,0,0]}]},{"b":14,"t":6,"s":[{"p":[0.08667545,-0.2066758,-0.1639589],"r":[2.419382,193.0207,78.11868],"s":[0.005,0.005,0.0960485],"c":[0.3333333,0.3333333,0.3333333]}]}]}