{"n":"thing","a":[7,18],"p":[{"s":[{"p":[0,0,0],"r":[0,0,0],"s":[0.08680294,0.04586001,0.175001],"c":[0.333333,0.1894175,0.03703704]}]},{"s":[{"p":[-0.0004629493,0.04175216,-0.03104663],"r":[0,0,8.537737E-06],"s":[0.07231055,0.09877187,0.01808766],"c":[0.333333,0.1894175,0.03703704]}]},{"b":3,"t":3,"s":[{"p":[-0.0004629791,0.05650932,0.02303529],"r":[90,-9.659346E-06,0],"s":[0.01343571,0.01985789,0.01732942],"c":[0.9873015,1,0.5555556]}]},{"b":4,"t":7,"s":[{"p":[-0.0004630387,0.05447501,0.05650818],"r":[0,0,0],"s":[0.07140324,0.05330978,0.06060781],"c":[0.9873015,1,0.5555556]}]}]}