{"n":"thing","a":[7,18],"p":[{"s":[{"p":[-0.3970884,0.07339084,0.7492247],"r":[0,180,180],"s":[0.04841569,0.5822772,2.008296],"c":[0.111111,0.111111,0.111111]}]},{"s":[{"p":[0.03062904,0,1.463521],"r":[0,0,0],"s":[0.8724365,0.702546,0.3916226],"c":[0.3333332,0.3333332,0.3333332]}]},{"s":[{"p":[0.03062898,-4.768372E-07,-0.001095474],"r":[0,0,0],"s":[0.8727053,0.7027332,0.3917588],"c":[0.3333331,0.3333331,0.3333331]}]}]}