{"n":"thing","a":[7,18],"p":[{"b":12,"s":[{"p":[0,0,0],"r":[0,0,0],"s":[6.639727,0.005000286,9.136682],"c":[0.372134,0.5555556,0.06172827]}]}]}