{"n":"thing","a":[7,18],"p":[{"s":[{"p":[0.1932549,1.56388,-0.08385762],"r":[-1.001791E-05,-8.142219E-13,90],"s":[0.03149573,2.611296,0.009500122],"c":[1,1,1]}]},{"s":[{"p":[4.053241E-07,-2.106085,-0.2727904],"r":[0,-1.001792E-05,0],"s":[2.484922,5.130113,0.1748539],"c":[1,1,1]}]}]}