{"n":"thing","a":[5],"p":[{"b":10,"a":[5],"s":[{"p":[0,0,0],"r":[0,0,0],"s":[0.7763417,0.8265246,0.1250003],"c":[0.5555556,0.3809523,0]}]}]}