{"n":"thing","a":[7,18],"p":[{"s":[{"p":[-0.2510877,-4.3571E-05,-0.3080581],"r":[0,0,1.001791E-05],"s":[0.1003239,0.1750391,0.7167831],"c":[0.222222,0.2144619,0.1975307]}]},{"s":[{"p":[0.2652703,-0.00178194,-0.3080586],"r":[0,0,-5.008957E-06],"s":[0.1003808,0.17509,0.7169483],"c":[0.222222,0.2144619,0.1975307]}]},{"s":[{"p":[0.007918241,0.006725431,-9.313226E-10],"r":[0,0,1.001791E-05],"s":[0.6159256,0.1607076,0.09984652],"c":[0.2222221,0.214462,0.1975308]}]},{"b":7,"s":[{"p":[0.007918241,0.01202012,-0.07529224],"r":[0,0,0],"s":[0.306295,0.1250514,0.0891991],"c":[0.2222221,0.214462,0.1975307]}]}]}