{"n":"thing","a":[7,18],"p":[{"t":2,"s":[{"p":[0,0,0],"r":[0,0,0],"s":[0.1026373,0.5414494,0.9109936],"c":[0.8888889,0.8747795,0.7901235]}]}]}