{"n":"thing","p":[{"b":20,"e":"ETHAN AND CODY","s":[{"p":[0,0,0],"r":[0,0,0],"s":[0.001000001,0.001000002,0.001000001],"c":[0,0,0]}]}]}