{"n":"thing","a":[7,18],"p":[{"b":16,"t":7,"s":[{"p":[0,0,0],"r":[0,0,0],"s":[0.1250031,0.1250003,0.009331304],"c":[1,0.1714285,0],"b":["when starts then become 2 in 1s"]},{"p":[0,0,0],"r":[0,0,0],"s":[0.1632843,0.190385,0.009331304],"c":[0.984127,1,0.4444443],"b":["when starts then become 1 in 2s"]}]}]}