{"n":"thing","a":[7,18],"p":[{"t":2,"s":[{"p":[0,0,0],"r":[0,0,0],"s":[0.1042993,0.03032637,0.2122806],"c":[0.6666667,0.6666667,0.6666667]}]}]}