{"n":"thing","a":[2,3],"inc":[["jack o lantern","57f9d7441d0464fb14279ffa"]],"p":[{"b":5,"s":[{"p":[0.001438096,-0.0009832154,0.0001868978],"r":[0.1750591,0.3589217,0.2204853],"s":[0.05180024,0.03374018,0.5290704],"c":[1,1,1],"b":["when told g1 then emit jack o lantern with 20"]}]},{"b":13,"s":[{"p":[0.04861739,-0.008345813,-0.2750209],"r":[356.4671,329.9135,90.38533],"s":[0.01416754,0.02631172,0.07761942],"c":[1,1,1],"b":["when triggered then tell g1"]}]}]}