{"n":"thing","a":[7,18],"p":[{"s":[{"p":[0,0,0],"r":[0,0,0],"s":[2.631217,0.07783198,0.04926071],"c":[0.3333331,0.2402113,0.03703704]}]},{"s":[{"p":[0.07030129,-0.2845018,-8.940697E-08],"r":[0,0,270],"s":[4.946915,0.07784798,0.04927093],"c":[0.3333331,0.2402113,0.03703704]}]}]}