{"n":"thing","a":[7,18],"p":[{"t":2,"s":[{"p":[0,0,0],"r":[0,0,0],"s":[0.4877488,0.3142236,0.7406788],"c":[0.6666667,0.6666667,0.6666667]}]}]}