{"n":"thing","a":[7,18],"p":[{"t":2,"s":[{"p":[0,0,0],"r":[0,0,0],"s":[4.064757,5.489324,0.2334924],"c":[0.8888889,0.8747795,0.7901235]}]}]}