{"n":"thing","p":[{"b":18,"e":"IM BEHIND YOU!","s":[{"p":[0,0,0],"r":[0,0,0],"s":[0.02828356,0.02828358,0.02828357],"c":[0,0,0]}]}]}