{"n":"thing","p":[{"b":10,"s":[{"p":[0,0,0],"r":[0,0,0],"s":[0.8007387,50,50],"c":[0,0.4444439,0.02539684]}]},{"b":10,"s":[{"p":[-11.71924,-56.62672,17.24105],"r":[8.600068,67.3343,113.6041],"s":[48.93545,36.48573,8.19296],"c":[0,0.4444439,0.02539684]}]}]}