{"n":"thing","p":[{"b":9,"s":[{"p":[0,0,0],"r":[0,0,-1.000516E-07],"s":[6.666376,18.76764,5.282526],"c":[1,1,1]}]}]}