{"n":"thing","p":[{"b":17,"s":[{"p":[0,0,0],"r":[0,0,3.415095E-06],"s":[0.8748429,5.238978,3.830152],"c":[0.1234567,0.5555556,0.2962962]}]}]}