{"n":"watmount","p":[{"b":17,"s":[{"p":[0,0,0],"r":[0,0,0],"s":[2.380814,17.8461,1.088126],"c":[0.3703702,0.5555556,0.4126983]}]}]}