{"n":"thing","p":[{"b":18,"e":"PLEASE DO NOT BUILD\nINSIDE THE RED SQUARE, THANKS","s":[{"p":[0,0,0],"r":[3.180555E-15,-3.415095E-06,1.067217E-07],"s":[0.003,0.003,0.003],"c":[0.4444444,0.07619039,0]}]}]}