{"n":"thing","p":[{"b":12,"t":7,"s":[{"p":[0,0,0],"r":[0,0,0],"s":[0.1722317,0.06000017,0.3468377],"c":[0,1,0.05714279],"b":["when touched then send nearby to area crystal cove"]}]}]}