{"n":"thing","p":[{"t":1,"s":[{"p":[0.003830745,-0.6397587,-0.08058679],"r":[-1.001791E-05,1.628444E-12,-1.423631E-19],"s":[0.1786106,2.386653,0.1750158],"c":[0.2222221,0.2222221,0.2222221]}]},{"t":1,"s":[{"p":[0.0035311,0.6463885,-0.08494437],"r":[270.0198,5.008957E-06,0],"s":[0.2415027,0.2241035,0.2902696],"c":[0.2222221,0.2222221,0.2222221]}]},{"t":3,"s":[{"p":[0.003531098,0.6346855,-0.08494435],"r":[270,2.003583E-05,0],"s":[0.1926166,0.2278746,0.2310749],"c":[0.9936507,1,0.7777778]}]}]}