{"n":"blunt","a":[1,2],"p":[{"b":12,"t":6,"s":[{"p":[0.3511971,-0.01338041,0.003515273],"r":[292.5956,9.212188,170.9298],"s":[0.06000014,0.06718411,0.01453091],"c":[1,0,0]}]},{"b":9,"t":1,"s":[{"p":[0.06129154,0.01148883,0.01246881],"r":[358.5037,2.71589,356.3935],"s":[0.4158641,0.05451865,0.05626583],"c":[1,1,1]}]},{"b":12,"t":5,"s":[{"p":[0.4415408,-0.01973464,0.004515409],"r":[290.7616,16.06854,163.5419],"s":[0.02088552,0.07005469,0.01612563],"c":[0,0,0]}]}]}