{"n":"placard","p":[{"b":18,"e":"A TRIBUTE TO\nMS. LERP'S\nSCRUMPTIOUS\nCAKE","s":[{"p":[0,0,0],"r":[4.268868E-07,1.590277E-15,4.268868E-07],"s":[0.003225484,0.003225483,0.003225484],"c":[0,0.111111,0.006349211]}]},{"t":3,"s":[{"p":[0.1068631,-0.08747953,0.01424597],"r":[270.2776,175.6065,185.5687],"s":[0.2662145,0.01889871,0.1668296],"c":[1,1,1]}]}]}