{"n":"plate","a":[7,18],"p":[{"b":5,"t":1,"s":[{"p":[0,0,0],"r":[0,0,0],"s":[2.911131,2.76376,0.174026],"c":[1,1,1]}]}]}