{"n":"bg tv remote","a":[1,2,15],"p":[{"b":7,"t":1,"s":[{"p":[0,0,0],"r":[0,0,0],"s":[0.09638518,0.03309502,0.01523391],"c":[1,1,1]}]},{"b":6,"t":2,"s":[{"p":[-0.01263964,-0.0009806138,-0.01231134],"r":[0,180,270],"s":[0.01525708,0.00964966,0.005000009],"c":[1,1,1]}]},{"b":7,"t":1,"a":[2],"s":[{"p":[-0.01263964,0.0008554477,-0.009252906],"r":[-8.964214E-08,180,90.00002],"s":[0.02590995,0.01602608,0.0101635],"c":[1,0,0],"b":["when touched then become 2 in 0.1s"]},{"p":[-0.01263964,0.0008554482,-0.006043315],"r":[-8.964214E-08,180,90.00002],"s":[0.02591014,0.01602632,0.01016375],"c":[1,0,0],"b":["when triggered then play button click","when starts then become 1 in 0.5s"]}]}]}