{"n":"thing","p":[{"b":14,"t":2,"s":[{"p":[0,0,0],"r":[0,0,0],"s":[0.06000012,0.06000016,0.06000011],"c":[0.06172832,0.08994674,0.5555556]}]},{"b":14,"t":3,"s":[{"p":[-0.02820307,0.05143622,-0.01738008],"r":[347.0345,340.0661,10.22464],"s":[0.02702089,0.02667576,0.04485199],"c":[0.09876537,0.1439149,0.8888889]}]},{"b":14,"t":2,"s":[{"p":[0.006889415,0.04422043,-0.04581742],"r":[337.0193,3.721686,350.3059],"s":[0.0391134,0.03713531,0.04617947],"c":[0.111111,0.1238093,0.3333333]}]}]}