{"n":"thing","a":[1,2,3],"p":[{"s":[{"p":[-0.06411076,-0.006357791,-0.01106978],"r":[0,0,0],"s":[0.0633141,0.03934064,0.1185896],"c":[0,0.7428569,1]}]},{"a":[2],"s":[{"p":[-0.06396771,0.0163995,-0.01515389],"r":[-1.001791E-05,-8.757938E-13,1.001791E-05],"s":[0.02744055,0.021716,0.02454392],"c":[0,1,0.3999999]}]}]}