{"n":"grubie 10","p":[{"b":19,"e":"      10\nGRUBIES","s":[{"p":[-0.01445842,-0.01609429,0.0117019],"r":[359.1809,91.5927,87.01225],"s":[0.00100072,0.001000717,0.001000719],"c":[1,1,1]}]},{"b":9,"t":1,"s":[{"p":[-0.0003614736,0.002334487,-0.001663727],"r":[358.8757,8.401877,359.176],"s":[0.01312821,0.04910879,0.05186779],"c":[0.9714286,1,0]}]}]}