{"n":"thing","a":[5],"p":[{"b":9,"s":[{"p":[0,0,0],"r":[0,0,-4.268868E-07],"s":[6.250799,2.198761,3.278735],"c":[0.1111109,0.1111109,0.1111109]}]}]}