{"n":"wall","a":[5,7,18],"p":[{"s":[{"p":[0,0,0],"r":[0,0,0],"s":[0.8962747,0.1057803,0.4521217],"c":[0.222222,0.222222,0.222222]}]}]}