{"n":"thing","a":[7,18],"p":[{"b":5,"s":[{"p":[-0.01719571,-0.001410492,0.1126031],"r":[0,0,0],"s":[0.3767929,0.3365392,0.03711972],"c":[0.2507936,0.111111,0.3333333]}]},{"b":5,"s":[{"p":[-0.01914406,0.003355019,0.1174568],"r":[0,0,-1.001791E-05],"s":[0.262494,0.2547711,0.0371212],"c":[0.4179894,0.1851851,0.5555556]}]},{"b":5,"s":[{"p":[-0.0227766,0.01186275,0.1244494],"r":[0,0,-1.001791E-05],"s":[0.1818858,0.1687697,0.03712459],"c":[0.237037,0.07407401,0.3333333]}]}]}