{"n":"thing","p":[{"s":[{"p":[0,0,0],"r":[0,0,0],"s":[0.5953133,0.01808657,0.1750008],"c":[1,1,1]}]}]}