{"n":"thing","a":[2,3],"p":[{"t":3,"a":[3],"s":[{"p":[-0.05682395,0.1415331,0.006942697],"r":[348.1046,357.2345,356.6005],"s":[0.1193115,0.1193117,0.1193117],"c":[1,1,1],"b":["when shaken then become 2"]},{"p":[0,0,0],"r":[0,0,0],"s":[0.1750001,0.1750001,0.1750002],"c":[0.8,0,1]}]}]}