{"n":"coconut","p":[{"b":3,"s":[{"p":[0,0,0],"r":[0,0,0],"s":[0.1961597,0.1505232,0.140983],"c":[0.3333333,0.2962962,0.07407401]}]},{"b":17,"s":[{"p":[0.009468165,5.042646E-05,0.0001141361],"r":[4.121142,97.29069,41.66085],"s":[0.09205982,0.09012078,0.1229412],"c":[0.111111,0.09523801,0]}]}]}