{"n":"wall","a":[5,7,18],"p":[{"s":[{"p":[0,0,0],"r":[0,0,0],"s":[1.171486,0.1056749,3.173626],"c":[0.222222,0.222222,0.222222]}]}]}