{"n":"tv","a":[7,18],"p":[{"t":1,"s":[{"p":[0,0,0],"r":[0,0,0],"s":[0.8621516,0.04229444,0.5622625],"c":[0,0,0]}]}]}