{"n":"thing","a":[7,18],"p":[{"b":5,"s":[{"p":[0,0,0],"r":[0,0,0],"s":[0.01859531,0.04933169,2.581415],"c":[0,0.9142855,1]}]}]}