{"n":"thing","a":[7,18],"p":[{"s":[{"p":[0,0,0],"r":[0,0,0],"s":[0.5458311,0.03881543,0.06000589],"c":[0.4444444,0.4444444,0.4444444],"b":["when touched then become 2 in 2s"]},{"p":[-0.01294971,-0.008437634,0.3565687],"r":[0,0,8.537737E-06],"s":[0.5458944,0.01655033,0.7981945],"c":[0.4444443,0.4444443,0.4444443],"b":["when touched then become 1 in 2s"]}]}]}