{"n":"roof","a":[7,18],"p":[{"b":2,"s":[{"p":[0,0,0],"r":[0,0,0],"s":[1.69124,2.356091,1.115739],"c":[0.5555556,0.4850087,0.06172832]}]}]}