{"n":"thing","a":[20],"p":[{"b":15,"t":6,"s":[{"p":[0.0246674,-0.1103614,0.1185189],"r":[11.1475,202.9255,351.3719],"s":[0.005000011,0.005000007,1.080204],"c":[0.9714285,0,1],"b":["when starts then become 2 in 2s"]},{"p":[0.2907473,0.1482325,-0.08427389],"r":[321.6953,138.4033,27.15908],"s":[0.005000019,0.005000011,0.7985433],"c":[0.8,1,0],"b":["when starts then become 3 in 2s"]},{"p":[0.04690549,-0.1258875,0.207033],"r":[22.16324,119.182,25.71935],"s":[0.005000019,0.005000011,0.7985429],"c":[0.1142856,0,1],"b":["when starts then become 1 in 2s"]}]}]}