{"n":"thing","p":[{"b":4,"a":[8],"s":[{"p":[0,0,0],"r":[0,0,-8.537737E-07],"s":[0.125,0.1250001,0.125],"c":[1,1,1]}]},{"a":[9],"s":[{"p":[0.09615995,-0.01140609,-0.06061242],"r":[18.26558,72.90959,2.744032],"s":[0.1112739,0.1130163,0.1048145],"c":[1,1,1],"b":["when "]}]}]}