{"n":"wall","a":[7,18],"p":[{"s":[{"p":[-0.6888394,1.192093E-07,0.5899691],"r":[0,0,0],"s":[0.7176852,0.04412708,2.116542],"c":[0.3333333,0.2973544,0.2592592],"b":["when touched then become 2 in 0.5s"]},{"p":[-1.332096,2.384186E-07,0.5899691],"r":[0,0,0],"s":[0.7178264,0.04413683,2.116967],"c":[1,0.9206349,0.4444443],"b":["when touched then become 1 in 0.5s"]}]}]}