{"n":"thing","a":[2],"p":[{"b":5,"s":[{"p":[0.0461092,0.02264583,0.018646],"r":[350.9605,176.5847,20.3352],"s":[0.02006052,0.004999999,0.02998469],"c":[0.5555556,0.5555556,0.5555556]}]},{"b":5,"s":[{"p":[0.04454804,0.0224204,-0.01650602],"r":[5.570992,182.0045,19.16443],"s":[0.02006104,0.005000031,0.02998594],"c":[0.5555556,0.5555556,0.5555556]}]},{"b":5,"s":[{"p":[0.0461092,0.02264582,0.0008618792],"r":[2.003582E-05,180,1.001791E-05],"s":[0.01197524,0.0108457,0.01000509],"c":[1,0,0.6857142]}]},{"b":16,"a":[9],"s":[{"p":[0.0002913475,-5.095124E-11,-5.960464E-08],"r":[-1.001791E-05,1.751587E-12,-1.531286E-19],"s":[0.04924598,0.02860836,0.02975689],"c":[0.2222221,0.2222221,0.2222221]}]}]}