{"n":"thing","p":[{"b":3,"t":1,"s":[{"p":[0,0,0],"r":[0,0,-4.268868E-07],"s":[0.004999998,0.005000001,0.005000002],"c":[0.2222221,0.2666662,1]}]}]}