{"n":"thing","p":[{"b":18,"e":"TRUMP 2016","s":[{"p":[-0.04302044,0.09122749,0.03956526],"r":[86.62779,48.61576,50.06302],"s":[0.003,0.003,0.003],"c":[1,1,1]}]}]}