{"n":"thing","p":[{"b":12,"s":[{"p":[0,0,0],"r":[0,0,0],"s":[9.17214,0.05999979,11.14228],"c":[0.03809522,0.3333333,0]}]},{"b":17,"s":[{"p":[-1.166837,-0.4529926,0.2391729],"r":[359.7822,245.9589,0.9912474],"s":[8.925996,0.4784608,29.52286],"c":[0.06913572,0.2222221,0.04938265]}]},{"b":9,"s":[{"p":[16.14485,-2.077902,2.523642],"r":[356.7689,184.762,11.98301],"s":[9.743496,2.094483,26.60086],"c":[0.274074,0.3333332,0.03703704]}]}]}