{"n":"shovel","a":[2,3],"p":[{"b":5,"s":[{"p":[0,0,0],"r":[0,0,0],"s":[0.01339539,0.01422672,1.099715],"c":[0.4444444,0.3358023,0.09876537]}]},{"b":16,"t":1,"s":[{"p":[0.001686811,0.01395518,-0.4089823],"r":[10.05759,90.23118,272.6953],"s":[0.1010946,0.2324023,0.0187495],"c":[0.7777778,0.7777778,0.7777778]}]},{"b":5,"t":1,"s":[{"p":[-0.001393288,0.0003860593,0.4566809],"r":[294.3112,91.49937,287.6658],"s":[0.01339541,0.01422674,0.181944],"c":[0.4444443,0.3358023,0.09876534]}]}]}