{"n":"thing","a":[7,18],"p":[{"b":4,"t":2,"a":[3],"s":[{"p":[0,0,0],"r":[0,0,0],"s":[0.0645382,0.06455281,0.06455476],"c":[0.9714285,0,1]}]},{"b":4,"t":7,"a":[3],"s":[{"p":[0,-1.862645E-09,0.01436341],"r":[0,0,0],"s":[0.09384153,0.09389098,0.09389291],"c":[0.7777778,0.9428571,1]}]},{"b":5,"t":2,"a":[3],"s":[{"p":[0,-1.490116E-08,0.1176314],"r":[0,0,180],"s":[0.009538386,0.009546213,0.2149863],"c":[0.9714285,0,1]}]},{"b":5,"t":7,"s":[{"p":[0,-1.490116E-08,0.1237094],"r":[0,0,90.00001],"s":[0.02211005,0.02211924,0.2009171],"c":[0.7777778,0.9428571,1]}]}]}