{"n":"thing","p":[{"b":20,"e":"FROG WAS HERE","s":[{"p":[0,0,0],"r":[0,0,0],"s":[0.01145635,0.01145634,0.01145635],"c":[0.2222221,0.2222221,0.2222221]}]}]}