{"n":"ground center","a":[1,7,18],"p":[{"b":17,"s":[{"p":[0,0,0],"r":[0,0,0],"s":[3.365618,0.1106275,3.203142],"c":[0.1728393,0.7777778,0.2074072]}]}]}