{"n":"pencake stand","a":[7],"p":[{"b":5,"s":[{"p":[0,0,0],"r":[0,0,0],"s":[0.03658331,0.03508405,1.08941],"c":[0.111111,0.111111,0.111111]}]},{"b":16,"s":[{"p":[0.003005501,-0.02928326,0.4892979],"r":[-3.415095E-06,270,90.00001],"s":[0.1250045,0.05402368,0.1250214],"c":[0.111111,0.111111,0.111111]}]}]}