{"n":"thing","a":[7],"p":[{"s":[{"p":[0,0,0],"r":[0,0,0],"s":[0.25241,0.05246938,3.116375],"c":[1,1,1]}]}]}