{"n":"thing","p":[{"b":21,"e":"SHOOT YOURSELF\n     TO END ALL","s":[{"p":[0,0,0],"r":[0,0,0],"s":[0.004008566,0.004008558,0.004008567],"c":[0.8888889,0.3696648,0.09876537]}]}]}