{"n":"thing","p":[{"b":4,"s":[{"p":[0,0,0],"r":[0,0,0],"s":[0.1038178,0.08574608,0.03584209],"c":[0.3333332,0.2857142,0]}]}]}