{"n":"thing","p":[{"b":12,"s":[{"p":[0,0,0],"r":[0,0,5.336085E-08],"s":[1.926082,0.7415245,5.632101],"c":[0.1128746,0.2222221,0.09876531]}]}]}