{"n":"thing","a":[7],"p":[{"b":11,"s":[{"p":[0,0,0],"r":[0,0,0],"s":[0.2209414,0.1250022,0.1250021],"c":[1,1,1]}]}]}