{"n":"thing","a":[7],"p":[{"s":[{"p":[0,0,0],"r":[0,0,0],"s":[4.503321,0.07716394,3.56239],"c":[0.2592591,0.6444442,0.7777778]}]}]}