{"n":"thing","p":[{"b":12,"s":[{"p":[0,0,0],"r":[0,0,5.336085E-08],"s":[0.3373101,0.0600001,0.116687],"c":[0.2370368,0.3333331,0.07407389]}]}]}