{"n":"thing","p":[{"b":12,"s":[{"p":[0,0,0],"r":[0,0,0],"s":[0.60917,0.08154361,0.1514573],"c":[0.1365077,0.3333333,0.1111109]}]}]}