{"n":"redspawn","a":[7,18],"p":[{"t":3,"s":[{"p":[0,0,0],"r":[0,0,0],"s":[5.260058,3.479674,0.005711767],"c":[1,0,0.1714283]}]}]}