{"n":"thing","p":[{"b":9,"s":[{"p":[2.304281,-2.511429,0.8597694],"r":[354.3654,354.8032,0.7225717],"s":[1.341414,46.60204,50],"c":[0.432098,0.7777778,0.5111101]}]}]}