{"n":"thing","p":[{"s":[{"p":[0,0,0],"r":[-6.830189E-06,1.272222E-14,-2.134434E-07],"s":[0.175,0.175,0.175],"c":[1,1,1]}]}]}