{"n":"small tent","p":[{"b":14,"s":[{"p":[-0.02088642,0.01054859,-0.1581323],"r":[0.952646,355.9683,358.2253],"s":[0.06000899,0.06001239,0.2775745],"c":[0.6666667,0.6666667,0.6666667]}]},{"b":12,"s":[{"p":[0.8376532,0.647586,-0.2598057],"r":[358.8127,90.09827,34.74103],"s":[0.5512004,0.01788394,0.466901],"c":[0.08641969,0.5999996,0.7777778]}]},{"b":12,"s":[{"p":[0.8509101,-0.4186932,-0.3672723],"r":[1.576666,269.193,203.7943],"s":[0.5512033,0.01788398,0.4669042],"c":[0.08641969,0.5999996,0.7777778]}]},{"b":14,"s":[{"p":[1.728401,0.03065459,-0.1912925],"r":[358.57,1.32075,90.68702],"s":[0.06000905,0.06001261,0.2775752],"c":[0.6666667,0.6666667,0.6666667]}]}]}