{"n":"tree 1","p":[{"b":17,"s":[{"p":[0,0,0],"r":[0,0,0],"s":[0.1700901,1.369103,0.1810392],"c":[0.6666667,0.4804232,0.07407402]}]},{"b":17,"s":[{"p":[-0.1283967,2.559759,0.3445278],"r":[18.47402,118.8557,12.40167],"s":[0.9661412,0.7573603,0.9827715],"c":[0.5209877,0.7777778,0.08641969]}]},{"b":17,"s":[{"p":[0.2456083,1.007404,0.3361285],"r":[357.0464,128.9348,212.4541],"s":[0.09450281,0.3640925,0.09501684],"c":[0.6666667,0.4804232,0.07407402]}]}]}