{"n":"thing","p":[{"b":3,"t":3,"s":[{"p":[0,0,0],"r":[0,0,0],"s":[1.697133,0.8353111,2.452528],"c":[0.9904761,1,0.6666666]}]},{"b":3,"t":3,"s":[{"p":[-0.7291398,-4.81091,-3.172405],"r":[30.73595,237.6423,228.9669],"s":[1.697134,0.8353144,2.452539],"c":[0.9904761,1,0.6666666]}]}]}