{"n":"platter","p":[{"b":16,"s":[{"p":[-0.002149286,0.08698326,-0.005160542],"r":[359.7823,1.345036,1.656494],"s":[1.421358,0.194611,2.078372],"c":[1,1,1]}]},{"b":16,"a":[3],"s":[{"p":[-0.001107041,0.05717606,-0.000118837],"r":[359.7823,1.345036,1.656494],"s":[1.315069,0.08705034,1.973099],"c":[0.1142857,0,1]}]},{"b":16,"a":[3],"s":[{"p":[-0.0008152913,0.04500484,-8.70552E-05],"r":[359.7823,1.345036,1.656494],"s":[1.268013,0.03921214,1.926709],"c":[1,1,1]}]}]}