{"n":"wall","a":[7,18],"p":[{"s":[{"p":[0,0,0],"r":[0,0,0],"s":[2.781928,0.04014985,3.391959],"c":[0.5555556,0.4656082,0.3703703]}]}]}