{"n":"thing","a":[2,16],"p":[{"b":17,"t":2,"s":[{"p":[0,0,0],"r":[0,0,0],"s":[0.005000002,0.005000003,0.005000004],"c":[1,0.6857142,0],"b":["when starts then become 2 in 5s"]},{"p":[-0.4094047,-0.001514375,0.1174616],"r":[16.14427,245.748,25.98012],"s":[0.3230623,0.3412358,0.3154647],"c":[1,0.6857142,0]}]}]}