{"n":"thing","a":[7,18],"p":[{"s":[{"p":[0,0,0],"r":[0,0,0],"s":[9.108315,8.463783,0.6951543],"c":[0.111111,0.111111,0.111111]}]}]}