{"n":"telpad1","a":[7,18],"p":[{"b":7,"t":1,"s":[{"p":[0,0,0],"r":[0,0,0],"s":[0.3769414,0.4650835,0.06373395],"c":[1,0.6222221,0.2222221]}]},{"b":2,"t":2,"s":[{"p":[5.409232E-10,0.003093716,0.03768349],"r":[8.964156E-08,-8.964157E-08,90],"s":[0.1250448,0.1250406,0.0207656],"c":[1,0.936508,0.5555556]}]}]}