{"n":"thing","a":[7],"p":[{"b":22,"e":"JUMBO SIZE!!!","s":[{"p":[0,0,0],"r":[0,0,0],"s":[0.05000621,0.05000374,0.05000711],"c":[1,0,0.1714283]}]}]}