{"n":"thing","p":[{"b":7,"s":[{"p":[-0.004480509,0.01565313,-0.03358527],"r":[359.7986,356.1615,299.0003],"s":[0.1994209,0.1921356,0.4643495],"c":[0.5555556,0.3809523,0]}]},{"b":12,"s":[{"p":[0.01035228,0.01593164,-0.1839101],"r":[29.00015,266.2732,90.2303],"s":[0.08394966,0.06000536,0.08340676],"c":[0.2222221,0.1523809,0]}]},{"b":14,"s":[{"p":[0.03417831,0.01520705,-0.349104],"r":[0.2014187,176.1615,60.99967],"s":[0.04641415,0.04546573,0.1282694],"c":[0.3333333,0.2518517,0.07407401]}]},{"b":17,"s":[{"p":[0.05087056,-0.004822552,-0.8562825],"r":[29.5935,263.9266,1.414515],"s":[0.2000853,0.2316728,0.2077187],"c":[0,0.3333333,0.01904763]}]}]}