{"n":"scary potion","a":[1,2,15],"p":[{"b":16,"t":5,"s":[{"p":[0.006949117,-0.006225366,0.03205492],"r":[68.42034,236.6198,45.36527],"s":[0.03994624,0.07572119,0.04357596],"c":[0.9714285,0,1]}]},{"b":3,"t":7,"s":[{"p":[-0.003196848,0.0008581625,0.002588219],"r":[9.00836,11.27672,345.5567],"s":[0.0785989,0.07791179,0.09598058],"c":[0.5555556,0.9619047,1],"b":["when destroyed then play funny scream"]}]},{"b":5,"t":7,"s":[{"p":[0.02701513,-0.02873279,0.1029301],"r":[16.63935,13.28954,323.5978],"s":[0.02317668,0.02254786,0.1250007],"c":[0.5555556,0.9619047,1]}]}]}