{"n":"remote greeter","a":[1,2,3,12],"inc":[["greeting bubble","581c61d330539e7813e55118"]],"p":[{"b":5,"s":[{"p":[0.0004581366,0.0004716981,-0.006320613],"r":[0.1246249,0.2919191,359.8425],"s":[0.08414306,0.08533046,0.3198147],"c":[0,0.5714284,1],"b":["when triggered then emit greeting bubble with 100"]}]},{"b":22,"e":"TRIGGER TO SAY\nHELLO FROM AFAR","s":[{"p":[-0.09765239,-0.07048723,0.09830518],"r":[314.8,89.07683,0.9734851],"s":[0.00200497,0.002004968,0.00200497],"c":[1,1,1]}]},{"b":22,"e":"SHOOTS FROM\nHERE","s":[{"p":[0.04930299,0.07744284,0.1329135],"r":[359.2325,179.9491,316.07],"s":[0.002302883,0.002302867,0.002302883],"c":[1,1,1]}]},{"b":22,"e":"GRAB HERE","s":[{"p":[-0.06446561,-0.06356147,-0.1363244],"r":[359.7771,0.3117897,55.89487],"s":[0.003000008,0.003000004,0.003000007],"c":[1,1,1]}]}]}