{"n":"boulder","p":[{"b":17,"s":[{"p":[0,0,0],"r":[0,0,2.134434E-07],"s":[0.7752669,0.7438787,0.8978955],"c":[0.3333333,0.3333333,0.3333333]}]}]}