{"n":"boulder","p":[{"b":17,"t":8,"a":[12],"s":[{"p":[0,0,0],"r":[0,0,0],"s":[14.05403,10.50296,21.96924],"c":[0.3333333,0.3333333,0.3333333]}]}]}