{"n":"glow stick","a":[2],"p":[{"b":5,"t":3,"s":[{"p":[0,0,0],"r":[-6.830188E-06,0,0],"s":[0.005000005,0.005000005,0.2175188],"c":[0,0,0],"b":["when shaken then become 2 in 0.2s","when shaken then play breaking stick"]},{"p":[0,0,0],"r":[-6.830188E-06,0,0],"s":[0.005000005,0.005000005,0.2175188],"c":[0.1142856,1,0],"b":["when starts then become 3 in 1s"]},{"p":[0,0,0],"r":[-6.830188E-06,0,0],"s":[0.005000005,0.005000005,0.2175188],"c":[0,0.05714257,1],"b":["when starts then become 4 in 1s"]},{"p":[0,0,0],"r":[-6.830188E-06,0,0],"s":[0.005000005,0.005000005,0.2175188],"c":[1,0,0.1714283],"b":["when starts then become 2 in 1s"]}]}]}