{"n":"thing","p":[{"b":13,"s":[{"p":[0,0,0],"r":[0,0,0],"s":[0.2995851,0.01017408,0.906944],"c":[1,1,1]}]}]}