{"n":"boulder","p":[{"b":17,"s":[{"p":[0,0,0],"r":[0,0,0],"s":[14.05403,10.50296,27.15781],"c":[0.3333333,0.3333333,0.3333333]}]}]}