{"n":"thing","p":[{"s":[{"p":[0.1700946,0.03064134,0.1246904],"r":[350.9591,92.13142,3.204167],"s":[0.0330681,0.02851164,0.05072632],"c":[1,1,1]}]},{"b":6,"s":[{"p":[0.02223169,0.0001557879,0.1208529],"r":[12.69958,315.1832,7.176435],"s":[0.08560433,0.01311771,0.0508542],"c":[1,1,1]}]},{"s":[{"p":[0.1055141,0.01472821,0.1242734],"r":[346.9803,92.45419,7.91942],"s":[0.04179441,0.04198778,0.1177036],"c":[1,1,1]}]},{"s":[{"p":[0.0677176,0.02552591,0.001854196],"r":[7.838813,4.843117,13.72458],"s":[0.02730655,0.02869613,0.2736618],"c":[0.6666667,0.5037037,0.148148]}]}]}