{"n":"thing","a":[1,7],"p":[{"s":[{"p":[0,0,0],"r":[0,0,0],"s":[2.428628,1.041499,0.1214286],"c":[1,1,1]}]}]}