{"n":"lamp","a":[7,12,18],"p":[{"b":16,"t":1,"s":[{"p":[0,0,0],"r":[0,0,0],"s":[0.1126541,0.07798562,0.110169],"c":[0.2194003,0.2222221,0.1234567]}]},{"b":15,"t":1,"s":[{"p":[0.01867127,0.8884068,0],"r":[90,0,0],"s":[0.005000334,0.00500141,1.95104],"c":[0.2194003,0.2222221,0.1234567]}]},{"b":3,"t":3,"s":[{"p":[0.01748181,1.646185,0.0007502548],"r":[270,270,0],"s":[0.07931256,0.08053993,0.1402207],"c":[0.9873015,1,0.5555556]}]},{"b":7,"t":7,"s":[{"p":[0.03340197,1.635926,0.01651664],"r":[270,270,0],"s":[0.1643402,0.1785532,0.3743843],"c":[1,1,1]}]}]}