{"n":"thing","p":[{"b":2,"s":[{"p":[0.0003335029,0.09206952,0.1896321],"r":[337.6024,178.3149,187.1299],"s":[0.06622309,0.04207723,0.1250005],"c":[1,1,1]}]},{"b":2,"s":[{"p":[-0.04454089,0.1254975,0.2286475],"r":[15.38324,83.00824,282.5799],"s":[0.01774078,0.02774611,0.05610918],"c":[0,0,0]}]},{"b":2,"s":[{"p":[0.04676179,0.113221,0.2260029],"r":[0.5621387,280.6866,88.1032],"s":[0.01774082,0.02774634,0.05610951],"c":[0,0,0]}]},{"b":10,"s":[{"p":[-0.0181607,0.02052209,-0.02015284],"r":[2.303994,1.228162,347.1801],"s":[0.1250021,0.1250013,0.3857009],"c":[0.222222,0.222222,0.222222]}]}]}