{"n":"rug 2","a":[7],"p":[{"b":12,"s":[{"p":[0,0,0],"r":[0,0,0],"s":[0.6943998,0.0709488,0.7539726],"c":[0.5555556,0.4021163,0.3703703]}]},{"b":12,"s":[{"p":[0.1303531,0.07380652,-0.582465],"r":[1.001792E-05,90.00001,-1.001791E-05],"s":[0.6893527,0.06000811,0.5796927],"c":[0.5555556,0.4021163,0.3703702]}]},{"b":12,"s":[{"p":[0.1244431,0.08788638,-0.5493045],"r":[-1.001791E-05,8.757938E-13,-1.001791E-05],"s":[0.4843767,0.0599977,0.5223665],"c":[0.7777778,0.7061728,0.691358]}]}]}