{"n":"elev2","a":[7,18],"p":[{"b":7,"t":1,"s":[{"p":[0,0,0],"r":[0,0,6.157171E-14],"s":[0.09276097,0.2342774,0.04999495],"c":[1,0.5682539,0.111111]}]},{"b":2,"t":2,"s":[{"p":[-0.001265639,0.02219879,0.02239895],"r":[90,-8.142218E-13,0],"s":[0.0291052,0.01351833,0.1250488],"c":[1,0,0],"b":["when touched then send nearby onto telepadt3"]}]}]}