{"n":"thing","a":[7,18],"p":[{"b":15,"t":6,"s":[{"p":[0,0,0],"r":[0,0,0],"s":[0.8117341,0.895833,0.07885413],"c":[0.06349196,0.5555556,0]}]}]}