{"n":"truck","p":[{"b":3,"s":[{"p":[0,0,0],"r":[0,0,0],"s":[0.9554151,0.9259561,3.43877],"c":[0.7777778,0.5604938,0.08641969]}]}]}