{"n":"thing","a":[22],"p":[{"b":11,"s":[{"p":[0,0,0],"r":[0,0,0],"s":[3.58935,0.5655961,0.5268824],"c":[0.4444442,0.2172836,0.09876493]}]}]}