{"n":"rockspire01","a":[7,21],"p":[{"b":14,"s":[{"p":[0,0,0],"r":[0,0,0],"s":[1.782925,1.78282,1.78283],"c":[0.4444442,0.2172836,0.09876475]}]}]}