{"n":"thing","p":[{"b":22,"e":"1","s":[{"p":[-0.1400549,0.3019824,0.07689929],"r":[342.1143,354.1852,0.5088465],"s":[0.009315792,0.009315793,0.009315784],"c":[0,0,0]}]},{"b":13,"s":[{"p":[-0.1213244,0.2686009,0.1424963],"r":[342.8479,353.1571,271.9302],"s":[0.03185804,0.03326452,0.03256173],"c":[1,1,1]}]},{"b":22,"e":"2","s":[{"p":[-0.06724496,0.3210123,0.1063762],"r":[2.379911,262.6725,17.01793],"s":[0.009581355,0.009581331,0.009581359],"c":[0,0,0]}]},{"b":22,"e":"3","s":[{"p":[-0.09980757,0.3331904,0.1784365],"r":[17.81525,170.555,12.02457],"s":[0.009810011,0.009809911,0.009810003],"c":[0,0,0]}]}]}