{"n":"65","p":[{"b":5,"s":[{"p":[0,0,0],"r":[0,0,0],"s":[0.005000014,0.005000025,0.1033565],"c":[0.4444444,0.4444444,0.4444444],"b":["when told then become 2 in 0.5s"]},{"p":[0,0,0],"r":[0,0,0],"s":[0.005000014,0.006451845,0.2374983],"c":[0.4444443,0.4444443,0.4444443],"b":["when starts then become 3 in 2s"]},{"p":[0,0,0],"r":[0,0,0],"s":[0.005000014,0.006451845,0.2374983],"c":[0.4444443,0.4444443,0.4444443],"b":["when starts then become 1 in 2s"]}]}]}