{"n":"thing","a":[7,18],"p":[{"b":12,"s":[{"p":[0,0,0],"r":[0,0,7.656432E-20],"s":[0.97097,0.06000248,0.8350284],"c":[1,1,1]}]}]}