{"n":"thing","a":[7],"p":[{"b":5,"s":[{"p":[0,0,0],"r":[0,0,0],"s":[0.2427112,0.2342841,47.2146],"c":[0.4444442,0.2172836,0.09876499]}]}]}