{"n":"steam trigger","a":[7],"p":[{"t":6,"s":[{"p":[0.05058217,0.01129699,-0.2783157],"r":[0,0,270],"s":[0.332967,0.2578048,0.01036669],"c":[1,1,1],"b":["when touches water thrower then become 3"]},{"p":[0.03056538,0.1534846,-0.3103951],"r":[0,0,90],"s":[0.2159873,0.3685193,0.1930202],"c":[1,1,1]},{"p":[0.04601455,0.01697552,-0.3721347],"r":[0,0,270],"s":[0.3329708,0.2578095,0.2129538],"c":[1,1,1],"b":["when starts then become 1 in 2s"]}]}]}