{"n":"walkway","p":[{"s":[{"p":[0,0,0],"r":[0,0,0],"s":[19.15231,2.658787,3.689919],"c":[0.4444439,0.2172831,0.09876459]}]}]}