{"n":"walkway","p":[{"s":[{"p":[0,0,0],"r":[0,0,9.862378E-07],"s":[1.998324,2.704101,3.880841],"c":[0.4444439,0.2172831,0.09876461]}]}]}