{"n":"thing","a":[7,18],"p":[{"b":18,"e":"WELCOME!","s":[{"p":[0,0,0],"r":[0,0,-8.337632E-10],"s":[0.01255555,0.01255555,0.01255555],"c":[1,1,1]}]}]}