{"n":"thing","p":[{"b":5,"s":[{"p":[-0.006984465,-0.2578654,-0.006086633],"r":[2.07271,11.73741,0.877531],"s":[0.04793718,0.04777304,0.01758244],"c":[1,1,1]}]},{"b":12,"s":[{"p":[0.03036817,-0.2026082,-0.0122862],"r":[0.5699622,13.01669,328.1973],"s":[0.005000011,0.005000001,0.005000016],"c":[0,0.05714232,1]}]},{"b":12,"s":[{"p":[9.174086E-05,-0.1925734,-0.006175801],"r":[4.363092,11.41314,355.0596],"s":[0.005,0.005000001,0.005000003],"c":[1,0,0.1714283]}]},{"b":12,"s":[{"p":[0.05334754,-0.2253457,-0.01851535],"r":[4.833113,15.83072,301.0547],"s":[0.005000007,0.004999999,0.005000011],"c":[0,1,0.05714279]}]}]}