{"n":"thing","a":[7,18],"p":[{"b":10,"t":1,"s":[{"p":[0,0,0],"r":[0,0,0],"s":[0.7070452,0.005002667,1.346277],"c":[0.9714286,1,0]}]},{"b":10,"t":5,"a":[3],"s":[{"p":[9.313226E-10,0.007513523,0],"r":[0,0,0],"s":[0.649264,0.1474004,1.288551],"c":[0,0.6095237,0.6666667],"b":["when touched then send nearby to kokiri forest"]}]}]}