{"n":"fernseher","a":[22,18],"p":[{"a":[1],"s":[{"p":[0,0,0],"r":[0,0,0],"s":[1.70395,0.05148327,1.288925],"c":[0,0,0]}]},{"t":1,"a":[1,3],"s":[{"p":[-3.012429E-09,-0.01722908,-1.862645E-09],"r":[0,0,-1.484759E-05],"s":[1.734442,0.08196883,1.319499],"c":[0.3738976,0.4444444,0.3456789]}]},{"t":1,"s":[{"p":[0.5528573,-0.6263167,-0.02045691],"r":[-8.964216E-08,-8.964215E-08,270],"s":[1.181515,0.04264163,0.03878982],"c":[0.6666667,0.6666667,0.6666667]}]},{"t":1,"s":[{"p":[-0.5268594,-0.6263165,-0.02045697],"r":[-8.964216E-08,-8.964215E-08,270],"s":[1.181831,0.04265455,0.03880276],"c":[0.6666667,0.6666667,0.6666667]}]}]}