{"n":"thing","a":[1,7,18],"p":[{"b":21,"e":"DELCO'S KEYBOARD","s":[{"p":[0,0,0],"r":[0,0,0],"s":[0.006545046,0.006540727,0.006545003],"c":[0.8888889,0.3978835,0.2962962]}]}]}