{"n":"thing","a":[7],"p":[{"b":18,"e":"REALISTIC KEYBOARD","s":[{"p":[-0.2023201,0.09784031,0.02420843],"r":[90,-9.659345E-06,0],"s":[0.003001116,0.00300016,0.003001041],"c":[1,1,1]}]},{"s":[{"p":[-0.02499235,0.00809288,0.003485441],"r":[0,0,8.537737E-06],"s":[0.4025372,0.1750418,0.03028509],"c":[0.4444444,0.4444444,0.4444444],"b":["when touched then play button click 4"]}]}]}