{"n":"thing","p":[{"b":22,"e":"EOD","s":[{"p":[0,0,0],"r":[0,0,0],"s":[0.05000005,0.04999999,0.05000005],"c":[1,0,0.1714283]},{"p":[0,0,0],"r":[0,0,0],"s":[0.05000005,0.04999999,0.05000005],"c":[1,0,0.1714283]}]}]}