{"n":"bush","a":[7],"p":[{"b":17,"s":[{"p":[0,0,0],"r":[-6.830188E-06,5.088886E-14,-8.537735E-07],"s":[0.6750885,0.7339985,0.5717784],"c":[0,0.5555556,0.03174605]}]}]}