{"n":"start","a":[5],"p":[{"t":1,"s":[{"p":[0,0,0],"r":[0,0,0],"s":[0.1810956,1.274152,0.1751691],"c":[1,0.8571429,0]}]}]}