{"n":"thing","p":[{"t":1,"s":[{"p":[0,0,0],"r":[0,0,-1.600825E-07],"s":[2.102108,0.1273255,0.6712648],"c":[1,0.7904761,0.3333332]}]}]}