{"n":"thing","a":[6,8],"p":[{"b":7,"t":1,"s":[{"p":[0,0,0],"r":[0,0,0],"s":[0.03968458,0.03294449,0.2288733],"c":[1,0.6857142,0]}]},{"b":7,"t":1,"s":[{"p":[0.004237616,0.04968213,0.0008181632],"r":[342.7049,359.2348,301.4061],"s":[0.0205365,0.0281703,0.1250001],"c":[1,0.6857142,0]}]},{"b":11,"t":6,"s":[{"p":[-0.05559621,0.01506865,-0.02226491],"r":[40.62061,47.27411,343.5933],"s":[0.228425,0.08129758,0.06032],"c":[1,0.5142855,0]}]}]}