{"n":"thing","a":[6,8],"p":[{"b":11,"t":5,"s":[{"p":[0,0,0],"r":[0,0,1.707547E-06],"s":[0.5624772,0.04528421,0.05976701],"c":[1,0.8571429,0],"b":["when starts then become 2 in 4s"]},{"p":[-0.1124137,0.1962811,-0.1012499],"r":[6.505785,355.9095,3.339235],"s":[0.2923147,0.245814,0.09013011],"c":[1,0.8571429,0],"b":["when starts then become 3 in 4s"]},{"p":[-0.1124137,0.1962811,-0.1012499],"r":[6.505785,355.9095,3.339236],"s":[1.023148,0.245814,0.1831702],"c":[1,0.8571429,0],"b":["when starts then become 1 in 1s"]}]}]}