{"n":"thing","p":[{"b":9,"s":[{"p":[0,0,0],"r":[0,0,0],"s":[0.8891104,0.1227799,1.790063],"c":[0.7160494,0.7777778,0.691358]}]},{"b":9,"s":[{"p":[-0.08697218,0.06206152,-1.713128],"r":[358.1731,345.5775,358.6868],"s":[1.476478,0.07043722,1.642893],"c":[0.7160494,0.7777778,0.691358]}]}]}