{"n":"thing","a":[5],"p":[{"b":7,"t":1,"s":[{"p":[0,0,0],"r":[0,0,-8.537737E-07],"s":[0.1890236,0.1683027,0.8721049],"c":[1,0.5142855,0]}]},{"b":7,"t":1,"s":[{"p":[0.09179465,0.2250991,-0.2797376],"r":[-0.004198539,4.653302,49.42265],"s":[0.07408316,0.1683028,0.4628483],"c":[1,0.5142855,0]}]},{"b":7,"t":1,"s":[{"p":[0.09460194,0.09497824,-0.1597153],"r":[358.3748,3.023307,17.21421],"s":[0.1890237,0.168303,0.8721068],"c":[1,0.5142855,0]}]}]}