{"n":"thing","a":[5],"p":[{"b":8,"t":1,"s":[{"p":[0,0,0],"r":[0,0,0],"s":[0.1250002,0.2495694,0.4985037],"c":[0,0,0]}]},{"b":8,"t":1,"s":[{"p":[0.08947752,0.09263837,-0.2318183],"r":[4.5544,7.137969,158.8967],"s":[0.2692361,0.3657159,0.8134394],"c":[0,0,0]}]},{"b":8,"t":1,"s":[{"p":[0.007622637,0.1823903,-0.06028531],"r":[0.001387062,5.268507,353.1926],"s":[0.1250004,0.2495696,0.4985041],"c":[0,0,0]}]},{"b":8,"t":1,"s":[{"p":[0.3498601,-0.02330562,-0.2136569],"r":[19.49144,6.388732,35.78845],"s":[0.1250004,0.3488697,0.6836976],"c":[0,0,0]}]}]}