{"n":"thing","a":[5],"p":[{"b":6,"t":1,"s":[{"p":[0,0,0],"r":[0,0,0],"s":[0.06200434,0.4889618,0.1812537],"c":[0,0,0]}]}]}