{"n":"thing","a":[5,8],"p":[{"b":7,"t":1,"s":[{"p":[0,0,0],"r":[0,0,0],"s":[0.2265289,0.2400369,1.31286],"c":[0.4444444,0.1523809,0]}]},{"b":7,"t":1,"s":[{"p":[-0.3282531,-0.03817508,-0.1656216],"r":[0.1992379,9.536541,298.9803],"s":[0.2265291,0.1996178,1.093926],"c":[0.4444444,0.1523809,0]}]},{"b":9,"t":5,"s":[{"p":[-0.170527,0.01765025,0.6969187],"r":[339.0084,7.233406,28.82937],"s":[0.1413391,0.05058322,0.05663591],"c":[0.4444443,0,0],"b":["when starts then become 2 in 0.2s"]},{"p":[-0.170527,0.01765025,0.6969187],"r":[339.0084,7.233405,28.82938],"s":[0.1458493,0.1447034,0.1408144],"c":[0.4444443,0,0],"b":["when starts then become 1 in 0.2s"]}]}]}