{"n":"thing","a":[5],"p":[{"b":7,"t":1,"s":[{"p":[0.02179511,0.007052844,-0.006828282],"r":[0.1782794,358.8456,3.458289],"s":[0.1822855,0.1171946,0.8781027],"c":[1,0.5142855,0]}]},{"b":7,"t":1,"s":[{"p":[-0.06246609,-0.1739932,-0.09471662],"r":[5.496533,5.626904,18.51648],"s":[0.3111271,0.2122669,1.198305],"c":[1,0.5142855,0]}]}]}