{"n":"thing","a":[5],"p":[{"t":1,"s":[{"p":[0,0,0],"r":[0,0,0],"s":[0.2927847,1.67227,2.376652],"c":[0,0,0]}]}]}