{"n":"secret room","a":[7,23],"p":[{"t":1,"s":[{"p":[0,0,0],"r":[0,0,-7.656432E-20],"s":[12.92234,0.1848347,13.30017],"c":[0,0.006349154,0.111111]}]}]}