{"n":"thing","a":[5],"p":[{"b":6,"t":1,"s":[{"p":[0,0,0],"r":[0,0,0],"s":[0.2024793,0.3937264,0.3123485],"c":[0,0,0]}]}]}