{"n":"thing","a":[7],"p":[{"t":1,"s":[{"p":[0,0,0],"r":[0,0,0],"s":[5.070797,0.6380078,0.4092299],"c":[1,0.7555555,0.2222221]}]}]}