{"n":"revsign","p":[{"b":18,"e":"WHEN RELOADING GUN ONLY\nTOUCH 1 BULLET AT TIME,\nOR IT WILL BREAK.\nIF BROKEN, TOUCH TOP OF HAMMER","s":[{"p":[-0.2634231,0.02654184,0.09128878],"r":[87.78256,156.0162,157.0162],"s":[0.003000003,0.003000002,0.003000004],"c":[0.5555556,0,0.09523795]}]},{"s":[{"p":[0.01143679,0.02153708,0.01378525],"r":[3.239248,359.9307,359.3479],"s":[0.6085293,0.005000002,0.2498299],"c":[0,0,0]}]}]}