{"n":"thing","a":[5],"p":[{"b":6,"t":1,"s":[{"p":[0,0,0],"r":[0,0,4.268868E-07],"s":[1.664221,2.189884,1.351398],"c":[0,0,0]}]}]}