{"n":"thing","a":[7],"p":[{"s":[{"p":[0,0,0],"r":[0,0,0],"s":[50.07082,0.005007396,48.49534],"c":[1,1,1]}]}]}