{"n":"dbal","a":[2,16],"p":[{"b":3,"s":[{"p":[0,0,0],"r":[0,0,4.268868E-07],"s":[0.009893388,0.02172561,0.01409994],"c":[1,1,1],"b":["when told by any dead then send nearby onto spawn"]},{"p":[0,0,0],"r":[0,0,4.268868E-07],"s":[0.009893388,0.02172561,0.01409994],"c":[1,1,1]}]}]}