{"n":"thing","p":[{"a":[1],"s":[{"p":[0,0,0],"r":[0,0,0],"s":[0.8598785,0.005,0.6884423],"c":[0,0,0]}]}]}