{"n":"thing","a":[5],"p":[{"b":6,"t":2,"s":[{"p":[0,0,0],"r":[0,0,-2.934847E-07],"s":[0.06368847,0.02830768,0.02155357],"c":[0.304762,0,0.6666667]}]}]}