{"n":"thing","a":[5,7],"p":[{"t":7,"s":[{"p":[0,0,0],"r":[0,0,0],"s":[1.448044,0.4887198,3.041588],"c":[1,0.6857142,0]}]}]}