{"n":"floor","a":[7],"p":[{"s":[{"p":[0,0,0],"r":[0,0,0],"s":[41.35637,50.0125,0.1750601],"c":[0.2962962,0.6666667,0.4444443]}]}]}