{"n":"thing","p":[{"s":[{"p":[0,0,0],"r":[0,0,-5.336085E-08],"s":[0.2080591,50,50],"c":[1,0,0.5142856]}]}]}