{"n":"thing","p":[{"b":18,"e":"LATE CANT SPEAK SORRY","s":[{"p":[0,0,0],"r":[0,0,-3.73526E-07],"s":[0.002999999,0.003,0.003000002],"c":[1,1,1]}]}]}