{"n":"thing","p":[{"b":22,"e":"DEAD END.","s":[{"p":[0,0,0],"r":[0,0,0],"s":[0.007567338,0.00756734,0.00756734],"c":[1,0,0.1714283],"b":["when looked at then play glitched crying 3 with 200"]},{"p":[0,0,0],"r":[0,0,0],"s":[0.007567338,0.00756734,0.00756734],"c":[1,0,0.1714283]}]}]}