{"n":"thing","a":[7,18],"p":[{"b":17,"s":[{"p":[0,0,0],"r":[0,0,0],"s":[4.651606,4.651335,4.651604],"c":[1,1,1]}]}]}