{"n":"john text","a":[22,18],"p":[{"b":20,"e":"MY FIRST ATTEMPT AT MAKING A HEAD\nKINDA SCARY LOOKING","s":[{"p":[0,0,0],"r":[0,0,0],"s":[0.003000685,0.003000031,0.003000693],"c":[0.3333332,0.2751321,0.148148]}]}]}