{"n":"ground","a":[7,18],"p":[{"b":17,"s":[{"p":[0,0,0],"r":[0,0,0],"s":[3.363459,0.1106234,3.201462],"c":[0.9019608,0.8509804,0.7215686]}]}]}