{"n":"thing","p":[{"b":9,"t":1,"s":[{"p":[0,0,0],"r":[0,0,0],"s":[0.1250001,0.1250003,0.1250004],"c":[0.6666667,0.07407401,0.1756612],"b":["when starts then become 2 in 2s"]},{"p":[0.02961056,-0.005964085,-0.05691024],"r":[3.7522,1.329388,3.276874],"s":[0.1250002,0.1250005,0.1250006],"c":[0.6666667,0.07407398,0.1756611],"b":["when starts then become 1 in 2s"]}]}]}