{"n":"thing","p":[{"b":10,"t":3,"s":[{"p":[0,0,0],"r":[0,0,0],"s":[0.005000004,0.005000002,0.005000004],"c":[0.8666667,1,0.3333332],"b":["when starts then become next in 0.5s"]},{"p":[0.01351712,-0.01347227,-0.04118272],"r":[6.374473,2.871669,355.7198],"s":[0.005000021,0.005000013,0.005000016],"c":[0.8666667,1,0.3333332],"b":["when starts then become previous in 0.5s"]}]}]}