{"n":"thing","a":[1,2,3,22,12],"inc":[["thing","584bfc4b1aeee6761372bcf4"]],"p":[{"b":5,"t":1,"s":[{"p":[0,0,0],"r":[0,0,0],"s":[0.01614918,0.009781906,0.3125721],"c":[0.111111,0.111111,0.111111]}]},{"t":1,"s":[{"p":[-0.0005340577,0.0008926094,0.3611555],"r":[0,0,-5.008957E-06],"s":[0.03386362,0.005001295,0.4832602],"c":[0.6666667,0.6666667,0.6666667]}]},{"t":8,"a":[12],"s":[{"p":[0.03524781,0.004852265,0.3611555],"r":[6.171555E-06,90.00001,-1.162596E-06],"s":[0.03387178,0.005002472,0.02155606],"c":[0.6666667,0.6666667,0.6666667],"b":["when triggered then emit thing with 10, play metal clink"]}]}]}