{"n":"light","a":[5],"p":[{"b":3,"t":3,"s":[{"p":[0,0,0],"r":[0,0,0],"s":[0.2826242,0.2922193,0.3002292],"c":[1,1,1]}]}]}