{"n":"thing","p":[{"b":19,"e":"THIS MOUND OF SEEDLESS STRAW,","s":[{"p":[0,0,0],"r":[0,0,0],"s":[0.003000003,0.003000002,0.003000001],"c":[1,1,1]}]},{"b":19,"e":"SOIL, LOGS, AND STICKS","s":[{"p":[0.07226087,-0.02827549,-0.01088295],"r":[1.735112,358.576,359.4244],"s":[0.003000004,0.003,0.003000002],"c":[1,1,1]}]},{"b":19,"e":"IS A SPACE-EFFICIENT WAY\nTO GROW CROPS THAT\nSLOW-RELEASES CARBON\nAND RETAINS WATER. \nYOU BARELY HAVE TO \nWATER THIS. BEST WITH\nPLYCULTURE INTERPLANTING.","s":[{"p":[0.05520491,-0.06803051,-0.0122622],"r":[8.640305,0.0553891,0.3954496],"s":[0.003000003,0.003,0.003000006],"c":[1,1,1]}]}]}