{"n":"thing","a":[7,18],"p":[{"b":18,"e":"  THE\nPARTY\nNEVER\n ENDS","s":[{"p":[-1.861291E-07,7.315145E-09,0.04183775],"r":[-1.001791E-05,-6.157171E-14,1.001791E-05],"s":[0.01815182,0.01815201,0.01815239],"c":[1,0,0.1714283],"b":["when told by nearby noend then become 2 in 0.5s"]},{"p":[-0.000228107,1.041463E-14,5.956476E-08],"r":[-1.001791E-05,0,0],"s":[0.01815183,0.01815194,0.01815229],"c":[1,0,0.1714283],"b":["when starts then become 3 in 2s"]},{"p":[-0.000228107,1.041463E-14,5.956476E-08],"r":[-1.001791E-05,0,0],"s":[0.01815183,0.01815194,0.01815229],"c":[1,0,0.1714283],"b":["when starts then become 1 in 0.5s"]}]}]}