{"n":"light","a":[6,5,8],"p":[{"b":6,"t":3,"s":[{"p":[0,0,0],"r":[0,0,-8.537735E-07],"s":[0.1295438,0.09341072,0.06436521],"c":[1,0.6857142,0]}]}]}