{"n":"thing","a":[6,5,8],"p":[{"b":6,"t":6,"s":[{"p":[0,0,0],"r":[0,0,0],"s":[0.005000005,0.00500001,0.2166659],"c":[1,0.5142855,0],"b":["when starts then become 2 in 1s"]},{"p":[0,0,0],"r":[0,0,0],"s":[0.1998696,0.1118685,0.1182181],"c":[1,0.8571429,0],"b":["when starts then become 1 in 1s"]}]}]}