{"n":"thing","p":[{"b":22,"e":"CREATED BY STIG STRAND","s":[{"p":[0,0,0],"r":[0,0,-1.067217E-07],"s":[0.005536252,0.005536246,0.005536255],"c":[1,1,1]}]}]}