{"n":"thing","a":[13,21],"p":[{"b":3,"t":3,"s":[{"p":[0,0,0],"r":[0,0,0],"s":[0.1849616,0.1849616,0.1849618],"c":[1,1,1]}]},{"b":3,"t":3,"s":[{"p":[1.245742,1.675554,-0.3805315],"r":[321.6273,179.2557,245.4049],"s":[0.1849617,0.1849616,0.1849618],"c":[1,1,1]}]}]}