{"n":"thing","a":[5,8],"p":[{"b":6,"t":3,"s":[{"p":[0,0,0],"r":[0,0,0],"s":[0.1054681,0.02680557,0.05170781],"c":[0.4571431,0,1]}]}]}