{"n":"thing","p":[{"b":7,"t":1,"s":[{"p":[0,0,0],"r":[0,0,0],"s":[0.6315677,0.5151222,0.2551814],"c":[1,0.7555555,0.2222221]}]}]}