{"n":"howlshangout","a":[7,13],"p":[{"s":[{"p":[0,0,0],"r":[0,0,0],"s":[9.937821,8.915191,0.210541],"c":[1,1,1]}]}]}