{"n":"soil sla b","a":[7,18],"p":[{"b":13,"s":[{"p":[0,0,0],"r":[0,0,0],"s":[0.3255156,0.07163595,2.609198],"c":[0.3333333,0.2433861,0.1481481]}]}]}