{"n":"thing","p":[{"t":1,"s":[{"p":[0,0,0],"r":[0,0,0],"s":[2.485068,0.8034151,0.3780417],"c":[1,0.7904761,0.3333325]}]}]}