{"n":"thing","a":[7],"p":[{"t":1,"s":[{"p":[0,0,0],"r":[0,0,0],"s":[4.963554,0.6516135,0.5281844],"c":[1,0.7904761,0.3333326]}]}]}