{"n":"thing","a":[5],"p":[{"b":7,"s":[{"p":[0,0,0],"r":[0,0,0],"s":[0.164677,0.1739928,1.247849],"c":[0.8888889,0.6095237,0]}]}]}