{"n":"wall","a":[22,18],"p":[{"s":[{"p":[0,0,0],"r":[0,0,-1.707547E-06],"s":[19.78295,9.175882,0.13465],"c":[0.5185186,0.526984,0.6666667]}]}]}