{"n":"tennis","a":[2,9,14],"p":[{"b":9,"t":3,"a":[3],"s":[{"p":[0,0,0],"r":[0,0,0],"s":[0.0732732,0.0732732,0.0732732],"c":[1,0.9047619,0.3333332]}]}]}