{"n":"thing","a":[7],"p":[{"s":[{"p":[0,0,0],"r":[0,0,0],"s":[0.6806684,0.1807588,6.866439],"c":[1,1,1]}]}]}