{"n":"thing","a":[7,18],"p":[{"s":[{"p":[0,0,0],"r":[0,0,4.378969E-13],"s":[1.006506,0.7506105,0.6316552],"c":[0.3333333,0.3333333,0.3333333]}]}]}