{"n":"thing","p":[{"b":18,"e":"THE ONE WITH WHEN GET CODE","s":[{"p":[0,0,0],"r":[0,0,0],"s":[0.003000001,0.003000004,0.003000002],"c":[1,1,1]}]}]}