{"n":"thing","a":[5,7],"p":[{"t":2,"s":[{"p":[0,0,0],"r":[0,0,0],"s":[6.096663,0.1456522,0.005],"c":[0.8888889,0.7619048,0]}]}]}