{"n":"thing","a":[7,18],"p":[{"s":[{"p":[0,0,0],"r":[0,0,4.378969E-13],"s":[2.425532,0.1068842,4.715587],"c":[0.8888889,0.4994709,0.2962961]}]}]}