{"n":"thing","a":[7,18],"p":[{"s":[{"p":[0,0,0],"r":[0,0,0],"s":[0.7391601,0.7655772,0.6316568],"c":[0.3333333,0.3333333,0.3333333]}]}]}