{"n":"touch","p":[{"b":16,"t":7,"s":[{"p":[0,0,0],"r":[0,0,0],"s":[0.1250005,0.1250005,0.1024292],"c":[1,1,1]}]},{"b":2,"s":[{"p":[-0.09356315,-0.01094248,0.0442667],"r":[1.369982,278.4225,6.081539],"s":[0.04911637,0.005000012,0.06366219],"c":[1,0,0]}]},{"s":[{"p":[-0.03288746,-0.01203096,0.03725926],"r":[84.66498,351.2159,341.791],"s":[0.0879551,0.02859322,0.005000011],"c":[1,0,0]}]},{"b":22,"e":"TOUCH THE\nLADDER  TO\n        CLIMB UP!","s":[{"p":[-0.1159502,-0.02141493,-0.0941413],"r":[278.0485,176.0605,185.5843],"s":[0.003000003,0.00300001,0.003000008],"c":[1,1,1]}]}]}