{"n":"thing","a":[6,5,8],"p":[{"b":7,"t":1,"s":[{"p":[0,0,0],"r":[0,0,0],"s":[0.1665383,0.1566402,1.873113],"c":[0.8888889,0.6095237,0]}]},{"b":6,"t":3,"s":[{"p":[-0.00675486,-0.01592261,0.8212893],"r":[353.6549,175.5703,106.4999],"s":[0.005000013,0.005000007,0.1042934],"c":[0.8888889,0.6095237,0]}]},{"b":6,"t":5,"s":[{"p":[-0.004479222,-0.01101494,0.8510472],"r":[358.1389,357.5619,347.3975],"s":[0.09802157,0.08524939,0.06552018],"c":[0.8888889,0.6095237,0]}]}]}