{"n":"thing","p":[{"t":2,"s":[{"p":[0,0,0],"r":[0,0,-6.378289E-08],"s":[0.7836602,0.812833,0.7095787],"c":[0.5555556,0.2857141,0]}]}]}