{"n":"thing","a":[5],"p":[{"b":7,"t":1,"s":[{"p":[0,0,0],"r":[0,0,0],"s":[7.550071,0.8857074,16.77727],"c":[0.4444444,0.3047618,0]}]}]}