{"n":"thing","a":[4,7],"p":[{"t":2,"s":[{"p":[0,0,0],"r":[0,0,0],"s":[4.668369,0.9924069,0.5576005],"c":[0.5555556,0.2857141,0]}]}]}