{"n":"p2","a":[12],"p":[{"s":[{"p":[0,0,0],"r":[0,0,0],"s":[0.01484301,0.0140928,0.02891504],"c":[1,1,1],"b":["when touched then propel forward with 1"]}]}]}