{"n":"floor","a":[7],"p":[{"s":[{"p":[0,0,0],"r":[0,0,0],"s":[12.16515,7.12756,0.1750087],"c":[0.6666667,0.573545,0.3703702]}]}]}