{"n":"thing","a":[6,5],"p":[{"b":17,"t":7,"a":[5],"s":[{"p":[0,0,0],"r":[0,0,-1.000516E-07],"s":[0.8495576,0.045629,0.2485958],"c":[1,0.5142855,0]}]},{"t":2,"a":[5],"s":[{"p":[-1.004271,0.1706843,-0.6124971],"r":[359.2695,103.2651,269.537],"s":[0.4239488,3.04882,6.520516],"c":[0.8888889,0,0]}]}]}