{"n":"thing","a":[6,5,8],"p":[{"b":7,"t":1,"s":[{"p":[0,0,0],"r":[0,0,0],"s":[0.2958311,0.3105316,1.315952],"c":[0.8888889,0.6095237,0]}]},{"b":7,"t":1,"s":[{"p":[-0.06034677,-0.2130798,0.4684978],"r":[347.9351,347.8096,2.540022],"s":[0.2452884,0.2148884,1.534818],"c":[0.8888889,0.6095237,0]}]},{"b":6,"t":3,"a":[5],"s":[{"p":[-0.1826431,-0.2075547,1.192889],"r":[43.17313,359.5626,310.9616],"s":[0.04713623,0.02548682,0.09514192],"c":[0.8888889,0.6095237,0]}]}]}