{"n":"thing","p":[{"b":18,"e":"UNDER CONSTRUCTION","s":[{"p":[0,0,0],"r":[0,0,0],"s":[0.007097641,0.007097644,0.007097642],"c":[1,0,0.1714283]}]}]}