{"n":"thing","p":[{"b":22,"e":"CREATED  BY ZID","s":[{"p":[0,0,0],"r":[0,0,0],"s":[0.005623002,0.005623004,0.005623005],"c":[0.02469136,0.111111,0.111111]}]}]}