{"n":"thing","a":[7,18],"p":[{"b":7,"s":[{"p":[0.001349326,0.018502,-0.2613956],"r":[90,4.650389E-06,0],"s":[0.04077932,0.05151927,0.05910865],"c":[1,0,0.1714283]}]},{"b":5,"s":[{"p":[-0.001189396,0.1617184,-0.2606202],"r":[90,4.650389E-06,0],"s":[0.05653893,0.06153356,0.3318409],"c":[0.1975308,0.1989416,0.222222]}]}]}