{"n":"thing","p":[{"b":5,"s":[{"p":[-0.008660555,-0.03792557,-0.4042777],"r":[0.2627739,0.4396599,8.67355],"s":[0.1250003,0.1250003,0.7270592],"c":[0.15873,0.5555556,0]}]},{"b":2,"s":[{"p":[0.01949726,-0.02578522,0.01167773],"r":[3.446164,0.8306561,90.09644],"s":[0.1250008,0.1250007,0.2467966],"c":[0,1,0.2285714]}]},{"b":3,"s":[{"p":[0.06762262,0.7138869,0.1881472],"r":[323.9222,339.8926,23.39804],"s":[0.125,0.125,0.125],"c":[1,1,1]}]}]}