{"n":"thing","p":[{"s":[{"p":[0,0,0],"r":[0,0,3.735259E-07],"s":[0.02445362,0.02035077,0.1750002],"c":[1,1,1]}]},{"s":[{"p":[0.03034493,-0.002652761,0.07333752],"r":[87.15195,247.753,67.90611],"s":[0.04014629,0.3283047,0.03590027],"c":[1,1,1]}]},{"s":[{"p":[0.1185465,0.09308001,-0.548263],"r":[321.5461,143.2124,197.4877],"s":[0.005,0.009523567,0.05920895],"c":[1,1,1]}]}]}