{"n":"thing","a":[1],"p":[{"b":12,"t":1,"s":[{"p":[0,0,0],"r":[0,0,-4.268868E-07],"s":[1.483013,1.483019,1.483026],"c":[0.2222216,0.02469136,0.09241582]}]},{"b":12,"t":1,"s":[{"p":[-2.473726,0.4685872,-5.067161],"r":[353.5142,218.2756,358.3719],"s":[1.483022,1.48302,1.483035],"c":[0.2222221,0.02469136,0.09241614]}]},{"b":12,"t":1,"s":[{"p":[0.3628943,0.2349284,-8.503642],"r":[357.0616,213.8927,9.031876],"s":[1.483024,1.48302,1.483038],"c":[0.2222221,0.07407401,0.1248677]}]},{"b":12,"t":1,"s":[{"p":[2.730786,-0.2062075,-4.441706],"r":[355.5419,207.3323,10.72022],"s":[1.483034,1.268362,1.483048],"c":[0.2222221,0.02469136,0.09241614]}]}]}