{"n":"thing","a":[21],"p":[{"s":[{"p":[0.3204429,0.2927556,-0.01974883],"r":[359.0168,0.9127612,4.516013],"s":[0.3615864,0.4969611,2.119659],"c":[0.4444444,0.04938265,0.3880069]}]},{"s":[{"p":[0.6696448,0.8311443,-0.0516856],"r":[357.7583,359.7711,7.444779],"s":[0.4585447,0.5735986,2.119662],"c":[0.4444444,0.04938262,0.3880069]}]}]}