{"n":"white popper ball","a":[2],"p":[{"b":9,"t":2,"s":[{"p":[0,0,0],"r":[0,0,-3.415094E-06],"s":[0.02339956,0.0227221,0.02261794],"c":[0,0,0],"b":["when shaken then become 2 in 0.5s","when shaken then play clonk"]},{"p":[-0.004385871,0.002747576,-0.003210085],"r":[358.7283,339.9604,262.47],"s":[0.11812,0.1175606,0.1145147],"c":[1,1,1]}]}]}