{"n":"thing","a":[2,3],"p":[{"b":5,"t":2,"s":[{"p":[-0.002390981,-0.003744098,-0.004556708],"r":[4.305548,359.0798,354.0651],"s":[0.0456924,0.04147499,0.0262914],"c":[1,0.8571429,0]}]},{"b":8,"t":7,"s":[{"p":[0.02143832,0.05248654,-0.005069346],"r":[343.1692,267.0684,273.1945],"s":[0.01770143,0.03718606,0.02544001],"c":[0.8888889,0.3047617,0],"b":["when touched then become next in 0.2s"]},{"p":[0.02345858,0.01286746,0.2758797],"r":[342.4497,273.1378,262.1483],"s":[0.01770149,0.5689989,0.02544012],"c":[0.8888889,0.3047616,0],"b":["when touched then become previous in 0.5s"]}]},{"b":5,"s":[{"p":[-0.003661896,-0.01097738,-0.001277319],"r":[13.09587,4.059597,24.47118],"s":[0.03549281,0.03544588,0.06650632],"c":[0,0,0]}]}]}