{"n":"counter","a":[7,18],"p":[{"b":14,"s":[{"p":[0,0,0],"r":[0,0,0],"s":[0.06000001,0.05999999,0.01306893],"c":[1,0,0.1714283],"b":["when touched then become 2 in 0.8s"]},{"p":[0,0,0],"r":[0,0,0],"s":[0.06000001,0.05999999,0.0117613],"c":[0,1,0.05714279],"b":["when touched then become 3 in 0.2s"]},{"p":[0,0,0],"r":[0,0,0],"s":[0.06000001,0.05999999,0.01098337],"c":[1,0.7777778,0.815873],"b":["when starts then tell first of any count, become next in 0.05s"]},{"p":[0,0,0],"r":[0,0,0],"s":[0.06000001,0.05999999,0.01160752],"c":[0.2222221,0.04938265,0.07901222],"b":["when starts then tell first of any count, become previous in 0.05s"]}]}]}