{"n":"thing","a":[22],"p":[{"b":6,"s":[{"p":[0,0,0],"r":[0,0,-3.415095E-06],"s":[19.44138,3.040562,0.4112528],"c":[1,1,1]}]},{"b":6,"s":[{"p":[0.1893234,-4.710821,-2.730054],"r":[67.50002,-2.475609E-05,-2.475609E-05],"s":[19.46021,3.04379,0.4113238],"c":[1,1,1]}]},{"b":6,"s":[{"p":[0.1893234,-5.246842,-5.102472],"r":[45,180,180],"s":[19.46515,3.044662,0.4113715],"c":[1,1,1]}]}]}