{"n":"decounter","p":[{"b":14,"s":[{"p":[0,0,0],"r":[0,0,0],"s":[0.06000001,0.05999999,0.01306893],"c":[0,0.0571425,1],"b":["when touched then become 2 in 0.8s"]},{"p":[0,0,0],"r":[0,0,0],"s":[0.06000001,0.05999999,0.0117613],"c":[0,1,0.05714279],"b":["when touched then become 3 in 0.2s"]},{"p":[0,0,0],"r":[0,0,0],"s":[0.06000001,0.05999999,0.01098337],"c":[0.7777778,0.7904761,1],"b":["when starts then tell first of any decount, become next in 0.05s"]},{"p":[0,0,0],"r":[0,0,0],"s":[0.06000001,0.05999999,0.01160752],"c":[0.03703704,0.05396805,0.3333333],"b":["when starts then tell first of any decount, become previous in 0.05s"]}]}]}