{"n":"thing","p":[{"b":10,"t":7,"a":[3,5],"s":[{"p":[-1.610721,1.167501,-2.051106],"r":[298.9338,258.9216,351.9513],"s":[0.08167578,0.08167578,0.08167578],"c":[1,1,1],"b":["when touched then become next in 0.2s"]},{"p":[-1.610721,1.167501,-2.051106],"r":[298.9338,258.9216,351.9513],"s":[6.175944,6.175944,6.175944],"c":[1,1,1],"b":["when starts then become next in 0.2s"]}]}]}