{"n":"pie","a":[1,2,7,12,16],"p":[{"b":17,"s":[{"p":[-0.02074051,-0.0003976822,0.07552671],"r":[-1.162598E-06,-1.162598E-06,270],"s":[0.09152569,0.1130376,0.06000501],"c":[1,1,1],"b":["when touched then play splat hit, become 2 in 0.5s"]},{"p":[-0.02074051,-0.0003976822,0.07552671],"r":[-1.162598E-06,-1.162598E-06,270],"s":[0.147561,0.1575269,0.005],"c":[1,1,1],"b":["when touched then become next"]},{"p":[-0.02074051,-0.0003976822,0.07552671],"r":[-1.162598E-06,-1.162598E-06,270],"s":[0.147561,0.1575269,0.005],"c":[1,1,1],"b":["when touched then destroy all parts"]}]},{"b":5,"s":[{"p":[-0.05177116,0.02084351,0.02106118],"r":[-1.707547E-06,-1.526666E-13,180],"s":[0.09736679,0.09369626,0.1250418],"c":[0.4444444,0.4444444,0.4444444]}]}]}