{"n":"thing","a":[21],"p":[{"b":17,"s":[{"p":[0.004894489,0.03223785,-0.0146327],"r":[2.442182,0.876469,357.9011],"s":[0.05376427,0.03390564,0.04884537],"c":[0.5555556,0.5026453,0.1851851]}]},{"b":5,"s":[{"p":[0.005670796,0.01808616,-0.009185096],"r":[90,89.99999,0],"s":[0.09460577,0.09460945,0.008932892],"c":[0.5555556,0.5026453,0.1851851]}]},{"b":17,"s":[{"p":[0.001858139,-2.097659E-08,-1.047738E-08],"r":[0,0,1.013856E-05],"s":[0.1021013,0.01602363,0.1304281],"c":[0.5555556,0.5026453,0.1851851]}]},{"b":5,"s":[{"p":[0.005670998,0.02203806,-0.009185078],"r":[90,89.99999,0],"s":[0.06843264,0.06327131,0.02135667],"c":[0,0,0]}]}]}