{"n":"thing","p":[{"b":18,"e":"GIVE UP?\nLOST IN THE MAZE?\nGO SOMEWHERE\nBRIGHTER?","s":[{"p":[0,0,0],"r":[0,0,0],"s":[0.001891742,0.001891739,0.001891741],"c":[0.9714286,1,0]}]}]}