{"n":"thing","a":[7],"p":[{"b":23,"e":"SEARCH THE MAZE FOR A KEY THAT WILL\n        OPEN THE GATEWAY.","s":[{"p":[0,0,0],"r":[0,0,0],"s":[0.004672617,0.004670147,0.004672254],"c":[1,0.3428571,0]}]}]}