{"n":"thing","a":[7,18],"p":[{"s":[{"p":[0,0,0],"r":[0,0,0],"s":[1.817195,1.064925,0.597419],"c":[0.222222,0.160141,0.02469136]}]},{"s":[{"p":[-0.8948808,0.5574282,3.445148E-05],"r":[270,1.931869E-05,0],"s":[0.02032138,0.5946043,0.04908082],"c":[0.2222219,0.1601409,0.02469136]}]},{"s":[{"p":[0.8996255,0.5574278,-0.002174258],"r":[270,1.931869E-05,0],"s":[0.02032245,0.5946822,0.04909004],"c":[0.2222219,0.1601409,0.02469136]}]}]}