{"n":"thing","p":[{"t":2,"s":[{"p":[0,0,0],"r":[0,0,0],"s":[0.734883,9.304816,0.3348275],"c":[0.4444444,0.3047618,0]}]}]}