{"n":"thing","a":[5],"p":[{"b":7,"t":1,"s":[{"p":[0,0,0],"r":[0,0,-2.134434E-07],"s":[0.1934817,0.6659778,4.646533],"c":[0.9714286,1,0]}]}]}