{"n":"thing","a":[7],"p":[{"t":2,"s":[{"p":[0,0,0],"r":[0,0,0],"s":[11.42863,0.6604464,0.2948443],"c":[0.5555556,0.2857141,0]}]}]}