{"n":"thing","p":[{"s":[{"p":[0,0,0],"r":[0,0,0],"s":[0.03201689,0.432902,0.1517516],"c":[0,0,0]}]}]}