{"n":"thing","a":[7],"p":[{"b":12,"s":[{"p":[0,0,0],"r":[0,0,0],"s":[50,0.273517,50],"c":[1,0.984127,0.8888889]}]}]}