{"n":"thing","a":[7],"p":[{"s":[{"p":[6.183783,1.135366,0.4264166],"r":[-8.964187E-08,-8.964184E-08,270],"s":[1.813902,0.02743841,4.41868],"c":[0.6825397,0.5555556,1]}]},{"s":[{"p":[0.1463213,0.0400419,0.01933754],"r":[0,0,-1.001791E-05],"s":[0.005000283,11.85188,3.606785],"c":[1,1,1]}]}]}