{"n":"thing","a":[7],"p":[{"s":[{"p":[0,0,0],"r":[0,0,0],"s":[0.1750167,9.745193,15.58473],"c":[1,1,1]}]},{"s":[{"p":[-0.1771734,-0.002940714,-7.704466],"r":[270,9.659346E-06,0],"s":[0.1753734,0.1753001,9.751295],"c":[1,1,1]}]},{"s":[{"p":[-2.645642,-0.003017426,7.701759],"r":[270,9.659346E-06,0],"s":[5.145618,0.1753754,9.752606],"c":[1,1,1]}]},{"s":[{"p":[-2.661333,-4.792215,-0.08779907],"r":[0,270,270],"s":[0.1754688,15.40489,5.115263],"c":[1,1,1]}]}]}