{"n":"thing","a":[7,18],"p":[{"s":[{"p":[0,0,0],"r":[0,0,0],"s":[0.05314974,0.6141645,0.6576181],"c":[0.9936506,1,0.7777778]}]}]}