{"n":"thing","a":[7],"p":[{"s":[{"p":[0,0,0],"r":[0,0,0],"s":[1.429125,3.207033,0.1857742],"c":[0.4444443,0.4444443,0.4444443]}]}]}