{"n":"thing","a":[7,18],"p":[{"s":[{"p":[0,0,0],"r":[0,0,0],"s":[2.498976,0.1750112,2.629588],"c":[0.8888889,0.8578483,0.7901235]}]}]}