{"n":"thing","a":[7],"p":[{"s":[{"p":[0,0,0],"r":[0,0,0],"s":[0.5934972,0.1750266,0.1750398],"c":[1,1,1]}]}]}