{"n":"tree base","a":[7,18],"p":[{"s":[{"p":[79.19098,-19.8676,-3.751358],"r":[353.8978,270.2872,259.6098],"s":[249.874,0.8745601,249.874],"c":[0.1037036,0.3333333,0.07407398]}]},{"b":16,"s":[{"p":[43.11922,-13.93302,-2.707096],"r":[353.8978,270.2872,259.6098],"s":[15.59008,0.9950034,12.95854],"c":[0.05643725,0.111111,0.04938258]}]}]}