{"n":"thing","a":[12],"inc":[["thing","586ec8d4232b685913bcc68f"],["thing 2","586ecbbe23c70d63136cf725"]],"p":[{"a":[14],"s":[{"p":[0,0,0],"r":[0,0,0],"s":[0.1750003,0.1750001,0.1750003],"c":[1,1,1],"b":["when starts then emit gravity-free thing 2 with .1","when starts then become next in 2s"]},{"p":[0,0,0],"r":[0,0,0],"s":[0.1750003,0.1750001,0.1750003],"c":[1,1,1],"b":["when starts then become next in 20s"]}]}]}