{"n":"beachway round","p":[{"b":17,"s":[{"p":[0,0,0],"r":[0,0,0],"s":[0.6924765,0.8727463,0.1456398],"c":[0.5555556,0.5026453,0.1851851]}]},{"b":17,"s":[{"p":[-0.1077082,2.594342,-0.0461669],"r":[6.279057,354.3038,356.119],"s":[0.6831213,0.9415931,0.3140833],"c":[0.5555556,0.5026453,0.1851851]}]}]}