{"n":"thing","a":[7,18],"p":[{"s":[{"p":[0,0,0],"r":[0,0,0],"s":[0.941098,0.4177879,1.931474],"c":[0.4444443,0.3005289,0.148148]}]}]}