{"n":"thing","a":[7,18],"p":[{"s":[{"p":[0,0,0],"r":[0,0,0],"s":[0.175,4.556247,2.704861],"c":[0.3333333,0.2402115,0.03703704]}]}]}