{"n":"thing","inc":[["thing","586f03e93f39560418d4de07"]],"p":[{"s":[{"p":[0,0,0],"r":[0,0,-1.067217E-07],"s":[0.1750002,0.1750002,0.1750001],"c":[1,1,1],"b":["when starts then emit gravity-free thing with .2","when starts then become next in 20s"]},{"p":[0,0,0],"r":[0,0,-1.067217E-07],"s":[0.1750002,0.1750002,0.1750001],"c":[0,0,0],"b":["when starts then become next in 1s"]}]},{"b":17,"s":[{"p":[-0.005226318,0.140502,0.03578527],"r":[75.94872,0.9834097,4.804834],"s":[0.1329381,0.06000018,0.06000013],"c":[1,0.8730159,0.111111]}]}]}