{"n":"thing","a":[7,18],"p":[{"s":[{"p":[0,0,0],"r":[0,0,0],"s":[0.9777976,0.1931462,0.1789549],"c":[0.8888889,0.8578483,0.7901235]}]}]}