{"n":"thing","a":[7,18],"p":[{"s":[{"p":[0,0,0],"r":[0,0,0],"s":[0.4239018,0.04157631,1.651241],"c":[0.5555556,0.3756613,0.1851851]}]},{"s":[{"p":[-0.4329681,7.742074E-08,0],"r":[0,0,0],"s":[0.4239178,0.04157986,1.651352],"c":[0.5555556,0.3756613,0.1851851]}]}]}