{"n":"ground","a":[7],"p":[{"t":8,"a":[12],"s":[{"p":[0,0,0],"r":[0,0,0],"s":[0.5903212,0.01161093,0.6026854],"c":[1,1,1]}]}]}