{"n":"thing","p":[{"b":4,"t":8,"a":[12],"s":[{"p":[0.0326215,-0.01510407,0.015949],"r":[2.360447,2.757755,5.571877],"s":[0.1250005,0.1250007,0.1250006],"c":[0.15873,0,0.5555556]}]},{"b":4,"t":8,"a":[12],"s":[{"p":[0.03447777,-0.01290625,0.003778201],"r":[1.452891,7.257565,7.81844],"s":[0.1250003,0.1250005,0.1250005],"c":[0.15873,0,0.5555556]}]},{"b":4,"t":8,"a":[12],"s":[{"p":[0.02517413,-0.01488635,-0.02885838],"r":[1.90478,2.279969,12.13055],"s":[0.1250006,0.1250008,0.1250009],"c":[0.15873,0,0.5555556]}]}]}