{"n":"thing","p":[{"b":9,"s":[{"p":[0,0,0],"r":[0,0,0],"s":[2.051417,0.7866184,2.011542],"c":[0.3333333,0.3333333,0.3333333]}]}]}