{"n":"stone","p":[{"b":12,"s":[{"p":[0,0,0],"r":[0,0,0],"s":[3.582156,1.866814,0.5325909],"c":[0.5555556,0.5555556,0.5555556]}]}]}