{"n":"rockslab","p":[{"b":17,"s":[{"p":[0,0,0],"r":[0,0,0],"s":[1.004503,1.270134,0.2584041],"c":[0.4444444,0.4444444,0.4444444]}]}]}