{"n":"wall1","a":[7],"p":[{"s":[{"p":[0,0,0],"r":[0,0,0],"s":[12.86986,0.2924896,2.990604],"c":[0.4444444,0.3146383,0.2469135]}]},{"t":1,"s":[{"p":[0.159152,0.00894025,-0.4101062],"r":[90,90.00001,0],"s":[0.02537673,13.24044,0.3123854],"c":[0.4444444,0.2285713,0]}]},{"t":1,"s":[{"p":[0.102376,-0.002723455,-1.512049],"r":[90,90.00001,0],"s":[0.1750959,13.15826,0.3829157],"c":[0.4444443,0.2285713,0]}]},{"t":1,"s":[{"p":[0.1703968,-0.00143382,-0.4265752],"r":[90,90,0],"s":[0.03192222,13.23994,0.3011889],"c":[0.4444444,0.2285713,0]}]}]}