{"n":"thing","p":[{"a":[1],"s":[{"p":[0,0,0],"r":[0,0,0],"s":[2.233417,0.1750001,1.907145],"c":[1,1,1]}]}]}