{"n":"thing","p":[{"b":17,"t":1,"s":[{"p":[0,0,0],"r":[0,0,1.707547E-06],"s":[3.213512,3.300354,29.1161],"c":[0,1,0.7428571]}]}]}