{"n":"dessert-port","a":[2],"p":[{"b":10,"t":1,"s":[{"p":[0,0,0],"r":[0,0,0],"s":[0.08563459,0.04323523,0.0427751],"c":[1,0.8571429,0]}]},{"b":16,"t":2,"s":[{"p":[0.001705267,0.03322595,0.001099146],"r":[354.5639,348.0347,359.7466],"s":[0.01329312,0.01309413,0.01437194],"c":[1,0.8571429,0],"b":["when touches hand then send nearby to lunopolis onto casaluna-3rdfl-wm, become 2 in 0.2s","when touches hand then play button click 2"]},{"p":[0.001705267,0.03322595,0.001099146],"r":[354.5639,348.0347,359.7466],"s":[0.01329312,0.01309413,0.01437194],"c":[1,0.8571429,0],"b":["when touched then become 1 in 1s"]}]}]}