{"n":"emjmp","a":[4],"p":[{"b":9,"t":1,"s":[{"p":[0,0,0],"r":[0,0,0],"s":[0.6211905,0.7701066,1.431089],"c":[0,1,0.7428571]}]},{"b":9,"t":1,"s":[{"p":[10.4908,-10.05151,-4.804772],"r":[351.7236,22.87079,180.847],"s":[0.6211889,0.7701057,1.43109],"c":[0,1,0.7428571]}]}]}