{"n":"emwlk","p":[{"b":12,"t":1,"s":[{"p":[0,0,0],"r":[0,0,0],"s":[0.5761154,11.09069,3.816882],"c":[0,1,0.7428571]}]}]}