{"n":"thing","p":[{"b":17,"s":[{"p":[0,0,0],"r":[0,0,8.004128E-08],"s":[2.00675,0.58346,2.428854],"c":[0.3333333,0.03703704,0.08783057],"b":["when starts then become next in 5s"]},{"p":[0,0,0],"r":[0,0,8.004128E-08],"s":[2.00675,0.58346,2.428854],"c":[0.04938265,0.0592591,0.2222221],"b":["when starts then become next in 5s"]},{"p":[0,0,0],"r":[0,0,8.004128E-08],"s":[2.00675,0.58346,2.428854],"c":[0.03703704,0.3333333,0.0539682],"b":["when starts then become next in 5s"]}]}]}