{"n":"thing","p":[{"b":18,"e":"A","s":[{"p":[0,0,0],"r":[0,0,1.834279E-08],"s":[0.009207665,0.009207661,0.00920766],"c":[1,1,1]}]},{"b":18,"e":"R","s":[{"p":[-0.0001596655,-0.08332063,-0.0001059363],"r":[357.0715,359.53,357.2044],"s":[0.009433487,0.009433477,0.009433478],"c":[1,1,1]}]},{"b":18,"e":"T","s":[{"p":[-0.004225143,-0.16409,0.002651171],"r":[354.3316,359.6252,357.9287],"s":[0.01179268,0.01179268,0.01179268],"c":[1,1,1]}]}]}