{"n":"screen","a":[1,7,18],"p":[{"a":[1,9],"s":[{"p":[-0.006398202,0.009001735,-0.008255007],"r":[0,0,180],"s":[1.210554,0.02726553,0.6421787],"c":[0,0,0]}]},{"s":[{"p":[-0.0079875,0.0136776,-0.01240564],"r":[0,0,180],"s":[1.260709,0.03385574,0.6930975],"c":[0.6744269,0.4938272,0.8888889]}]}]}