{"n":"thing","a":[7],"p":[{"b":13,"s":[{"p":[0,0,0],"r":[0,0,0],"s":[0.03546243,0.01120079,0.05341188],"c":[0.4444444,0.4444444,0.4444444]}]},{"b":16,"s":[{"p":[0.001601756,0.000396013,0.001333237],"r":[-9.659349E-06,270,1.221333E-12],"s":[0.03886195,0.03341756,0.03206047],"c":[1,0,0.1714283],"b":["when touched hand then become 2 in 0.2s","when touched hand then play gui click beep"]},{"p":[0.001601756,0.000396013,0.001333237],"r":[-9.659349E-06,270,1.221333E-12],"s":[0.03886195,0.01754615,0.03206047],"c":[1,0,0.1714283],"b":["when starts then become 1 in 0.2s","when starts then tell nearby 1open"]}]}]}