{"n":"portalpad2","a":[7,8,18],"p":[{"t":5,"s":[{"p":[0,0,0],"r":[0,0,0],"s":[0.267147,0.005001607,0.2779277],"c":[0,0.9142855,1]}]}]}