{"n":"thing","p":[{"b":9,"s":[{"p":[0,0,0],"r":[0,0,-4.268868E-07],"s":[2.754677,2.340891,2.194904],"c":[0.222222,0.2102291,0.1975308]}]}]}