{"n":"thing","p":[{"b":9,"s":[{"p":[0,0,0],"r":[0,0,0],"s":[4.638195,3.809155,2.509366],"c":[0.3333333,0.321693,0.2962962]}]}]}