{"n":"pot","a":[7,21],"p":[{"b":13,"s":[{"p":[0,0,0],"r":[0,0,0],"s":[0.03649276,0.03190058,0.03927912],"c":[0.2222221,0.2222221,0.2222221]}]},{"b":16,"s":[{"p":[0.001541138,0.000899069,0.06097055],"r":[90,-1.001791E-05,0],"s":[0.02542667,0.02267588,0.02389286],"c":[0.2222221,0.02469136,0.0585537],"b":["when starts then become next in 2s"]},{"p":[0.001541138,0.000899069,0.06097055],"r":[90,-1.001791E-05,0],"s":[0.02542667,0.02267588,0.02389286],"c":[0.02469136,0.03597874,0.2222221],"b":["when starts then become next in 2s"]},{"p":[0.001541138,0.000899069,0.06097055],"r":[90,-1.001791E-05,0],"s":[0.02542667,0.02267588,0.02389286],"c":[0.02469136,0.2222221,0.03597884],"b":["when starts then become next in 2s"]}]}]}