{"n":"thing","a":[7,18],"p":[{"s":[{"p":[0,0,0],"r":[0,0,0],"s":[7.005326,0.1750115,50],"c":[0,0,0]}]},{"s":[{"p":[2.695514,0.04058976,0],"r":[0,0,0],"s":[1.644203,0.1267473,50],"c":[0.3333333,0.3333333,0.3333333]}]},{"s":[{"p":[-2.689961,0.04058988,-4.768372E-07],"r":[0,0,1.001791E-05],"s":[1.644766,0.1314819,50],"c":[0.3333333,0.3333333,0.3333333]}]}]}