{"n":"thing","p":[{"b":16,"s":[{"p":[0,0,0],"r":[0,0,1.067217E-07],"s":[3.660188,0.8985171,1.601079],"c":[0.6666667,0.6560847,0.5925926]}]}]}