{"n":"logo","a":[22,18,21],"p":[{"b":9,"s":[{"p":[0,0,0],"r":[0,0,0],"s":[0.1107887,0.003086861,0.1123786],"c":[1,0,0]}]},{"b":9,"s":[{"p":[0.1340417,2.980232E-08,-7.450581E-09],"r":[0,0,0],"s":[0.0720121,0.003087016,0.06786975],"c":[1,0.5142855,0]}]},{"b":9,"s":[{"p":[0.2209377,-2.682209E-07,-7.450581E-09],"r":[0,0,0],"s":[0.04776249,0.003087373,0.04162811],"c":[0.9714286,1,0]}]}]}