{"n":"wall","a":[7,18],"p":[{"s":[{"p":[0,0,0],"r":[0,0,0],"s":[0.05813463,1.00267,7.691098],"c":[1,1,1]}]}]}