{"n":"trackshoot","a":[6,7,18],"inc":[["tracks","587d81ddb4b98378135ca5a2"],["light","587d7d6cc624255429ef053d"],["light 2","587d846acbc80c711331d1b1"],["thing","587d87215efddd5a2998f284"],["thing 2","587d8792bd0e891110c02124"],["thing 3","587defe8200bca4829dcc49a"]],"p":[{"b":4,"a":[14],"s":[{"p":[0,0,0],"r":[0,0,4.378969E-13],"s":[0.2163091,0.1250328,0.1249967],"c":[0,0,0],"b":["when starts then become next","when starts then emit gravity-free thing 3 with 5"]},{"p":[0,0,0],"r":[0,0,4.378969E-13],"s":[0.2163091,0.1250328,0.1249967],"c":[0,0,0],"b":["when starts then become next in 7"]}]}]}