{"n":"thing","a":[1,2,7,18,21],"p":[{"b":16,"s":[{"p":[0.07370663,-0.1351643,-0.5215419],"r":[0,90,90],"s":[0.5236228,0.358865,0.5896985],"c":[1,0.6857142,0]}]},{"b":16,"s":[{"p":[0.07370591,-0.1351643,-0.5360647],"r":[0,90,90],"s":[0.4556296,0.3592974,0.512477],"c":[0.5555556,0.5555556,0.5555556]}]},{"b":17,"t":2,"s":[{"p":[0.08436466,-0.06054121,-0.4470868],"r":[296.926,277.416,260.1701],"s":[0.3586456,0.1630158,0.3414168],"c":[1,0.1714285,0],"b":["when starts then loop fire"]}]},{"b":5,"s":[{"p":[0.06957329,-0.1039067,-0.1903726],"r":[0,0,-5.008957E-06],"s":[0.2826804,0.2713593,0.4919494],"c":[0.111111,0.111111,0.111111]}]}]}