{"n":"thing","a":[20],"p":[{"b":10,"s":[{"p":[0,0,0],"r":[0,0,0],"s":[3.148939,0.2925861,2.026263],"c":[1,0.936508,0.5555556]}]}]}