{"n":"nice try","a":[5],"p":[{"t":8,"a":[12],"s":[{"p":[0,0,0],"r":[0,0,0],"s":[5.053587,0.8564207,0.9838662],"c":[1,1,1]}]}]}