{"n":"rockledge","a":[22],"p":[{"b":12,"s":[{"p":[-2.810909,-0.5732296,-0.0459621],"r":[9.005159E-06,1.791237E-06,22.49999],"s":[0.7298509,0.3618734,0.7827544],"c":[0.5555556,0.5555556,0.5555556]}]},{"b":12,"s":[{"p":[-0.06550396,-0.0006534939,1.128576],"r":[0,0,-1.001791E-05],"s":[0.7301783,0.4230853,1.387449],"c":[0.5555556,0.5555556,0.5555556]}]}]}