{"n":"cheer","a":[7,18],"p":[{"t":2,"s":[{"p":[0,0,0],"r":[0,0,0],"s":[0.07721293,0.5256453,0.1750204],"c":[0.4444444,0,0],"b":["when told by nearby cheer then play group cheering, become next"]},{"p":[0,0,0],"r":[0,0,0],"s":[0.07721293,0.5256453,0.1750204],"c":[1,0,0],"b":["when starts then become next in 2s"]}]},{"b":23,"e":"CHEER","s":[{"p":[-0.04940784,-0.116344,0.0791955],"r":[0,90.00001,90],"s":[0.01219292,0.01219063,0.01219402],"c":[1,1,1]},{"p":[-0.04940784,-0.1844082,0.0791955],"r":[0,90.00001,90],"s":[0.01219199,0.01219064,0.01219312],"c":[1,1,1]}]}]}