{"n":"nice try","a":[5],"p":[{"t":8,"a":[12],"s":[{"p":[0,0,0],"r":[0,0,0],"s":[1.138189,0.6094562,0.7494279],"c":[1,1,1]}]}]}