{"n":"thing","a":[7,18],"p":[{"b":15,"t":1,"s":[{"p":[0,0.1731401,0.008151308],"r":[0,0,1.001791E-05],"s":[0.00500023,0.005001166,4.389804],"c":[0.222222,0.222222,0.222222]}]},{"b":15,"t":1,"s":[{"p":[0,0.02409697,2.421439E-07],"r":[0,0,0],"s":[0.005000219,0.005000981,4.389711],"c":[0.222222,0.222222,0.222222]}]},{"b":15,"t":1,"s":[{"p":[0,-0.02810812,-2.421439E-07],"r":[0,0,0],"s":[0.005000153,0.005000616,4.389429],"c":[0.222222,0.222222,0.222222]}]},{"b":15,"t":1,"s":[{"p":[0,0.1125465,-2.235174E-07],"r":[0,0,1.001791E-05],"s":[0.005000181,0.00500091,4.389719],"c":[0.222222,0.222222,0.222222]}]}]}