{"n":"thing","a":[7,18],"p":[{"b":5,"t":1,"s":[{"p":[5.960462E-08,2.290952E-07,0.05332375],"r":[1.001791E-05,1.001791E-05,1.313691E-12],"s":[0.1250343,0.1250307,0.125005],"c":[0.5555556,0.5555556,0.5555556]}]},{"b":5,"t":1,"s":[{"p":[5.960454E-08,8.731316E-07,-0.9029436],"r":[-7.656434E-20,1.001791E-05,8.757938E-13],"s":[0.1250679,0.1250611,0.1250152],"c":[0.5555556,0.5555556,0.5555556]}]},{"b":5,"t":1,"s":[{"p":[5.960442E-08,1.513284E-06,-0.4734042],"r":[1.001791E-05,1.001791E-05,1.313691E-12],"s":[0.02227619,0.02543143,1.133182],"c":[1,1,1]}]}]}