{"n":"thing","a":[5,7],"p":[{"s":[{"p":[0,0,0],"r":[0,0,0],"s":[46.92742,9.244224,0.175081],"c":[0.8888889,0.8888889,0.8888889]}]}]}