{"n":"thing","a":[2,14],"p":[{"b":9,"t":2,"a":[3],"s":[{"p":[0,0,0],"r":[0,0,-8.537738E-07],"s":[0.03668584,0.03668588,0.03668585],"c":[0,0,0],"b":["when looked at then become 2 "]},{"p":[0,0,0],"r":[0,0,-8.537738E-07],"s":[0.03753851,0.03753856,0.03753852],"c":[0,0,0],"b":["when starts then play heavy explosion with 300","when starts then become 3 in 0.2s"]},{"p":[0,0,0],"r":[0,0,-8.537738E-07],"s":[0.6466938,0.6449003,0.6449001],"c":[1,0,0],"b":["when starts then become 1 in 0.2s"]}]},{"b":18,"e":"LOOK HERE","s":[{"p":[-0.03787766,0.01962119,-0.004583579],"r":[50.65782,80.8399,78.10853],"s":[0.000492794,0.0004927946,0.0004927952],"c":[0.1142856,1,0]}]}]}