{"n":"thing","a":[2,16],"p":[{"b":10,"t":2,"s":[{"p":[0.02010323,0.01050555,-0.004121386],"r":[41.08176,329.2548,36.03867],"s":[0.006932859,0.007130034,0.007392825],"c":[0,0.05714227,1],"b":["when told tk then become next in 2s"]},{"p":[0.02010323,0.01050555,-0.004121386],"r":[41.08176,329.2548,36.03867],"s":[0.006932859,0.007130034,0.007392825],"c":[0,1,0.2285714],"b":["when starts then tell exp"]}]},{"b":9,"t":7,"s":[{"p":[0.02018508,0.009670596,-0.004461445],"r":[10.99505,359.2269,15.27193],"s":[0.01057122,0.01057124,0.009137099],"c":[1,1,1],"b":["when told exp then become 2 in 0.5s","when told exp then play digital explosion with 20","when touched then tell tk"]},{"p":[0.02018508,0.009670596,-0.004461445],"r":[10.99505,359.2269,15.27193],"s":[0.454006,0.3998619,0.4388717],"c":[1,1,1],"b":["when starts then destroy all parts"]}]}]}