{"n":"thing","a":[7,18],"p":[{"t":1,"s":[{"p":[0,0,0],"r":[0,0,0],"s":[14.83084,0.6774958,0.06284814],"c":[0,0,0]}]}]}