{"n":"thing","a":[7,18],"p":[{"t":1,"s":[{"p":[0,0,0],"r":[0,0,0],"s":[16.11186,1.082342,25.06068],"c":[0,0,0],"b":["when told by any on then become next in 0.2s"]},{"p":[0,0,0],"r":[0,0,0],"s":[16.11186,0.4860539,25.06068],"c":[0,0,0],"b":["when told by any on then become 1 in 0.2s"]}]}]}