{"n":"thing","a":[7,18],"p":[{"s":[{"p":[0,0,0],"r":[0,0,0],"s":[75.71954,0.4318621,44.75751],"c":[0.3333333,0.263492,0.111111]}]}]}