{"n":"1w","a":[8],"p":[{"t":3,"s":[{"p":[0,0,0],"r":[0,0,6.670106E-09],"s":[0.1750011,0.004999998,0.175001],"c":[0,0,0]}]}]}