{"n":"ground","a":[1],"p":[{"b":9,"s":[{"p":[0,0,0],"r":[0,0,0],"s":[9.373568,10.36354,0.1250003],"c":[1,1,1]}]}]}