{"n":"ramp","a":[22],"p":[{"b":11,"t":8,"a":[12],"s":[{"p":[0,0,0],"r":[0,0,0],"s":[0.9857783,2.564603,1.503765],"c":[1,1,1]}]},{"b":11,"t":8,"a":[12],"s":[{"p":[3.13816,-3.186689,2.277589],"r":[-3.267249E-07,7.887841E-07,44.99998],"s":[0.9890246,2.56927,1.498743],"c":[1,1,1]}]}]}