{"n":"mt-rock","p":[{"b":10,"s":[{"p":[0,0,0],"r":[0,0,4.268868E-07],"s":[3.274459,3.039979,3.739468],"c":[0.4444444,0.4444444,0.4444444]}]},{"b":10,"s":[{"p":[-4.220438,2.533857,-0.0002720356],"r":[64.75095,0.09257223,316.2817],"s":[2.885368,3.51113,3.476945],"c":[0.4444443,0.4444443,0.4444443]}]}]}