{"n":"bullet","a":[2,9,16],"p":[{"b":5,"a":[3,14],"s":[{"p":[-0.01681349,-0.1620898,0.01203936],"r":[26.2802,4.289221,18.80754],"s":[0.005,0.005,0.01239372],"c":[0.2222221,0.2222221,0.2222221]}]},{"b":3,"a":[3,14],"s":[{"p":[-0.0169334,-0.1591531,0.006498141],"r":[296.5556,329.1559,312.9883],"s":[0.007414065,0.007414075,0.007414062],"c":[0.2222221,0.2222221,0.2222221]}]}]}