{"n":"thing","a":[7,18],"p":[{"b":5,"t":1,"s":[{"p":[0.2395439,-0.01199865,-2.980232E-08],"r":[0,0,1.001791E-05],"s":[0.8242668,1.460769,0.04320332],"c":[0.1234567,0.1629628,0.2222221]}]},{"b":5,"t":1,"s":[{"p":[0.2403565,-1.846342E-08,-0.1055985],"r":[-1.001791E-05,0,0],"s":[0.7280762,1.205596,0.04320629],"c":[0.5925926,0.7111109,0.8888889]}]},{"b":5,"t":1,"s":[{"p":[0.260849,-7.500891E-09,-0.04290012],"r":[0,0,0],"s":[0.7737329,1.331212,0.04320423],"c":[0.3703703,0.4444443,0.5555556]}]},{"b":5,"t":1,"s":[{"p":[0.2496299,-2.201384E-07,-1.259045],"r":[270,9.659347E-06,0],"s":[1.545724,1.158321,0.005],"c":[0.09876534,0.148148,0.2222221]}]}]}