{"n":"thing","a":[8],"p":[{"b":3,"t":3,"s":[{"p":[0,0,0],"r":[0,0,-8.537737E-07],"s":[0.02492356,0.005,0.01035506],"c":[0.9714285,0,1]}]}]}