{"n":"thing","a":[7,18],"p":[{"s":[{"p":[0,0,0],"r":[0,0,0],"s":[0.1751514,15.89156,12.94507],"c":[0,0,0]}]}]}