{"n":"pointer","p":[{"b":4,"t":8,"a":[12],"su":[{"i":"585640511e7838145c4da651","t":"5856404f7d9a1b1710243148","p":[-0.0005510524,0.01573601,-0.2078933],"r":[329.5869,289.4018,170.4902]}],"s":[{"p":[0.1234163,-0.2611904,-0.001414251],"r":[17.20472,332.7955,8.549363],"s":[0.1250003,0.1250002,0.125],"c":[1,1,1],"b":["when starts then become 2 in 2s"]},{"p":[0.1770313,-0.1525031,-0.2518827],"r":[9.708603,345.5319,352.3966],"s":[0.1250001,0.1250001,0.125],"c":[1,1,1],"b":["when starts then become 1 in 0.5s"]}]}]}