{"n":"path1","a":[7,18],"p":[{"b":4,"t":8,"a":[12],"su":[{"i":"589149e47004611bd02b0197","t":"587be50ae0b8e786131c9fb8","p":[0.1333307,0.02801369,-0.1047995],"r":[315.3174,2.920167,87.94571]}],"s":[{"p":[0,0,0],"r":[0,0,0],"s":[0.04429492,0.07059689,0.07574604],"c":[1,1,1],"b":["when starts then become next in 5s"]},{"p":[0,0,8.918341],"r":[0,0,0],"s":[0.161135,0.1544386,0.2519199],"c":[1,1,1],"b":["when starts then become next in 5s"]},{"p":[9.536743E-07,9.851398,8.945043],"r":[270,0,0],"s":[0.2376012,0.2694879,0.3401148],"c":[1,1,1],"b":["when starts then become next in 5s"]},{"p":[9.536743E-07,9.851405,-0.02445364],"r":[-5.008957E-06,180,180],"s":[0.04434539,0.07068568,0.07584557],"c":[1,1,1],"b":["when starts then become next in 5s"]}]}]}