{"n":"thing","p":[{"b":58,"s":[{"p":[0,0,0],"r":[0,0,0],"s":[0.1250001,0.1250002,0.1250001],"c":[1,1,1]}]},{"b":58,"s":[{"p":[-0.0004434041,-0.01464732,-0.004502896],"r":[28.80975,5.071985,275.6043],"s":[0.125,0.1250001,0.1250001],"c":[1,1,1]}]},{"b":58,"s":[{"p":[9.243115E-05,-0.001954718,-0.009265015],"r":[26.76249,97.10317,274.2],"s":[0.125,0.1250001,0.1250001],"c":[1,1,1]}]}]}