{"n":"thing","a":[7,18],"p":[{"im":"82590571757001838/24F30B60816668F8BFBB8AB1BC4EEC8CF4A70DA5/","s":[{"p":[0,0,0],"r":[0,0,0],"s":[0.6302083,0.01,0.3544922],"c":[0,0,0]}]}]}