{"n":"thing","p":[{"b":37,"t":8,"a":[12],"su":[{"i":"58968eeeea282e2340117878","t":"58968dfc41641c0b10b72725","p":[0.1671231,0.04933795,-0.5326025],"r":[17.48262,191.0016,87.68375]}],"s":[{"p":[0,0,0],"r":[0,0,0],"s":[0.2307564,0.1250001,0.1250003],"c":[1,1,1],"b":["when starts then become 2 in 6s"]},{"p":[-0.001921348,-0.07429937,2.937405],"r":[357.6076,16.38185,4.873825],"s":[0.2307567,0.1250003,0.1250007],"c":[1,1,1],"b":["when starts then destroy all parts"]}]}]}