{"n":"greys f","a":[2,20],"p":[{"a":[3],"im":"88220071328809009/7AB78A6D5D8A3AFF995886812350B4235F4624D7/","s":[{"p":[0,0,0],"r":[0,0,0],"s":[0.1859864,0.01,0.2821482],"c":[0,0,0]}]}]}