{"n":"thing","a":[7,18],"p":[{"im":"169285249289788111/1762F32B25A57A6264BB6A901E2A78624AC19B07/","s":[{"p":[0,0,0],"r":[0,0,0],"s":[4.533127,0.01,2.549884],"c":[1,1,1]}]}]}