{"n":"thing","p":[{"s":[{"p":[0,0,0],"r":[0,0,0],"s":[2.666244,0.9976763,1.087074],"c":[0.1728394,0.2095236,0.2222221]}]}]}