{"n":"thing","a":[1,21],"p":[{"b":86,"s":[{"p":[-0.0290417,0.02044384,0.1822497],"r":[48.7313,288.9388,291.701],"s":[0.02715503,0.02715501,0.02715504],"c":[0.7777778,0.7777778,0.7777778]}]},{"b":86,"s":[{"p":[0.01131283,0.01852347,0.1837784],"r":[70.88669,312.8549,313.7034],"s":[0.02715505,0.02715501,0.02715503],"c":[0.7777778,0.7777778,0.7777778]}]},{"b":86,"s":[{"p":[-0.004377522,0.05563138,0.1738783],"r":[52.0731,288.3035,294.3568],"s":[0.02715505,0.02715502,0.02715506],"c":[0.7777778,0.7777778,0.7777778]}]}]}