{"n":"table-1","a":[22,18],"p":[{"b":71,"t":1,"s":[{"p":[0,0,0],"r":[0,0,0],"s":[0.8021696,0.03750538,2.570956],"c":[1,0.3428571,0]}]},{"b":83,"t":1,"s":[{"p":[0.568489,0.4404955,-0.02859253],"r":[90,90,0],"s":[0.5831888,0.125175,0.5761646],"c":[1,0.5142855,0]}]},{"b":71,"t":1,"s":[{"p":[-0.474352,-0.3699999,-0.004165828],"r":[0,0,0],"s":[0.286091,1.243857,1.178081],"c":[0.7777778,0.7777778,0.7777778]}]},{"b":71,"t":1,"s":[{"p":[-0.2832939,-0.1,0.00355348],"r":[1.001791E-05,-4.378968E-13,3.562221E-13],"s":[0.3599193,0.1302202,2.434867],"c":[1,0.8571429,0]}]}]}