{"n":"thing","a":[2],"p":[{"b":54,"s":[{"p":[0,0,0],"r":[0,0,-3.201651E-07],"s":[0.1249999,0.125,0.1249999],"c":[1,1,1]}]}]}