{"n":"thing","a":[21],"p":[{"b":86,"t":1,"s":[{"p":[0.008738592,0.02268037,0.6302242],"r":[68.39536,312.6869,311.335],"s":[0.09282395,0.09282395,0.09282391],"c":[0.4444444,0.300529,0.1481481]}]},{"b":86,"t":1,"s":[{"p":[-0.09927315,0.06988239,0.6229844],"r":[48.73129,288.9388,291.701],"s":[0.09282395,0.09282397,0.09282398],"c":[0.4444444,0.300529,0.1481481]}]}]}