{"n":"thing","a":[8,21],"p":[{"b":3,"t":3,"s":[{"p":[0,0,0],"r":[0,0,0],"s":[0.8054249,0.805423,0.8054237],"c":[1,1,1]}]}]}