{"n":"thing","a":[1,2,15],"p":[{"b":86,"t":7,"s":[{"p":[-0.02283005,0.02326377,0.1557373],"r":[48.68684,285.3483,286.821],"s":[0.02360247,0.05837569,0.02360249],"c":[0.6666667,0.6666667,0.6666667]}]},{"b":86,"t":7,"s":[{"p":[-0.005509171,0.04805662,0.1503102],"r":[56.59952,288.5522,289.2065],"s":[0.02460234,0.05816549,0.02360251],"c":[0.6666667,0.6666667,0.6666667]}]}]}