{"n":"thing","a":[1,2],"p":[{"b":86,"t":1,"s":[{"p":[-0.008328415,0.1462143,0.4818665],"r":[56.30507,289.4348,291.9454],"s":[0.07500018,0.07500015,0.0750002],"c":[0.7777778,0.7777778,0.7777778]}]}]}