{"n":"sdrwl3x","a":[5,22],"p":[{"b":81,"t":1,"s":[{"p":[0,0,0],"r":[0,0,1.017778E-13],"s":[1.535241,2.507594,1.357745],"c":[0.222222,0.1523808,0]}]}]}