{"n":"thing","a":[1,2],"p":[{"b":17,"s":[{"p":[0,0,0],"r":[0,0,0],"s":[0.06000004,0.02274925,0.06000002],"c":[0.6666667,0.5968254,0.4444444]}]},{"b":17,"s":[{"p":[-0.0723471,-0.003684588,0.009353398],"r":[0.6583731,350.3741,0.4021814],"s":[0.06000002,0.02274925,0.06000002],"c":[0.6666667,0.5968254,0.4444444]}]},{"b":5,"t":1,"s":[{"p":[-0.06829656,-0.03145383,0.01317377],"r":[271.1789,258.3462,85.09854],"s":[0.06297312,0.06202536,0.03610609],"c":[1,1,1]}]},{"b":5,"t":1,"s":[{"p":[0.003396429,-0.02097839,0.002592441],"r":[273.231,258.132,106.577],"s":[0.0629731,0.06202537,0.03610609],"c":[1,1,1]}]}]}