{"n":"wallrupx2","a":[5,22,18],"p":[{"s":[{"p":[0,0,0],"r":[0,0,0],"s":[8.400785,0.8402504,3.038374],"c":[0.2222221,0.1523808,0]}]},{"b":38,"s":[{"p":[-4.242396,-0.002460659,0.7208596],"r":[0,180,270],"s":[0.4122502,0.7308159,2.56068],"c":[0.2222221,0.1523808,0]}]}]}