{"n":"switch","a":[22,18],"p":[{"b":69,"t":1,"s":[{"p":[-0.005332649,0.01772624,5.60391E-08],"r":[22.50002,270,180],"s":[0.00579989,0.008108837,0.00579936],"c":[0.8888889,0.8888889,0.8888889],"b":["when touched hand then become next in 0.2s","when touched hand then play switch off"]},{"p":[0.005485177,0.01772624,5.698482E-08],"r":[337.5,270,180],"s":[0.00579949,0.00788713,0.005798995],"c":[0.8888889,0.8888889,0.8888889],"b":["when touched hand then become next in 0.2s","when touched hand then play switch off"]}]},{"b":3,"t":1,"s":[{"p":[-1.829864E-05,0.003160715,0.000148862],"r":[2.934179E-06,315,7.083734E-06],"s":[0.009666248,0.009662758,0.009666756],"c":[0.8888889,0.8888889,0.8888889]}]},{"b":58,"t":1,"s":[{"p":[0,0.0002679229,-4.684513E-11],"r":[3.763252E-13,3.289939E-20,1.001791E-05],"s":[0.009662865,0.104618,0.009663169],"c":[0.8888889,0.8888889,0.8888889]}]}]}