{"n":"thing","a":[1,2,21],"p":[{"b":59,"s":[{"p":[0.02969844,-0.02261738,0.02398032],"r":[83.31854,94.68576,92.01711],"s":[0.04540631,0.3233986,0.04540634],"c":[0.9714285,0,1]}]},{"b":5,"s":[{"p":[0.0282969,-0.02227771,0.009188648],"r":[1.44798,0.845173,27.78888],"s":[0.0331313,0.03369534,0.0043244],"c":[0.3333333,0.3333333,0.3333333]}]},{"b":59,"s":[{"p":[-0.003904469,-0.03846134,0.02466731],"r":[74.30999,273.9317,270.9919],"s":[0.04540649,0.3233989,0.04540637],"c":[0.7777778,0.1728394,0.2765431]}]},{"b":5,"s":[{"p":[-0.005222941,-0.03800371,0.009871198],"r":[0.155309,0.8161489,5.452632],"s":[0.03313143,0.03369536,0.004324405],"c":[0.3333333,0.3333333,0.3333333]}]}]}