{"n":"thing","p":[{"t":1,"s":[{"p":[0,0,0],"r":[0,0,-8.537735E-07],"s":[1.002846,0.4230624,0.3798148],"c":[0.7777778,0.7777778,0.7777778]}]}]}