{"n":"thing","a":[1,2],"p":[{"b":20,"e":"A","s":[{"p":[0,0,0],"r":[0,0,0],"s":[0.003000003,0.003000001,0.003000001],"c":[0.222222,0.222222,0.222222]}]},{"b":20,"e":"/","s":[{"p":[0.01436272,0.009447054,-0.000726046],"r":[357.8273,358.6138,300.6754],"s":[0.002347494,0.002347488,0.00234749],"c":[0.2222221,0.2222221,0.2222221]}]},{"b":20,"e":"B","s":[{"p":[0.01285677,-0.0004518917,-0.0001360094],"r":[0.6957523,355.6762,1.126831],"s":[0.003000008,0.003000004,0.003000005],"c":[0.222222,0.222222,0.222222]}]},{"b":20,"e":"/","s":[{"p":[0.02703588,0.009283682,0.0003263429],"r":[358.5505,354.2481,301.7854],"s":[0.002347497,0.002347491,0.002347493],"c":[0.222222,0.222222,0.222222]}]}]}