{"n":"thing","a":[1,2],"p":[{"b":20,"e":"A","s":[{"p":[0,0,0],"r":[0,0,0],"s":[0.003000003,0.003000001,0.003000001],"c":[0.222222,0.222222,0.222222]}]},{"b":20,"e":"B","s":[{"p":[0.01322981,-4.677614E-05,-0.0009605866],"r":[359.7282,0.8124687,2.832874],"s":[0.003000012,0.003000007,0.00300001],"c":[0.222222,0.222222,0.222222]}]}]}