{"n":"thing","p":[{"b":75,"t":7,"s":[{"p":[-0.005639164,0.03653348,0.002816402],"r":[0.3818707,359.8187,358.6142],"s":[0.02009955,0.06116447,0.02115624],"c":[1,0,0.1714281],"b":["when starts then become next in 0.2s"]},{"p":[0.0007281695,0.04080644,-0.01015021],"r":[3.387802,3.719326,359.2815],"s":[0.01790505,0.06017056,0.01829751],"c":[1,0,0.1714281],"b":["when starts then become next in 0.2s"]}]},{"b":75,"t":7,"s":[{"p":[-0.003904382,-0.0009640856,-0.004279265],"r":[0.8557007,357.9959,0.2021491],"s":[0.02765824,0.1054449,0.02867877],"c":[0,0.7428566,1],"b":["when starts then become next in 0.2s"]},{"p":[-0.006767928,-0.000587929,0.00524893],"r":[2.303747,355.6729,359.2566],"s":[0.02765828,0.105445,0.02708306],"c":[0,0.7428566,1],"b":["when starts then become next in 0.2s"]}]}]}