{"n":"port-","a":[7,18],"p":[{"b":54,"t":1,"s":[{"p":[0,0,0],"r":[0,0,0],"s":[0.4448509,0.2048372,1.020932],"c":[1,0.8571429,0]}]},{"t":2,"s":[{"p":[0,0,-0.007056236],"r":[0,0,0],"s":[0.5029978,0.09230527,1.165654],"c":[0.148148,0.3555552,0.6666667],"b":["when touches hand then send one nearby onto bldg1-2-3rdfl"]}]}]}