{"n":"sndmsc","a":[7],"p":[{"t":1,"s":[{"p":[0,0,0],"r":[0,0,0],"s":[1.669517,1.458742,0.8418233],"c":[0,0,0]}]}]}