{"n":"thing","a":[8],"p":[{"b":3,"t":3,"s":[{"p":[0,0,0],"r":[0,0,-1.480763E-06],"s":[0.1560415,0.1250019,0.2599253],"c":[0.2222221,0.3238094,0.6666667]}]}]}