{"n":"thing","a":[7,18],"p":[{"b":5,"t":8,"a":[12],"s":[{"p":[0,0,0],"r":[0,0,0],"s":[0.005,0.005,33.85949],"c":[1,1,1]}]},{"b":14,"su":[{"i":"58a1125c43608d1de89740e5","t":"58a11a30ef15b52f15bb94e4","p":[0.3837673,-0.2633638,-8.901239],"r":[8.537737E-06,90,270]}],"s":[{"p":[0.0007021427,-0.0002212524,-0.02337837],"r":[0,0,0],"s":[0.06001422,0.1239451,0.06001504],"c":[1,1,1],"b":["when told by any spin then become next in 2s"]},{"p":[-0.001219988,0.0003738403,-0.02079391],"r":[0,0,270],"s":[0.06002656,0.1240467,0.06006074],"c":[1,1,1],"b":["when starts then become next in 2s"]}]}]}