{"n":"thing","a":[7,8],"p":[{"b":3,"t":3,"s":[{"p":[0,0,0],"r":[0,0,0],"s":[2.524732,3.030493,0.005000453],"c":[1,1,1]}]}]}