{"n":"video player","p":[{"t":1,"a":[1],"s":[{"p":[0.1194694,-0.1619175,0],"r":[0,0,0],"s":[0.5802522,0.04838913,0.4369108],"c":[0,0,0]}]},{"t":1,"s":[{"p":[0.1204927,-0.1772326,0],"r":[-3.415095E-06,0,180],"s":[0.6352808,0.0484251,0.5264116],"c":[0.5555556,0.5555556,0.5555556]}]},{"b":69,"t":2,"a":[2],"s":[{"p":[0.1473534,-0.158623,-0.2413347],"r":[272.5605,262.4416,7.78426],"s":[0.01561802,0.01545637,0.01806369],"c":[0.1142856,1,0],"b":["when touched then become next in 1s"]},{"p":[0.1473534,-0.158623,-0.2413347],"r":[272.5603,262.4416,7.784284],"s":[0.01561802,0.01545637,0.01806369],"c":[1,0,0.3428572],"b":["when starts then become next in 1s"]}]}]}