{"n":"thing","a":[7],"p":[{"t":2,"s":[{"p":[0,0,0],"r":[0,0,0],"s":[0.7499945,0.7585385,0.7697275],"c":[0.5555556,0.2857141,0]}]}]}