{"n":"thing","a":[4,7],"p":[{"t":2,"s":[{"p":[0,0,0],"r":[0,0,0],"s":[1.100927,0.0494664,1.488288],"c":[0.5555556,0.2857141,0]}]}]}