{"n":"thing","a":[13],"p":[{"t":1,"s":[{"p":[0.1298173,0.01873678,-0.686483],"r":[0.8826571,0.518932,0.9387872],"s":[1.001073,0.3793712,0.3135945],"c":[0.6666667,0.6666667,0.6666667]}]},{"t":1,"s":[{"p":[0.08909357,-0.009957742,-0.009426028],"r":[358.7081,0.6908808,1.352825],"s":[1.005964,0.3906788,0.1867113],"c":[0.6666667,0.6666667,0.6666667]}]}]}