{"n":"thing","a":[1,2],"p":[{"b":5,"t":1,"s":[{"p":[-0.04021569,-0.05670505,0.0211618],"r":[88.12988,243.5275,162.7393],"s":[0.07455606,0.07178609,0.01310225],"c":[0.6666667,0.6666667,0.6666667]}]},{"b":5,"t":1,"s":[{"p":[0.003490676,-0.05356799,-0.0002796277],"r":[88.11819,225.0409,132.5069],"s":[0.07455595,0.071786,0.01310225],"c":[0.6666667,0.6666667,0.6666667]}]},{"b":59,"t":1,"s":[{"p":[-0.03608492,-0.04062875,0.01848628],"r":[359.5066,354.3,357.6886],"s":[0.1010854,0.406088,0.1010853],"c":[0.6666667,0.6666667,0.6666667]}]},{"b":59,"t":1,"s":[{"p":[0.004621569,-0.04019836,-0.0007597711],"r":[1.402549,359.8587,359.2539],"s":[0.1010855,0.4060881,0.1010855],"c":[0.6666667,0.6666667,0.6666667]}]}]}