{"n":"thing","p":[{"b":17,"s":[{"p":[0,0,0],"r":[0,0,0],"s":[0.02000762,0.04570492,0.02410159],"c":[0.182716,0.2222221,0.02469136]}]},{"b":17,"s":[{"p":[0.02566626,0.007814263,-0.04592205],"r":[18.25699,334.0674,32.85434],"s":[0.02000764,0.04570495,0.02410163],"c":[0.182716,0.2222221,0.02469136]}]}]}