{"n":"thing","a":[22],"p":[{"im":"158027122742337974/AE676747786FE9F46784FD8E607A3E7029DB57CF/","s":[{"p":[0,0,0],"r":[0,0,0],"s":[0.7119126,0.01,0.8294661],"c":[1,1,1]}]}]}