{"n":"thing","a":[7,25],"p":[{"t":2,"a":[11],"s":[{"p":[0,0,0],"r":[0,0,0],"s":[0.1750153,0.1750354,0.1750142],"c":[0.08641969,0.7777778,0.1259259],"b":["when starts then become next in 1"]},{"p":[-0.006717682,0.02331281,-0.006138802],"r":[0,0,90],"s":[0.1750176,0.1750433,0.1750199],"c":[0.1142857,0,1],"b":["when starts then become next in 1s"]},{"p":[-0.018543,0.03363848,0.001307011],"r":[-1.707547E-06,-1.526666E-13,180],"s":[0.1750328,0.1750495,0.1750389],"c":[0.9714286,1,0],"b":["when starts then become next in 1"]},{"p":[-0.01526475,0.06673193,-0.006099939],"r":[0,0,270],"s":[0.1750437,0.1750579,0.1750453],"c":[1,0.4444443,0.5396822],"b":["when starts then become 1 in 1s"]}]}]}