{"n":"x","a":[22],"p":[{"t":1,"s":[{"p":[0,0,0],"r":[0,0,-1.707547E-06],"s":[0.4641749,0.08037472,0.01372863],"c":[1,0.8571429,0]}]},{"t":1,"s":[{"p":[0.006877437,0.005606964,0.0004160395],"r":[-8.451929E-06,-3.622255E-06,270],"s":[0.4642212,0.08038522,0.01372934],"c":[1,0.8571429,0]}]}]}