{"n":"thing","p":[{"b":75,"s":[{"p":[0,0,0],"r":[0,0,0],"s":[0.01607038,0.01375002,0.02938322],"c":[0.8888889,0.8747795,0.7901235]}]},{"b":30,"s":[{"p":[0.05167681,-0.02426215,-0.1253467],"r":[356.1888,290.5398,11.94932],"s":[0.1250002,0.01018158,0.1729041],"c":[0.8888889,0.8747795,0.7901235]}]}]}