{"n":"thing","a":[8],"p":[{"b":10,"t":3,"s":[{"p":[0,0,0],"r":[0,0,0],"s":[0.389114,0.2593431,0.1250002],"c":[0.5555556,0.9619047,1]}]}]}