{"n":"thing","p":[{"im":"277345238412300334/C1FDA9C4899BC780EB01C6B26854DB25AE741679/","s":[{"p":[0,0,0],"r":[0,0,0],"s":[1.20085,0.01,0.6754785],"c":[1,1,1]}]}]}