{"n":"thing","a":[8],"p":[{"t":4,"s":[{"p":[0,0,0],"r":[0,0,-1.679199E-06],"s":[0.03734268,0.9257376,0.1750001],"c":[1,1,1]}]}]}