{"n":"stp6z1","a":[4],"p":[{"b":7,"t":2,"s":[{"p":[0,0,0],"r":[0,0,0],"s":[0.5542591,0.6757599,0.9946653],"c":[0.5555556,0.3809523,0]}]}]}