{"n":"thing","a":[7,13],"p":[{"s":[{"p":[3.097214,0.7693558,-4.321487],"r":[0,180,0],"s":[0.1759155,3.017274,0.1750264],"c":[1,1,1]}]},{"s":[{"p":[-2.961242,1.105311,-4.452523],"r":[1.001791E-05,6.157171E-14,1.001791E-05],"s":[0.1759562,3.01732,0.1750668],"c":[1,1,1]}]},{"s":[{"p":[-3.117951,0.7413893,4.257223],"r":[0,180,1.001791E-05],"s":[0.1759726,3.017357,0.1750831],"c":[1,1,1]}]},{"s":[{"p":[3.063442,0.9276638,4.28163],"r":[0,180,0],"s":[0.1759886,3.017391,0.1751079],"c":[1,1,1]}]}]}