{"n":"thing","p":[{"b":8,"s":[{"p":[0,0,0],"r":[0,0,8.537737E-07],"s":[0.8249015,0.2748808,0.2616547],"c":[0.9714286,1,0]}]}]}