{"n":"thing","p":[{"b":13,"s":[{"p":[0,0,0],"r":[0,0,0],"s":[1.037447,1.491834,0.8124767],"c":[0.2677248,0.3333332,0.2592592]}]}]}