{"n":"thing","a":[7],"p":[{"b":12,"t":1,"s":[{"p":[0,0,0],"r":[0,0,0],"s":[3.810085,0.06000657,0.3206165],"c":[0.3333332,0.3333332,0.3333332]}]}]}