{"n":"thing","p":[{"b":10,"s":[{"p":[0,0,0],"r":[0,0,0],"s":[0.06019383,0.2497113,0.2222075],"c":[1,0.7904761,0.333333]}]}]}