{"n":"thing","a":[7],"p":[{"s":[{"p":[0,0,0],"r":[0,0,0],"s":[2.496038,0.175044,3.663014],"c":[0.5079358,0.4444442,0.6666667]}]}]}