{"n":"thing","a":[7],"p":[{"s":[{"p":[0,0,0],"r":[0,0,0],"s":[0.1191441,1.894073,2.991001],"c":[0.6825397,0.5555556,1]}]}]}