{"n":"thing","a":[7],"p":[{"s":[{"p":[-0.1893693,0.014431,-0.006305221],"r":[90,90,0],"s":[0.07904716,0.08563289,0.06782359],"c":[0.4320987,0.5555556,0.5555556]}]},{"b":38,"s":[{"p":[-0.1380081,0.01401138,0.01596355],"r":[0,180,90.00001],"s":[0.0336557,0.02271294,0.05481032],"c":[0.4320987,0.5555556,0.5555556]}]},{"b":31,"s":[{"p":[-0.08883668,0.01483536,0.002901552],"r":[0,0,1.502687E-05],"s":[0.1338417,0.1765257,0.125019],"c":[0.4320987,0.5555556,0.5555556]}]}]}