{"n":"thing","a":[7,18,21],"p":[{"b":5,"t":1,"s":[{"p":[0,0,0],"r":[0,0,0],"s":[0.008134805,0.00876162,0.1013903],"c":[0.8888889,0.8888889,0.8888889]}]},{"b":53,"t":1,"s":[{"p":[-8.214978E-09,8.214978E-09,0.0469842],"r":[90,1.001791E-05,0],"s":[0.02105996,0.01427314,0.02122289],"c":[0.8888889,0.8888889,0.8888889]}]}]}