{"n":"thing","a":[7],"p":[{"s":[{"p":[0,0,0],"r":[0,0,0],"s":[8.668298,0.03760777,2.243145],"c":[1,1,1]}]}]}