{"n":"thing","p":[{"im":"170413070168883250/64948D04C5F53069FBFAC9AD5234A66850CFAEA7/","s":[{"p":[0,0,0],"r":[0,0,0],"s":[1.138604,0.01000001,0.6877166],"c":[1,1,1]}]}]}