{"n":"thing","p":[{"b":58,"t":1,"s":[{"p":[-0.358651,-0.02000711,-0.1419939],"r":[4.825631,338.8378,327.2617],"s":[0.152141,0.125,0.1630654],"c":[0.1142857,0,1]}]},{"b":58,"t":1,"s":[{"p":[-0.3330361,-0.03727043,-0.007304084],"r":[5.681058,343.2627,328.7693],"s":[0.152141,0.125,0.1630654],"c":[1,0,0.1714283]}]}]}