{"n":"thing","a":[1,2],"p":[{"b":20,"e":"A","s":[{"p":[0,0,0],"r":[0,0,0],"s":[0.01102241,0.01102241,0.01102241],"c":[0.222222,0.222222,0.222222]}]}]}