{"n":"thing","a":[7,18,21],"p":[{"t":1,"s":[{"p":[0,0,0],"r":[0,0,0],"s":[1.64501,0.8272307,0.08076904],"c":[0.2222221,0.1142856,0]}]},{"s":[{"p":[0,-1.117587E-08,0.026088],"r":[0,0,-1.001791E-05],"s":[1.553937,0.7591745,0.08076936],"c":[0.2222221,0.03809523,0]}]},{"b":45,"t":1,"s":[{"p":[0.03129723,0.236013,-0.06447527],"r":[4.829673E-06,90,180],"s":[0.3714167,1.175232,1.175183],"c":[0.2222221,0.1142856,0]}]},{"b":45,"t":1,"s":[{"p":[-0.01357852,-0.2653877,-0.4566383],"r":[9.659347E-06,90.00001,-4.829672E-06],"s":[1.175072,1.175116,1.174994],"c":[0.2222221,0.1142856,0]}]}]}