{"n":"thing","a":[21],"p":[{"b":3,"t":1,"s":[{"p":[0,0,0],"r":[0,0,-8.537738E-07],"s":[0.1693633,0.162319,0.1682384],"c":[0.9777778,1,0.2222221]}]},{"b":3,"t":1,"s":[{"p":[0.08272992,0.1206489,0.08884932],"r":[352.3222,6.050109,352.9749],"s":[0.1693633,0.1623191,0.1682386],"c":[1,0.342857,0]}]},{"b":3,"t":1,"s":[{"p":[0.1453952,0.06980558,-0.05413179],"r":[359.2092,329.2887,2.774499],"s":[0.1693633,0.162319,0.1682385],"c":[0.1142857,0,1]}]},{"b":3,"t":1,"s":[{"p":[0.03458817,0.1543894,-0.06082489],"r":[339.7479,315.993,348.7473],"s":[0.1693635,0.1623193,0.1682386],"c":[0,1,0.05714282]}]}]}