{"n":"bldg-3-1","p":[{"b":7,"t":8,"a":[12],"s":[{"p":[0,0,0],"r":[0,0,0],"s":[0.8479096,0.6306306,0.02935806],"c":[1,1,1]}]}]}