{"n":"pointlight","a":[1,2,15],"p":[{"b":17,"t":3,"s":[{"p":[0,0,0],"r":[0,0,0],"s":[0.01870605,0.01940025,0.01659403],"c":[0,0,0],"b":["when touched then become 2 in 1s"]},{"p":[0,0,0],"r":[0,0,0],"s":[0.01870605,0.01940025,0.01659403],"c":[1,1,1],"b":["when touched then become 1 in 1s"]}]},{"b":23,"e":"TOUCH","s":[{"p":[-0.03096144,-0.03425461,-0.00480647],"r":[350.7093,48.52544,97.0512],"s":[0.00247215,0.002472149,0.002472151],"c":[1,1,1]}]}]}