{"n":"thing","a":[1,2,9,21],"p":[{"b":54,"t":7,"s":[{"p":[0.001193986,-0.012108,0.002156574],"r":[2.336214,0.0443892,359.7868],"s":[0.1250001,0.125,0.1250001],"c":[0,0.7428569,1]}]},{"b":59,"t":2,"s":[{"p":[0.07740686,-0.01097392,-0.09487953],"r":[348.6579,319.7393,262.6866],"s":[0.06658445,0.1250013,0.06478572],"c":[0.5555556,1,0.6571429]}]},{"b":59,"t":2,"s":[{"p":[0.002464732,-0.00606023,0.006635217],"r":[359.1675,17.31748,2.571638],"s":[0.06227951,0.1250004,0.05990469],"c":[0.1142857,0,1]}]}]}