{"n":"thing","p":[{"b":6,"t":8,"a":[12],"su":[{"i":"58b722c98726e349b4e56c01","t":"58b720e88a2de08709cafd6c","p":[0.005325836,0.0003062859,0.02970863],"r":[59.6923,3.968061,272.6435]}],"s":[{"p":[0,0,0],"r":[0,0,0],"s":[0.005000002,0.1250001,0.1250001],"c":[1,1,1],"b":["when starts then become next in 3"]},{"p":[0.0007875012,0.004963646,-0.001782101],"r":[0.8051991,0.4997405,178.6173],"s":[0.005000026,0.1250007,0.1250004],"c":[1,1,1],"b":["when starts then become 1 in 3s"]}]}]}