{"n":"thing","a":[1,2,9,21],"p":[{"b":54,"t":1,"s":[{"p":[0.002270201,-0.02302245,0.004100557],"r":[2.336218,0.0443827,359.7868],"s":[0.2376781,0.2376779,0.2376783],"c":[1,0.6857142,0]}]},{"b":59,"t":1,"s":[{"p":[0.1471832,-0.02086616,-0.1804061],"r":[348.6579,319.7393,262.6866],"s":[0.1266053,0.2376806,0.1231852],"c":[1,0.8571429,0]}]},{"b":59,"t":1,"s":[{"p":[-0.0003483174,-0.0133244,0.003383653],"r":[3.369653,22.33202,358.7725],"s":[0.1184198,0.2376787,0.1139045],"c":[1,1,1]}]}]}