{"n":"thing","a":[1,2,9,21],"p":[{"b":16,"t":7,"s":[{"p":[-0.2611421,0.08657984,-0.05401126],"r":[353.3791,267.5973,192.966],"s":[0.07120188,0.07120179,0.07120175],"c":[1,0,0.8571426]}]},{"b":16,"t":7,"s":[{"p":[-0.258891,0.09034745,-0.05946323],"r":[334.0139,295.0335,278.8013],"s":[0.07120194,0.07120188,0.07120183],"c":[0.285714,1,0]}]},{"b":16,"t":7,"s":[{"p":[-0.2601729,0.08417801,-0.05964518],"r":[336.3058,33.33176,74.62994],"s":[0.07120211,0.07120204,0.07120212],"c":[0,0.7428569,1]}]}]}