{"n":"spongebob","a":[24],"bod":{"ht": {"i":"58b4aae0605f10c2130edc27","p":[0.06314254,-0.2145394,0.02522125],"r":[82.13623,342.5831,169.37]},"al": {"i":"58b34b6fdaa2d99b14e30482","p":[-0.07895075,-0.01300989,-0.1961],"r":[46.65296,102.9514,269.7805]},"ar": {"i":"58b34b6fdaa2d99b14e30482","p":[0.0679348,0.003758413,-0.2079379],"r":[285.0156,52.80114,297.0351]},"lt": {"i":"58b3488c9d844dc9139defee","p":[0.3534735,0.1516612,0.2698503],"r":[78.87524,220.991,59.82552]}},"p":[{"im":"170413070172842586/C415ABEC2F7B607BA1DD44155D4B1299231DF7D7/","s":[{"p":[0.01317339,-0.09971569,0.002739482],"r":[2.455355,178.7968,178.1607],"s":[0.4235951,0.01,0.4235951],"c":[0,0,0],"b":["when starts then become 2 in 5s"]},{"p":[0.01317339,-0.09971569,0.002739482],"r":[2.455355,178.7968,178.1607],"s":[0.4235949,0.01000001,0.4235951],"c":[1,1,1],"b":["when starts then become 3 in 0s"]},{"p":[0.01317339,-0.09971569,0.002739482],"r":[2.455355,178.7968,178.1607],"s":[0.4235949,0.01000001,0.4235951],"c":[1,1,1],"b":["when starts then become 4 in 7s"]},{"p":[0.01317339,-0.09971569,0.002739482],"r":[2.455355,178.7968,178.1607],"s":[0.4235949,0.01000001,0.4235951],"c":[1,1,1],"b":["when starts then become 1 in 0s"]}]}]}