{"n":"thing","p":[{"b":18,"e":"ALGEBRA","s":[{"p":[0,0,0],"r":[0,0,0],"s":[0.02207557,0.02207555,0.02207557],"c":[0.9714286,1,0]}]}]}