{"n":"thing","a":[2,9,21],"p":[{"b":62,"s":[{"p":[0,0,0],"r":[8.537737E-07,-6.679165E-14,-8.964624E-06],"s":[0.9355806,0.9355775,0.9355763],"c":[0,1,1]}]}]}