{"n":"thing","p":[{"b":5,"s":[{"p":[0,0,0],"r":[0,0,0],"s":[0.0268886,0.02768219,0.1106276],"c":[1,0.6857142,0],"b":["when starts then become next in 2s"]},{"p":[0,0,0],"r":[0,0,0],"s":[0.0268886,0.02768219,0.4304901],"c":[1,0.6857142,0],"b":["when starts then become previous in 2s"]}]}]}