{"n":"thing","p":[{"b":12,"s":[{"p":[0,0,0],"r":[0,0,0],"s":[2.841183,1.292573,2.070225],"c":[0,0.5555556,0.2222221]}]}]}