{"n":"thing","a":[1,2],"p":[{"b":59,"s":[{"p":[-0.05719361,0.005090308,-0.005312458],"r":[1.309396,353.3727,0.285238],"s":[0.08714207,0.03497748,0.09006675],"c":[0.5555556,0,0.1904762]}]},{"b":18,"e":"A","s":[{"p":[-0.1475989,0.008074258,0.04927702],"r":[87.2804,237.2382,240.2918],"s":[0.003000002,0.003000002,0.003000002],"c":[0.8888889,0.691358,0.8268077]}]},{"s":[{"p":[-0.02087918,0.002647805,0.008483915],"r":[1.442906,358.4314,1.224234],"s":[0.2791256,0.005000002,0.2616575],"c":[0.8888889,0.8888889,0.8888889]}]}]}