{"n":"thing","a":[1,2,21],"p":[{"b":3,"s":[{"p":[0,0,0],"r":[-2.134434E-07,-1.590277E-15,8.537737E-07],"s":[0.05202126,0.05202124,0.05202121],"c":[0,0.9142855,1]}]},{"b":55,"s":[{"p":[-0.0236164,0.007252425,0.05091044],"r":[344.5724,8.532201,9.109826],"s":[0.02677961,0.05202126,0.02874923],"c":[0,0.9142855,1]}]},{"b":55,"s":[{"p":[0.05420873,0.02542737,0.01702353],"r":[335.9991,28.14202,15.23311],"s":[0.02677967,0.05202132,0.02874929],"c":[0,0.9142855,1]}]}]}