{"n":"thing","a":[7,18],"p":[{"b":16,"a":[5],"s":[{"p":[0,0,0],"r":[0,0,0],"s":[0.2945927,0.4248692,0.5649022],"c":[0,0.7428569,1]}]}]}