{"n":"thing","a":[7,18],"p":[{"b":58,"t":7,"s":[{"p":[0,0,0],"r":[0,0,-3.828216E-20],"s":[0.05836272,1.471581,0.05835694],"c":[0,1,1]}]},{"b":58,"t":7,"s":[{"p":[-0.0008348314,-0.1044085,0.002433997],"r":[0,0,6.157171E-14],"s":[0.07724085,0.2153489,0.07150856],"c":[0,1,1]}]},{"b":58,"t":7,"s":[{"p":[-0.0008348285,-0.07152879,0.002434003],"r":[0,0,6.157171E-14],"s":[0.07725553,0.07710266,0.07150884],"c":[0,1,1]}]}]}