{"n":"board","p":[{"b":25,"t":3,"a":[13],"s":[{"p":[0,0,0],"r":[0,0,0],"s":[2.000006,1.000003,2.000009],"c":[0.5555556,0.5809522,1]}]},{"t":3,"s":[{"p":[0.005215923,0.0004855096,0.1893603],"r":[357.9333,0.4369643,0.7253578],"s":[0.3133107,0.005000001,0.2113651],"c":[0.3456789,0.3703701,0.7777778]}]},{"b":23,"e":"WELCOME TO MY BOARD!","s":[{"p":[-0.1037491,0.006711692,0.2909849],"r":[86.66006,22.3445,21.87545],"s":[0.003,0.003000002,0.003000001],"c":[1,1,1]}]}]}