{"n":"thing","a":[22],"p":[{"b":5,"t":1,"a":[3],"s":[{"p":[0,0,0],"r":[0,0,-4.378969E-13],"s":[0.04905562,0.04905539,0.04905231],"c":[0.7777778,0.7777778,0.7777778]}]},{"b":5,"t":2,"a":[3],"s":[{"p":[-1.853129E-09,0,0.01059866],"r":[-1.001791E-05,7.656434E-20,-8.757938E-13],"s":[0.0417804,0.04177962,0.04177164],"c":[0.07619036,0.6666667,0]}]}]}