{"n":"thing","a":[13],"p":[{"t":1,"s":[{"p":[0.03621763,0.1666493,0.1058006],"r":[279.1784,67.23244,297.386],"s":[0.3531331,0.07926451,0.2824008],"c":[0,0,0]}]},{"t":1,"s":[{"p":[0.01010127,0.02904378,-0.001844859],"r":[2.938379,2.821999,356.3906],"s":[0.3531334,0.07926449,0.2824013],"c":[0,0,0]}]}]}