{"n":"thing","a":[2,7],"p":[{"b":79,"t":3,"s":[{"p":[-0.01137394,-0.008511252,-0.006123119],"r":[356.7524,325.2572,350.0992],"s":[0.005000006,0.088393,0.00499992],"c":[1,0,0.1714282]}]},{"b":78,"s":[{"p":[0.05145309,0.3496455,0.0129894],"r":[9.884736,54.69069,356.7034],"s":[0.005001208,0.4138488,0.005000873],"c":[0,0,0]}]}]}