{"n":"thing","inc":[["thing","58c5c7e2a6c53fe0114e9cf5"],["thing 2","58c5c84cb60c4ca6131ab952"]],"p":[{"b":4,"t":8,"a":[12,14],"s":[{"p":[0,0,0],"r":[0,0,2.134434E-07],"s":[0.03882453,0.04172435,0.04716485],"c":[0,1,0.05714282],"b":["when starts then become 2 in 0.2s","when starts then emit thing 2 with 1","when starts then play water splash 2 with high-pitch"]},{"p":[0,0,0],"r":[0,0,2.134434E-07],"s":[0.03882453,0.04172435,0.04716485],"c":[0,1,0.05714282],"b":["when starts then become 1 in 10s"]}]}]}