{"n":"thing","p":[{"b":3,"s":[{"p":[0,0,0],"r":[0,0,0],"s":[0.1477247,0.0638389,0.07406186],"c":[1,1,1]}]}]}