{"n":"isis baby","p":[{"b":17,"t":7,"s":[{"p":[0,0,0],"r":[0,0,-5.336085E-08],"s":[0.06000008,0.06000006,0.06000017],"c":[0.6666666,1,1]}]}]}