{"n":"thing","a":[7],"p":[{"b":20,"e":"LIGHT CANDLES\nWITH A TORCH.","s":[{"p":[-0.05485415,0.005630493,0.06272268],"r":[90,0,0],"s":[0.002007677,0.002007361,0.002007703],"c":[0,0,0]}]},{"s":[{"p":[0,0,0.02749383],"r":[0,0,1.024528E-05],"s":[0.1464797,0.005000187,0.1002058],"c":[1,0.9682539,0.7777778]}]}]}