{"n":"thing","a":[7],"p":[{"s":[{"p":[0,0,0],"r":[0,0,0],"s":[0.1902681,0.1832559,52.95764],"c":[1,1,1]}]},{"s":[{"p":[-0.01240974,5.150216,1.67811],"r":[-1.001791E-05,-7.656434E-20,8.757938E-13],"s":[0.1903492,0.1833153,52.96523],"c":[1,1,1]}]},{"s":[{"p":[-0.007076041,-5.137144,0.5936293],"r":[-1.628444E-12,1.001791E-05,90.00001],"s":[0.190412,0.1833725,52.97073],"c":[1,1,1]}]}]}