{"n":"thing","p":[{"b":73,"pr":20,"s":[{"p":[0,0,0],"r":[0,0,0],"s":[0.03559912,0.03559927,0.03559942],"c":[1,1,1],"pr":{"c":[1,1,1],"m":0.4285794,"a":0.2494965,"s":0.072092,"z":0.1345668,"g":0.3578129,"h":0.5070624}}]}]}