{"n":"thing","p":[{"b":18,"e":"PICK A SIDE","s":[{"p":[0,0,0],"r":[0,0,0],"s":[0.01008204,0.01008204,0.01008204],"c":[1,1,1]}]}]}