{"n":"thing","p":[{"t1":5,"s":[{"p":[0,0,0],"r":[0,0,0],"s":[0.1750001,0.1750001,0.1750001],"c":[1,1,1],"b":["when starts then become next in 2s"],"t1":{"c":[1,0.7555555,0.2222221],"x":0.17,"y":0.4310009,"a":0.25,"r":0,"o":0.5,"t":0.5,"e":0.5}},{"p":[0,0,0],"r":[0,0,0],"s":[0.1750001,0.1750001,0.1750001],"c":[1,1,1],"b":["when starts then become next in 2s"],"t1":{"c":[1,0,0.3428573],"x":0.17,"y":0.7385165,"a":0.25,"r":0,"o":0.5,"t":0.5,"e":0.5}}]}]}