{"n":"thing","a":[7,18],"p":[{"b":5,"s":[{"p":[0,0,0],"r":[0,0,0],"s":[2.091429,2.15209,0.2402749],"c":[1,1,1]}]}]}