{"n":"sign","p":[{"b":20,"e":"BK","s":[{"p":[-0.2023459,-0.1462279,0.08300677],"r":[0,180,180],"s":[0.03564988,0.03564309,0.03564097],"c":[0,0.7777778,0.1777778]}]},{"b":60,"t":9,"s":[{"p":[-0.04216672,0.02020359,0.02182162],"r":[0,0,1.502687E-05],"s":[0.5719811,0.4716877,0.1207723],"c":[0,0,0]}]}]}