{"n":"thing","a":[6,13],"p":[{"t":8,"a":[12],"pr":8,"s":[{"p":[0,0,0],"r":[0,0,0],"s":[2.982545,0.005000004,1.974135],"c":[1,1,1],"pr":{"c":[0.6666666,0.9714285,1],"a":0.25}}]}]}