{"n":"thing","a":[6,12],"inc":[["thing","58cc04df7efb72c8194f8fa5"],["thing 2","58ccd43675c7ee241009e380"]],"p":[{"t":8,"a":[12],"s":[{"p":[0,0,0],"r":[0,0,0],"s":[0.02562637,0.03024553,0.02925899],"c":[1,1,1],"b":["when told by any fire then become next in 0.2s","when told by any fire then emit thing 2 with .2"]},{"p":[0,0,0],"r":[0,0,0],"s":[0.02562637,0.03024553,0.02925899],"c":[1,1,1]}]}]}