{"n":"thing","p":[{"s":[{"p":[-0.030251,0.002975103,0.005458184],"r":[359.8282,0.09820715,0.7238006],"s":[0.2192473,0.06394147,0.06020355],"c":[0.111111,0.111111,0.111111],"b":["when touched then type \"then type\""]}]},{"b":5,"s":[{"p":[-0.1485104,-0.002658121,0.006993443],"r":[0.9311251,270.0165,7.702271],"s":[0.01500018,-0.01499986,0.0150003],"c":[0.1142857,0,1]}]},{"b":5,"s":[{"p":[0.1164682,0.001639098,0.00549937],"r":[2.360178,269.1935,13.98957],"s":[0.02500021,0.02500016,0.02500033],"c":[1,0,0.3428572]}]}]}