{"n":"thing","a":[2],"p":[{"s":[{"p":[-0.002190836,0.003660986,0.001013226],"r":[0.7917815,0.6288446,359.8618],"s":[0.2296344,0.005000008,0.2590112],"c":[0.6666667,0.6666667,0.6666667]}]},{"b":23,"e":"ANYLAND NEWS","s":[{"p":[-0.1060738,0.009011805,0.1344465],"r":[89.5581,296.4385,296.3495],"s":[0.00436275,0.004362754,0.004362754],"c":[0,0,0]}]},{"b":21,"e":"COULD TEXTURES BE\nNEXT?","s":[{"p":[-0.1062325,0.007490335,-0.01716818],"r":[88.84598,163.967,162.9116],"s":[0.001922508,0.00192251,0.001922512],"c":[0,0,0]}]},{"b":21,"e":"BREAKING NEWS! PHILIPP\nINTRODUCES A NEW\nPARTICLE SYSTEM!","s":[{"p":[-0.1079247,0.007789213,0.05885506],"r":[88.92207,182.7182,182.3238],"s":[0.001922508,0.001922508,0.001922511],"c":[0,0,0]}]}]}