{"n":"ceiling","a":[7],"p":[{"im":"94979365067253628/DA9133AE3BAEA5014E695A546B50208EFF808ADC/","s":[{"p":[0,0,0],"r":[0,0,0],"s":[1.581967,0.01,0.8904212],"c":[1,1,1]}]}]}