{"n":"thing","a":[7],"p":[{"s":[{"p":[0,0,0],"r":[0,0,0],"s":[0.2043362,0.01620386,0.06467997],"c":[1,0.9460315,0.8888889]}]},{"b":65,"s":[{"p":[-0.008738279,4.410371E-05,0.04275512],"r":[0,180,90.00001],"s":[0.01177008,0.1778767,0.01421203],"c":[1,0.9460315,0.8888889]}]}]}