{"n":"ceiling","a":[7],"p":[{"im":"94979365067253628/DA9133AE3BAEA5014E695A546B50208EFF808ADC/","s":[{"p":[-3.782448E-10,0.0009999283,-0.002999783],"r":[0,0,0],"s":[6.234757,0.01,3.509278],"c":[1,1,1]}]}]}