{"n":"stove hing","a":[7,18],"p":[{"b":4,"t":8,"a":[12],"su":[{"i":"58d2078437e0960a9cfbee1c","t":"58d1dddd34dbeda9131fcc45","p":[-0.003681601,0.2738939,0.4261566],"r":[-8.14222E-13,270,1.001791E-05]}],"s":[{"p":[0,0,0],"r":[0,0,0],"s":[0.005000677,0.004999915,0.00880911],"c":[1,1,1],"b":["when told by any openstove then become 2 in 2s"]},{"p":[5.820766E-11,5.960464E-08,0.0004255772],"r":[0,0,270],"s":[0.005001881,0.004999596,0.008810353],"c":[1,1,1],"b":["when told by any closestove then become 1 in 2s","when told by any stay then become next in 0s"]},{"p":[5.820766E-11,5.960464E-08,0.0004255772],"r":[0,0,270],"s":[0.005001881,0.004999596,0.008810353],"c":[1,1,1],"b":["when told by any closestove then become 1 in 2s","when told by any stay then become previous in 0s"]}]}]}