{"n":"thing","p":[{"b":14,"s":[{"p":[-0.01236586,-0.03518642,0.02677275],"r":[354.5235,269.8195,94.73119],"s":[0.005000007,0.005000005,0.005000004],"c":[1,1,1]}]},{"s":[{"p":[0.003224674,-0.001608489,-0.005294896],"r":[358.701,1.224689,356.2975],"s":[0.005000008,0.1176155,0.1083168],"c":[1,1,1]}]},{"b":17,"s":[{"p":[-0.0309808,-0.03325524,0.02709214],"r":[12.48156,5.507263,77.56976],"s":[0.005000002,0.005000002,0.005000004],"c":[1,1,1]}]}]}