{"n":"thing","p":[{"b":5,"s":[{"p":[-0.08555019,0.0475015,-0.003816038],"r":[7.931189,91.46247,291.2654],"s":[0.005000019,0.005000016,0.005000009],"c":[0,0.05714255,1]}]},{"b":6,"t":4,"s":[{"p":[0.0190769,0.03749887,-0.001939867],"r":[4.411375,90.97621,285.4974],"s":[0.005000027,0.005000027,0.005000011],"c":[1,0,0.3428571]}]},{"s":[{"p":[-0.0360955,0.04018536,-0.000911504],"r":[341.6483,2.350127,353.9561],"s":[0.08396245,0.02090045,0.02240652],"c":[0.111111,0.111111,0.111111],"b":["when told type then type \"first of any \""]}]},{"b":18,"e":"\"FIRST OF ANY \"","s":[{"p":[-0.07637931,0.056667,0.003622867],"r":[74.98215,347.4473,345.6737],"s":[0.001000002,0.001000001,0.001000003],"c":[1,1,1]}]}]}