{"n":"thing","p":[{"a":[1],"s":[{"p":[0,0,0],"r":[0,0,0],"s":[1.094748,0.1750001,0.7626109],"c":[1,1,1]}]}]}