{"n":"bush spitter","a":[7,12,20],"inc":[["bush","58d3661df5cbeb2810e919d8"]],"p":[{"b":4,"t":8,"a":[12,14],"s":[{"p":[0,0,0],"r":[0,0,0],"s":[0.1250017,0.1250009,0.1250022],"c":[1,1,1],"b":["when starts then become 2 in 2s"]},{"p":[0,0,0],"r":[0,0,0],"s":[0.1250017,0.1250009,0.1250022],"c":[1,1,1],"b":["when starts then emit gravity-free bush with 10","when starts then become 1 in 0.2s"]}]},{"b":4,"t":8,"a":[12],"s":[{"p":[-0.1386766,0.0001411438,-0.1376095],"r":[2.145912E-06,270,1.717278E-05],"s":[0.005001563,0.02438757,0.03773595],"c":[1,1,1]}]}]}