{"n":"thing","p":[{"b":4,"pr":55,"s":[{"p":[0,0,0],"r":[0,0,0],"s":[0.05989453,0.2749417,0.005000006],"c":[1,1,1],"pr":{"c":[0,0.5555556,0.5555556],"a":0.5248528}}]}]}