{"n":"thing","p":[{"t":8,"a":[12],"su":[{"i":"58d5b47ac72dd34ce44b2d17","t":"58d5b8721a2dcd0e2d83ca94","p":[0.006775521,-0.4235293,-0.09529535],"r":[358.7452,180.2493,272.9032]}],"s":[{"p":[0.03321527,-0.02553184,0.01834313],"r":[0.9953343,312.0107,9.850773],"s":[0.02661782,0.1750004,0.08953473],"c":[1,1,1],"b":["when starts then become 2 in 2s"]},{"p":[0.004985441,-0.02672958,-0.003556471],"r":[0.9103681,351.8247,0.5934421],"s":[0.02661786,0.1750009,0.08953496],"c":[1,1,1],"b":["when starts then become 3 in 2s"]},{"p":[0.03357533,-0.02207239,0.05517847],"r":[8.624031,280.3208,6.902271],"s":[0.02661788,0.1750012,0.08953504],"c":[1,1,1],"b":["when starts then become 2 in 2s"]}]}]}