{"n":"thing","p":[{"b":10,"t":3,"s":[{"p":[0,0,0],"r":[0,0,0],"s":[0.07710031,0.08043034,0.06924626],"c":[0.9714286,1,0],"pr":{"c":[1,0.9206349,0.4444444],"m":0.25,"a":0.25,"s":0.15,"z":0.25,"g":0.5,"h":0.25}}]},{"b":10,"t":3,"s":[{"p":[0.3054758,-6.095424,0.111967],"r":[341.6364,356.7253,181.1207],"s":[0.07710035,0.08043035,0.06924628],"c":[0.9714286,1,0],"pr":{"c":[1,0.9206349,0.4444444],"m":0.25,"a":0.25,"s":0.15,"z":0.25,"g":0.5,"h":0.25}}]}]}