{"n":"thing","inc":[["thing","58d707a5cee58220101e96b5"]],"p":[{"b":2,"s":[{"p":[0,0,0],"r":[0,0,-4.268868E-07],"s":[0.04313526,0.04644492,0.1250001],"c":[1,1,1],"b":["when starts then emit thing with 0.1","then become next in 5s"]}]}]}