{"n":"thing","p":[{"b":10,"s":[{"p":[0.006818492,0.00956443,-0.1487869],"r":[354.5964,177.8328,11.74761],"s":[0.02743371,0.04020245,0.04167233],"c":[1,1,1]}]},{"b":5,"s":[{"p":[0.006369135,-0.004466381,-0.01754144],"r":[6.046199,359.3671,351.8169],"s":[0.008709018,0.02178024,0.2800734],"c":[1,1,1]}]}]}