{"n":"thing","p":[{"b":25,"a":[13],"s":[{"p":[0,0,0],"r":[0,0,0],"s":[2.000002,1,2.000003],"c":[1,1,1]}]}]}