{"n":"thing","a":[2],"p":[{"im":"96105795504871630/2B3062C06AC0296DA647A064D77D15F957EF210D/","s":[{"p":[0,0,0],"r":[0,0,0],"s":[0.4473121,0.01,0.5698013],"c":[0,0,0]}]}]}