{"n":"thing","p":[{"b":5,"t1":15,"s":[{"p":[0,0,0],"r":[0,0,4.378969E-13],"s":[0.005000206,0.005000199,0.5713215],"c":[0,0,0],"t1":{"c":[1,1,1],"x":0.17,"y":0.17,"a":1,"m":0.5,"n":0.5,"r":0.5857372,"g":0,"o":0.5,"t":0.5,"e":0.5}}]},{"b":4,"t1":15,"s":[{"p":[-0.003881336,0.003685698,0.2567662],"r":[1.001791E-05,1.001791E-05,1.313691E-12],"s":[0.02961294,0.03084828,0.05577444],"c":[0,0,0],"t1":{"c":[1,1,1],"x":0.17,"y":0.17,"a":1,"m":0.5,"n":0.5,"r":0.5857372,"g":0,"o":0.5,"t":0.5,"e":0.5}}]}]}