{"n":"thing","p":[{"t":1,"t1":3,"s":[{"p":[-0.6425854,-0.01260507,-0.04019901],"r":[359.7829,356.0768,288.9711],"s":[0.1191372,1.352077,0.09945253],"c":[0.3333331,0.2984125,0.222222],"t1":{"c":[0,0,0],"x":0.17,"y":0.17,"a":0.65,"m":0.5,"n":0.5,"r":0,"g":0,"o":0.5,"t":0.5,"e":0.2}}]},{"t":1,"t1":3,"s":[{"p":[-0.003998155,0.007273352,0.00533729],"r":[359.9035,358.3095,0.06656315],"s":[0.1191369,1.723167,0.1195462],"c":[0.3333331,0.2984125,0.222222],"t1":{"c":[0,0,0],"x":0.17,"y":0.17,"a":0.65,"m":0.5,"n":0.5,"r":0,"g":0,"o":0.5,"t":0.5,"e":0.2}}]},{"t":1,"t1":3,"s":[{"p":[-1.221004,0.7870974,2.260067],"r":[333.6743,314.6434,5.199441],"s":[0.119137,1.72317,0.1195464],"c":[0.3333331,0.2984125,0.222222],"t1":{"c":[0,0,0],"x":0.17,"y":0.17,"a":0.65,"m":0.5,"n":0.5,"r":0,"g":0,"o":0.5,"t":0.5,"e":0.2}}]},{"t":1,"t1":3,"s":[{"p":[-1.697381,0.6784274,1.799441],"r":[335.0096,311.4453,295.6276],"s":[0.1191377,1.352086,0.09945281],"c":[0.3333331,0.2984125,0.222222],"t1":{"c":[0,0,0],"x":0.17,"y":0.17,"a":0.65,"m":0.5,"n":0.5,"r":0,"g":0,"o":0.5,"t":0.5,"e":0.2}}]}]}