{"n":"thing","a":[2],"p":[{"b":5,"t1":110,"s":[{"p":[0,0,0],"r":[0,0,0],"s":[0.007238356,0.006794924,0.2326578],"c":[0.3333331,0.1714283,0],"t1":{"c":[0.5555556,0.3756613,0.1851851],"x":0.5,"y":0.5,"a":0.8925,"m":0,"n":0,"r":0,"g":0,"o":0.5,"t":0.5,"e":0.5}}]},{"b":16,"t1":110,"s":[{"p":[-0.006397247,-0.0003147125,-0.1301469],"r":[0,180,90],"s":[0.02614524,0.02105998,0.03151594],"c":[0.3333331,0.1714283,0],"t1":{"c":[0.5555556,0.3756613,0.1851851],"x":0.5,"y":0.5,"a":0.8925,"m":0,"n":0,"r":0,"g":0,"o":0.5,"t":0.5,"e":0.5}}]},{"b":58,"t1":110,"s":[{"p":[-0.0130043,0.00183104,-0.130962],"r":[0,0,90.00001],"s":[0.03656675,0.1101594,0.04442983],"c":[0.3333331,0.1714283,0],"t1":{"c":[0.5555556,0.3756613,0.1851851],"x":0.5,"y":0.5,"a":0.8925,"m":0,"n":0,"r":0,"g":0,"o":0.5,"t":0.5,"e":0.5}}]}]}