{"n":"moonlight","a":[6,8,20],"p":[{"t":3,"a":[3],"s":[{"p":[0.5082058,0.0871516,0.145027],"r":[6.371861,1.933332,2.73336],"s":[0.1339614,0.1339617,0.1339616],"c":[0.4444443,0.9523807,1]}]},{"t":8,"a":[12],"s":[{"p":[0.4209704,0.3587161,0.1535798],"r":[3.630126,357.2287,89.24055],"s":[0.2257273,1.172821,0.9302012],"c":[1,1,1]}]}]}