{"n":"venus","a":[7,18,20],"p":[{"b":86,"a":[3],"t1":157,"t2":10,"s":[{"p":[0,0,0],"r":[0,0,0],"s":[2.153526,2.153507,2.153524],"c":[0.7703704,0.7777778,0.5185185],"t1":{"c":[1,1,1],"x":0.7076683,"y":0.4707146,"a":1,"m":0.06075287,"n":0.03809357,"r":0.01966858,"g":0,"o":0.5,"t":0.5,"e":0.5},"t2":{"c":[0.9968254,1,0.8888889],"a":0.2946701}}]},{"b":64,"a":[3,15,16],"t1":25,"t2":43,"s":[{"p":[2.134833,2.146904,2.093981E-06],"r":[1.151484E-12,270,-9.706281E-20],"s":[2.846191,0.2940553,2.846313],"c":[0.5520282,0.5555556,0.4320987],"t1":{"c":[1,1,1],"x":0.6399536,"y":0.6399536,"a":0.8925,"m":0,"n":0.01961517,"r":0.5,"g":0,"o":0.5,"t":0.5,"e":0.5},"t2":{"c":[1,0.6857142,0],"x":0.5,"y":0.5,"a":0.8925,"m":0,"n":0,"r":0.5,"g":1,"o":0.5,"t":0.5,"e":0.5}}]},{"b":64,"a":[3,15,16],"t1":25,"t2":43,"s":[{"p":[-2.137987,2.146906,-1.140583E-06],"r":[1.001791E-05,89.99999,1.001791E-05],"s":[2.853385,0.2941668,2.852854],"c":[0.5520282,0.5555556,0.4320986],"t1":{"c":[1,1,1],"x":0.6399536,"y":0.6399536,"a":0.8925,"m":0,"n":0,"r":0,"g":0,"o":0.5,"t":0.5,"e":0.5},"t2":{"c":[1,0.6857142,0],"x":0.5,"y":0.5,"a":0.8925,"m":0,"n":0,"r":0,"g":1,"o":0.5,"t":0.5,"e":0.5}}]}]}