{"n":"thing","a":[7,18],"p":[{"s":[{"p":[0.08441162,-1.907349E-06,-5.960464E-08],"r":[0,0,8.537737E-06],"s":[50.01357,50.01149,0.1750646],"c":[0.101587,0.2222218,0]}]},{"s":[{"p":[50.12037,-5.722046E-06,0],"r":[0,0,8.537737E-06],"s":[50.06627,50.05677,0.1751739],"c":[0.101587,0.2222218,0]}]}]}