{"n":"spawnpad","a":[7,18],"p":[{"b":5,"t":8,"a":[12],"pr":2,"s":[{"p":[0,0,0],"r":[0,0,0],"s":[4.823892,4.824836,0.2418782],"c":[1,1,1],"pr":{"c":[1,1,1],"m":0.6495056,"a":0.9658301,"s":0.2846267,"z":0.2949149,"g":0.5,"h":0.4140339}}]}]}