{"n":"thing","a":[22],"p":[{"b":5,"t1":36,"s":[{"p":[0,0,0],"r":[0,0,0],"s":[5.196087,5.386806,2.851593],"c":[1,1,1],"t1":{"c":[0.2433861,0.07407404,0.6666667],"x":0.2178564,"y":0.5331097,"a":0.8925,"m":0,"n":0,"r":0.0934267,"g":0,"o":0.5,"t":0.5,"e":0.5}}]}]}