{"n":"thing","a":[22],"p":[{"t1":151,"s":[{"p":[0,0,0],"r":[0,0,-1.017778E-13],"s":[1.748028,7.864232,0.318797],"c":[0.5555556,0.5555556,0.5555556],"t1":{"c":[0,0,0],"x":0.5,"y":0.5,"a":0.8925,"m":0,"n":0,"r":0,"g":0,"o":0.5,"t":0.5,"e":0.5}}]}]}