{"n":"thing","a":[5],"p":[{"b":9,"t":1,"t1":43,"s":[{"p":[0,0,0],"r":[0,0,0],"s":[3.439619,4.050425,0.8276944],"c":[0,0,0],"t1":{"c":[1,0.5142855,0],"x":0.5,"y":0.5,"a":0.8925,"m":0,"n":0,"r":0,"g":0.4038186,"o":0.5,"t":0.5,"e":0.5}}]}]}