{"n":"thing","a":[22],"p":[{"s":[{"p":[0,0,0],"r":[0,0,0],"s":[60.83183,0.005000606,75.64038],"c":[0.1079364,0,0.111111]}]}]}