{"n":"bridge2","a":[22],"p":[{"t":10,"a":[16],"t1":44,"t2":44,"s":[{"p":[0,0,0],"r":[0,0,0],"s":[3.36686,7.353055,0.0382858],"c":[0.6666667,0.573545,0.3703702],"t1":{"c":[0,0,0],"x":0.09886169,"y":0.09886169,"a":0.8925,"m":0,"n":0,"r":0,"g":0,"o":0.5,"t":0.5,"e":0.5},"t2":{"c":[0,0,0],"x":0.05955505,"y":0.05955505,"a":1,"m":0,"n":0,"r":0,"g":0,"o":0.5,"t":0.5,"e":0.5}}]}]}