{"n":"snowcap","p":[{"b":9,"t":2,"t1":39,"s":[{"p":[2.280589,7.048615,-7.585383],"r":[292.2502,143.0742,181.5397],"s":[4.085207,4.423735,2.147335],"c":[0.7777778,0.7777778,0.7777778],"t1":{"c":[1,1,1],"x":0.5,"y":0.5,"a":0.8925,"m":0,"n":0,"r":0,"g":1,"o":0.5,"t":0.5,"e":0.5}}]},{"b":9,"t":2,"t1":39,"s":[{"p":[1.785917,8.505957,1.717689],"r":[285.185,63.38674,337.1085],"s":[4.085209,4.423738,2.147337],"c":[0.7777778,0.7777778,0.7777778],"t1":{"c":[1,1,1],"x":0.5,"y":0.5,"a":0.8925,"m":0,"n":0,"r":0,"g":1,"o":0.5,"t":0.5,"e":0.5}}]},{"b":17,"t1":39,"s":[{"p":[0.1198409,-0.1066687,-0.1048768],"r":[0.3100744,359.9034,0.7695557],"s":[7.329486,6.871535,10.86314],"c":[0.7777778,0.7777778,0.7777778],"t1":{"c":[0.2222221,0.2222221,0.2222221],"x":0.5,"y":0.2668152,"a":1,"m":0,"n":0,"r":0,"g":0,"o":0.5,"t":0.5,"e":0.5}}]},{"b":9,"t":2,"t1":39,"s":[{"p":[6.609778,5.794807,-3.61007],"r":[313.4584,87.90504,333.0323],"s":[4.085211,4.423739,2.147338],"c":[0.7777778,0.7777778,0.7777778],"t1":{"c":[1,1,1],"x":0.5,"y":0.5,"a":0.8925,"m":0,"n":0,"r":0,"g":1,"o":0.5,"t":0.5,"e":0.5}}]}]}