{"n":"thing","a":[1,2,21],"p":[{"b":69,"s":[{"p":[0,0,0],"r":[0,0,4.268868E-07],"s":[0.01899538,0.02677559,0.00334796],"c":[1,1,1]}]},{"b":30,"s":[{"p":[-0.02060163,0.03086454,0.002091939],"r":[357.1501,277.1302,87.53403],"s":[0.0836995,0.003347961,0.04352968],"c":[1,1,1]}]}]}