{"n":"thing","a":[7,18,21],"p":[{"b":16,"t1":47,"s":[{"p":[0,0,0],"r":[0,0,0],"s":[0.6427916,0.1409172,0.5551024],"c":[0.9904761,1,0.6666666],"t1":{"c":[0.7777778,0.6666667,0],"x":0.5,"y":0.5,"a":0.8925,"m":0,"n":0,"r":0,"g":0,"o":0.5,"t":0.5,"e":0.5}}]}]}