{"n":"thing","a":[22,18],"p":[{"t1":10,"s":[{"p":[0,0,0],"r":[0,0,0],"s":[0.06760358,0.06194026,0.204598],"c":[1,1,1],"t1":{"c":[1,0,0],"a":0.9024122}}]},{"b":2,"t1":10,"s":[{"p":[-0.002857208,-0.003753662,0.1291656],"r":[0,0,315],"s":[0.07465936,0.07326709,0.1744192],"c":[1,1,1],"t1":{"c":[1,0,0],"a":0}}]}]}