{"n":"asjupstar","p":[{"t":8,"a":[12],"pr":2,"s":[{"p":[0,0,0],"r":[0,0,-4.268868E-07],"s":[1.820825,0.1932659,1.057539],"c":[1,1,1],"b":["when walked into then send nearby onto jupast"],"pr":{"c":[1,1,1],"m":0.4174917,"a":1,"s":0.15,"z":0.3051386,"g":0.5,"h":0.424679}}]}]}