{"n":"thing","a":[5,7,18],"p":[{"t":10,"t1":150,"s":[{"p":[0,0,0],"r":[0,0,0],"s":[23.15087,8.971412,0.1750217],"c":[0.222222,0.222222,0.222222],"t1":{"c":[0.1111111,0.1111111,0.1111111],"x":0.1084927,"y":0.08057058,"a":1,"m":0,"n":0,"r":0,"g":0,"o":0.5,"t":0.5,"e":0.5}}]}]}