{"n":"rain","p":[{"t":8,"a":[12],"pr":7,"s":[{"p":[0,0,0],"r":[0,0,0],"s":[13.77269,0.7786394,4.625975],"c":[1,1,1],"pr":{"c":[1,1,1],"a":0.03295016}}]}]}