{"n":"thing","a":[2],"p":[{"b":73,"t":9,"t1":95,"s":[{"p":[0,0,0],"r":[0,0,-3.601858E-07],"s":[0.06824602,0.06824608,0.06824601],"c":[1,0.5142855,0],"t1":{"c":[1,1,1],"x":1,"y":0.6817892,"a":0,"m":0,"n":0,"r":0,"g":0,"o":0.5,"t":0.5,"e":0.5}}]}]}