{"n":"thing","a":[7,18],"p":[{"t":10,"s":[{"p":[0,0,0],"r":[0,0,0],"s":[10.57482,0.1071386,6.974932],"c":[0,0,0]}]}]}