{"n":"thing","a":[1,2],"p":[{"b":80,"s":[{"p":[-0.002599676,0.006046049,0.0007596284],"r":[0.9451575,0.7712847,357.1203],"s":[0.01040795,0.005000001,0.01002662],"c":[0.9714285,0,1]}]}]}