{"n":"mic","a":[2,3,7,18,19],"p":[{"b":5,"t":1,"s":[{"p":[0,0,0],"r":[0,0,0],"s":[0.01618941,0.01737344,0.2212804],"c":[0,0,0],"b":["when let go then become 2"]}]},{"b":5,"t":1,"s":[{"p":[-5.960464E-08,0,0.08701798],"r":[0,0,-1.024528E-05],"s":[0.01849561,0.0191044,0.01403849],"c":[0.222222,0.222222,0.222222]}]},{"b":5,"t":1,"s":[{"p":[0,0,0.1151607],"r":[0,0,0],"s":[0.0305618,0.03204096,0.01233042],"c":[0.7777778,0.7777778,0.7777778]}]},{"b":73,"t":10,"t1":49,"s":[{"p":[0,-1.490116E-08,0.1173896],"r":[0,0,-1.001791E-05],"s":[0.08110352,0.08110572,0.08109076],"c":[0.7777778,0.7777778,0.7777778],"t1":{"c":[1,1,1],"x":0.5,"y":0.5,"a":1,"m":0,"n":0,"r":0,"g":1,"o":0.5,"t":0.5,"e":0.5}}]}]}