{"n":"thing","p":[{"b":3,"t":8,"a":[12],"su":[{"i":"58e95ae8cd81af0488e67edc","t":"58e964d2064284a44b0aaa42","p":[-0.218165,-1.433032,-0.2184469],"r":[334.4701,215.725,58.22424]}],"s":[{"p":[0,0,0],"r":[0,0,0],"s":[0.1250005,0.1250002,0.1250004],"c":[1,1,1],"b":["when starts then become next in 200s"]},{"p":[-0.6311786,-1.921194,1.542516],"r":[359.1484,2.293495,359.538],"s":[0.1250006,0.1250002,0.1250004],"c":[1,1,1],"b":["when starts then become next in 1s"]},{"p":[0.2193305,-4.631075,0.03980875],"r":[36.33485,265.4288,339.4548],"s":[0.1250008,0.1250003,0.1250009],"c":[1,1,1],"b":["when starts then become next in 1s"]},{"p":[1.221027,-2.219088,-2.558919],"r":[356.187,223.0562,18.47122],"s":[0.1250008,0.1250004,0.125001],"c":[1,1,1]}]}]}