{"n":"thing","a":[7,18],"p":[{"s":[{"p":[0,0,0],"r":[0,0,0],"s":[8.723797,57.80965,0.1750217],"c":[0,0,0]}]}]}