{"n":"thing","a":[7,18],"p":[{"b":5,"t":2,"s":[{"p":[0.1764054,0.05737013,7.450581E-09],"r":[270,2.003583E-05,0],"s":[0.04487029,0.04624344,0.07181477],"c":[1,1,1]}]},{"b":5,"t":2,"s":[{"p":[-0.1827435,0.05737026,7.450581E-09],"r":[270,2.003582E-05,0],"s":[0.04487078,0.04623375,0.07180207],"c":[1,0,0]}]},{"t":1,"s":[{"p":[-0.004773617,1.669292E-09,0],"r":[0,0,-2.003583E-05],"s":[0.5586912,0.1205259,0.1968338],"c":[0.111111,0.111111,0.111111]}]},{"b":5,"t":2,"s":[{"p":[-0.003762235,0.05737115,-0.002040856],"r":[270,1.001791E-05,0],"s":[0.04487053,0.04624253,0.07181471],"c":[0,0.3999994,1]}]}]}