{"n":"thing","p":[{"b":63,"s":[{"p":[0,0,0],"r":[0,0,0],"s":[0.3170717,0.06964567,0.1250006],"c":[0.2222221,0.2222221,0.2222221],"b":["when starts then become 2 in 2s"]},{"p":[-0.5802283,0.5223552,0.06609535],"r":[352.5201,9.351653,294.9188],"s":[0.3170721,0.06964575,0.1250008],"c":[0.222222,0.222222,0.222222],"b":["when starts then become 3 in 2s"]},{"p":[-0.2263812,1.072789,-0.009132713],"r":[4.187765,10.40308,199.5815],"s":[0.3170723,0.06964579,0.1250009],"c":[0.222222,0.222222,0.222222],"b":["when starts then become 4 in 2s"]},{"p":[0.3427895,0.5543628,-0.07526438],"r":[10.05463,7.401957,98.88095],"s":[0.3170729,0.06964587,0.125001],"c":[0.2222219,0.2222219,0.2222219],"b":["when starts then become 1 in 2s"]}]}]}