{"n":"floor","a":[5,20],"p":[{"t":2,"s":[{"p":[0,0,0],"r":[0,0,0],"s":[10.27025,13.29608,0.02428082],"c":[0.3333331,0.2518516,0.07407372]}]}]}