{"n":"thing","p":[{"b":16,"t":8,"a":[12],"pr":49,"s":[{"p":[0,0,0],"r":[0,0,-5.336085E-08],"s":[0.125,0.125,0.125],"c":[1,1,1],"pr":{"c":[0.8,0,1],"m":0.3026905,"a":1,"s":0.15,"z":1,"g":0.5,"h":1}}]}]}