{"n":"spinning block","p":[{"t":8,"a":[11,12],"su":[{"i":"58eb0e6c0903e2277cf2637a","t":"58eb0e3941af7daa4b18872b","p":[-0.8714045,1.183558,-1.201867],"r":[4.621403,286.0909,289.4978]}],"s":[{"p":[0.002161257,-0.02802999,0.01620246],"r":[0,0,-1.502687E-05],"s":[0.1750365,0.175012,0.1750149],"c":[1,1,1],"b":["when starts then become next in 1.2"]},{"p":[0.009154314,-0.02800692,0.0158043],"r":[0,0,90],"s":[0.1750604,0.1750253,0.1750366],"c":[1,1,1],"b":["when starts then become next in 1.2"]},{"p":[0.007711882,-0.02844322,0.01129914],"r":[0,0,180],"s":[0.1750669,0.1750546,0.1750634],"c":[1,1,1],"b":["when starts then become next in 1.2"]},{"p":[0.003535859,-0.03169442,0.01268078],"r":[0,0,270],"s":[0.175068,0.1750603,0.1750688],"c":[1,1,1],"b":["when starts then become 1 in 1.2"]}]}]}