{"n":"thing","a":[6,7],"p":[{"a":[17],"s":[{"p":[0,0,0],"r":[0,0,0],"s":[0.03296423,44.92365,0.2172585],"c":[1,1,1]}]}]}