{"n":"thing","a":[6,7,18],"p":[{"t":8,"a":[12,17],"s":[{"p":[0,0,0],"r":[0,0,0],"s":[0.03296423,63.42052,0.2172585],"c":[1,1,1]}]}]}