{"n":"stnwl7","a":[5],"p":[{"b":9,"t1":7,"t2":136,"s":[{"p":[0,0,0],"r":[0,0,0],"s":[6.528003,1.715089,36.12064],"c":[0.4444443,0.4444443,0.4444443],"t1":{"c":[0,0,0],"x":0.1016235,"y":0.6948566,"a":1,"m":0.3085632,"n":0.5,"r":0.5114288,"g":0,"o":0.1363525,"t":0.5,"e":0.5},"t2":{"c":[0,0,0],"x":0.4757843,"y":0.2576141,"a":0.6387769,"m":0,"n":0,"r":0,"g":0,"o":0.5,"t":0.5,"e":0.5}}]}]}