{"n":"thing","a":[5],"p":[{"t":1,"t1":43,"s":[{"p":[0,0,0],"r":[0,0,0],"s":[2.078177,0.6498744,4.540428],"c":[0.2222221,0.1523809,0],"t1":{"c":[1,0.5142855,0],"x":0.5,"y":0.5,"a":0.8925,"m":0,"n":0,"r":0,"g":0.375079,"o":0.5,"t":0.5,"e":0.5}}]},{"b":6,"t":2,"s":[{"p":[1.03304,0.2857924,2.131556],"r":[355.9133,88.04973,338.1037],"s":[1.014361,0.3381845,0.1937612],"c":[0,0,0]}]}]}