{"n":"thing","a":[5],"p":[{"b":6,"t":1,"t1":43,"s":[{"p":[0,0,0],"r":[0,0,-1.28066E-06],"s":[1.053457,0.1924313,0.2094718],"c":[0,0,0],"t1":{"c":[0.8888889,0.4571427,0],"x":0.5,"y":0.5,"a":0.8925,"m":0,"n":0,"r":0,"g":0,"o":0.5,"t":0.5,"e":0.5}}]}]}