{"n":"wall3","a":[7],"p":[{"t":1,"t1":43,"s":[{"p":[0,0,0],"r":[0,0,0],"s":[1.206116,33.08526,7.390419],"c":[0,0,0],"t1":{"c":[0.7777778,0.3999999,0],"x":0.409013,"y":0.3280364,"a":0.8925,"m":0,"n":0,"r":0,"g":0.6531843,"o":0.5,"t":0.5,"e":0.5}}]}]}