{"n":"wall4","a":[5,7],"p":[{"t1":43,"s":[{"p":[0,0,0],"r":[0,0,0],"s":[33.68361,1.313517,8.309953],"c":[0,0,0],"t1":{"c":[1,0.5142855,0],"x":0.3304989,"y":0.4727266,"a":0.8925,"m":0,"n":0,"r":0,"g":0,"o":0.5,"t":0.5,"e":0.5}}]}]}