{"n":"thing","a":[5,7],"p":[{"t":2,"a":[5],"t1":12,"s":[{"p":[0,0,0],"r":[0,0,0],"s":[3.188837,0.1500023,9.814081],"c":[0.4444443,0,0],"t1":{"c":[0.9714286,1,0],"x":0.03920293,"y":0.01221806,"a":0.7699298,"m":0.5,"n":0.5,"r":0.01675475,"g":0.2121838,"o":1,"t":0.5394938,"e":0.6498278}}]}]}