{"n":"wwllx1","a":[5],"p":[{"b":7,"t":1,"t1":43,"s":[{"p":[0,0,0],"r":[0,0,0],"s":[8.83339,0.609159,6.302522],"c":[0.2222221,0.1142856,0],"t1":{"c":[0.8888889,0.4571427,0],"x":0.5,"y":0.5,"a":0.8925,"m":0,"n":0,"r":0,"g":0.6695251,"o":0.5,"t":0.5,"e":0.5}}]}]}