{"n":"thing","a":[5],"p":[{"b":6,"t":2,"t1":43,"s":[{"p":[0,0,0],"r":[0,0,8.537737E-07],"s":[0.3899297,0.2477384,1.751516],"c":[0.7777778,0,0],"t1":{"c":[1,0.5142855,0],"x":0.3272705,"y":0.3526802,"a":0.8925,"m":0,"n":0,"r":0,"g":1,"o":0.5,"t":0.5,"e":0.5}}]}]}