{"n":"thing","a":[13,20],"p":[{"t1":28,"s":[{"p":[-0.587671,-0.02804744,-0.6269342],"r":[359.8664,4.95941,2.134927],"s":[0.06420826,0.1782061,1.291852],"c":[0.7777778,0.7283951,0.4320987],"t1":{"c":[0.7777778,0.7407408,0.5185185],"x":0.5,"y":0.5,"a":0.8925,"m":0,"n":0,"r":0,"g":0,"o":0.5,"t":0.5,"e":0.5}}]},{"t1":28,"s":[{"p":[-0.1315748,0.01502621,-1.286979],"r":[357.7914,4.13274,2.166934],"s":[1.115248,0.1981384,0.05047737],"c":[0.7777778,0.7283951,0.4320987],"t1":{"c":[0.7777778,0.7407408,0.5185185],"x":0.5,"y":0.5,"a":0.8925,"m":0,"n":0,"r":0,"g":0,"o":0.5,"t":0.5,"e":0.5}}]},{"t1":28,"s":[{"p":[0.002766999,-0.005138445,-0.008868232],"r":[1.519562,359.8667,2.319825],"s":[1.245723,0.1981379,0.05047724],"c":[0.7777778,0.7283951,0.4320987],"t1":{"c":[0.7777778,0.7407408,0.5185185],"x":0.5,"y":0.5,"a":0.8925,"m":0,"n":0,"r":0,"g":0,"o":0.5,"t":0.5,"e":0.5}}]},{"t1":28,"s":[{"p":[0.4346107,0.0310809,-0.6565475],"r":[0.6669708,8.077692,4.691006],"s":[0.06420821,0.1782058,1.358522],"c":[0.7777778,0.7283951,0.4320987],"t1":{"c":[0.7777778,0.7407408,0.5185185],"x":0.5,"y":0.5,"a":0.8925,"m":0,"n":0,"r":0,"g":0,"o":0.5,"t":0.5,"e":0.5}}]}]}