{"n":"thing","a":[5],"p":[{"t":1,"t1":43,"s":[{"p":[0,0,0],"r":[0,0,0],"s":[1.278173,0.3230784,4.581576],"c":[0.1111109,0.01904762,0],"t1":{"c":[1,0.5142855,0],"x":0.5,"y":0.5,"a":0.8925,"m":0,"n":0,"r":0,"g":0.211844,"o":0.5,"t":0.5,"e":0.5}}]}]}