{"n":"thing","a":[20],"p":[{"b":45,"t1":75,"s":[{"p":[0,0,0],"r":[0,0,-1.067217E-07],"s":[0.1250003,2.18417,0.1250004],"c":[0.09453251,0.4444443,0.04938262],"b":["when starts then become next in 15s"],"t1":{"c":[0,0,0],"x":0.5,"y":0.5,"a":0.8925,"m":0,"n":0,"r":0,"g":0,"o":0.5,"t":0.5,"e":0.5}},{"p":[-0.01743478,0.002469488,-0.04543002],"r":[2.893378,0.4442618,358.9909],"s":[0.1250004,2.18417,0.1250004],"c":[0.09453245,0.4444442,0.04938257],"b":["when starts then become next in 10s"],"t1":{"c":[0,0,0],"x":0.5,"y":0.5,"a":0.8925,"m":0,"n":0,"r":0,"g":0,"o":0.5,"t":0.5,"e":0.5}}]}]}