{"n":"thing","a":[5],"p":[{"b":8,"t":1,"t1":43,"s":[{"p":[0,0,0],"r":[0,0,1.707547E-06],"s":[13.05268,1.098243,0.288535],"c":[0.111111,0.07619042,0],"t1":{"c":[0.8888889,0.4571427,0],"x":0.5,"y":0.5,"a":0.8925,"m":0,"n":0,"r":0,"g":0.3578453,"o":0.5,"t":0.5,"e":0.5}}]}]}