{"n":"thing","a":[5],"p":[{"b":7,"t":1,"t1":43,"s":[{"p":[0,0,0],"r":[0,0,3.415094E-06],"s":[20.93593,5.49001,4.150322],"c":[0.4444444,0.1523809,0],"t1":{"c":[0.8888889,0.4571427,0],"x":0.5,"y":0.5,"a":0.8925,"m":0,"n":0,"r":0,"g":0.6492558,"o":0.5,"t":0.5,"e":0.5}}]}]}