{"n":"thing","a":[5],"p":[{"b":6,"t":1,"a":[5],"s":[{"p":[0,0,0],"r":[0,0,8.537735E-07],"s":[7.806551,3.092436,0.8700289],"c":[0.6666667,0.342857,0]}]},{"b":6,"t":1,"t1":43,"s":[{"p":[-4.50488,12.73497,5.269773],"r":[24.88321,343.9951,344.2931],"s":[18.65375,1.330393,0.8148957],"c":[0.6666667,0.342857,0],"t1":{"c":[0.8888889,0.4571427,0],"x":0.5,"y":0.5,"a":0.8925,"m":0,"n":0,"r":0,"g":1,"o":0.5,"t":0.5,"e":0.5}}]}]}