{"n":"path","a":[4,7],"p":[{"t":2,"s":[{"p":[0,0,0],"r":[0,0,0],"s":[15.90408,0.6432727,0.1824999],"c":[0.5555556,0.2857139,0]}]}]}