{"n":"8thwlx09","a":[5],"p":[{"b":2,"t":1,"t1":43,"s":[{"p":[0,0,0],"r":[0,0,5.336085E-07],"s":[0.6442126,1.37537,18.95379],"c":[0.2222221,0.1142856,0],"t1":{"c":[0.8888889,0.4571427,0],"x":0.5,"y":0.5,"a":0.8925,"m":0,"n":0,"r":0,"g":0.5139294,"o":0.5,"t":0.5,"e":0.5}}]}]}