{"n":"thing","a":[20],"p":[{"b":12,"t1":3,"s":[{"p":[0,0,0],"r":[0,0,-2.668043E-08],"s":[0.4852897,0.134553,0.03074892],"c":[0.111111,0.1093473,0.09876534],"t1":{"c":[0.5555556,0.5026454,0.1851851],"x":0.4640295,"y":0.4217643,"a":0.65,"m":0.5,"n":0.5,"r":0,"g":0,"o":0.5,"t":0.5,"e":0.2}}]}]}