{"n":"thing","a":[6,5,7,18],"p":[{"t":8,"a":[12,17],"s":[{"p":[0,0,0],"r":[0,0,0],"s":[0.1619771,0.03183115,1.182276],"c":[0,0,0],"b":["when touched then tell any tcopen"]}]}]}