{"n":"thing","p":[{"b":5,"t":7,"s":[{"p":[0,0,0],"r":[0,0,0],"s":[0.125,0.1250001,0.4287947],"c":[0,0.6666667,0.495238],"b":["when touched then play glass ding"]}]},{"b":5,"s":[{"p":[-0.004533985,-0.0114307,0.2109132],"r":[2.181598,1.226192,341.407],"s":[0.1347287,0.1397855,0.1250002],"c":[1,0.6857142,0]}]},{"b":17,"s":[{"p":[-0.01630334,0.01886168,0.04814843],"r":[55.51363,57.25535,27.01338],"s":[0.1027322,0.06831105,0.06000003],"c":[1,0,0.8571426]}]},{"b":14,"s":[{"p":[0.07630232,0.09047496,-0.03561911],"r":[29.12141,340.3145,3.430805],"s":[0.02349345,0.01961152,0.0165295],"c":[1,0,0.8571426]}]}]}