{"n":"thing","a":[2,14,16,17],"p":[{"b":4,"a":[5],"s":[{"p":[0.02355708,0.005835414,0.1379303],"r":[6.859019,359.5069,317.433],"s":[0.01402975,0.01815397,0.1250004],"c":[0.3333332,0.3333332,0.3333332]}]},{"s":[{"p":[0.02555676,0.02149687,-0.01905085],"r":[2.394678,359.8155,2.247008],"s":[0.03309205,0.03632499,0.1051609],"c":[0.4444443,0.4444443,0.4444443]}]}]}