{"n":"thing","a":[20],"p":[{"t":9,"t1":2,"s":[{"p":[0,0,0],"r":[0,0,2.134434E-07],"s":[0.8851845,0.005000019,1.116074],"c":[0,0,0],"t1":{"c":[0,0,0],"x":0.17,"y":0.17,"a":0.8925,"m":0.5,"n":0.5,"r":0,"g":0,"o":0.5,"t":0.5,"e":0.5}}]}]}