{"n":"ground","a":[7],"p":[{"s":[{"p":[-16.29484,-0.1541196,-1.223638],"r":[1.001791E-05,89.99999,8.14222E-13],"s":[150,0.847545,150],"c":[0.02539681,0.222222,0]}]}]}