{"n":"thing","a":[7],"p":[{"s":[{"p":[0,0,0],"r":[0,0,0],"s":[9.262235,9.342872,0.1750621],"c":[1,1,1]}]}]}