{"n":"ground","a":[7],"p":[{"b":17,"s":[{"p":[0,0,0],"r":[0,0,0],"s":[11.0502,0.04513668,11.66073],"c":[0,0.3333333,0.01904763]}]}]}