{"n":"thing","inc":[["pie01","58f3d35ffb4829a7137e9adb"],["pie01 2","58f3ef07407be820108b601c"],["pie01 3","58f3f0500a001bde53c705b6"]],"p":[{"b":4,"t":8,"a":[12],"s":[{"p":[0,0,0],"r":[0,0,0],"s":[0.1250004,0.1250001,0.1250002],"c":[1,1,1],"b":["when starts then all parts face someone","when told by any pie1 then become 2 in 0s"]},{"p":[0,0,0],"r":[0,0,0],"s":[0.1250004,0.1250001,0.1250002],"c":[1,1,1],"b":["when starts then become 3 in 2s","when starts then emit gravity-free pie01 3 with 5"]},{"p":[0,0,0],"r":[0,0,0],"s":[0.1250004,0.1250001,0.1250002],"c":[1,1,1],"b":["when starts then become 1 in 1s"]}]}]}