{"n":"thing","p":[{"b":54,"s":[{"p":[-0.04422948,0.02215571,0.02741146],"r":[59.71471,349.5912,290.9976],"s":[0.1250002,0.005000005,0.1250003],"c":[0.8,1,0]}]},{"b":3,"s":[{"p":[-0.03976803,0.02923984,0.01951396],"r":[359.955,1.108734,353.8619],"s":[0.1250006,0.1250003,0.1250004],"c":[1,1,1]}]}]}