{"n":"thing","a":[20],"p":[{"b":17,"s":[{"p":[0,0,0],"r":[0,0,0],"s":[0.1037676,0.4263191,0.1406314],"c":[0.121693,0.3333332,0.03703704]}]},{"b":17,"s":[{"p":[-0.2123596,-0.1620651,-0.1079345],"r":[1.64137,349.5894,358.9535],"s":[0.1037676,0.4263192,0.1406314],"c":[0.116402,0.2222221,0.07407398]}]},{"b":17,"s":[{"p":[-0.4772554,-0.2460465,-0.1796139],"r":[0.492724,321.6218,3.062663],"s":[0.160402,0.6563061,0.1741478],"c":[0.3333332,0.1894178,0.03703704]}]},{"b":17,"s":[{"p":[-0.7375389,-0.1915438,-0.1567798],"r":[357.1522,158.8487,2.590534],"s":[0.1217602,0.2621502,0.06000032],"c":[0.114991,0.2222221,0.02469136]}]}]}