{"n":"thing","a":[20],"p":[{"s":[{"p":[0,0,0],"r":[0,0,0],"s":[0.5836697,0.06192699,1.609631],"c":[0.3333332,0.2402115,0.03703704]}]},{"b":3,"a":[3],"s":[{"p":[0.2401813,0.04474832,0.2757168],"r":[21.71258,85.32772,75.39362],"s":[0.0351701,0.03517,0.03517023],"c":[0,0,0]}]}]}