{"n":"thing","a":[22,18,21],"p":[{"b":38,"s":[{"p":[0,0,0],"r":[0,0,0],"s":[0.02541099,1.288296,1.351127],"c":[0,0,0]}]}]}