{"n":"thing","a":[22,18],"p":[{"b":38,"s":[{"p":[0,0,0],"r":[0,0,0],"s":[0.04363368,2.212157,2.320055],"c":[0,0,0]}]}]}