{"n":"thing","a":[1,2,21],"p":[{"b":54,"t1":10,"s":[{"p":[-0.0008782455,0.001978731,-0.004244606],"r":[61.62909,46.25617,87.82319],"s":[0.02637676,0.01465237,0.02707155],"c":[0.6285716,0,1],"t1":{"c":[1,0,0.8571426],"a":0}}]},{"b":23,"e":"OBJECT J","s":[{"p":[-0.03500186,0.01187345,-0.008513432],"r":[35.19104,118.2386,148.4499],"s":[0.00187008,0.001870084,0.001870087],"c":[1,1,1]}]},{"b":73,"t1":10,"s":[{"p":[-0.001104972,0.00259876,-0.005440975],"r":[0.4165733,359.6955,0.2647386],"s":[0.05669023,0.05669025,0.05669036],"c":[0.6285716,0,1],"t1":{"c":[1,0,0.8571426],"a":0}}]}]}