{"n":"thing","p":[{"t":8,"a":[12],"s":[{"p":[0,0,0],"r":[0,0,0],"s":[0.08721556,0.06846986,0.07569857],"c":[1,1,1],"b":["when starts then play cat, become next in 30s"]},{"p":[0,0,0],"r":[0,0,0],"s":[0.08721556,0.06846986,0.07569857],"c":[1,1,1],"b":["when starts then become next in 30s"]},{"p":[0,0,0],"r":[0,0,0],"s":[0.08721556,0.06846986,0.07569857],"c":[1,1,1]},{"p":[0,0,0],"r":[0,0,0],"s":[0.08721556,0.06846986,0.07569857],"c":[1,1,1],"b":["when starts then become next in 30s"]}]}]}