{"n":"thing","a":[20],"p":[{"b":12,"s":[{"p":[0,0,0],"r":[0,0,-1.707547E-06],"s":[0.769434,0.06000005,0.0643149],"c":[0.111111,0.1051146,0.09876537]}]}]}