{"n":"thing","a":[1,2,21],"p":[{"t":2,"s":[{"p":[-0.002523079,-0.004556996,-0.003233938],"r":[359.2297,75.06078,7.157611],"s":[0.006122023,0.008538189,0.05702293],"c":[1,0,0]}]},{"t":2,"s":[{"p":[-0.00135485,-0.007014934,-0.0019008],"r":[355.9919,7.137795,349.8477],"s":[0.006122056,0.008538197,0.05702311],"c":[1,0,0]}]}]}