{"n":"logolibrary","p":[{"b":17,"t1":43,"t2":63,"s":[{"p":[0,0,0],"r":[0,0,-1.707547E-06],"s":[0.1151564,0.1184634,0.2368979],"c":[0.5555556,0.5555556,0.5555556],"t1":{"c":[0.4444444,0.4444444,0.4444444],"x":0.5,"y":0.5,"a":0.8925,"m":0,"n":0,"r":0,"g":0,"o":0.5,"t":0.5,"e":0.5},"t2":{"c":[0.4444444,0.4444444,0.4444444],"x":0.1461964,"y":0.1779938,"a":0.8925,"m":0,"n":0,"r":0,"g":0,"o":0.5,"t":0.5,"e":0.5}}]}]}