{"n":"luna","p":[{"b":73,"t":3,"t1":34,"t2":10,"s":[{"p":[0,0,0],"r":[0,0,0],"s":[0.1794964,0.1794968,0.1794969],"c":[0.7777778,0.7777778,0.7777778],"b":["when starts then set light range 3","when starts then set light intensity 3"],"t1":{"c":[0,0,0],"x":0.4993638,"y":0.608566,"a":1,"m":0,"n":0,"r":0,"g":0,"o":0.5,"t":0.5,"e":0.5},"t2":{"c":[1,0.8571429,0],"a":0}}]}]}