{"n":"thing","a":[20],"p":[{"t":3,"s":[{"p":[0,0,0],"r":[0,0,-1.067217E-07],"s":[0.776799,0.005000019,1.125381],"c":[0.4444443,0.2765431,0.09876532]}]}]}