{"n":"thing","p":[{"b":62,"t1":10,"s":[{"p":[0,0,0],"r":[0,0,0],"s":[0.1066873,0.05153456,0.3241693],"c":[1,0,0.3428572],"t1":{"c":[1,1,1],"a":1}}]},{"b":62,"t":7,"t1":10,"s":[{"p":[9.059944E-05,0.001381159,0.002744794],"r":[0,0,-1.502687E-05],"s":[0.1175909,0.06669772,0.3587928],"c":[1,0,0.3428572],"t1":{"c":[1,1,1],"a":0.9742757}},{"p":[0.1799097,0.01624843,-0.02679882],"r":[0,0,0],"s":[0.1175935,0.06669816,0.3587956],"c":[1,0,0.3428571],"t1":{"c":[1,1,1],"a":0}}]}]}