{"n":"thing","a":[12],"inc":[["thing","58f3f07fc9ee8faf1306a9d5"]],"p":[{"s":[{"p":[0,0,0],"r":[0,0,0],"s":[0.343776,0.2949608,0.9258682],"c":[1,1,1],"b":["when starts then become 2 in 20s"]},{"p":[0,0,0],"r":[0,0,0],"s":[0.343776,0.2949608,0.9258682],"c":[1,0,0.3428572],"b":["when starts then become 1 in 0.2s","when starts then emit gravity-free thing with 0"]},{"p":[0,0,0],"r":[0,0,0],"s":[0.343776,0.2949608,0.9258682],"c":[1,1,1]}]}]}