{"n":"thing","a":[7,13,18],"p":[{"b":60,"s":[{"p":[0,0,0],"r":[0,0,0],"s":[0.7751678,1.347153,0.5645612],"c":[0.4444443,0.2525572,0.04938258]}]},{"b":60,"s":[{"p":[0.03734723,0,-0.2718875],"r":[1.526666E-13,1.024528E-05,-1.707547E-06],"s":[0.3579127,1.170201,0.05430758],"c":[0.3333332,0.2074073,0.07407398]}]},{"b":73,"s":[{"p":[0.03195223,0,-0.3254158],"r":[1.34188E-06,90.00001,180],"s":[0.1359576,0.1359508,0.1359487],"c":[0.3333332,0.2074073,0.07407395]}]}]}