{"n":"thing","a":[22,18,25],"p":[{"t":8,"a":[12],"su":[{"i":"58f8d5253e316d2d043d4a0b","t":"58f8d5379772889413e031c5","p":[-1.427675,2.594387,21.5522],"r":[287.6141,0.8106688,352.7267]}],"s":[{"p":[0,0,0],"r":[0,0,0],"s":[0.1348905,0.1412019,0.1750003],"c":[1,1,1],"b":["when told by any spooky2 then become next in 5s, play funny ghost scare"]},{"p":[0,6.75375,-19.15925],"r":[45,-5.757418E-13,1.001791E-05],"s":[0.1348949,0.1412079,0.1750112],"c":[1,1,1],"b":["when starts then become 1 in 2s"]}]}]}