{"n":"thing","a":[2,3,12],"inc":[["thing","58f36feab9bd472e10b5ae17"],["thing 2","58f3710d7bfe0822146a7333"]],"p":[{"b":16,"s":[{"p":[0,0,0],"r":[0,0,0],"s":[0.04573764,0.01845565,0.1250008],"c":[0.8,0,1],"b":["when starts then destroy all parts"]}]},{"b":35,"s":[{"p":[-0.002481904,0.03226151,-0.17579],"r":[79.34832,13.4819,102.804],"s":[0.125,0.1250001,0.1250001],"c":[0.111111,0.111111,0.111111]}]}]}