{"n":"thing","a":[2,3,8],"p":[{"b":73,"t":3,"s":[{"p":[0,0,0],"r":[0,0,0],"s":[0.2250018,0.2250028,0.2250016],"c":[1,1,1]}]}]}