{"n":"thing","a":[7,18],"p":[{"t":1,"s":[{"p":[-7.450581E-09,-0.03695011,0],"r":[0,0,0],"s":[0.3009213,0.02820832,0.1750016],"c":[0,0,0]}]},{"t":2,"a":[3],"s":[{"p":[-5.587935E-09,-0.01958942,0],"r":[0,0,0],"s":[0.2809598,0.008224706,0.155032],"c":[1,1,1]}]},{"t":1,"a":[3],"s":[{"p":[-2.793968E-09,-0.01364994,0],"r":[0,0,-8.537737E-06],"s":[0.2618215,0.005000147,0.1358961],"c":[0,0,0],"b":["when any part touched then go to inventory page  1"]}]},{"b":19,"e":"PAGE 1","s":[{"p":[-0.1188393,-0.005226113,0.04214573],"r":[90,-9.659346E-06,0],"s":[0.007513269,0.007510786,0.007513299],"c":[1,1,1]}]}]}