{"n":"thing","a":[20],"p":[{"b":7,"t1":3,"s":[{"p":[0,0,0],"r":[0,0,2.668042E-08],"s":[0.5168809,0.02682093,0.03843835],"c":[0,0,0],"t1":{"c":[0.7777778,0.6419752,0.3456789],"x":0.6619248,"y":0.5150098,"a":0.65,"m":0.5,"n":0.5,"r":0,"g":0,"o":0.5,"t":0.5,"e":0.2}}]},{"b":7,"t1":3,"s":[{"p":[0.01546317,1.155788,0.02960618],"r":[8.65686,0.03482901,179.4226],"s":[0.5199472,0.02682116,0.03843845],"c":[0,0,0],"t1":{"c":[0.7777778,0.6419752,0.3456789],"x":0.6619248,"y":0.5150098,"a":0.65,"m":0.5,"n":0.5,"r":0,"g":0,"o":0.5,"t":0.5,"e":0.2}}]},{"b":7,"t1":3,"s":[{"p":[-0.4703825,0.6107367,0.01339136],"r":[0.9317974,359.3716,89.50355],"s":[0.6209167,0.02682121,0.03843849],"c":[0,0,0],"t1":{"c":[0.7777778,0.6419752,0.3456789],"x":0.6619248,"y":0.5150098,"a":0.65,"m":0.5,"n":0.5,"r":0,"g":0,"o":0.5,"t":0.5,"e":0.2}}]},{"b":7,"t1":3,"s":[{"p":[0.4680309,0.6013349,0.02457193],"r":[1.214821,359.1429,269.8277],"s":[0.597226,0.02682116,0.03843839],"c":[0,0,0],"t1":{"c":[0.7777778,0.6419752,0.3456789],"x":0.6619248,"y":0.5150098,"a":0.65,"m":0.5,"n":0.5,"r":0,"g":0,"o":0.5,"t":0.5,"e":0.2}}]}]}