{"n":"thing","a":[13,20],"p":[{"s":[{"p":[-1.967589,1.768476,-0.4189221],"r":[359.1567,269.3552,270.6388],"s":[4.61959,2.455559,0.1790772],"c":[1,1,1]}]},{"s":[{"p":[3.004017,2.086956,-0.1360703],"r":[357.9346,90.44143,86.66155],"s":[3.973508,3.025586,0.1039184],"c":[1,1,1]}]},{"s":[{"p":[0.003677309,-0.08243761,0.04587776],"r":[356.4511,0.7697673,2.919742],"s":[6.124724,0.07141306,3.423141],"c":[1,1,1]}]}]}