{"n":"thing","a":[5,20],"p":[{"b":12,"t1":129,"t2":60,"s":[{"p":[0,0,0],"r":[0,0,0],"s":[0.3686068,0.06000004,0.2514455],"c":[0.3333332,0.1894178,0.03703704],"t1":{"c":[0.7777778,0.4839506,0.1728395],"x":0.5,"y":0.5,"a":0.8925,"m":0,"n":0,"r":0,"g":0,"o":0.5,"t":0.5,"e":0.5},"t2":{"c":[0.5555556,0.3156966,0.06172834],"x":0.535027,"y":0.596638,"a":0.8925,"m":0,"n":0,"r":0,"g":0,"o":0.5,"t":0.5,"e":0.5}}]}]}