{"n":"thing","p":[{"t":3,"s":[{"p":[-0.4246901,-1.349042,0.1057264],"r":[357.8834,6.446472,344.4834],"s":[0.006742749,0.03842102,0.01604566],"c":[0.5555556,1,0.9619048],"b":["when touched then become next in 0.2s"]},{"p":[-0.8339787,-2.774998,0.1844921],"r":[354.8128,352.1451,344.8846],"s":[0.004999998,2.96778,0.005000033],"c":[0.5555556,1,0.9619048],"b":["when starts then become next in 0.2s"]}]},{"s":[{"p":[-0.4291619,-1.353629,0.09900129],"r":[357.7046,352.8847,343.9701],"s":[0.02488063,0.07531984,0.0411903],"c":[1,1,1]}]}]}