{"n":"thing","inc":[["thing","58fd15226f656fc113bd59e6"]],"p":[{"b":4,"t":8,"a":[12,14],"s":[{"p":[0,0,0],"r":[0,0,0],"s":[0.06345782,0.06707241,0.1250002],"c":[1,1,1],"b":["when told by any rock then emit thing with 1"]}]}]}