{"n":"b1","a":[7,18,21],"p":[{"t":10,"t1":77,"s":[{"p":[0,0,0],"r":[0,0,0],"s":[0.9269226,0.9269344,0.02648368],"c":[0,0,0],"t1":{"c":[1,1,1],"x":0.2448008,"y":0.2439404,"a":1,"m":0,"n":0,"r":0,"g":1,"o":0.5,"t":0.5,"e":0.5}}]}]}