{"n":"tre2","p":[{"b":17,"s":[{"p":[0.3411154,-0.01289761,-0.2870011],"r":[52.36618,88.7793,99.51794],"s":[0.2518547,0.5272173,0.2991104],"c":[0,1,0.2285714]}]},{"b":14,"s":[{"p":[0.1503488,0.1748852,-1.639348],"r":[2.982701,2.101424,359.6577],"s":[0.2763851,0.3692984,0.637559],"c":[0.3333332,0.2962962,0.07407398]}]}]}