{"n":"thing","p":[{"b":2,"s":[{"p":[0.324937,0.8196786,-0.6891456],"r":[39.70893,1.053983,30.50396],"s":[0.1250001,0.1250001,0.7098132],"c":[1,1,1]}]},{"b":2,"s":[{"p":[0.6587788,0.1872076,-0.513004],"r":[346.9847,30.5194,103.4568],"s":[0.1250003,0.6110687,0.5387235],"c":[0.9015873,1,0.8888889]}]}]}