{"n":"thing","a":[21],"p":[{"b":10,"t1":128,"s":[{"p":[0,0,0],"r":[0,0,0],"s":[0.429198,4.346942,4.947402],"c":[0.111111,0.111111,0.111111],"t1":{"c":[0.3333333,0.3333333,0.3333333],"x":0.5,"y":0.5,"a":0,"m":0,"n":0,"r":0,"g":0,"o":0.5,"t":0.5,"e":0.5}}]},{"b":10,"t1":128,"s":[{"p":[-1.544626,-6.188109,0.4219913],"r":[336.2735,7.887768,329.5562],"s":[2.843628,4.346951,4.947413],"c":[0.111111,0.111111,0.111111],"t1":{"c":[0.2222221,0.2222221,0.2222221],"x":0.5,"y":0.5,"a":0,"m":0,"n":0,"r":0,"g":0,"o":0.5,"t":0.5,"e":0.5}}]},{"b":10,"t1":128,"s":[{"p":[0.6703068,-3.197141,-0.5138178],"r":[1.430571,347.5112,354.7173],"s":[1.104443,2.36539,2.883896],"c":[0.111111,0.111111,0.111111],"t1":{"c":[0.5555556,0.5555556,0.5555556],"x":0.5,"y":0.5,"a":0,"m":0,"n":0,"r":0,"g":0,"o":0.5,"t":0.5,"e":0.5}}]}]}