{"n":"thing","a":[7,18],"p":[{"s":[{"p":[0,0,0],"r":[0,0,0],"s":[1.310848,33.3732,1.110293],"c":[0.4444442,0.4444442,0.4444442]}]}]}