{"n":"thing","p":[{"t":8,"a":[12],"s":[{"p":[0,0,0],"r":[0,0,-1.334021E-08],"s":[0.175,0.1750001,0.1750001],"c":[1,1,1],"b":["when starts then become next in 30s"]},{"p":[0,0,0],"r":[0,0,-1.334021E-08],"s":[0.175,0.1750001,0.1750001],"c":[1,1,1],"b":["when starts then become next in 30s"]},{"p":[0,0,0],"r":[0,0,-1.334021E-08],"s":[0.175,0.1750001,0.1750001],"c":[1,1,1],"b":["when starts then become next in 30s"]},{"p":[0,0,0],"r":[0,0,-1.334021E-08],"s":[0.175,0.1750001,0.1750001],"c":[1,1,1],"b":["when starts then play cat"]}]}]}