{"n":"thing","p":[{"b":12,"s":[{"p":[0,0,0],"r":[0,0,0],"s":[0.1501835,7.352396,0.04940003],"c":[0.222222,0.1622572,0.09876522]}]}]}