{"n":"thing","a":[7,18],"p":[{"s":[{"p":[0,0,0],"r":[0,0,0],"s":[41.96825,0.4547317,1.112284],"c":[0.4444443,0.4444443,0.4444443]}]}]}