{"n":"thing","p":[{"b":9,"s":[{"p":[0,0,0],"r":[0,0,0],"s":[0.1651591,6.954223,7.127364],"c":[0.1365077,0.3333333,0.111111]}]}]}