{"n":"thing","a":[7],"p":[{"s":[{"p":[0,0,0],"r":[0,0,0],"s":[1.009395,0.08870292,1.009722],"c":[0.1851851,0.5555556,0.5555556]}]}]}