{"n":"thing","a":[7,18],"p":[{"s":[{"p":[0,0,0],"r":[0,0,0],"s":[2.448991,0.05715755,2.472382],"c":[1,1,1]}]}]}