{"n":"thing","a":[7,18],"p":[{"t":1,"s":[{"p":[0.00300008,-0.001999976,-0.004000023],"r":[0,0,0],"s":[1.926917,0.01931183,0.04862751],"c":[0.4444443,0.4444443,0.4444443]}]}]}