{"n":"thing","a":[5,22],"p":[{"a":[5],"s":[{"p":[0,0,0],"r":[0,0,0],"s":[26.10212,1.1377,11.45837],"c":[0,0.5714284,1]}]}]}