{"n":"thing","p":[{"s":[{"p":[0,0,0],"r":[0,0,-1.067217E-07],"s":[0.8931974,0.06236339,7.475493],"c":[0.04938239,0.02469136,0.1111107]}]}]}