{"n":"thing","p":[{"b":11,"s":[{"p":[0,0,0],"r":[0,0,0],"s":[0.1250003,0.125,0.1250002],"c":[0.148148,0.3333332,0.222222]}]}]}