{"n":"wall","a":[7,18],"p":[{"t1":94,"s":[{"p":[0,0,0],"r":[0,0,0],"s":[2.399194,0.175018,3.111079],"c":[1,0.5142855,0],"b":["when told by any 3 then become 2 in 0.2s"],"t1":{"c":[0.7777778,0.4419752,0.08641972],"x":0.5,"y":0.5,"a":0.8925,"m":0,"n":0,"r":0,"g":0,"o":0.5,"t":0.5,"e":0.5}},{"p":[-2.145767E-06,-1.63127,1.485565],"r":[270,5.008956E-06,0],"s":[2.400917,0.175269,3.113561],"c":[1,0.5142855,0],"b":["when told by any 3 then become 1 in 0.2s"],"t1":{"c":[0.7777778,0.4419752,0.08641972],"x":0.5,"y":0.5,"a":0.8925,"m":0,"n":0,"r":0,"g":0,"o":0.5,"t":0.5,"e":0.5}}]}]}