{"n":"thing","p":[{"b":9,"s":[{"p":[0,0,0],"r":[0,0,0],"s":[0.125,0.125,0.125],"c":[1,1,1],"b":["when touched then tell pressed to become 2"]},{"p":[-0.001291243,0.002660414,0.002109309],"r":[43.65856,70.13744,342.6649],"s":[0.1250008,0.1250008,0.1250008],"c":[1,1,1],"b":["when told pressed then play doorbell"]}]}]}