{"n":"b1","a":[7,18],"p":[{"t":2,"s":[{"p":[0,0,0],"r":[0,0,0],"s":[81.25143,0.175001,61.84769],"c":[0.1851851,0.3968253,0.5555556]}]}]}