{"n":"thing","a":[7,18],"p":[{"t":1,"s":[{"p":[0,0,0],"r":[0,0,0],"s":[3.140612,2.782466,0.1705313],"c":[0,0,0]}]}]}