{"n":"thing","p":[{"b":57,"t":1,"a":[3],"s":[{"p":[0,0,0],"r":[0,0,0],"s":[0.04016786,0.05426642,0.05426804],"c":[0.6666667,0.6666667,0.6666667]}]},{"b":57,"t":1,"a":[3],"s":[{"p":[0,0,0.0921669],"r":[0,0,90.00002],"s":[0.04017134,0.05427812,0.05428159],"c":[0.6666667,0.6666667,0.6666667]}]},{"b":57,"t":1,"a":[3],"s":[{"p":[0,0,0.1822548],"r":[0,0,8.537737E-06],"s":[0.04017036,0.05427091,0.054272],"c":[0.6666667,0.6666667,0.6666667]}]}]}