{"n":"thing","p":[{"b":17,"a":[5],"s":[{"p":[0,0,0],"r":[0,0,0],"s":[0.05504975,0.0585633,0.02206894],"c":[0,0.3999996,1]}]}]}