{"n":"thing","a":[8],"p":[{"b":73,"t":3,"s":[{"p":[0,0,0],"r":[0,0,0],"s":[1.159171,1.159171,1.159172],"c":[1,1,1]}]}]}