{"n":"thing","a":[7,13,18],"p":[{"s":[{"p":[3.398524E-07,0.9703703,-0.9733591],"r":[90,-2.003582E-05,0],"s":[2.88148,0.03364571,1.973897],"c":[0,0,0]}]},{"t":1,"s":[{"p":[0.004997248,0.9703703,1.000588],"r":[90,-2.003582E-05,0],"s":[2.881503,0.03364699,1.973985],"c":[1,1,1]}]}]}