{"n":"thing","p":[{"b":11,"a":[11],"s":[{"p":[0,0,0],"r":[0,0,-2.134434E-07],"s":[0.1250001,0.125,0.125],"c":[1,1,1],"b":["when touched then become 2 in 3s"]},{"p":[0,0,0],"r":[0,0,-2.134434E-07],"s":[0.1250001,0.125,0.125],"c":[1,1,1],"b":["when starts then become 3 in 3s"]},{"p":[0,0,0],"r":[0,0,-2.134434E-07],"s":[0.1250001,0.125,0.125],"c":[1,1,1]}]}]}