{"n":"thing","inc":[["thing","5914ebb025db7f3710ea590c"]],"p":[{"b":4,"a":[14],"s":[{"p":[0.1855828,-0.4456471,-0.30331],"r":[359.7263,356.7008,46.65683],"s":[0.1250005,0.1250011,0.1250011],"c":[1,1,1],"b":["when starts then become untweened next in 0s","when starts then emit gravity-free thing with 0"]},{"p":[0.1834094,-0.4090211,-0.3031733],"r":[5.214315,7.078866,147.6884],"s":[0.1250007,0.1250011,0.1250012],"c":[1,1,1],"b":["when starts then become untweened next in 30s"]}]}]}