{"n":"soundpathcrystal","a":[20],"p":[{"b":61,"t":2,"t1":10,"s":[{"p":[-0.3090312,-0.005000337,-0.08988236],"r":[359.6858,345.5986,357.6679],"s":[0.3923579,2.610297,0.4340988],"c":[1,0.8070978,0],"b":["when touched then become 2 in 1s"],"t1":{"c":[1,0,0],"a":1}},{"p":[-0.3090312,-0.005000337,-0.08988236],"r":[359.6858,345.5986,357.6679],"s":[0.4686379,1.863724,0.5329577],"c":[1,0.8070978,0],"b":["when starts then send nearby to lunopolis onto musicpath-end via 10s futurist"],"t1":{"c":[0.6285716,0,1],"a":1}}]}]}