{"n":"waterline","a":[6,5,7,18],"p":[{"t":7,"s":[{"p":[0,0,0],"r":[0,0,0],"s":[1.91454,0.02214547,1.959179],"c":[0.3456789,0.5925925,0.7777778]}]},{"t":8,"a":[12],"pr":5,"s":[{"p":[-0.2332049,-0.04982655,-0.1952293],"r":[270,180,0],"s":[0.7070721,0.6366393,0.01439866],"c":[1,0,0.3428571],"pr":{"c":[1,1,1],"m":0.4626586,"a":0.1012837,"s":0.04011053,"z":0.3324541,"g":0.4996415,"h":0.6002663}}]}]}