{"n":"thing","p":[{"im":"832448860121641425/0E27228E0A91DA1AFE907BEDC9F3BFD78194565B/","s":[{"p":[0,0,0],"r":[0,0,0],"s":[1.077037,0.01,0.6058336],"c":[1,1,1]}]}]}