{"n":"thing","a":[7,18],"p":[{"t":8,"a":[12],"su":[{"i":"5916405fb2c21f15d48a532d","t":"591641274748c67b171e5551","p":[-0.03194432,-0.4336042,0.002012789],"r":[0,180,180]}],"s":[{"p":[0,0,0],"r":[0,0,0],"s":[0.04973667,0.005000141,0.01119362],"c":[1,1,1],"b":["when told by nearby d1open then become next in 1s"]},{"p":[2.797527E-08,0.3199997,-2.980232E-08],"r":[0,0,0],"s":[0.04973667,0.005000141,0.01119362],"c":[1,1,1],"b":["when told by nearby d1close then become 1 in 1s"]}]}]}