{"n":"thing","p":[{"b":14,"t":2,"s":[{"p":[0,0,0],"r":[0,0,0],"s":[0.06000008,0.06000017,0.06000017],"c":[0,0.9142855,1]}]},{"b":14,"t":2,"s":[{"p":[0.05292343,0.02421095,0.009066779],"r":[352.137,25.08166,355.5945],"s":[0.03163092,0.01533975,0.02571354],"c":[0.3456789,0.7407406,0.7777778]}]},{"b":14,"t":2,"s":[{"p":[0.03667185,0.03347115,0.03681285],"r":[342.9048,6.741002,6.438457],"s":[0.03163093,0.01533976,0.02571356],"c":[0.08641959,0.7185184,0.7777778]}]}]}