{"n":"thing","a":[7],"p":[{"t1":43,"s":[{"p":[0,0,0],"r":[0,0,0],"s":[5.180963,0.03631816,6.535649],"c":[1,1,1],"t1":{"c":[0.4444444,0.4444444,0.4444444],"x":0.5,"y":0.5,"a":0.8925,"m":0,"n":0,"r":0,"g":0,"o":0.5,"t":0.5,"e":0.5}}]}]}