{"n":"thing","p":[{"b":73,"t":2,"t1":10,"t2":43,"s":[{"p":[0,0,0],"r":[0,0,-8.537737E-07],"s":[0.2404607,0.2404605,0.2404605],"c":[1,0.1714284,0],"t1":{"c":[1,0.1714285,0],"a":0},"t2":{"c":[1,0.1714285,0],"x":0.5,"y":0.5,"a":0.8925,"m":0,"n":0,"r":0,"g":0,"o":0.5,"t":0.5,"e":0.5}}]}]}