{"n":"thing","a":[5,7,18],"p":[{"b":64,"t1":43,"s":[{"p":[0.07868195,-2.838014E-10,-0.03771781],"r":[1.001791E-05,-4.378969E-13,-3.828217E-20],"s":[0.297121,1.794584,0.2415897],"c":[1,1,1],"b":["when told by nearby astair then become next in 2s"],"t1":{"c":[0.4444444,0.4444444,0.4444444],"x":0.5,"y":0.5,"a":0.8925,"m":0,"n":0,"r":0,"g":0.2927246,"o":0.5,"t":0.5,"e":0.5}},{"p":[7.868231E-08,0.9000208,1.573646E-07],"r":[0,0,0],"s":[0.005,0.005,0.1595938],"c":[1,1,1],"b":["when told by nearby stairsup then become next in 0s","when told by nearby astair then become 1 in 2s"],"t1":{"c":[0.4444444,0.4444444,0.4444444],"x":0.5,"y":0.5,"a":0.8925,"m":0,"n":0,"r":0,"g":0.2927246,"o":0.5,"t":0.5,"e":0.5}},{"p":[7.868231E-08,0.9000208,1.573646E-07],"r":[0,0,0],"s":[0.005,0.005,0.1595938],"c":[1,1,1],"b":["when told by nearby stairsup then become 2 in 0s","when told by nearby astair then become 1 in 2s"],"t1":{"c":[0.4444444,0.4444444,0.4444444],"x":0.5,"y":0.5,"a":0.8925,"m":0,"n":0,"r":0,"g":0.2927246,"o":0.5,"t":0.5,"e":0.5}}]}]}