{"n":"thing","a":[7],"p":[{"b":59,"t":8,"a":[12],"su":[{"i":"591dbc26b2c21f208c433b44","t":"591b8a67fa4eb9c81f12dc53","p":[-1.03933,-0.8258417,-0.1800084],"r":[353.5067,324.7596,36.26979]}],"s":[{"p":[0.006765102,0.003859275,-0.008183277],"r":[358.2267,17.26906,1.316052],"s":[0.125002,0.125,0.1250025],"c":[0,0.7428566,1],"b":["when starts then become next in 10s"]},{"p":[0.006765102,0.003859275,-0.008183277],"r":[0.5127107,157.2798,357.8522],"s":[0.125002,0.125,0.1250025],"c":[0,0.7428566,1],"b":["when starts then become next in 10s"]},{"p":[0.006765102,0.003859275,-0.008183277],"r":[0.06045583,322.2906,2.207324],"s":[0.125002,0.125,0.1250025],"c":[0,0.7428566,1],"b":["when starts then become next in 10s"]}]}]}