{"n":"thing","a":[7,18],"p":[{"t1":138,"s":[{"p":[0.04499996,-0.06100035,-3.72529E-09],"r":[0,0,0],"s":[1.998063,0.01364115,2.882451],"c":[1,1,1],"t1":{"c":[0,0,0],"x":0.5,"y":0.5,"a":0.6567326,"m":0,"n":0,"r":0,"g":0,"o":0.5,"t":0.5,"e":0.5}}]},{"t":1,"a":[5],"s":[{"p":[0.03800035,-0.05802441,0.01000213],"r":[0,0,1.001791E-05],"s":[2.053659,0.0136413,2.88265],"c":[0,0,0]}]}]}