{"n":"thing","a":[7],"p":[{"a":[5],"s":[{"p":[0,0,0],"r":[0,0,0],"s":[0.7257276,0.1857045,3.110352],"c":[0,0,0]}]}]}