{"n":"thing","a":[7],"p":[{"a":[5],"s":[{"p":[0,0,0],"r":[0,0,0],"s":[1.436704,0.1750045,1.042379],"c":[0,0,0]}]}]}