{"n":"thing","a":[7],"p":[{"b":17,"t":2,"s":[{"p":[0.0002308071,-0.001495343,0.1077461],"r":[8.14222E-13,90.00001,180],"s":[0.04380192,0.01108441,0.005550352],"c":[1,0,0]}]},{"b":4,"t":8,"a":[12],"s":[{"p":[0,0,0],"r":[0,0,0],"s":[0.005000213,0.005000234,0.005000009],"c":[1,1,1]}]}]}