{"n":"thing","a":[7,18],"p":[{"b":5,"t1":43,"s":[{"p":[0.00226212,0.02359784,-0.8892159],"r":[-8.964216E-08,-8.964215E-08,270],"s":[0.2182342,0.2140872,0.1479366],"c":[0.4444438,0.4444438,0.4444438],"t1":{"c":[0,0,0],"x":0.5,"y":0.5,"a":0.8925,"m":0,"n":0,"r":0,"g":0,"o":0.5,"t":0.5,"e":0.5}}]},{"b":5,"t1":43,"s":[{"p":[0.005401611,0.01813114,1.30814],"r":[0,0,270],"s":[0.2182678,0.2141888,0.1640478],"c":[0.4444438,0.4444438,0.4444438],"t1":{"c":[0,0,0],"x":0.5,"y":0.5,"a":0.8925,"m":0,"n":0,"r":0,"g":0,"o":0.5,"t":0.5,"e":0.5}}]},{"b":15,"t1":43,"s":[{"p":[-9.155273E-05,0.02333067,0.1217575],"r":[0,0,270],"s":[0.1611312,0.1611183,2.656472],"c":[0.4444438,0.4444438,0.4444438],"t1":{"c":[0,0,0],"x":0.5,"y":0.5,"a":0.8925,"m":0,"n":0,"r":0,"g":0,"o":0.5,"t":0.5,"e":0.5}}]}]}