{"n":"thing","a":[20],"p":[{"b":12,"t1":3,"s":[{"p":[0.07262726,0.004160829,0.310849],"r":[0.115658,0.7502512,359.3384],"s":[0.4274058,0.03468331,0.01694543],"c":[0.1001763,0.111111,0.09876534],"t1":{"c":[0.6666667,0.5037037,0.1481481],"x":0.4843754,"y":0.4395205,"a":0.65,"m":0.5,"n":0.5,"r":0,"g":0,"o":0.5,"t":0.5,"e":0.2}}]},{"b":12,"t1":3,"s":[{"p":[0.05884795,-0.00849729,-0.4669386],"r":[351.4371,0.3428853,0.9030788],"s":[0.4125049,0.03468336,0.01694545],"c":[0.1001763,0.111111,0.09876534],"t1":{"c":[0.6666667,0.5037037,0.1481481],"x":0.4843754,"y":0.4395205,"a":0.65,"m":0.5,"n":0.5,"r":0,"g":0,"o":0.5,"t":0.5,"e":0.2}}]},{"b":12,"t1":3,"s":[{"p":[-0.8135456,0.04985476,-0.05515165],"r":[353.2563,269.1117,2.778864],"s":[0.2165806,0.1719428,0.03575002],"c":[0.1001763,0.111111,0.09876532],"t1":{"c":[0.6666667,0.5037037,0.1481481],"x":0.4843754,"y":0.4395205,"a":0.65,"m":0.5,"n":0.5,"r":0,"g":0,"o":0.5,"t":0.5,"e":0.2}}]}]}