{"n":"thing","a":[1],"p":[{"b":23,"e":"IM GABE NEWELL AND \nI WORK AT VALVE","s":[{"p":[0,0,0],"r":[0,0,5.336085E-08],"s":[0.003000003,0.003000008,0.00300001],"c":[1,1,1]}]}]}