{"n":"thing","a":[22],"p":[{"b":60,"s":[{"p":[0,0,0],"r":[0,0,0],"s":[0.2173524,0.005,0.3107412],"c":[0.4550262,0.5555556,0.3703702]}]}]}