{"n":"thing","a":[20],"p":[{"t":10,"s":[{"p":[0,0,0],"r":[0,0,-2.134434E-07],"s":[5.540596,0.2817507,0.2002632],"c":[0,0,0]}]}]}