{"n":"thing","a":[6,7],"p":[{"t":8,"a":[12,14],"s":[{"p":[-1.392197,-5.803578,0.3541185],"r":[-9.659347E-06,0,90],"s":[0.08623345,0.2110389,0.2589794],"c":[1,1,1],"b":["when told by any w then become next in 0.2s"]},{"p":[-2.16481,-5.34108,0.7962326],"r":[1.628444E-12,1.001791E-05,89.99999],"s":[2.446352,5.403494,2.693923],"c":[1,1,1],"b":["when touches face then tell any e"]}]}]}