{"n":"thing","p":[{"b":59,"s":[{"p":[0,0,0],"r":[0,0,0],"s":[0.1250006,0.1250004,0.1250003],"c":[1,1,1]}]},{"b":59,"s":[{"p":[0.6966048,0.3820614,0.01961511],"r":[319.3503,36.69054,38.29443],"s":[0.1250007,0.1250005,0.1250003],"c":[1,1,1]}]}]}