{"n":"thing","a":[7,12],"p":[{"t1":29,"s":[{"p":[-3.895522,2.051537,0.1282573],"r":[0,0,270],"s":[0.9861636,0.01889885,2.611179],"c":[0.8888889,0.8268077,0.691358],"t1":{"c":[0.8888889,0.6095237,0],"x":0.5,"y":0.5,"a":0.653806,"m":0,"n":0,"r":0.1142898,"g":0,"o":0.5,"t":0.5,"e":0.5}}]}]}