{"n":"thing","a":[7],"p":[{"a":[5],"s":[{"p":[0,0,0],"r":[0,0,0],"s":[17.24502,0.2673654,9.850163],"c":[0,0,0]}]}]}