{"n":"thing","a":[1],"p":[{"b":75,"t1":18,"s":[{"p":[0.0460663,0.09061599,1.516098],"r":[356.707,99.97998,268.5885],"s":[0.6112852,0.3173724,0.6113039],"c":[0.9714286,1,0],"t1":{"c":[0,0,0],"x":0.17,"y":0.17,"a":0.8925,"m":0.5,"n":0.5,"r":0,"g":0,"o":0.5,"t":0.5,"e":0.5}}]},{"b":5,"t1":59,"s":[{"p":[0.07890322,0.04817578,0.3515053],"r":[1.937158,354.376,345.5704],"s":[0.1076564,0.1076622,3.277231],"c":[0.9904761,1,0.6666666],"t1":{"c":[0.9714286,1,0],"x":0.5,"y":0.1950836,"a":0.8925,"m":0,"n":0,"r":0,"g":0,"o":0.5,"t":0.5,"e":0.5}}]}]}