{"n":"thing","a":[1],"p":[{"b":75,"t1":14,"s":[{"p":[0.004116058,0,2.703747],"r":[2.732076E-05,90,270],"s":[1.100088,0.5711522,1.100122],"c":[0.2257494,0.4444443,0.1975307],"t1":{"c":[0.6666666,1,1],"x":0.03748505,"y":0.08922762,"a":0.8925,"m":0.5,"n":0.5,"r":0,"g":0,"o":0.5,"t":0.5,"e":0.5}}]},{"b":5,"t1":59,"s":[{"p":[0.07016373,0.1382446,0.7129669],"r":[4.435523,2.332836,12.94292],"s":[0.1937409,0.1937519,5.897801],"c":[0.7777778,0.3999998,0],"t1":{"c":[1,0.784127,0.5555556],"x":0.5,"y":0.1950836,"a":0.8925,"m":0,"n":0,"r":0,"g":0,"o":0.5,"t":0.5,"e":0.5}}]}]}