{"n":"thing","p":[{"a":[1,2],"s":[{"p":[0,0,0],"r":[0,0,0],"s":[4.157598,0.01629346,2.162642],"c":[0,0,0]}]}]}