{"n":"ball","a":[1,2,3,21],"p":[{"b":9,"a":[3],"s":[{"p":[-0.04472098,0.02886059,-0.02761386],"r":[326.5355,349.5877,30.19544],"s":[0.0403484,0.04034941,0.04034952],"c":[0.4444444,0,0.5555556]}]},{"b":5,"s":[{"p":[-0.02725905,-0.03701712,-0.1329695],"r":[326.5355,349.5877,300.1954],"s":[0.007224158,0.007224285,0.3100529],"c":[0,0,0]}]}]}