{"n":"thing","a":[7,18,21],"p":[{"b":4,"t":8,"a":[12],"su":[{"i":"5927f939d963cf276c5423c3","t":"5927fa14d82452bc134572f1","p":[0.2320993,-0.03849153,0.242604],"r":[337.6549,205.1519,18.6135]}],"s":[{"p":[0,0,0],"r":[0,0,0],"s":[0.01667528,0.01667503,0.01667524],"c":[1,1,1],"b":["when told by any bite then become 2 in 0.1s"]},{"p":[0,0,0.01999998],"r":[4.464675E-07,9.999996,-5.103148E-06],"s":[0.01667528,0.01667503,0.01667524],"c":[1,1,1],"b":["when starts then become 1 in 0.1s"]}]}]}