{"n":"thing","a":[20],"p":[{"b":12,"t1":3,"s":[{"p":[0,0,0],"r":[0,0,-1.707547E-06],"s":[0.5168484,0.1659047,0.06000002],"c":[0.111111,0.1051146,0.09876537],"t1":{"c":[0.4444444,0.2525572,0.04938267],"x":0.17,"y":0.17,"a":0.65,"m":0.5,"n":0.5,"r":0,"g":0,"o":0.6602125,"t":0.5,"e":0.2}}]}]}