{"n":"2","a":[2,12,16],"p":[{"b":5,"t":8,"a":[12],"pr":22,"s":[{"p":[0.001992086,-0.001514207,-0.1170059],"r":[0,5.757419E-13,270],"s":[0.005000847,0.005000062,0.03865345],"c":[1,1,1],"pr":{"c":[0,1,0.2285715],"m":1,"a":1,"s":0,"z":0.2239783,"g":0.5,"h":0}}]},{"b":5,"t":8,"a":[12],"pr":52,"s":[{"p":[0.0001057388,-0.001395472,-0.09023286],"r":[-5.008957E-06,180,270],"s":[0.01749351,0.0182299,0.02709348],"c":[1,1,1],"pr":{"c":[0,1,0.2285715],"m":1,"a":1,"s":0,"z":1,"g":0.5,"h":0}}]},{"b":69,"t":3,"pr":48,"t1":10,"s":[{"p":[-0.001260638,-0.0007153832,-0.09604004],"r":[90,-9.659345E-06,0],"s":[0.01167725,0.075014,0.009734084],"c":[0,1,0.2285714],"b":["when touched then play drum set 15 with low-pitch","when touched then play lightsword hit 1 with 20 varied-pitch","when touched then become next in 0.5s"],"t1":{"c":[1,1,1],"a":0},"pr":{"c":[0,1,0.2285715],"m":1,"a":1,"s":0,"z":0.1864495,"g":0.5,"h":0}},{"p":[-0.001260638,-0.0007153832,-0.09604004],"r":[90,-9.659345E-06,0],"s":[0.005,0.005,0.005],"c":[0,1,0.2285714],"b":["when starts then destroy all parts"],"t1":{"c":[1,1,1],"a":0},"pr":{"c":[0,1,0.2285715],"m":1,"a":1,"s":0,"z":0.1864495,"g":0.5,"h":0}}]}]}