{"n":"thing","a":[7],"p":[{"b":61,"s":[{"p":[0,0,0],"r":[0,0,0],"s":[0.8528917,0.07043584,0.4944572],"c":[0.4444443,0.3047618,0]}]},{"b":19,"e":"PUZZLE\n  WING","s":[{"p":[-0.1598654,0.03687099,0.1005717],"r":[90,-9.659345E-06,0],"s":[0.009873617,0.009872543,0.009874315],"c":[0.4444443,0.3809522,0]}]}]}