{"n":"end","a":[7],"p":[{"b":13,"s":[{"p":[0,0,0],"r":[0,0,0],"s":[0.1926088,0.03197475,0.1980335],"c":[0.4444442,0.4444442,0.4444442]}]}]}