{"n":"thing","a":[21],"p":[{"b":4,"t":8,"a":[12],"su":[{"i":"5927fa2ad963cf276c5423c5","t":"59280322759be0a6132713f4","p":[-0.1431608,0.2200981,0.0899574],"r":[71.2212,137.3759,224.9983]}],"s":[{"p":[-0.002592536,-0.002590163,-0.01454543],"r":[-4.396934E-05,-3.69257E-05,-6.830174E-06],"s":[0.01309036,0.01309039,0.01309035],"c":[1,1,1],"b":["when told by any bite then become 2 in 0.1s"]},{"p":[0.003456714,0.003453551,0.0193939],"r":[342.3885,336.489,11.17551],"s":[0.01309036,0.01309039,0.01309035],"c":[1,1,1],"b":["when starts then become 1 in 0.1s"]}]}]}