{"n":"thing","a":[7,18],"p":[{"s":[{"p":[0,-0.01674891,0.0482254],"r":[0,0,8.537737E-06],"s":[0.2471645,0.01023804,0.2149205],"c":[1,0.9682539,0.7777778]}]},{"b":20,"e":"TO RETURN TO THE\nADVENTURER'S HUB:\n1. STAND ON THE\n    PLATFORM.\n2. FLIP THE SWITCH.","s":[{"p":[-0.1037002,-0.008629322,0.1425629],"r":[90,0,0],"s":[0.003001489,0.00300006,0.003001504],"c":[0,0,0]}]}]}