{"n":"thing","p":[{"s":[{"p":[0.001432842,0.03621595,0.04164743],"r":[319.007,1.970433,336.7728],"s":[0.18058,0.00500005,0.1750109],"c":[1,0.9682539,0.7777778]}]},{"b":20,"e":"TELEPORT POTION\nDRINK WHENEVER\nYOU WISH TO\nRETURN PROMPTLY\nTO...\nTHE UNDERGROUND","s":[{"p":[-0.06248478,0.1093172,0.07650532],"r":[43.91684,328.7759,335.5918],"s":[0.002329593,0.002329245,0.002329643],"c":[0,0,0]}]}]}