{"n":"thing","p":[{"b":9,"s":[{"p":[0.005098463,0.002374649,-0.6888186],"r":[0,0,0],"s":[0.038037,0.04282857,0.570756],"c":[0.3333332,0.2433861,0.148148]}]},{"b":9,"s":[{"p":[0.005098463,0.002374649,0.2517316],"r":[0,0,0],"s":[0.02530361,0.02876937,0.1304689],"c":[0.3333332,0.2433861,0.148148]}]},{"b":12,"s":[{"p":[0,0,0],"r":[0,0,0],"s":[0.1597248,0.06001367,0.109673],"c":[0.4444444,0.3245148,0.1975307]}]},{"b":22,"e":"GIFT\nSHOP","s":[{"p":[-0.1772599,0.04229847,0.1804258],"r":[89.55721,263.3459,262.8107],"s":[0.01437352,0.01437353,0.01437353],"c":[0,0,0]}]}]}