{"n":"advhub","a":[7],"p":[{"t":8,"a":[12,17],"s":[{"p":[0,0,0],"r":[0,0,2.668042E-08],"s":[0.1750001,0.175,0.1750002],"c":[1,1,1]}]}]}