{"n":"thing","a":[7],"p":[{"im":"782910807800429627/6D2E96BEE9461DF91E46BE23145A04BBF574DC82/","s":[{"p":[0,0,0],"r":[0,0,0],"s":[2.111877,0.01000002,2.078196],"c":[1,1,1]}]}]}