{"n":"thing","a":[2,7,12],"p":[{"b":63,"s":[{"p":[0.01100051,-0.001000049,-0.005000234],"r":[-1.767782E-06,330,-6.597455E-06],"s":[0.1250312,0.1250267,0.1250204],"c":[1,0.8888889,0.2222219]}]},{"b":63,"t":9,"s":[{"p":[0.2270004,-0.001000087,-0.005000234],"r":[-1.767782E-06,330,-6.597456E-06],"s":[0.1250312,0.1250267,0.1250204],"c":[1,0.8888889,0.2222219]}]}]}