{"n":"thing","a":[7],"p":[{"b":5,"t":1,"s":[{"p":[0,0,0],"r":[0,0,0],"s":[0.02982758,0.01420106,0.7424852],"c":[1,0.8380952,0.6666666]}]}]}