{"n":"thing","p":[{"b":3,"t":8,"a":[12],"s":[{"p":[0.5938628,3.299963,-5.178507],"r":[351.7117,64.66328,62.9794],"s":[0.1250001,0.1250001,0.1250001],"c":[1,1,1],"b":["when starts then become 2 in 2s"]},{"p":[0.8240989,-0.5111863,0.1477766],"r":[355.9443,23.71531,345.657],"s":[0.1250001,0.1250004,0.1250005],"c":[1,1,1],"b":["when starts then become next in 2s"]},{"p":[2.063915,-7.355987,17.97203],"r":[341.9944,60.10456,302.5146],"s":[0.1250001,0.1250007,0.1250008],"c":[1,1,1],"b":["when starts then become next in 2s"]}]}]}