{"n":"thing","a":[7,18],"p":[{"b":4,"t":8,"a":[12],"su":[{"i":"592dd778064311374c4287eb","t":"592dd7b2ba58af9313965efa","p":[0.03466797,0.01144552,0.7112808],"r":[270,2.003582E-05,0]}],"s":[{"p":[0,0,0],"r":[0,0,0],"s":[0.09077843,0.005000164,0.1250128],"c":[1,1,1],"b":["when told by any tra1 then become next in 2s"]},{"p":[1.58868E-08,0.09086192,-0.1125793],"r":[270,2.003582E-05,0],"s":[0.09074131,0.005001502,0.1250503],"c":[1,1,1],"b":["when told by any tra1 then become next in 2s"]}]}]}