{"n":"thing","p":[{"b":34,"s":[{"p":[0,0,0],"r":[0,0,-8.537735E-07],"s":[0.3156462,0.1703828,0.1879565],"c":[1,0.984127,0.8888889]}]},{"b":34,"s":[{"p":[-0.1143876,-0.08547052,0.05067457],"r":[349.6239,337.2042,320.9962],"s":[0.3156465,0.1703823,0.1879559],"c":[1,0.984127,0.8888889]}]}]}