{"n":"thing","a":[7],"p":[{"im":"782911079737246595/160ADB09E007B43AAC62226F4AAE1909C64F48C0/","s":[{"p":[0,0,0],"r":[0,0,0],"s":[0.5635696,0.0100018,0.7812155],"c":[1,1,1]}]}]}