{"n":"thing","a":[7],"p":[{"im":"782911079737225149/D830D0202004F0AFF86340460BFBBDFDAD7D5479/","s":[{"p":[0,0,0],"r":[0,0,0],"s":[0.6209162,0.01158177,0.9337087],"c":[1,1,1]}]}]}