{"n":"thing","a":[1],"p":[{"b":73,"t":8,"a":[12],"pr":33,"s":[{"p":[0,0,0],"r":[3.415095E-06,3.415095E-06,1.017778E-13],"s":[0.5203525,0.5203522,0.5203525],"c":[1,1,1],"pr":{"c":[0.9714286,1,0],"m":0.25,"a":0.25,"s":0.15,"z":0.1414677,"g":0.5,"h":0.25}}]}]}