{"n":"thing","p":[{"b":45,"t1":142,"s":[{"p":[0,0,0],"r":[0,0,-3.415095E-06],"s":[0.1250003,0.08760968,0.1250003],"c":[0.4444443,0.3485007,0.2469135],"t1":{"c":[0.4444444,0.3485008,0.2469135],"x":0.5,"y":0.5,"a":0.8925,"m":0,"n":0,"r":0,"g":0,"o":0.5,"t":0.5,"e":0.5}}]}]}