{"n":"thing","a":[7],"p":[{"s":[{"p":[0,0,0],"r":[0,0,0],"s":[10.42379,3.386953,0.03965592],"c":[1,1,1]}]}]}