{"n":"thing","a":[7,13,18],"p":[{"b":60,"s":[{"p":[0.9484849,1.437762,-1.192093E-07],"r":[-8.964216E-08,-8.964214E-08,90],"s":[0.1923573,1.771396,0.3960585],"c":[0.1098037,0.1137253,0.1333331]}]},{"b":60,"s":[{"p":[-1.862645E-09,2.609071E-09,0.01492214],"r":[-1.001791E-05,-8.757939E-13,1.001791E-05],"s":[0.2569318,3.106986,0.4271441],"c":[0.1098037,0.1137253,0.1333331]}]},{"b":60,"s":[{"p":[1.89458,3.410118E-09,0.01950383],"r":[-1.001791E-05,0,0],"s":[0.2817053,3.107092,0.4201305],"c":[0.1098037,0.1137253,0.1333331]}]}]}