{"n":"thing","a":[6,20],"p":[{"t":8,"a":[12],"pr":21,"s":[{"p":[0,0,0],"r":[0,0,0],"s":[0.1750006,0.1750003,0.1750006],"c":[1,1,1],"b":["when told by any water then become next in 0s"],"pr":{"c":[0.2222221,0.6666666,1],"m":0,"a":1,"s":0,"z":0.2777444,"g":0.2938528,"h":0.7024417}},{"p":[0,0,0],"r":[0,0,0],"s":[0.1750006,0.1750003,0.1750006],"c":[1,1,1],"b":["when starts then become next in 30s"],"pr":{"c":[0.2222221,0.6666666,1],"m":1,"a":1,"s":0,"z":0.2777444,"g":0.2938528,"h":0.7024417}},{"p":[0,0,0],"r":[0,0,0],"s":[0.1750006,0.1750003,0.1750006],"c":[1,1,1],"b":["when starts then become next in 1s"],"pr":{"c":[0.2222221,0.6666666,1],"m":1,"a":1,"s":0,"z":0.2777444,"g":0.2938528,"h":0.7024417}}]}]}