{"n":"thing","p":[{"b":17,"s":[{"p":[0,0,0],"r":[0,0,0],"s":[0.0139178,0.09146498,0.09522976],"c":[0.09523795,0.3333332,0]}]}]}