{"n":"thing","a":[21],"p":[{"b":17,"t1":3,"s":[{"p":[-0.01416799,-0.02295369,-0.0115435],"r":[354.5528,330.709,7.637255],"s":[0.001577839,0.01415545,0.002661237],"c":[0.6666667,0.342857,0],"t1":{"c":[0.1111111,0.05714279,0],"x":0.17,"y":0.17,"a":0.65,"m":0.5,"n":0.5,"r":0,"g":0,"o":0.5,"t":0.5,"e":0.2}}]},{"b":17,"t1":3,"s":[{"p":[-0.01325946,-0.009810464,-0.004636064],"r":[24.33395,9.075797,350.9481],"s":[0.001577823,0.01043378,0.001744293],"c":[0.6666667,0.342857,0],"t1":{"c":[0.1111111,0.05714279,0],"x":0.17,"y":0.17,"a":0.65,"m":0.5,"n":0.5,"r":0,"g":0,"o":0.5,"t":0.5,"e":0.2}}]},{"b":17,"t1":34,"s":[{"p":[-0.005618615,0.01050859,-0.003761917],"r":[350.9271,16.16817,162.1809],"s":[0.01050016,0.009580871,0.01327883],"c":[0,1,0.2285714],"t1":{"c":[0.2857141,1,0],"x":0.6658807,"y":0.678652,"a":0.1034043,"m":0,"n":0,"r":0,"g":0.01853061,"o":0.5,"t":0.5,"e":0.5}}]},{"b":17,"t1":34,"s":[{"p":[-0.01571035,-0.00354285,-0.02114237],"r":[55.50778,301.3872,294.3398],"s":[0.007571452,0.007503776,0.007549564],"c":[0,1,0.2285714],"t1":{"c":[0.2857141,1,0],"x":0.6658807,"y":0.678652,"a":0.1034043,"m":0,"n":0,"r":0,"g":0.01853061,"o":0.5,"t":0.5,"e":0.5}}]}]}