{"n":"thing","a":[6,20],"p":[{"pr":31,"s":[{"p":[0,0,0],"r":[4.002064E-07,-7.454427E-16,-2.134434E-07],"s":[0.175,0.175,0.1749999],"c":[1,0,0.3428572],"b":["when told by any redblobs then become next in 0s"],"pr":{"c":[1,0,0],"m":0,"a":0.25,"s":0.15,"z":0.25,"g":0.5,"h":1}},{"p":[0,0,0],"r":[4.002064E-07,-7.454427E-16,-2.134434E-07],"s":[0.175,0.175,0.1749999],"c":[1,1,1],"b":["when starts then become next in 30s"],"pr":{"c":[1,0,0],"m":1,"a":1,"s":0.15,"z":1,"g":0.5,"h":1}},{"p":[0,0,0],"r":[4.002064E-07,-7.454427E-16,-2.134434E-07],"s":[0.175,0.175,0.1749999],"c":[1,1,1],"b":["when starts then become next in 0s"],"pr":{"c":[1,0,0],"m":1,"a":1,"s":0.15,"z":1,"g":0.5,"h":1}}]}]}