{"n":"thing","p":[{"b":14,"s":[{"p":[0.01044338,-0.03771495,0.009139447],"r":[302.2743,233.4473,103.1175],"s":[0.004999992,0.004999987,0.01060764],"c":[1,1,1]}]},{"b":21,"e":"OPEN","s":[{"p":[-0.06948555,0.0246406,-0.02641689],"r":[339.7214,350.8416,7.327308],"s":[0.00538167,0.005381675,0.005381675],"c":[0.4444443,0.4444443,0.4444443]}]},{"b":14,"s":[{"p":[0.2332541,-0.04139253,0.009670872],"r":[300.2812,112.405,254.1783],"s":[0.005000001,0.005000001,0.01060766],"c":[1,1,1]}]},{"b":21,"e":"CLOSE","s":[{"p":[0.1670136,0.03680087,-0.0104878],"r":[341.3845,5.185922,355.1804],"s":[0.004948862,0.004948866,0.004948864],"c":[0.4444443,0.4444443,0.4444443]}]}]}