{"n":"thing","a":[21],"p":[{"b":5,"s":[{"p":[0,0,0],"r":[0,0,0],"s":[0.006389256,0.005684691,0.02382275],"c":[0.7777778,0.2592591,0.2592591]}]},{"b":5,"s":[{"p":[-0.001324177,-0.0004973412,-0.01095772],"r":[0,0,0],"s":[0.008681817,0.009148499,0.006195248],"c":[0.7777778,0.2592591,0.2592591]}]},{"b":14,"s":[{"p":[-0.001382351,7.939339E-05,-0.01686847],"r":[-8.492194E-12,-1.439356E-13,270],"s":[0.00182663,0.002017023,0.008339262],"c":[1,1,1]}]},{"b":5,"s":[{"p":[-0.0005197526,-0.001200914,0.0118829],"r":[0.3274509,1.054273,0.05634532],"s":[0.008683118,0.009149822,0.006195808],"c":[1,0,0]}]}]}