{"n":"thing","p":[{"s":[{"p":[0.01274821,-0.00862121,-0.009810563],"r":[355.2354,359.1812,2.130624],"s":[0.005000001,0.005000001,0.09295966],"c":[1,1,1]}]},{"s":[{"p":[0.02651115,-0.003828935,0.05055755],"r":[359.7374,40.54128,355.4352],"s":[0.005000002,0.005000007,0.04629057],"c":[1,1,1]}]},{"s":[{"p":[0.04138043,0.0003560632,0.09738766],"r":[349.9003,356.8465,354.6111],"s":[0.005,0.00500001,0.06942499],"c":[1,1,1]}]},{"s":[{"p":[0.05450483,-0.01735302,-0.008535569],"r":[354.4706,357.3876,357.8417],"s":[0.005000003,0.005000019,0.06942514],"c":[1,1,1]}]}]}