{"n":"thing","a":[22,18],"p":[{"s":[{"p":[-0.02156353,0.07237176,0.02583909],"r":[0,0,337.5],"s":[0.1933988,0.005001976,0.1802209],"c":[1,1,1]}]},{"b":20,"e":"the truth is that\nyou got owned,\nnerd......","s":[{"p":[0.05668928,0.03331486,0.1006401],"r":[292.5,90,90],"s":[0.003561213,0.003561134,0.003561248],"c":[0,0,0]}]}]}