{"n":"thing","p":[{"b":10,"s":[{"p":[0,0,0],"r":[0,0,0],"s":[0.0295459,0.004999999,0.1249999],"c":[0.1234567,0.5555556,0.2962962]}]},{"b":10,"s":[{"p":[-0.003458686,0.0001981109,-0.117546],"r":[359.2451,2.500855,3.558123],"s":[0.02954589,0.005,0.1249999],"c":[0.2962962,0.4444443,0.3555554]}]},{"b":10,"s":[{"p":[-0.02186812,-0.00117112,-0.1118304],"r":[359.7278,2.418302,3.721105],"s":[0.0295459,0.005,0.125],"c":[0.2962962,0.4444443,0.3555554]}]},{"b":10,"s":[{"p":[-0.02590134,-0.005388901,-0.2492735],"r":[359.0716,5.277269,7.328294],"s":[0.01509516,0.005000002,0.125],"c":[0.2962962,0.4444443,0.3555554]}]}]}