{"n":"thing","a":[22],"p":[{"b":60,"t1":58,"s":[{"p":[0,0,0],"r":[0,0,0],"s":[6.783066,0.7396744,0.6711473],"c":[0.222222,0.2010581,0.07407395],"t1":{"c":[0,0,0],"x":0.5,"y":0.5,"a":0.1478618,"m":0,"n":0,"r":0,"g":0,"o":0.5,"t":0.5,"e":0.5}}]}]}