{"n":"thing","p":[{"b":10,"t":3,"s":[{"p":[-0.6472578,0.4257507,0.4849619],"r":[327.7899,79.97222,257.1124],"s":[0.01620843,0.005000004,0.01185039],"c":[0.9777778,1,0.8888889]}]},{"b":10,"t":3,"s":[{"p":[-3.668682,3.830756,-1.239961],"r":[320.6059,71.91379,262.5591],"s":[0.01620842,0.005000006,0.0118504],"c":[0.9777778,1,0.8888889]}]}]}