{"n":"thing","p":[{"t":8,"a":[12],"s":[{"p":[0,0,0],"r":[0,0,0],"s":[9.768553,0.01374993,0.1750001],"c":[1,1,1]}]}]}