{"n":"thing","p":[{"s":[{"p":[-0.00199987,5.529728E-08,8.428469E-08],"r":[0,0,0],"s":[0.1652862,0.1652864,0.1652864],"c":[1,1,1]}]}]}