{"n":"thing","p":[{"t1":76,"s":[{"p":[0,0,0],"r":[0,0,0],"s":[0.1750004,0.1750001,0.1750002],"c":[0,0,0],"t1":{"c":[0.9714285,0,1],"x":0.5,"y":0.5,"a":0.8925,"m":0,"n":0,"r":0,"g":0,"o":0.5,"t":0.5,"e":0.5}}]}]}