{"n":"thing","p":[{"b":56,"s":[{"p":[0,0,0],"r":[0,0,-1.067217E-07],"s":[0.163122,0.005,0.1883761],"c":[1,1,1]}]},{"s":[{"p":[-0.1195797,-0.1019754,-0.1374355],"r":[16.08144,36.91117,4.934394],"s":[0.159616,0.1750001,0.07756171],"c":[1,1,1]}]},{"s":[{"p":[0.02118722,-0.101056,-0.1833594],"r":[4.690382,352.4839,350.3293],"s":[0.1596158,0.1750001,0.07756169],"c":[1,1,1]}]}]}