{"n":"ground","a":[7],"p":[{"b":17,"t1":76,"s":[{"p":[0,0,0],"r":[0,0,0],"s":[3.364018,0.1106242,3.201749],"c":[0.4190476,0,0.6666667],"t1":{"c":[0.9714285,0,1],"x":0.1002994,"y":0.3207204,"a":0.8925,"m":0,"n":0,"r":0,"g":0,"o":0.5,"t":0.5,"e":0.5}}]}]}