{"n":"thing","p":[{"a":[1,4],"s":[{"p":[-0.2057915,-1.004492,-2.010158],"r":[355.9605,314.0346,348.3934],"s":[0.4587201,0.0552544,0.229463],"c":[1,1,1]}]},{"a":[2],"s":[{"p":[-0.01816028,-2.63108,-0.3002325],"r":[330.9734,305.8665,2.80929],"s":[0.1275432,0.1750004,0.1750003],"c":[1,1,1]}]}]}