{"n":"thing","p":[{"s":[{"p":[0,0,0],"r":[0,0,2.668043E-08],"s":[1.01384,0.7162587,0.5387824],"c":[0.08641968,0.7777778,0.7777778]}]}]}