{"n":"thing","p":[{"a":[1],"s":[{"p":[0,0,0],"r":[0,0,1.25398E-06],"s":[0.175,0.175,0.175],"c":[1,1,1]}]},{"b":2,"a":[2],"s":[{"p":[-0.1429668,-0.01471995,-0.211415],"r":[305.0518,207.797,166.6489],"s":[0.125,0.1250003,0.1250004],"c":[1,1,1]}]}]}