{"n":"thing","a":[7],"p":[{"b":88,"a":[3],"t2":5,"s":[{"p":[0,0,0],"r":[0,0,0],"s":[2.353738,2.354221,2.354154],"c":[0.8,0,1],"t2":{"c":[1,1,1],"x":0.17,"y":0.17,"a":0.69625,"m":0.5,"n":0.5,"r":0,"g":0,"o":0.5,"t":0.5,"e":0.5}}]}]}