{"n":"thing","a":[7],"p":[{"im":"852719183169968178/81417422E7AF89E898788592A61FA1660E62BAF5/","s":[{"p":[0,0,0],"r":[0,0,0],"s":[1.076553,0.01000021,0.5832678],"c":[1,1,1]}]}]}