{"n":"wall","a":[7],"p":[{"t1":44,"s":[{"p":[0,0,0],"r":[0,0,0],"s":[3.778422,0.1750028,8.902257],"c":[0.4444443,0.320282,0.04938262],"t1":{"c":[0.3333333,0.2074073,0.07407402],"x":0.4890077,"y":0.5,"a":0.8925,"m":0,"n":0,"r":0,"g":0,"o":0.5,"t":0.5,"e":0.5}}]}]}