{"n":"thing","a":[7,18,21],"p":[{"b":99,"e":"HOME","s":[{"p":[0.0001173008,-0.008319497,-0.003364563],"r":[3.763252E-13,3.289939E-20,1.001791E-05],"s":[0.001437941,0.001437777,0.001437996],"c":[0.2857141,0,1]}]},{"t":2,"t1":36,"t2":10,"s":[{"p":[-0.007995609,-0.01741767,0.01141739],"r":[270,5.008956E-06,0],"s":[0.02559114,0.008787937,0.04047336],"c":[0.4571425,1,0],"t1":{"c":[0.1417989,0.07407404,0.6666667],"x":0.5,"y":0.5,"a":0.8925,"m":0,"n":0,"r":0,"g":0,"o":0.5,"t":0.5,"e":0.5},"t2":{"c":[0.1142858,0,1],"a":0}}]},{"b":69,"t":2,"t1":139,"s":[{"p":[0.02048683,-0.01741767,0.01081944],"r":[1.001792E-05,-4.071109E-13,89.99999],"s":[0.01606926,0.0165525,0.01231556],"c":[1,0.6857142,0],"b":["when touched then become 2 in 0.2s"],"t1":{"c":[0,0,0],"x":0.6357665,"y":0.6196494,"a":0.8925,"m":0,"n":0,"r":0.1065478,"g":0,"o":0.5,"t":0.5,"e":0.5}},{"p":[0.02048683,-0.01741767,0.01081944],"r":[1.001792E-05,-4.071109E-13,89.99999],"s":[0.01606926,0.012101,0.01231556],"c":[1,0.9682539,0.7777778],"b":["when touched then go to inventory page  1"],"t1":{"c":[1,0,0.6857142],"x":0.5,"y":0.5,"a":0.8925,"m":0,"n":0,"r":0,"g":0,"o":0.5,"t":0.5,"e":0.5}}]}]}