{"n":"thing","a":[7],"p":[{"b":60,"s":[{"p":[0,0,0],"r":[0,0,0],"s":[1.771217,0.4140504,1.55773],"c":[1,1,1]}]}]}