{"n":"thing","a":[1,7,18],"p":[{"b":60,"t":1,"s":[{"p":[0,0,0],"r":[0,0,0],"s":[0.7161866,0.05180183,0.1687933],"c":[1,0.8571429,0]}]},{"b":60,"t1":13,"s":[{"p":[0,-0.01304388,0],"r":[0,0,0],"s":[0.7592039,0.05180294,0.1871556],"c":[0.4444443,0.2525572,0.04938262],"t1":{"c":[0,0,0],"x":0.17,"y":0.2064382,"a":0.8925,"m":0.5,"n":0.5,"r":0,"g":0,"o":0.5,"t":0.5,"e":0.5}}]},{"b":118,"e":"BY INTREPIDFROG","s":[{"p":[-0.1583962,0.03210771,-0.01241708],"r":[90,-9.659345E-06,0],"s":[0.004305057,0.004304217,0.0043051],"c":[0,0,0]}]},{"b":118,"e":"\"GREY LINES\"","s":[{"p":[-0.1982927,0.03095216,0.0722971],"r":[90,-9.659345E-06,0],"s":[0.007385834,0.007383453,0.007386066],"c":[0,0,0]}]}]}