{"n":"thing","p":[{"t":3,"s":[{"p":[0,0,0],"r":[0,0,8.537737E-07],"s":[1.08929,0.4738797,0.4741738],"c":[1,1,1]}]}]}