{"n":"thing","p":[{"s":[{"p":[-0.0290755,0.1334284,0.08090101],"r":[328.9339,1.738356,356.9138],"s":[0.2608836,0.01567741,0.0511991],"c":[1,0.7904761,0.3333331]}]},{"s":[{"p":[-0.02952527,0.1378519,0.07952317],"r":[328.9339,1.738357,356.9138],"s":[0.2480754,0.0156795,0.04023512],"c":[0.6666667,0.5502645,0.2962961]}]},{"b":100,"e":"PORTAL GUN","s":[{"p":[-0.1095336,0.1638718,0.0934476],"r":[58.79623,355.7734,354.8931],"s":[0.003001973,0.003000287,0.003001815],"c":[0,0,0]}]}]}