{"n":"island 1","a":[7],"p":[{"b":9,"t1":60,"s":[{"p":[0,0,0],"r":[0,0,0],"s":[4.777292,0.9266363,5.450522],"c":[0.8888889,0.7647266,0.4938272],"t1":{"c":[0,0,0],"x":0.5,"y":0.5,"a":0.8925,"m":0,"n":0,"r":0,"g":0,"o":0.5,"t":0.5,"e":0.5}}]}]}