{"n":"thing","p":[{"s":[{"p":[0,0,0],"r":[0,0,0],"s":[0.3005529,0.01614635,0.4861355],"c":[0.9555555,1,0.7777778]}]},{"b":20,"e":"DEAR MR.OVERVISOR, \nFUCK YOU.\n\nEVERYONE","s":[{"p":[-0.1149371,0.0148769,0.1757356],"r":[89.24127,101.6272,101.1521],"s":[0.00300001,0.003000005,0.003000008],"c":[0,0,0]}]}]}