{"n":"thing","a":[7],"p":[{"t":2,"t1":62,"t2":23,"s":[{"p":[0.1094412,0.02399254,-0.0007896349],"r":[0,0,0],"s":[1.93633,1.389576,0.005001324],"c":[0.6698403,0.1111136,0.999997],"b":["when starts then become next in 2s"],"t1":{"c":[0,0.9142855,1],"x":0.5,"y":0.5,"a":0.8925,"m":0,"n":0,"r":0,"g":0,"o":0.5,"t":0.5,"e":0.5},"t2":{"c":[0.8,0,1],"x":0.17,"y":0.17,"a":0.69625,"m":0.5,"n":0.5,"r":0,"g":0.4760232,"o":0.5,"t":0.5,"e":0.5}},{"p":[0.1194565,-0.002189875,0.0002794415],"r":[0,0,1.001791E-05],"s":[1.99457,1.43278,0.005001405],"c":[0.2857141,1,0],"b":["when starts then become next in 2s"],"t1":{"c":[0,0.9142855,1],"x":0.5,"y":0.5,"a":0.8925,"m":0,"n":0.4837036,"r":0,"g":0,"o":0.5,"t":0.5,"e":0.5},"t2":{"c":[0.8,0,1],"x":0.17,"y":0.17,"a":0.69625,"m":0.5,"n":0.5,"r":0,"g":0,"o":0.5,"t":0.5,"e":0.5}}]}]}