{"n":"thing","a":[7],"p":[{"s":[{"p":[-0.8567039,-6.129099,0.05265486],"r":[355.7033,307.6618,289.414],"s":[0.1168329,0.05430626,0.03069666],"c":[1,1,1],"b":["when touched then tell pressed "]}]},{"su":[{"i":"594afcfaf05ef93d4cdfdb31","t":"596d108f7599f279294c5514","p":[-2.889116,-3.359519,-0.7126834],"r":[-2.792152E-06,90.00003,180]},{"i":"594b015bf05ef949588dc809","t":"594b0c3595eb362410e93042","p":[-2.790421,-4.707447,0.7417338],"r":[-1.931869E-05,2.897804E-05,270]}],"s":[{"p":[0.02900585,-0.05877384,0.04724394],"r":[348.3261,320.609,17.26587],"s":[0.1750187,0.175003,0.1750199],"c":[1,1,1],"b":["when told pressed then become 2 in 2s"]},{"p":[0.734037,-4.846905,1.61572],"r":[348.3261,320.609,17.26588],"s":[0.1751405,0.1750278,0.175123],"c":[1,1,1]}]}]}