{"n":"thing","a":[7,13],"p":[{"t1":11,"s":[{"p":[0,0,0],"r":[0,0,0],"s":[0.1750118,0.2996044,0.9807537],"c":[0.5555556,0.2857141,0],"t1":{"c":[0,0,0],"x":0.5,"y":0.5514832,"a":0.8925,"m":0,"n":0,"r":0,"g":0,"o":0.5,"t":0.5,"e":0.5}}]},{"b":139,"e":"THIS IS MY PET","s":[{"p":[0.09126452,0.1418154,0.4171608],"r":[0,270,270],"s":[0.003695451,0.003695478,0.00369564],"c":[1,1,1]}]}]}