{"n":"thing","p":[{"s":[{"p":[0,0,0],"r":[0,0,0],"s":[0.7092624,0.1750004,0.02631282],"c":[0.3333332,0.1629628,0.07407398]}]}]}