{"n":"thing","a":[5,7,18],"p":[{"b":16,"t1":61,"t2":61,"s":[{"p":[0,0,0],"r":[0,0,0],"s":[5.304175,0.5208058,4.730365],"c":[0,0,0],"t1":{"c":[0.5555556,0.3456789,0.1234567],"x":0.04602432,"y":0.1103308,"a":0.7058648,"m":0,"n":0,"r":0,"g":0,"o":0.5,"t":0.5,"e":0.5},"t2":{"c":[0.3333333,0.07407402,0.07407402],"x":0.09449673,"y":0.09236079,"a":1,"m":0,"n":0,"r":0.1819093,"g":0,"o":0.5,"t":0.5,"e":0.5}}]}]}