{"n":"vinyl","p":[{"b":79,"s":[{"p":[0.001422,-0.000477531,0.00165523],"r":[1.596389,340.0405,359.081],"s":[0.02392809,0.004999999,0.02304244],"c":[0.5555556,0.3121692,0.1851851]}]},{"b":79,"s":[{"p":[0.0001981287,-0.0009753408,0.004837647],"r":[2.11372,5.128499,0.1236226],"s":[0.07500006,0.005000001,0.07499995],"c":[0.111111,0.08677239,0.07407398]}]}]}