{"n":"mountain","p":[{"b":17,"t":10,"s":[{"p":[0,0,0],"r":[280.0799,190.1108,48.47969],"s":[50,1.788868,5.851799],"c":[0,0,0]}]}]}