{"n":"thing","p":[{"b":4,"su":[{"i":"59795fa9dedf2036380af47d","t":"59795fc450c869ac1327b2ce","p":[0.03767395,-0.1821971,0.3561328],"r":[353.7379,176.0707,164.0775]}],"s":[{"p":[0,0,0],"r":[0,0,0],"s":[0.0573,0.02572467,0.06369957],"c":[1,1,1],"b":["when told by any handsup then become next in 0.2s"]},{"p":[-0.009130478,-0.003435612,0.5391171],"r":[355.6927,353.6037,7.446126],"s":[0.05730701,0.02572774,0.06370583],"c":[1,1,1],"b":["when starts then become next in 0.4s"]},{"p":[0.003713608,-0.01356792,0.5489197],"r":[8.551725,2.763047,3.965193],"s":[0.05730566,0.02572686,0.06370383],"c":[1,1,1],"b":["when starts then become 2 in 0.6s"]}]}]}