{"n":"thing","a":[7],"p":[{"t":8,"a":[5,12],"s":[{"p":[0,0,0],"r":[0,0,0],"s":[0.5101947,0.0792407,0.1750352],"c":[1,1,1]}]}]}