{"n":"thing","a":[20],"p":[{"b":73,"t1":10,"t2":125,"s":[{"p":[0,0,0],"r":[0,0,0],"s":[4.392228,4.392228,4.392228],"c":[0.6666667,0.6666667,0.6666667],"t1":{"c":[0,0,0],"a":0},"t2":{"c":[0.6666667,0.6666667,0.6666667],"x":0.5,"y":0.5,"a":0.8925,"m":0,"n":0,"r":0,"g":0,"o":0.5,"t":0.5,"e":0.5}}]}]}