{"n":"pool","a":[7],"p":[{"b":83,"t1":7,"s":[{"p":[0,0,0],"r":[0,0,0],"s":[2.855141,1.102032,2.345756],"c":[0.5555556,0.4356259,0.3086418],"t1":{"c":[0.3333333,0.2253968,0.1111111],"x":0.17,"y":0.009171411,"a":0.8925,"m":0.5,"n":0.5,"r":0,"g":0,"o":0.5,"t":0.5,"e":0.5}}]}]}