{"n":"thing","a":[7,18],"p":[{"t":7,"s":[{"p":[0,0,0],"r":[0,0,0],"s":[22.67338,0.03268155,33.32791],"c":[0.6666666,0.7999998,1]}]}]}