{"n":"thing","a":[7],"p":[{"s":[{"p":[0,0,0],"r":[0,0,0],"s":[23.91142,0.02781227,0.05129144],"c":[1,1,1]}]}]}