{"n":"thing","a":[7],"p":[{"s":[{"p":[0,0,0],"r":[0,0,0],"s":[27.15754,19.77743,0.7049827],"c":[0.7777778,0.7777778,0.7777778]}]}]}