{"n":"back button","p":[{"b":13,"s":[{"p":[0,0,0],"r":[0,0,0],"s":[0.1957133,0.06000032,0.1358189],"c":[0.4444443,0,0],"b":["when touches hand then go to inventory page  1"]}]},{"b":18,"e":"BACK","s":[{"p":[-0.1514191,0.09493768,0.05971459],"r":[89.63738,244.3715,245.5521],"s":[0.01037066,0.01037071,0.0103707],"c":[1,1,1]}]}]}