{"n":"thing","a":[7,18],"p":[{"s":[{"p":[0,0,0],"r":[0,0,0],"s":[2.982862,0.04819994,2.950427],"c":[1,1,1]}]}]}