{"n":"portal stand","a":[22],"p":[{"b":5,"s":[{"p":[0,0,0],"r":[0,0,0],"s":[0.0378338,0.0348231,1.291307],"c":[1,1,1]}]},{"b":5,"t":1,"s":[{"p":[0,5.960464E-08,-0.5065688],"r":[0,0,22.5],"s":[0.142927,0.142444,0.03626102],"c":[0.2222221,0.2222221,0.2222221]}]},{"b":36,"t":1,"s":[{"p":[-0.03822955,-0.007419288,0.5643017],"r":[-7.848219E-06,270,1.811128E-06],"s":[0.1555467,0.1250407,0.06786412],"c":[0.4444443,0.4444443,0.4444443]}]},{"b":36,"t":1,"s":[{"p":[0.04645891,-0.003884077,0.5580657],"r":[5.433382E-06,90,180],"s":[0.1555558,0.1250684,0.06498712],"c":[0.4444443,0.4444443,0.4444443]}]}]}