{"n":"thing","p":[{"t":1,"t1":104,"s":[{"p":[0.1444339,0.001969292,-0.007664651],"r":[359.7921,0.8207244,1.718661],"s":[0.2604507,0.175001,1.069946],"c":[0.7777778,0.7777778,0.7777778],"t1":{"c":[0.4345678,0.3950617,0.4444444],"x":0.6023483,"y":0.6156559,"a":0.8925,"m":0,"n":0,"r":0,"g":0,"o":0.5,"t":0.5,"e":0.5}}]},{"t":2,"t1":104,"s":[{"p":[0.005032797,0.0006817882,0.002036038],"r":[0.01235244,1.81415,2.642951],"s":[0.02444252,0.175001,1.034111],"c":[0.8666667,0.3333331,1],"t1":{"c":[0.4345678,0.3950617,0.4444444],"x":0.6690178,"y":0.6833649,"a":0.8925,"m":0,"n":0,"r":0,"g":0,"o":0.5,"t":0.5,"e":0.5}}]}]}