{"n":"stonefloor","a":[7,18],"p":[{"t":9,"t1":66,"t2":43,"s":[{"p":[0,0,0],"r":[0,0,0],"s":[8.965835,10.96836,0.04671943],"c":[0.8888889,0.8888889,0.8888889],"t1":{"c":[1,1,1],"x":0.5,"y":0.5,"a":1,"m":0,"n":0,"r":0,"g":0,"o":0.5,"t":0.5,"e":0.5},"t2":{"c":[0.6666667,0.6666667,0.6666667],"x":0.4472504,"y":0.2221222,"a":1,"m":0,"n":0,"r":0,"g":0,"o":0.5,"t":0.5,"e":0.5}}]}]}