{"n":"thing","a":[2,20],"p":[{"b":7,"t1":59,"s":[{"p":[0.1592436,0.02114385,-0.03339528],"r":[11.79386,165.6722,70.75203],"s":[0.0226554,0.02265774,0.2625245],"c":[0.2222221,0.2222221,0.2222221],"t1":{"c":[0.6666667,0.6666667,0.6666667],"x":0.5,"y":0.5,"a":0.8925,"m":0,"n":0,"r":0,"g":0,"o":0.5,"t":0.5,"e":0.5}}]},{"b":3,"a":[3],"t1":4,"s":[{"p":[0.1392969,0.0384868,0.0462929],"r":[351.9628,21.40492,357.5969],"s":[0.03802639,0.03802601,0.03802629],"c":[0,0,0],"t1":{"c":[0.6666667,0.6666667,0.6666667],"x":0.09752314,"y":0.08014433,"a":0.6211619,"m":0.5,"n":0.5,"r":0,"g":0,"o":0.5,"t":0.5,"e":0.5}}]}]}