{"n":"hinge","a":[7,18],"p":[{"b":14,"t":8,"a":[12],"s":[{"p":[0,0,0],"r":[0,0,0],"s":[0.06000225,0.06000175,0.0600022],"c":[1,1,1],"b":["when any part touched then become 2 in 2s"]},{"p":[-0.003575325,0.00404358,-0.002035141],"r":[-1.162598E-06,-1.162598E-06,270],"s":[0.06001183,0.06000825,0.06000662],"c":[1,1,1],"b":["when any part touched then become 1 in 2s"]}]}]}