{"n":"thing","p":[{"b":14,"s":[{"p":[0,0,0],"r":[0,0,0],"s":[0.0600001,0.0600001,0.06000009],"c":[1,1,1]}]},{"a":[1],"s":[{"p":[0.003483562,0.04854172,0.3080451],"r":[355.7234,2.885515,358.0423],"s":[1.194037,0.005000006,0.5674965],"c":[1,1,1]}]}]}