{"n":"thing","a":[6,20],"p":[{"pr":38,"s":[{"p":[0,0,0],"r":[0,0,0],"s":[0.1750003,0.1750002,0.1750003],"c":[1,1,1],"b":["when told by any cyanglitter then become next in 0s"],"pr":{"c":[0,0.9142855,1],"m":0,"a":1,"s":0.5431172,"z":0.2398024,"g":0.2585652,"h":0.7929559}},{"p":[0,0,0],"r":[0,0,0],"s":[0.1750003,0.1750002,0.1750003],"c":[1,1,1],"b":["when starts then become next in 30s"],"pr":{"c":[0,0.9142855,1],"m":1,"a":1,"s":0.3761284,"z":0.2915788,"g":0.2585652,"h":0.7945281}},{"p":[0,0,0],"r":[0,0,0],"s":[0.1750003,0.1750002,0.1750003],"c":[1,1,1],"b":["when starts then become next in 1s"],"pr":{"c":[0,0.9142855,1],"m":1,"a":1,"s":0.5431172,"z":0.2398024,"g":0.2585652,"h":0.7929559}}]}]}