{"n":"thing","a":[6,20],"p":[{"pr":38,"s":[{"p":[0,0,0],"r":[0,0,0],"s":[0.1750003,0.1750002,0.1750003],"c":[1,1,1],"b":["when told by any redglitter then become next in 0s"],"pr":{"c":[0.3333333,0,0.1142857],"m":0,"a":1,"s":0.5431172,"z":0.2398024,"g":0.2585652,"h":0.7874923}},{"p":[0,0,0],"r":[0,0,0],"s":[0.1750003,0.1750002,0.1750003],"c":[1,1,1],"b":["when starts then become next in 30s"],"pr":{"c":[0.3333333,0,0.1142857],"m":1,"a":1,"s":0.3905515,"z":0.242199,"g":0.2490547,"h":0.789845}},{"p":[0,0,0],"r":[0,0,0],"s":[0.1750003,0.1750002,0.1750003],"c":[1,1,1],"b":["when starts then become next in 1s"],"pr":{"c":[0.3333333,0,0.1142857],"m":1,"a":1,"s":0.5431172,"z":0.2398024,"g":0.2585652,"h":0.7874923}}]}]}