{"n":"thing","p":[{"im":"842589660102368739/2E2AD3711D6CBED82EA1A9964811B75237890BEA/","s":[{"p":[0,0,0],"r":[0,0,0],"s":[0.7133469,0.01,1.07002],"c":[1,1,1]}]}]}