{"n":"thing","p":[{"b":13,"t":1,"s":[{"p":[0,0,0],"r":[0,0,8.004128E-08],"s":[0.06000006,0.02495133,0.1205862],"c":[1,1,1]}]},{"b":13,"t":1,"s":[{"p":[-0.01919468,-0.03090844,0.4621624],"r":[2.194451,359.7792,358.1782],"s":[0.06000018,0.02495132,0.1205864],"c":[1,1,1]}]}]}