{"n":"thing","a":[2,22,18,21],"p":[{"t1":8,"s":[{"p":[0,0,0],"r":[0,0,0],"s":[1.960695,0.9961752,0.1790956],"c":[0.5555556,0.5555556,0.5555556],"t1":{"c":[0,0,0],"x":0.17,"y":0.17,"a":0.69625,"m":0.5,"n":0.5,"r":0,"g":0,"o":0.5,"t":0.5,"e":0.5}}]},{"t1":8,"t2":5,"s":[{"p":[0.005179168,3.72529E-09,-0.03541232],"r":[0,0,-5.008957E-06],"s":[2.029336,1.061936,0.1988056],"c":[0.2222221,0.1502644,0.07407398],"t1":{"c":[0,0,0],"x":0.17,"y":0.17,"a":0.69625,"m":0.5,"n":0.5,"r":0,"g":0,"o":0.5,"t":0.5,"e":0.5},"t2":{"c":[0.3333333,0.2433861,0.1481481],"x":0.17,"y":0.0412616,"a":0.69625,"m":0.5,"n":0.5,"r":0,"g":0,"o":0.5,"t":0.5,"e":0.5}}]}]}