{"n":"thing","a":[7,18],"p":[{"s":[{"p":[0,0,0],"r":[0,0,0],"s":[6.124052,2.765098,0.2030678],"c":[0.3333332,0.3333332,0.3333332]}]}]}