{"n":"thing","p":[{"t":8,"a":[12],"pr":48,"s":[{"p":[0,0,0],"r":[0,0,-2.134434E-07],"s":[0.4843638,0.6091816,0.114808],"c":[1,1,1],"pr":{"c":[0.5555556,0.3809523,0],"m":0.25,"a":0.25,"s":0.15,"z":0.7,"g":0.5,"h":0.25}}]}]}