{"n":"thing","a":[7,18],"p":[{"t":8,"a":[12],"su":[{"i":"59892e2188dba0361895c540","t":"598bc24b0a3942f24949a81b","p":[-0.3814392,0.02079964,0.03059995],"r":[354.8196,352.537,6.744656]}],"s":[{"p":[0,0,0],"r":[0,0,0],"s":[0.1750046,0.1750034,0.1750048],"c":[1,1,1],"b":["when told by any spooker then become next in 2s"]},{"p":[-5.044891,-0.01209259,0],"r":[0,0,1.024528E-05],"s":[0.1750268,0.1750378,0.1750384],"c":[1,1,1],"b":["when starts then become next in 0.2s"]},{"p":[-5.044891,-0.01209259,-1.289689],"r":[9.748988E-06,270,8.964218E-08],"s":[0.1750542,0.1750513,0.1750484],"c":[1,1,1],"b":["when starts then become next in 0.2s"]},{"p":[-5.044891,-0.01209259,-1.289689],"r":[9.748988E-06,270,8.964218E-08],"s":[0.1750542,0.1750513,0.1750484],"c":[1,1,1],"b":["when starts then become previous in 0.2s"]}]}]}