{"n":"thing","a":[7],"p":[{"b":5,"s":[{"p":[0,0,0],"r":[0,0,0],"s":[0.01530844,0.01530999,0.05325677],"c":[0.7753087,0.7777778,0.691358]}]},{"b":14,"t":10,"s":[{"p":[-0.001281738,0.001009941,0.03278828],"r":[0,0,90.00002],"s":[0.005000097,0.005000459,0.005],"c":[0,0,0]}]}]}