{"n":"thing","a":[2,7,13,18],"p":[{"s":[{"p":[0,0,0],"r":[0,0,0],"s":[0.1645275,0.1516717,1.411188],"c":[0.3950616,0.4063491,0.4444443]}]}]}