{"n":"thing","p":[{"t":3,"s":[{"p":[0,0,0],"r":[0,0,0],"s":[0.1750001,0.1750005,0.1750005],"c":[1,0.936508,0.5555556]}]}]}