{"n":"thing","a":[7],"p":[{"s":[{"p":[0,0,0],"r":[0,0,0],"s":[1.26694,1.336173,0.1364349],"c":[1,1,1]}]}]}