{"n":"thing","p":[{"t1":15,"t2":19,"s":[{"p":[0,0,0],"r":[0,0,0],"s":[0.175,0.1749999,0.175],"c":[0,0,0],"b":["when starts then become next in 10s"],"t1":{"c":[0,1,0.9142858],"x":0.17,"y":0.1889018,"a":0.8925,"m":0.5,"n":0.5,"r":0,"g":0,"o":0.5308633,"t":0.4915836,"e":0.5095529},"t2":{"c":[0.2222221,1,1],"x":0.17,"y":0.17,"a":0.6558661,"m":0.5,"n":0.5,"r":0,"g":0,"o":0.4429874,"t":0.568135,"e":0.5}},{"p":[0,0,0],"r":[0,0,0],"s":[0.175,0.1749999,0.175],"c":[0,0,0],"b":["when starts then become next in 10.3s"],"t1":{"c":[0,1,0.9142858],"x":0.17,"y":0.1889018,"a":0.8925,"m":0.5,"n":0.5,"r":0,"g":0,"o":0.7963096,"t":0.5186492,"e":0.5007283},"t2":{"c":[0.2222221,1,1],"x":0.17,"y":0.17,"a":0.6312776,"m":0.5,"n":0.5,"r":0,"g":0,"o":0.9733118,"t":0.5,"e":0.5}}]}]}