{"n":"thing","p":[{"t":10,"s":[{"p":[0,0,0],"r":[0,0,0],"s":[150,0.2622394,150],"c":[0.111111,0.3333332,0.1619047]}]}]}