{"n":"thing","p":[{"s":[{"p":[0.125237,-2.384186E-07,0],"r":[0,0,1.024528E-05],"s":[0.102176,0.006084371,0.1557178],"c":[1,1,1]}]},{"b":18,"e":"Cards \nAgainst\nAnylanders","s":[{"p":[0.07859278,0.006171703,0.05723],"r":[90,-9.659346E-06,0],"s":[0.001753071,0.001752441,0.001753121],"c":[0,0,0]}]},{"b":23,"e":"A game for horrible\nVR Enthusiasts","s":[{"p":[0.08173561,0.006168827,-0.02511466],"r":[90,-9.659345E-06,0],"s":[0.001194712,0.001194542,0.00119471],"c":[0,0,0]}]},{"b":18,"e":"The entire PC\nMaster Race.","s":[{"p":[0.1681557,-0.007809192,0.07168388],"r":[270,180,0],"s":[0.001000041,0.001000023,0.001000042],"c":[0,0,0]}]}]}