{"n":"thing","a":[7,18],"p":[{"t":1,"s":[{"p":[0,0,0],"r":[0,0,0],"s":[0.0391186,0.1750002,0.01562199],"c":[0,0,0]}]},{"t":1,"s":[{"p":[0.1581748,-4.148423E-08,0],"r":[0,0,0],"s":[0.03913633,0.1750536,0.01562563],"c":[0,0,0]}]},{"t":1,"s":[{"p":[-0.000228116,0.0794239,0.03201717],"r":[270,1.001791E-05,0],"s":[0.03914573,0.06538744,0.01562752],"c":[0,0,0]}]},{"t":1,"s":[{"p":[0.1581753,0.07776698,0.03201717],"r":[270,2.003583E-05,0],"s":[0.03914763,0.06538945,0.01562751],"c":[0,0,0]}]}]}