{"n":"thing","p":[{"b":9,"t":4,"s":[{"p":[-0.09922035,0.00203828,0.04815447],"r":[0.5373873,346.7468,0.5567686],"s":[0.03618578,0.005000001,0.03088269],"c":[0.8444445,1,0.2222221]}]},{"b":129,"e":"HOME","s":[{"p":[-0.07212089,0.002558665,0.03637086],"r":[87.18179,26.89521,27.02422],"s":[0.01042054,0.01042053,0.01042055],"c":[1,0,0],"b":["when any part touched then go to inventory page 1"]}]},{"s":[{"p":[-0.002746407,-0.0006006539,0.008791318],"r":[357.4559,359.882,0.6701646],"s":[0.2601354,0.005000008,0.1519868],"c":[1,1,1]}]}]}