{"n":"8","a":[7,18,32],"p":[{"su":[{"i":"599e8afdfc386826a8a8bb48","t":"59955e0a3c91f1f31385c2f7","p":[-0.4027214,0.02744823,1.687125],"r":[3.415641,349.6308,265.5572]}],"s":[{"p":[-0.003080606,5.386304E-10,0],"r":[0,0,-1.001791E-05],"s":[0.3368492,0.06671023,0.3765479],"c":[0.222222,0.222222,0.222222],"b":["when told by any 8 then become untweened next in .05s"]},{"p":[-0.003080869,-1.5,-2.384186E-07],"r":[0,0,-1.001791E-05],"s":[0.3368674,0.06671808,0.3766078],"c":[0.222222,0.222222,0.222222],"b":["when told by any 8 then become untweened next in .05s","when told by any refresh then become 2 in 0.05s","when told by any reset then become untweened next in 0.05s"]}]}]}