{"n":"3","a":[7,18,32],"p":[{"su":[{"i":"599e9146fc386826a8a8bb75","t":"59052bef51dfe8b0133dc310","p":[-0.5552526,0.0764515,1.537548],"r":[345.0761,314.4429,313.7645]}],"s":[{"p":[0,1,-0.08080983],"r":[0,0,2.003583E-05],"s":[0.1117564,0.6552895,0.1010673],"c":[0.7777778,0.7777778,0.7777778],"b":["when told by any 3 then become untweened next in .05s"]},{"p":[0,-1.5,-2.384186E-07],"r":[0,0,1.001791E-05],"s":[0.1117644,0.6553916,0.1010858],"c":[0.7777778,0.7777778,0.7777778],"b":["when told by any refresh then become 2 in .05s","when told by any reset then become untweened next in .05s","when told by any 3 then become untweened next in .05s"]}]}]}