{"n":"3","a":[7,18,32],"p":[{"su":[{"i":"599e8de8fc386826a8a8bb6c","t":"59955e8061d51c0014c7a392","p":[-0.4590602,0.0201964,0.8196992],"r":[3.664733,340.6598,264.0319]}],"s":[{"p":[0,-2.328306E-10,0.001955316],"r":[0,0,1.001791E-05],"s":[0.1117554,0.6552638,0.1010611],"c":[0.7777778,0.7777778,0.7777778],"b":["when told by any 3 then become untweened next in .05s"]},{"p":[0,-1.5,0.001955032],"r":[0,0,0],"s":[0.1117652,0.6553993,0.1010878],"c":[0.7777778,0.7777778,0.7777778],"b":["when told by any refresh then become 2 in .05s","when told by any reset then become untweened next in .05s","when told by any 3 then become untweened next in .05s"]}]}]}