{"n":"4","a":[7,18,32],"p":[{"su":[{"i":"599e8dddfc386826a8a8bb6b","t":"599561caee5fad1a10800916","p":[-0.4250631,0.008924916,1.016105],"r":[5.817579,337.7875,276.3984]}],"s":[{"p":[0,0,0],"r":[0,0,1.001791E-05],"s":[0.1444681,0.5549022,0.1328511],"c":[0.6666667,0.6666667,0.6666667],"b":["when told by any 4 then become untweened next in .05s"]},{"p":[0,-1.5,-2.384186E-07],"r":[0,0,0],"s":[0.1444723,0.5549045,0.1328536],"c":[0.6666667,0.6666667,0.6666667],"b":["when told by any reset then become untweened next in 0.05s","when told by any refresh then become 2 in 0.05s","when told by any 4 then become untweened next in .05s"]}]}]}