{"n":"pickle","p":[{"b":17,"t1":13,"s":[{"p":[0,0,0],"r":[0,0,0],"s":[0.0787721,0.3852836,0.4836903],"c":[0.222222,0.7777778,0],"t1":{"c":[0.1904761,0.6666667,0],"x":0.01436574,"y":0.01451026,"a":1,"m":0.5,"n":0.5,"r":0,"g":0.08509973,"o":0,"t":0.03548086,"e":0.8169674}}]}]}