{"n":"thing","p":[{"s":[{"p":[-7.701805E-05,-0.04343186,-0.01786613],"r":[12.37176,359.907,2.167239],"s":[0.01965171,0.1066208,0.1513848],"c":[0,0,0],"b":["when touched then tell any reset, tell first of any trig, become next in .05s"]},{"p":[0.002040046,-0.02167789,0.04782427],"r":[359.5859,359.8565,2.060892],"s":[0.005000005,0.005000002,0.005000006],"c":[1,1,1],"b":["when starts then become next in 0.5s"]},{"p":[0.002040046,-0.02167789,0.04782427],"r":[359.5859,359.8565,2.060892],"s":[0.005000005,0.005000002,0.005000006],"c":[1,1,1],"b":["when starts then become 1 in 0.2s"]}]}]}