{"n":"thing","a":[22,20],"p":[{"t":1,"s":[{"p":[0,0,0],"r":[0,0,0],"s":[0.005000313,0.1776601,0.005000385],"c":[1,0.8571429,0]}]},{"t":1,"s":[{"p":[0.08271718,-1.479098E-08,0],"r":[0,0,-1.024528E-05],"s":[0.005000309,0.1776628,0.005000416],"c":[1,0.8571429,0]}]},{"t":1,"s":[{"p":[0.04140676,0.08671521,0],"r":[-1.072956E-06,-1.072956E-06,270],"s":[0.005001591,0.08473533,0.005000928],"c":[1,0.8571429,0]}]},{"t":1,"s":[{"p":[0.04140674,-0.08663435,0],"r":[0,0,270],"s":[0.005002737,0.0847459,0.005001264],"c":[1,0.8571429,0]}]}]}