{"n":"thing","a":[7],"p":[{"b":75,"t":1,"s":[{"p":[0,0,0],"r":[0,0,0],"s":[0.07500777,0.0704835,0.08027114],"c":[0.6666667,0.6455027,0.5185186]}]}]}