{"n":"thing","p":[{"b":129,"e":"PREMIUM LL-AR SPAWN","s":[{"p":[0,0,0],"r":[0,0,5.336085E-08],"s":[0.003000004,0.003000008,0.003000007],"c":[1,1,1]}]}]}