{"n":"thing","a":[7,18],"p":[{"b":13,"s":[{"p":[0,0,0],"r":[0,0,0],"s":[0.3315236,0.01085097,0.02576311],"c":[0.2222221,0.1742503,0.1234567]}]}]}