{"n":"thing","p":[{"im":"857229442438664216/EF065FB787361CA1C3EF2C73CBA71FA253235302/","s":[{"p":[0,0,0],"r":[0,0,1.067217E-07],"s":[0.6173005,0.01000001,0.6561685],"c":[1,1,1]}]}]}