{"n":"small yt player","a":[23],"p":[{"a":[1],"s":[{"p":[-0.895943,0.00342834,-0.2013016],"r":[-1.707547E-06,270,89.99999],"s":[0.1684078,0.009335288,0.1151125],"c":[0.111111,0.111111,0.111111],"b":["when told pressed then play button click"]}]},{"s":[{"p":[-0.8771129,0.001802266,-0.1930094],"r":[0,270,0],"s":[0.01695507,0.1806743,0.1608166],"c":[0.7777778,0.7777778,0.7777778]}]},{"b":63,"a":[2],"s":[{"p":[-0.8183624,0.008437693,-0.2003762],"r":[-1.707547E-06,270,270],"s":[0.01487666,0.03269149,0.01485938],"c":[0.5555556,0.5555556,0.5555556]},{"p":[-0.5004977,0.01306874,-0.1471018],"r":[90,-3.585689E-07,0],"s":[0.03976899,0.01221808,0.02785393],"c":[0.5555556,0.5555556,0.5555556]}]}]}