{"n":"thing","p":[{"b":122,"e":"BEAM","s":[{"p":[0,0,0],"r":[0,0,0],"s":[0.003000005,0.003000002,0.003000002],"c":[1,1,1]}]}]}