{"n":"thing","a":[5],"p":[{"b":3,"s":[{"p":[0,0,0],"r":[0,0,0],"s":[3.464269,0.5723652,2.432087],"c":[0.04726617,0.222222,0.02469136]}]}]}