{"n":"thing","p":[{"t1":106,"t2":18,"s":[{"p":[0,0,0],"r":[0,0,0],"s":[2.525209,0.005000002,1.230985],"c":[1,0.984127,0.8888889],"t1":{"c":[1,0,0],"x":0.858551,"y":0.8880844,"a":1,"m":0.1092682,"n":0.0878067,"r":0,"g":0,"o":0.5,"t":0.5,"e":0.5},"t2":{"c":[1,0,0],"x":0.17,"y":0.17,"a":0.8925,"m":0.5,"n":0.5,"r":0,"g":0,"o":0.5,"t":0.5,"e":0.5}}]}]}