{"n":"thing","p":[{"t":3,"s":[{"p":[0,0,0],"r":[0,0,1.173939E-06],"s":[0.1750015,0.1750038,0.1750033],"c":[0.7777778,0.7777778,0.7777778]}]}]}