{"n":"walllll","a":[2,5,7],"p":[{"s":[{"p":[0,0,0],"r":[0,0,0],"s":[1.226934,0.1750231,1.696099],"c":[1,1,1]}]},{"s":[{"p":[-0.5995932,-0.0001545548,0.0124693],"r":[0,1.001791E-05,0],"s":[0.2559156,0.3523293,1.696455],"c":[1,1,1]}]}]}