{"n":"thing","p":[{"s":[{"p":[0,0,0],"r":[0,0,-5.336085E-08],"s":[0.1750002,0.1750003,0.1750001],"c":[1,1,1]}]}]}