{"n":"thing","a":[7,18],"p":[{"b":17,"t":7,"su":[{"i":"59baff245689ce0718151bef","t":"59baff90390e683b11aa5928","p":[-0.002408976,0.02837609,-0.0646565],"r":[357.8531,350.1242,310.4736]}],"s":[{"p":[0,0,0],"r":[0,0,0],"s":[0.05570394,0.008258219,0.05493971],"c":[0.8888889,0.1975307,0.7901233],"b":["when starts then become next in 120s"]},{"p":[0,-0.03485298,0.02953911],"r":[0,180,1.001791E-05],"s":[0.05571452,0.00825882,0.05494975],"c":[0.8888889,0.1975305,0.7901233],"b":["when starts then become next in 120s"]}]}]}