{"n":"thing","a":[7,18,21],"p":[{"b":17,"t":7,"su":[{"i":"59bb04915689ce0718151bfd","t":"59bb10aca3ac81b9130579f5","p":[50.01252,-10.77914,-3.913908],"r":[63.00998,242.2075,73.26794]}],"s":[{"p":[1.357899,-3.271807,4.211229],"r":[0,0,0],"s":[32.96188,36.17773,3.260714],"c":[1,0,0.8571426],"b":["when starts then become next in 120s"]},{"p":[1.357899,-1.593111,4.211229],"r":[1.707547E-06,0,180],"s":[32.96763,36.18125,3.261075],"c":[1,0,0.8571426],"b":["when starts then become next in 120s"]}]}]}