{"n":"thing","a":[30,31],"p":[{"b":116,"e":"EXIT","s":[{"p":[-0.1702042,0.04890749,0.240903],"r":[89.90722,359.9193,0],"s":[0.02442987,0.02441798,0.02442899],"c":[1,0,0]}]},{"b":60,"s":[{"p":[-0.009449482,0.00263554,0.02090311],"r":[359.9473,359.8865,359.8757],"s":[0.3792111,0.08913641,0.2512912],"c":[1,1,1]}]}]}