{"n":"dead","p":[{"s":[{"p":[0,0,0],"r":[0,0,1.259816E-06],"s":[0.03626977,0.1750005,0.1750002],"c":[1,1,1]}]}]}