{"n":"thing","p":[{"b":36,"t":9,"s":[{"p":[0,0,0],"r":[0,0,8.537737E-07],"s":[0.05391859,0.06741336,0.03618113],"c":[0.5555556,0.5555556,0.5555556]}]},{"b":36,"t":9,"s":[{"p":[-0.000531547,-0.08965942,0.004846245],"r":[0.9912925,2.141894,4.387034],"s":[0.05391864,0.06741343,0.03618114],"c":[0.5555556,0.5555556,0.5555556]}]},{"b":36,"t":9,"s":[{"p":[1.578294,4.110975,0.1460586],"r":[336.006,347.5911,85.59244],"s":[0.05391867,0.06741338,0.03618111],"c":[0.5555556,0.5555556,0.5555556]}]},{"b":36,"t":9,"s":[{"p":[1.495646,4.114772,0.1138253],"r":[334.4139,346.0746,90.4974],"s":[0.05391872,0.06741343,0.03618113],"c":[0.5555556,0.5555556,0.5555556]}]}]}