{"n":"eyes","a":[21],"p":[{"b":73,"t":1,"t1":142,"s":[{"p":[0,0,0],"r":[0,0,-4.268868E-07],"s":[1.472188,1.472188,1.472188],"c":[0,0,0],"t1":{"c":[0,0,0],"x":0.5,"y":0.5,"a":0.8925,"m":0,"n":0,"r":0,"g":0,"o":0.5,"t":0.5,"e":0.5}}]},{"b":66,"t":1,"t1":141,"s":[{"p":[-0.2706327,0.5455388,0.3176776],"r":[14.40138,109.4143,112.3049],"s":[0.2298982,0.361113,0.2467622],"c":[1,0,0],"t1":{"c":[0.6666667,0.3703703,0.3703703],"x":0.5,"y":0.5,"a":0.8925,"m":0,"n":0,"r":0,"g":0,"o":0.5,"t":0.5,"e":0.5}}]}]}