{"n":"thing","a":[7],"p":[{"b":11,"s":[{"p":[0,0,0],"r":[0,0,0],"s":[1.347852,0.4488449,0.4279008],"c":[0.3333331,0.3333331,0.3333331]}]}]}