{"n":"thing","a":[27],"p":[{"b":3,"t1":75,"s":[{"p":[0.06676116,0.02685934,0.1147696],"r":[347.2122,327.1434,43.56213],"s":[0.07551238,0.0165069,0.1027259],"c":[0.1890652,0.09876534,0.8888889],"t1":{"c":[1,0,0],"x":0.5,"y":0.5,"a":0.8925,"m":0,"n":0,"r":0,"g":0,"o":0.5,"t":0.5,"e":0.5}}]},{"b":3,"t1":75,"s":[{"p":[0.0297275,-0.01763347,0.1011572],"r":[9.944825,305.4695,45.42937],"s":[0.03670971,0.005534982,0.1242313],"c":[0.1890652,0.09876532,0.8888889],"t1":{"c":[1,0,0],"x":0.5,"y":0.5,"a":0.8925,"m":0,"n":0,"r":0,"g":0,"o":0.5,"t":0.5,"e":0.5}}]}]}