{"n":"thing","p":[{"b":14,"s":[{"p":[0,0,0],"r":[0,0,0],"s":[0.06000026,0.06000004,0.06000037],"c":[1,1,1]}]}]}