{"n":"thing","a":[31],"p":[{"b":86,"s":[{"p":[-0.08031637,-0.115725,-0.09469172],"r":[8.571969,326.4985,178.023],"s":[0.07500381,0.07500387,0.07500029],"c":[1,1,1]}]},{"b":5,"s":[{"p":[-0.05418146,-0.1444335,-0.2376754],"r":[343.9876,165.4862,352.8031],"s":[0.01835432,0.01835434,0.01835433],"c":[1,0,0],"b":["when touched then tell pressed "]}]},{"b":86,"s":[{"p":[-0.07325625,-0.2641464,-0.113107],"r":[8.571969,326.4985,358.023],"s":[0.07500289,0.07500268,0.07500029],"c":[1,1,1],"b":["when told pressed then become next in 1s"]},{"p":[-0.09888747,-0.3550886,-0.04039183],"r":[331.1793,301.353,23.81029],"s":[0.07500354,0.07500321,0.0750006],"c":[1,1,1],"b":["when told pressed then become next in 1s"]}]}]}