{"n":"thing","a":[7,18],"p":[{"s":[{"p":[0,3.72529E-09,-0.02527953],"r":[0,0,5.008957E-06],"s":[0.97811,0.005001344,0.02763247],"c":[0.2222221,0.1523808,0]}]},{"s":[{"p":[0.5002223,-1.490116E-08,0.1096527],"r":[0,90.00001,0],"s":[0.2975402,0.00500453,0.0276514],"c":[0.2222221,0.1523808,0]}]},{"s":[{"p":[-0.5027744,-1.490116E-08,0.1096527],"r":[0,90.00001,0],"s":[0.2974919,0.005004489,0.02764722],"c":[0.2222221,0.1523808,0]}]},{"s":[{"p":[0,-2.980232E-08,0.2405826],"r":[0,0,0],"s":[0.9783675,0.005001926,0.02763627],"c":[0.2222221,0.1523808,0]}]}]}