{"n":"nest","a":[31],"inc":[["thing","59c0954bb2f0a5a613f51d84"],["butterfly","59c0986bd20a5e2110454548"],["butterfly 2","59c0994fd4dda4b41982565f"],["butterfly 3","59c099e9ea67deb213e6054a"],["butterfly 4","59c09a33563dcbb7132f822b"]],"p":[{"b":59,"t":8,"a":[12],"s":[{"p":[0,0,0],"r":[0,0,0],"s":[0.1356925,0.1356923,0.1356925],"c":[1,1,1],"b":["when starts then become next in 10s"]},{"p":[0,0,0],"r":[0,0,0],"s":[0.1356925,0.1356923,0.1356925],"c":[1,1,1],"b":["when starts then emit gravity-free butterfly 4 with 0, then become next in 1s"]}]},{"b":3,"s":[{"p":[-0.003339749,-0.0005309714,-0.0016626],"r":[309.3661,19.77675,347.326],"s":[0.005000004,0.005000004,0.005000003],"c":[1,1,1]}]}]}