{"n":"thing","p":[{"a":[1],"s":[{"p":[0,0,0],"r":[0,0,0],"s":[0.5508038,0.005000005,0.5288785],"c":[1,1,1]}]}]}