{"n":"thing","a":[5,7],"p":[{"t1":28,"s":[{"p":[-0.08882678,1.166627,-0.1749801],"r":[-2.01519E-08,0,0],"s":[150,0.1750393,53.72105],"c":[0,0.355555,0.8888889],"b":["when starts then become next in 5"],"t1":{"c":[0,0.3999994,1],"x":0.5,"y":0.5,"a":0.8925,"m":0,"n":0,"r":0,"g":0,"o":0.5,"t":0.5,"e":0.5}},{"p":[-0.08882695,1.166634,-0.1749804],"r":[-1.001791E-05,0,0],"s":[150,0.1750393,53.72105],"c":[0,0.3555548,0.8888889],"b":["when starts then become next in 3s"],"t1":{"c":[0.4444444,0.6666664,1],"x":0.5,"y":0.5,"a":0.8925,"m":0,"n":0,"r":0,"g":0,"o":0.5,"t":0.5,"e":0.5}}]}]}