{"n":"furniture sign","p":[{"b":18,"e":"NON-INTERACTIVE\n      FURNITURE","s":[{"p":[-0.05622991,0.01124835,-0.4433236],"r":[89.01048,253.5846,343.8798],"s":[0.008854929,0.008854926,0.008854929],"c":[0.111111,0.111111,0.111111]}]},{"s":[{"p":[0.05380331,-0.008212302,-0.02120229],"r":[0.4263118,359.9239,359.6769],"s":[0.3565426,0.01492509,0.99942],"c":[1,1,1]}]}]}