{"n":"thing","p":[{"b":17,"t1":136,"s":[{"p":[0,0,0],"r":[0,0,0],"s":[0.8348662,0.7766678,0.661642],"c":[0.3333332,0.3333332,0.3333332],"t1":{"c":[0,0,0],"x":0.5,"y":0.5,"a":0.8925,"m":0,"n":0,"r":0,"g":0,"o":0.5,"t":0.5,"e":0.5}}]}]}