{"n":"thing","a":[7,18],"p":[{"b":60,"t":1,"s":[{"p":[0,0,0],"r":[0,0,0],"s":[150.0248,1.026973,0.904628],"c":[0.8663139,0.8888889,0.09876534]}]}]}