{"n":"team3","p":[{"s":[{"p":[0,0,0],"r":[0,0,1.000516E-08],"s":[0.175,0.1749999,0.1749999],"c":[1,1,1]}]}]}