{"n":"objecta","p":[{"t":8,"a":[12],"s":[{"p":[0,0,0],"r":[0,0,0],"s":[0.1750002,0.1750007,0.005000005],"c":[1,1,1]}]}]}