{"n":"white","a":[22],"p":[{"t":8,"a":[12],"s":[{"p":[0,0,0],"r":[0,0,0],"s":[1.855627,0.175,2.171283],"c":[1,1,1]}]}]}