{"n":"thing","a":[20],"p":[{"t":8,"a":[12],"pr":20,"s":[{"p":[0,0,0],"r":[0,0,0],"s":[0.1749999,0.1749998,0.1750001],"c":[1,1,1],"pr":{"c":[0.01269841,0.1111111,0],"m":0.2513559,"a":1,"s":0.1889931,"z":0.1932448,"g":0,"h":0.543515}}]}]}