{"n":"thing","p":[{"t":8,"a":[12],"pr":10,"s":[{"p":[0,0,0],"r":[0,0,0],"s":[0.4683272,0.175,0.1749999],"c":[1,1,1],"pr":{"c":[0.3333333,0.3068783,0.1481481],"m":0.4755096,"a":0.25,"s":0.05712891,"z":0.0340271,"g":0.5,"h":0.5484161}}]}]}