{"n":"thing","p":[{"t":8,"a":[12],"pr":13,"s":[{"p":[0,0,0],"r":[0,0,0],"s":[0.6313014,0.6350328,0.2931613],"c":[1,1,1],"pr":{"c":[0.08888883,0.1111111,0],"a":0.05690002}}]}]}