{"n":"sign1","p":[{"b":5,"t1":38,"s":[{"p":[0.02562037,-0.1049272,-0.6314106],"r":[11.37721,178.0657,122.8878],"s":[0.02490248,0.02653272,1.090592],"c":[0.7777778,0.5333333,0],"t1":{"c":[0.6666667,0.4571427,0],"x":0.5,"y":0.5,"a":0.8925,"m":0,"n":0,"r":0,"g":0,"o":0.5,"t":0.5,"e":0.5}}]},{"b":61,"t1":38,"s":[{"p":[0.001853942,0.005728302,-0.01978936],"r":[357.4492,358.9169,359.4468],"s":[0.8369949,0.07364523,0.5138412],"c":[0.7777778,0.5333333,0],"t1":{"c":[0.6666667,0.4571427,0],"x":0.5,"y":0.5,"a":0.8925,"m":0,"n":0,"r":0,"g":0,"o":0.5,"t":0.5,"e":0.5}}]},{"b":20,"e":"UNDER CONSTRUCTION","t1":38,"s":[{"p":[-0.2316784,0.04683279,0.008929163],"r":[89.04469,326.2139,328.097],"s":[0.00611996,0.006119952,0.006119965],"c":[1,1,1],"t1":{"c":[0,0,0],"x":0.5,"y":0.5,"a":0.8925,"m":0,"n":0,"r":0,"g":0,"o":0.5,"t":0.5,"e":0.5}}]}]}