{"n":"thing","p":[{"t":2,"s":[{"p":[0,0,0],"r":[0,0,0],"s":[1.723275,0.6083701,0.5351706],"c":[1,1,1]}]}]}