{"n":"thing","a":[7,8,18],"p":[{"t":3,"s":[{"p":[0,0,0],"r":[0,0,0],"s":[0.01075534,0.05139821,0.005],"c":[1,1,1],"b":["when starts then become next in 2s"]},{"p":[0,0,0],"r":[0,0,0],"s":[0.1061745,0.05139821,0.0968859],"c":[1,1,1],"b":["when starts then become 1 in 2s"]}]},{"t":8,"a":[12],"s":[{"p":[-5.9226E-10,-0.003387332,0],"r":[0,0,0],"s":[0.0050001,0.2304023,0.005000088],"c":[1,0,0],"pr":{"c":[1,0,0.3428573],"m":0.25,"a":0.25,"s":0.15,"z":0.25,"g":0.5,"h":0.25}}]}]}