{"n":"thing","a":[22],"p":[{"s":[{"p":[0,0,0],"r":[0,0,0],"s":[0.005000314,1.204586,3.954444],"c":[1,1,1]}]}]}