{"n":"thing","a":[7],"p":[{"s":[{"p":[0,0,0],"r":[0,0,0],"s":[149.1908,0.1750007,41.28945],"c":[0.09523792,0.3333332,0]}]}]}