{"n":"thing","a":[7],"p":[{"s":[{"p":[0,0,0],"r":[0,0,-4.378969E-13],"s":[0.1751153,12.16304,11.60412],"c":[1,1,1]}]}]}