{"n":"thing","p":[{"b":3,"s":[{"p":[0,0,0],"r":[0,0,0],"s":[2.598392,2.759562,1.241096],"c":[0.3368604,0.5555556,0.3086418]}]}]}