{"n":"thing","a":[2,9],"p":[{"b":69,"t":7,"s":[{"p":[0.03011886,-0.003980173,-0.001513755],"r":[41.46849,274.2057,92.26163],"s":[0.03654617,0.07500014,0.03723921],"c":[0.3333332,0.7142856,1]}]},{"b":69,"t":7,"s":[{"p":[0.048323,0.01259461,0.3899435],"r":[39.51743,276.8312,93.4455],"s":[0.03654633,0.2181473,0.03723937],"c":[0.3333331,0.7142856,1]}]},{"b":50,"t":7,"s":[{"p":[-0.001578602,-0.001566754,-0.01001274],"r":[359.7069,2.981624,355.7275],"s":[0.4085875,0.2734661,0.1643576],"c":[0.3333331,0.7142856,1]}]}]}