{"n":"thing","a":[7,18],"p":[{"s":[{"p":[0,0,0],"r":[0,0,0],"s":[9.524087,0.1750353,5.437887],"c":[0,0,0]}]}]}