{"n":"thing","a":[7,18],"p":[{"b":63,"a":[11],"su":[{"i":"59cfae136a51e60aa47be304","t":"59cfafa716a956b413779e54","p":[-0.1837745,-0.04792526,-0.000646919],"r":[0,0,270]}],"s":[{"p":[0,0,0],"r":[0,0,0],"s":[0.1251006,0.1250971,0.1250674],"c":[1,1,1],"b":["when starts then become next in 20s"]},{"p":[0,0,0],"r":[90,0,0],"s":[0.1251006,0.1250971,0.1250674],"c":[1,1,1],"b":["when starts then become next in 20s"]},{"p":[0,0,0],"r":[0,180,180],"s":[0.1251006,0.1250971,0.1250674],"c":[1,1,1],"b":["when starts then become next in 20s"]},{"p":[0,0,0],"r":[270,-2.829157E-06,0],"s":[0.1251006,0.1250971,0.1250674],"c":[1,1,1],"b":["when starts then become 1 in 20s"]}]}]}