{"n":"thing","p":[{"t":3,"s":[{"p":[0,0,0],"r":[0,0,1.067217E-07],"s":[82.00008,0.04942313,150],"c":[0,0.7428569,1]}]}]}