{"n":"thing","p":[{"b":9,"t":3,"s":[{"p":[0,0,0],"r":[0,0,0],"s":[0.125,0.1250001,0.125],"c":[0.3333331,0.3015871,0.1111109],"b":["when starts then set light intensity 8"]}]}]}