{"n":"thing","a":[7,18],"p":[{"s":[{"p":[0,0,0],"r":[0,0,0],"s":[4.633617,0.03137606,11.99743],"c":[0.1234567,0.1460316,0.222222]}]}]}