{"n":"thing","a":[7,18],"p":[{"t":7,"s":[{"p":[0,0,0],"r":[0,0,0],"s":[0.8789077,0.8927523,0.03438954],"c":[1,0.5142855,0]}]}]}