{"n":"thing","a":[1,7,18],"p":[{"s":[{"p":[0,-0.2983027,5.21569E-08],"r":[-1.001791E-05,0,0],"s":[0.5104438,0.1343161,0.2316142],"c":[0.4444443,0.4444443,0.4444443]}]},{"b":103,"e":"R.I.P.","s":[{"p":[-0.1437687,0.2930793,-0.08918768],"r":[-3.763252E-13,3.289939E-20,-1.001791E-05],"s":[0.01997867,0.01997438,0.01997889],"c":[0,0,0]}]},{"s":[{"p":[0,0,0],"r":[0,0,0],"s":[0.4488053,0.5459884,0.1750034],"c":[0.4444442,0.4444442,0.4444442]}]},{"b":103,"a":[19],"e":"THE\nFRAMERATE","s":[{"p":[0.00753834,0.07473294,-0.08918764],"r":[-1.001791E-05,1.690016E-12,-1.001791E-05],"s":[0.01194161,0.01192917,0.01194078],"c":[0,0,0]}]}]}