{"n":"thing","p":[{"t":1,"a":[1,4,2,5],"s":[{"p":[0,0,0],"r":[0,0,0],"s":[34.21968,0.005720292,24.78908],"c":[0,0,0]}]}]}