{"n":"murdoc - the gorillaz","a":[6,21,23],"p":[{"b":3,"t":7,"s":[{"p":[-0.003362538,0.08864829,0.1185889],"r":[21.71818,346.9867,266.9811],"s":[0.001344391,0.001344351,0.001344382],"c":[1,1,1]}]},{"b":68,"s":[{"p":[-0.1001154,-0.352784,-0.3091062],"r":[331.9649,1.389582,264.4167],"s":[0.08336257,0.10753,0.01772927],"c":[0.04938252,0.148148,0.222222]}]},{"b":68,"s":[{"p":[-0.09941512,-0.3750748,-0.3481691],"r":[59.682,347.8378,346.4647],"s":[0.1071069,0.06053512,0.08277515],"c":[0.1481479,0.2857139,0.333333]}]},{"b":5,"s":[{"p":[-0.09883791,-0.3024018,-0.3791905],"r":[7.475091,87.08446,329.7702],"s":[0.02350485,0.00414617,0.02521061],"c":[0.1481478,0.2857138,0.3333329]}]}]}