{"n":"thing","a":[12],"p":[{"b":37,"s":[{"p":[0,0,0],"r":[0,0,-6.830189E-06],"s":[0.7251537,0.2434852,0.3066303],"c":[0.4331568,0.4444443,0.04938262]}]},{"s":[{"p":[0.03420779,-0.0009315945,-0.006765914],"r":[3.820951,339.0222,359.431],"s":[0.7349402,0.01122629,0.005000039],"c":[1,0.342857,0]}]}]}