{"n":"thing","a":[2,3,7,18],"p":[{"b":5,"s":[{"p":[1.805674E-09,0.01032725,0.02724254],"r":[1.751587E-12,1.001791E-05,1.531286E-19],"s":[0.01199152,0.01178692,0.005000113],"c":[0.2222219,0.190476,0],"b":["when triggered then become next in 1s"],"pr":{"c":[0,0.2222221,0.2222221],"m":0.25,"a":0.25,"s":0.15,"z":0.25,"g":0.5,"h":0.25}},{"p":[1.805674E-09,0.01032725,-0.1039538],"r":[0,0,-1.001791E-05],"s":[0.01199112,0.01178677,2.461341],"c":[0.222222,0.190476,0],"b":["when triggered then become previous in 1s"],"pr":{"c":[0,0.2222221,0.2222221],"m":0.25,"a":0.25,"s":0.15,"z":0.25,"g":0.5,"h":0.25}}]},{"b":5,"t1":95,"s":[{"p":[1.810603E-09,0.01035544,0.02609479],"r":[0,0,-1.001791E-05],"s":[0.01198891,0.01333872,0.2996491],"c":[0.222222,0.190476,0],"b":["when triggered then become next in 1s, tell pressed "],"t1":{"c":[1,1,1],"x":0.47023,"y":0.1438399,"a":0.8925,"m":0,"n":0,"r":0,"g":0,"o":0.5,"t":0.5,"e":0.5},"pr":{"c":[0,0.2222221,0.2222221],"m":0.25,"a":0.25,"s":0.15,"z":0.25,"g":0.5,"h":0.25}}]}]}