{"n":"the ground- now with less nausia","a":[7,21],"p":[{"s":[{"p":[0,0,0],"r":[0,0,0],"s":[-0.5820404,-498.877,-498.8841],"c":[0,0.711111,0.7777778]}]}]}