{"n":"thing","a":[7,18],"p":[{"t":8,"a":[12],"su":[{"i":"59d95ae46079144314577ad0","t":"59d95360bc1390a2134691eb","p":[-0.5354334,0.02571559,-0.6818612],"r":[87.35492,5.433403,7.213311]}],"s":[{"p":[0,0,0],"r":[0,0,0],"s":[0.0757672,0.02041525,0.175],"c":[1,1,1],"b":["when told by any doorout then become next in 1s"]},{"p":[-0.02126356,0.0001586495,0.0002400707],"r":[2.126636,0.6309776,269.5723],"s":[0.07576905,0.02041548,0.1750035],"c":[1,1,1],"b":["when told by any doorout then become next in 1s"]}]}]}