{"n":"thing","p":[{"b":16,"s":[{"p":[8.522486E-06,-0.0003784718,0.004735144],"r":[4.570123,0.1002342,358.468],"s":[0.324246,1.191117,0.005000144],"c":[0.5555556,0.3809522,0]}]},{"b":16,"s":[{"p":[-0.004044889,0.01047298,-0.002338306],"r":[4.570123,0.1002342,358.468],"s":[0.2760623,1.091492,0.005000817],"c":[0.4444443,0.320282,0.04938262]}]},{"b":5,"t1":10,"s":[{"p":[-0.319794,0.7916244,0.04493274],"r":[4.570113,0.1002345,358.468],"s":[0.01192387,0.01191687,0.03695283],"c":[0.9714286,1,0],"t1":{"c":[0.9714286,1,0],"a":0}}]},{"b":3,"t1":10,"s":[{"p":[-0.3195618,0.7893208,0.01345157],"r":[274.8195,18.65557,341.5058],"s":[0.03723434,0.03721185,0.03721758],"c":[0.9714286,1,0],"b":["when touches hand then tell any door5"],"t1":{"c":[0.9714286,1,0],"a":0}}]}]}