{"n":"ground","a":[1],"p":[{"b":17,"t":7,"pr":2,"s":[{"p":[0,0,0],"r":[0,0,0],"s":[4.192756,0.11062,4.371343],"c":[0,0,0],"pr":{"c":[1,1,1],"m":0.8941745,"a":1,"s":0,"z":0.2241113,"g":0.5,"h":0.3055536}}]}]}