{"n":"thing","a":[13],"p":[{"b":60,"t1":110,"s":[{"p":[0.4097291,0.4177092,-1.392265],"r":[358.523,269.8848,4.84711],"s":[0.1773414,0.1910541,2.6226],"c":[0.5555556,0.3456789,0.1234567],"t1":{"c":[0.2222221,0.1142856,0],"x":0.5,"y":0.5,"a":0.8925,"m":0,"n":0,"r":0,"g":0,"o":0.5,"t":0.5,"e":0.5}}]},{"b":60,"t1":110,"s":[{"p":[-0.2363892,-0.08558655,1.022118],"r":[1.904367,257.8741,354.5596],"s":[0.1773538,0.1910887,2.607631],"c":[0.5555556,0.3456789,0.1234567],"t1":{"c":[0.2222221,0.1142856,0],"x":0.5,"y":0.5,"a":0.8925,"m":0,"n":0,"r":0,"g":0,"o":0.5,"t":0.5,"e":0.5}}]},{"b":60,"t1":110,"s":[{"p":[-0.05737304,0.01687622,1.171803],"r":[290.5558,346.1198,285.8311],"s":[0.1773634,0.1910974,5.754194],"c":[0.5555556,0.3456789,0.1234567],"t1":{"c":[0.2222221,0.1142856,0],"x":0.5,"y":0.5,"a":0.8925,"m":0,"n":0,"r":0,"g":0,"o":0.5,"t":0.5,"e":0.5}}]}]}