{"n":"thing","p":[{"b":12,"a":[16],"t1":63,"t2":30,"s":[{"p":[0,0,0],"r":[0,0,1.314011E-06],"s":[0.1963324,0.3828523,0.2168975],"c":[0,0,0],"t1":{"c":[0.5555556,0.5555556,0.5555556],"x":0.6172919,"y":0.6172919,"a":0.8925,"m":0,"n":0,"r":0,"g":0,"o":0.5,"t":0.5,"e":0.5},"t2":{"c":[0.3333333,0.3333333,0.3333333],"x":0.675561,"y":0.675561,"a":0,"m":0,"n":0,"r":0,"g":0,"o":0.5,"t":0.5,"e":0.5}}]}]}