{"n":"tele1","a":[7],"p":[{"s":[{"p":[0,0,0],"r":[0,0,0],"s":[0.1750206,0.00500006,0.1750183],"c":[1,1,1]}]}]}