{"n":"bedrock","a":[7,20,21],"p":[{"b":5,"t":13,"t1":37,"t2":151,"s":[{"p":[0,0,0],"r":[0,0,0],"s":[87.99393,87.99881,3.51972],"c":[0.111111,0.111111,0.111111],"t1":{"c":[0.3333333,0.3333333,0.3333333],"x":0.658778,"y":0.6409718,"a":0.8925,"m":0,"n":0,"r":0,"g":0,"o":0.5,"t":0.5,"e":0.5},"t2":{"c":[0.5555556,0.5255731,0.4938272],"x":0.4677728,"y":0.2825905,"a":1,"m":0,"n":0,"r":0,"g":0,"o":0.5,"t":0.5,"e":0.5}}]}]}