{"n":"thing","p":[{"b":63,"s":[{"p":[-0.01413908,0.09911841,0.2192514],"r":[344.4347,344.4196,357.7449],"s":[0.01624087,0.01624081,0.01624086],"c":[1,0,0.3428572]}]},{"s":[{"p":[-0.02552965,0.09408307,0.2342612],"r":[355.3466,45.58086,353.43],"s":[0.02891854,0.02363374,0.01112936],"c":[1,0,0.3428572]}]},{"b":63,"s":[{"p":[-0.101473,0.1163502,0.2957822],"r":[19.11883,97.04976,167.9347],"s":[0.01624096,0.01624091,0.01624089],"c":[1,0,0.3428572]}]},{"s":[{"p":[-0.08592471,0.1031973,0.2862199],"r":[357.0889,41.5788,343.2261],"s":[0.02891855,0.02363375,0.01112937],"c":[1,0,0.3428572]}]}]}