{"n":"rocks2","p":[{"b":17,"t":10,"t1":45,"t2":146,"s":[{"p":[0.2303907,-0.25268,-0.0841199],"r":[14.42282,28.09482,254.6692],"s":[0.6427406,0.326406,0.3677575],"c":[0.222222,0.222222,0.222222],"t1":{"c":[0.3333333,0.3333333,0.3333333],"x":0.5,"y":0.5,"a":1,"m":0,"n":0,"r":0,"g":1,"o":0.5,"t":0.5,"e":0.5},"t2":{"c":[0.6666667,0.6666667,0.6666667],"x":0.6773567,"y":0.5868207,"a":1,"m":0,"n":0,"r":0,"g":0.1037033,"o":0.5,"t":0.5,"e":0.5}}]},{"b":17,"t":10,"t1":45,"t2":146,"s":[{"p":[0.5995704,-0.5758618,-0.3376561],"r":[22.43059,37.96206,28.65111],"s":[0.5125623,0.4588721,0.3507044],"c":[0.222222,0.222222,0.222222],"t1":{"c":[0.3333333,0.3333333,0.3333333],"x":0.5,"y":0.5,"a":1,"m":0,"n":0,"r":0,"g":1,"o":0.5,"t":0.5,"e":0.5},"t2":{"c":[0.6666667,0.6666667,0.6666667],"x":0.6054384,"y":0.4497714,"a":1,"m":0,"n":0,"r":0,"g":0.1037033,"o":0.5,"t":0.5,"e":0.5}}]},{"b":17,"t":10,"t1":45,"t2":146,"s":[{"p":[-0.2905779,-0.6195635,-0.1584472],"r":[53.04597,346.2116,61.41748],"s":[0.3573654,0.6528108,0.405875],"c":[0.222222,0.222222,0.222222],"t1":{"c":[0.3333333,0.3333333,0.3333333],"x":0.5,"y":0.5,"a":1,"m":0,"n":0,"r":0,"g":1,"o":0.5,"t":0.5,"e":0.5},"t2":{"c":[0.6666667,0.6666667,0.6666667],"x":0.6054384,"y":0.2915179,"a":1,"m":0,"n":0,"r":0,"g":0.1037033,"o":0.5,"t":0.5,"e":0.5}}]}]}