{"n":"rocks","a":[2,21],"p":[{"b":17,"t":10,"t1":45,"t2":146,"s":[{"p":[6.63674,-7.84949,-1.466179],"r":[2.2862,15.73439,307.2469],"s":[13.38956,11.36489,7.355513],"c":[0.2222221,0.2222221,0.2222221],"t1":{"c":[0.3333333,0.3333333,0.3333333],"x":0.5,"y":0.5,"a":1,"m":0,"n":0,"r":0,"g":1,"o":0.5,"t":0.5,"e":0.5},"t2":{"c":[0.6666667,0.6666667,0.6666667],"x":0.6773567,"y":0.5868207,"a":1,"m":0,"n":0,"r":0,"g":0.1037033,"o":0.5,"t":0.5,"e":0.5}}]},{"b":17,"t":10,"t1":45,"t2":146,"s":[{"p":[11.59254,-12.46362,-3.637581],"r":[7.024848,27.10447,339.8933],"s":[13.1219,8.111275,10.56326],"c":[0.2222221,0.2222221,0.2222221],"t1":{"c":[0.3333333,0.3333333,0.3333333],"x":0.5,"y":0.5,"a":1,"m":0,"n":0,"r":0,"g":1,"o":0.5,"t":0.5,"e":0.5},"t2":{"c":[0.6666667,0.6666667,0.6666667],"x":0.6054384,"y":0.4497714,"a":1,"m":0,"n":0,"r":0,"g":0.1037033,"o":0.5,"t":0.5,"e":0.5}}]},{"b":17,"t":10,"t1":45,"t2":146,"s":[{"p":[0.01627684,-11.76515,2.032759],"r":[2.776977,14.4755,86.94057],"s":[9.236214,13.86402,10.91003],"c":[0.2222221,0.2222221,0.2222221],"t1":{"c":[0.3333333,0.3333333,0.3333333],"x":0.5,"y":0.5,"a":1,"m":0,"n":0,"r":0,"g":1,"o":0.5,"t":0.5,"e":0.5},"t2":{"c":[0.6666667,0.6666667,0.6666667],"x":0.6054384,"y":0.2915179,"a":1,"m":0,"n":0,"r":0,"g":0.1037033,"o":0.5,"t":0.5,"e":0.5}}]}]}