{"n":"thing","v":2,"p":[{"b":68,"s":[{"p":[0,0,0],"r":[0,0,0],"s":[0.411791,0.07410565,0.2539164],"c":[1,1,1]}]}]}