{"n":"ground","v":1,"a":[1,7,13,18],"p":[{"s":[{"p":[0,0,0],"r":[0,0,0],"s":[0.6631831,0.3702613,0.01707751],"c":[1,1,1]}]},{"b":29,"s":[{"p":[0.1491804,-0.1966763,-0.03200594],"r":[8.964156E-08,-8.964157E-08,90],"s":[0.02384022,0.6982909,0.08071468],"c":[0.6666667,0.6455027,0.5185186]}]},{"b":29,"s":[{"p":[0.1593833,-0.1962548,-0.081247],"r":[0,180,90.00002],"s":[0.02386842,0.7410345,0.0180464],"c":[0.6666667,0.6455027,0.5185186]}]}]}