{"n":"wall","v":1,"a":[7,13,18],"p":[{"t1":151,"s":[{"p":[0,0,0],"r":[0,0,0],"s":[8.800349,0.06641888,2.743402],"c":[0,0,0],"t1":{"c":[0,0,0],"x":0.5,"y":0.5,"a":0.8925,"m":0,"n":0,"r":0,"g":0,"o":0.5,"t":0.5,"e":0.5}}]},{"t1":151,"s":[{"p":[-2.932441,0.0336616,0.1380125],"r":[0,0,1.001791E-05],"s":[2.843439,0.0118684,2.487774],"c":[0.5555556,0,0],"t1":{"c":[0,0,0],"x":0.6326456,"y":0.6641231,"a":0.8925,"m":0,"n":0,"r":0,"g":0,"o":0.5,"t":0.5,"e":0.5}}]}]}