{"n":"thing","v":2,"a":[7,18],"p":[{"s":[{"p":[0,0,0],"r":[0,0,0],"s":[2.861385,0.1803261,3.444303],"c":[0,0,0]}]}]}