{"n":"big green ground","v":1,"a":[7],"p":[{"b":12,"s":[{"p":[0,0,0],"r":[0,0,0],"s":[50.01931,0.2438223,49.62429],"c":[0.2962962,0.6666667,0.6349207]}]}]}