{"n":"thing","v":1,"a":[7,18,21,31],"p":[{"b":5,"t":1,"a":[17],"s":[{"p":[0,0,0],"r":[0,0,0],"s":[0.05830115,0.0583048,0.03338328],"c":[0.4444443,0.4444443,0.4444443]}]},{"b":74,"t":7,"a":[17],"s":[{"p":[-0.002583653,0.0009799004,0.136968],"r":[270,0,0],"s":[0.03469342,0.1353002,0.03470454],"c":[0.2222218,0.2222218,0.2222218],"b":["when touched then play glass ding"]}]}]}