{"n":"thing","v":2,"p":[{"b":11,"im":"861736450299515121/88043CAE34EB2CFAD07D279732CDCEE56A0434B0/","s":[{"p":[0,0,0],"r":[0,0,-1.067217E-07],"s":[0.1121221,0.05353263,0.1250001],"c":[1,1,1]}]},{"im":"861736450299515121/88043CAE34EB2CFAD07D279732CDCEE56A0434B0/","s":[{"p":[-0.00559327,0.3033375,-0.3798245],"r":[58.36484,19.55722,231.235],"s":[0.2873637,0.01000002,0.1914229],"c":[1,1,1]}]},{"b":5,"im":"861736450299515121/88043CAE34EB2CFAD07D279732CDCEE56A0434B0/","s":[{"p":[-0.1056038,0.3286265,-0.7099546],"r":[5.803952,140.1532,5.134481],"s":[0.1250001,0.125,0.1250001],"c":[1,1,1]}]}]}