{"n":"thing","v":2,"a":[7,18],"p":[{"b":17,"t1":23,"t2":30,"s":[{"p":[0,0,0],"r":[0,0,0],"s":[115.5215,150.0047,0.0600021],"c":[0,0.5555556,0.2222221],"t1":{"c":[0,0,0],"x":0.17,"y":0.17,"a":0.69625,"m":0.5,"n":0.5,"r":0,"g":0,"o":0.5,"t":0.5,"e":0.5},"t2":{"c":[0.04938267,0.4444444,0.2074074],"x":0.5,"y":0.5,"a":0.8925,"m":0,"n":0,"r":0,"g":0,"o":0.5,"t":0.5,"e":0.5}}]}]}