{"n":"teleport to woods trails","v":2,"a":[1,7,13],"p":[{"t1":15,"s":[{"p":[0,0,0],"r":[0,0,0],"s":[2.683598,0.948119,0.2220119],"c":[0,0,0],"b":["when walked into then send nearby to haunted woods trails"],"t1":{"c":[0.3333333,0.2253968,0.1111111],"x":0.2385868,"y":0.2643628,"a":0.8925,"m":0.5,"n":0.5,"r":0,"g":0,"o":0.7147148,"t":0.5,"e":0.5}}]}]}