{"n":"thing","v":2,"p":[{"b":5,"t1":3,"s":[{"p":[0,0,0],"r":[0,0,0],"s":[0.005000002,0.008233856,0.8754474],"c":[0.3333332,0.2634919,0.111111],"t1":{"c":[0.4444444,0.3823632,0.2469135],"x":0.17,"y":0.17,"a":0.65,"m":0.5,"n":0.5,"r":0,"g":0.8264427,"o":0.5,"t":0.5,"e":0.2}}]},{"b":14,"t1":3,"s":[{"p":[-0.02465355,0.009670705,-0.1279822],"r":[10.14109,142.1629,351.0022],"s":[0.01537067,0.008507322,0.01659765],"c":[0.3333332,0.2867724,0.1851851],"t1":{"c":[0.4444444,0.3823632,0.2469135],"x":0.17,"y":0.17,"a":0.65,"m":0.5,"n":0.5,"r":0,"g":1,"o":0.5,"t":0.5,"e":0.2}}]},{"b":14,"t1":3,"s":[{"p":[0.01417613,-0.0004403889,0.2415986],"r":[1.688026,19.08077,349.808],"s":[0.01537066,0.008507333,0.01659767],"c":[0.3333332,0.2867724,0.1851851],"t1":{"c":[0.4444444,0.3823632,0.2469135],"x":0.17,"y":0.17,"a":0.65,"m":0.5,"n":0.5,"r":0,"g":1,"o":0.5,"t":0.5,"e":0.2}}]},{"b":88,"t1":93,"s":[{"p":[-0.0939974,0.0250956,-0.06109589],"r":[356.6014,112.1239,196.9272],"s":[0.0122269,0.02150584,0.03787769],"c":[0.2910051,0.5555556,0.1851851],"t1":{"c":[0.1216931,0.3333333,0.03703704],"x":0.5,"y":0.5783503,"a":0.8925,"m":0,"n":0,"r":0,"g":0,"o":0.5,"t":0.5,"e":0.5}}]}]}