{"n":"thing","v":2,"a":[7],"p":[{"im":"866240438026639454/1B759B1BEAC65869EE82F25A4C9B3887A055DDCB/","s":[{"p":[-0.04794247,0.08055928,-0.04012644],"r":[0,0,-1.001791E-05],"s":[0.6251416,0.01,0.3479792],"c":[0,0,0]}]}]}