{"n":"thing","v":2,"a":[7],"p":[{"b":80,"a":[3],"t1":138,"t2":4,"s":[{"p":[0,0,0],"r":[0,0,6.157171E-14],"s":[2.924849,2.924747,2.924634],"c":[0.6666667,0.6666667,0.6666667],"t1":{"c":[0,0,0],"x":0.6246471,"y":0.6625633,"a":0.6711522,"m":0,"n":0,"r":0,"g":0,"o":0.5,"t":0.5,"e":0.5},"t2":{"c":[0,0,0],"x":0.09967987,"y":0.08961289,"a":0.75,"m":0.5,"n":0.5,"r":0,"g":0,"o":0.459816,"t":0,"e":0.1957264}}]}]}