{"n":"thing","v":2,"a":[7,18],"p":[{"b":5,"s":[{"p":[0,0,0],"r":[0,0,0],"s":[9.853607,3.94356,0.005],"c":[0.3333332,0.1851851,0.1851851]}]}]}