{"n":"thing","v":2,"p":[{"b":5,"s":[{"p":[0,0,0],"r":[0,0,0],"s":[0.1250002,0.1250002,0.1250003],"c":[1,1,1]}]},{"b":5,"s":[{"p":[0.001893697,-0.001928091,0.1121981],"r":[2.899081,176.5118,324.3203],"s":[0.1250005,0.1250003,0.1250004],"c":[1,1,1]}]},{"b":5,"s":[{"p":[-0.002932087,0.002598867,0.222896],"r":[350.3936,356.406,1.210354],"s":[0.1250004,0.1250003,0.1250004],"c":[1,1,1]}]}]}