{"n":"thing","v":2,"a":[7,18],"p":[{"t":8,"a":[12],"su":[{"i":"59f0cd48e63ef30f0c843f3e","t":"59f0cd506907cb25104649c5","p":[0.1927168,0.02758583,0.006726265],"r":[90,90.00001,0]}],"s":[{"p":[0,0,0],"r":[0,0,0],"s":[0.09073002,0.2668572,0.06710013],"c":[1,1,1],"b":["when starts then become next in 5s"]},{"p":[0,0,-0.2566085],"r":[0,0,0],"s":[0.09074211,0.2669069,0.06711158],"c":[1,1,1],"b":["when starts then become next in 5s"]}]}]}