{"n":"thing","v":2,"p":[{"b":14,"t":7,"pr":48,"s":[{"p":[0,0,0],"r":[0,0,0],"s":[0.07673027,7.729237,0.02360214],"c":[0,0.04444428,0.111111],"pr":{"c":[0.8666667,1,0.3333333],"m":0.25,"a":0.25,"s":0.15,"z":0.7,"g":0.5,"h":0.25}}]}]}