{"n":"thing","v":2,"a":[22,12],"p":[{"t":8,"a":[12],"su":[{"i":"59f429a8cc9964090898aea8","t":"59ecf524030474d3131cd575","p":[-0.03055574,0.1886445,0.1993561],"r":[-1.001791E-05,4.378969E-13,180]}],"s":[{"p":[0,0,0],"r":[0,0,0],"s":[0.1750276,0.1750948,0.1750859],"c":[1,1,1],"b":["when starts then all parts face someone"]}]}]}