{"n":"thing","v":2,"p":[{"b":3,"s":[{"p":[0,0,0],"r":[0,0,0],"s":[0.1250001,0.125,0.1250001],"c":[1,1,1]}]},{"b":3,"s":[{"p":[0.275717,0.1137763,-0.07907352],"r":[342.0329,38.52123,8.058997],"s":[0.1250001,0.1250001,0.125],"c":[1,1,1]}]},{"b":5,"s":[{"p":[0.1054855,0.02914205,-0.1835879],"r":[65.35068,75.56377,34.44547],"s":[0.125,0.125,0.125],"c":[1,1,1]}]}]}