{"n":"ground","v":2,"a":[7],"p":[{"t1":118,"t2":27,"s":[{"p":[0,0,0],"r":[0,0,0],"s":[150,0.2617047,150],"c":[0.1037036,0.3333332,0.07407398],"t1":{"c":[0.1728394,0.5555556,0.1234567],"x":0.01692617,"y":0.01526999,"a":1,"m":0,"n":0,"r":0,"g":0,"o":0.5,"t":0.5,"e":0.5},"t2":{"c":[0.4402116,0.4444444,0.2962962],"x":0.03930503,"y":0.02016079,"a":0.6779325,"m":0,"n":0,"r":0,"g":0,"o":0.5,"t":0.5,"e":0.5}}]}]}