{"n":"thing","v":2,"p":[{"b":6,"s":[{"p":[-0.1364283,-0.007000282,0.02126029],"r":[358.4462,265.2508,60.69691],"s":[0.1250001,0.1250001,0.1250001],"c":[1,1,1]}]},{"s":[{"p":[-0.1237044,-0.001736395,0.006937682],"r":[359.4041,357.8315,0.5106972],"s":[0.1750006,0.1750004,0.1750005],"c":[1,1,1]}]}]}