{"n":"thing","v":2,"a":[7,18],"p":[{"b":56,"s":[{"p":[0.0007019056,0.01358032,0.01096344],"r":[0,0,180],"s":[0.009193644,0.02298848,0.01695029],"c":[1,1,1]}]},{"b":56,"s":[{"p":[0.0007019033,-0.01233673,0.01096344],"r":[0,0,180],"s":[0.009193715,0.0229892,0.01695084],"c":[1,1,1]}]},{"b":5,"s":[{"p":[0.0009155275,-0.0005187984,-0.00473404],"r":[0,0,0],"s":[0.009045743,0.02376577,0.01374202],"c":[1,1,1]}]}]}