{"n":"thing","v":2,"a":[7,18],"p":[{"b":5,"t":1,"s":[{"p":[0,0,0],"r":[0,0,0],"s":[0.2268824,0.1434459,0.005000034],"c":[0.7777778,1,0.9809523]}]},{"b":5,"t":1,"s":[{"p":[-0.1518059,0.1700621,-0.002794266],"r":[0,0,-1.024528E-05],"s":[0.08706826,0.04523984,0.005000304],"c":[0.7777778,1,0.9809523]}]},{"b":5,"t":1,"s":[{"p":[-0.01410297,-0.2008929,-0.002794266],"r":[-3.415095E-06,0,180],"s":[0.05600114,0.04522794,0.005001972],"c":[0.7777778,1,0.9809523]}]},{"b":5,"t":1,"s":[{"p":[-0.07494356,-0.1708622,-0.005104065],"r":[-1.707547E-06,1.272222E-13,180],"s":[0.04232175,0.04523505,0.005000389],"c":[0.7777778,1,0.9809523]}]}]}