{"n":"rain particles","v":2,"a":[7,34],"p":[{"t":8,"a":[12],"pr":19,"s":[{"p":[0,0,0],"r":[0,0,-7.656432E-20],"s":[4.935285,0.1750007,7.650361],"c":[1,1,1],"pr":{"c":[0.2222221,0.3238094,0.3333333],"m":0.7987061,"a":1,"s":0,"z":0.02478909,"g":0.2468371,"h":0.25}}]}]}