{"n":"thing","v":2,"p":[{"s":[{"p":[0,0,0],"r":[0,0,0],"s":[0.1115353,0.005000005,0.1240966],"c":[1,1,1],"b":["when touches hand then go to inventory page  17"]}]},{"b":100,"e":"MY CREATIONS 3","s":[{"p":[-0.06887872,0.008476911,0.02250496],"r":[88.43752,156.6155,156.2187],"s":[0.002080353,0.00208036,0.00208036],"c":[0.9714286,1,0],"b":["when touches hand then go to inventory page 17"]}]}]}