{"n":"thing","v":2,"p":[{"b":2,"t":12,"s":[{"p":[0,0,0],"r":[0,0,0],"s":[0.1250003,0.1250001,0.1250001],"c":[0.2222221,1,0.9333334]}]}]}