{"n":"thing","v":2,"p":[{"pr":48,"s":[{"p":[0.7093122,-0.01470014,0.09721625],"r":[342.6841,5.280855,4.557223],"s":[0.1750012,0.1750021,0.1750021],"c":[1,1,1],"pr":{"c":[0.7777778,0.7234568,0.6049383],"m":0.25,"a":0.4956321,"s":0,"z":0.6900236,"g":0.5,"h":0.25}}]},{"pr":48,"s":[{"p":[-0.7239181,0.01081479,0.1464398],"r":[346.9751,0.4466982,355.8734],"s":[0.1750009,0.1750019,0.1750018],"c":[1,1,1],"pr":{"c":[0.7777778,0.7234568,0.6049383],"m":0.25,"a":0.4956321,"s":0,"z":0.6900236,"g":0.5,"h":0.25}}]}]}