{"n":"thing","v":2,"p":[{"b":12,"s":[{"p":[0,0,0],"r":[0,0,0],"s":[0.1925721,0.05783039,0.03649846],"c":[0.4444443,0.2398587,0.1975307]}]},{"b":12,"s":[{"p":[-0.04488058,-0.002670627,-0.06662821],"r":[354.5796,272.8576,357.7152],"s":[0.1925722,0.05783044,0.03649848],"c":[0.4444443,0.2398587,0.1975307]}]},{"b":12,"s":[{"p":[1.052797,-0.1030787,1.999953],"r":[0.3492981,4.843564,359.4233],"s":[0.1925725,0.05783055,0.03649856],"c":[0.4444443,0.2398587,0.1975307]}]},{"b":12,"s":[{"p":[1.178147,-0.1077003,2.114119],"r":[3.439356,15.73342,357.2574],"s":[0.1925725,0.05783056,0.03649856],"c":[0.4444443,0.2398587,0.1975307]}]}]}