{"n":"thing","v":2,"p":[{"s":[{"p":[0,0,0],"r":[0,0,0],"s":[0.005000006,0.005000012,0.1750006],"c":[0.3527336,0.4444443,0.1975307]}]},{"s":[{"p":[-0.02922825,0.02916874,-0.01508878],"r":[339.7597,338.6773,356.5731],"s":[0.005000009,0.005000017,0.1750007],"c":[0.3527336,0.4444443,0.1975307]}]},{"s":[{"p":[-0.04231863,0.006240986,-0.01905831],"r":[352.1427,327.226,355.2598],"s":[0.005000009,0.005000018,0.1750007],"c":[0.3527336,0.4444443,0.1975307]}]},{"s":[{"p":[-0.002767439,0.01521707,-0.03786825],"r":[346.6186,357.5386,7.797162],"s":[0.005000011,0.005000022,0.1750008],"c":[0.3527336,0.4444443,0.1975307]}]}]}