{"n":"greenballs","v":1,"p":[{"b":5,"t":9,"pr":31,"s":[{"p":[0,0,0],"r":[0,0,0],"s":[0.2620347,0.2685459,0.2322713],"c":[0,1,1],"pr":{"c":[0.1142856,1,0],"m":0.8760257,"a":1,"s":0.2778485,"z":1,"g":0.5,"h":0.8678577}}]}]}