{"n":"thing","v":2,"a":[7,18],"p":[{"s":[{"p":[0,0,0],"r":[0,0,0],"s":[5.220315,7.791229,0.07188428],"c":[1,1,1]}]}]}