{"n":"thing","v":2,"a":[7,18],"p":[{"s":[{"p":[0,0,0],"r":[0,0,0],"s":[2.050782,6.104972,0.1553892],"c":[1,1,1]}]}]}