{"n":"thing","v":2,"a":[7,18],"p":[{"s":[{"p":[0,0,0],"r":[0,0,0],"s":[26.0935,0.1749942,2.828098],"c":[1,1,1]}]}]}