{"n":"script card","v":2,"p":[{"a":[5],"im":"868494332077109722/F172E6900E9050DBEF728FA72A8921C2026695BC/","s":[{"p":[-0.001243685,0.006727764,-0.0005131916],"r":[0.5195271,0.5883441,359.1968],"s":[0.10487,0.01,0.1750005],"c":[0,0,0]}]},{"t1":103,"s":[{"p":[0,0,0],"r":[0,0,-8.537735E-07],"s":[0.09850782,0.005000005,0.1686379],"c":[0.9936506,1,0.7777778],"b":["when touches hand then type \" tell\"","when touches hand then become next in .2s"],"t1":{"c":[0.5502645,0.5555556,0.3703703],"x":0.5,"y":0.5,"a":0.795743,"m":0,"n":0,"r":0,"g":0,"o":0.5,"t":0.5,"e":0.5}},{"p":[0,0,0],"r":[0,0,-8.537735E-07],"s":[0.09850782,0.005000005,0.1686379],"c":[0.9936506,1,0.7777778],"b":["when starts then become next in .2s"],"t1":{"c":[0.5502645,0.5555556,0.3703703],"x":0.5,"y":0.5,"a":0.795743,"m":0,"n":0,"r":0,"g":0,"o":0.5,"t":0.5,"e":0.5}}]},{"b":109,"e":" tell","t1":103,"s":[{"p":[0.01577726,-0.003755741,-0.04259948],"r":[271.7402,53.81981,216.6997],"s":[0.003745451,0.003745442,0.003745453],"c":[0,0,0],"t1":{"c":[0,0,0],"x":0.5,"y":0.5,"a":0.8925,"m":0,"n":0,"r":0,"g":0,"o":0.5,"t":0.5,"e":0.5}}]}]}