{"n":"thing","v":2,"a":[8],"p":[{"t":4,"s":[{"p":[0,0,0],"r":[0,0,0],"s":[0.3663666,0.1750006,0.175001],"c":[1,0.984127,0.8888889]}]},{"t":4,"s":[{"p":[-1.435081,0.9330871,0.2542135],"r":[10.14461,12.27814,281.6805],"s":[0.3663667,0.1750007,0.175001],"c":[1,0.984127,0.8888889]}]}]}