{"n":"thing","v":2,"a":[7,13,29],"p":[{"s":[{"p":[0,0,0],"r":[0,0,0],"s":[1.05625,0.3568876,0.008545956],"c":[1,1,1]}]}]}