{"n":"thing","v":2,"p":[{"a":[1,2],"s":[{"p":[0,0,0],"r":[0,0,0],"s":[0.8604603,0.005000004,0.6119295],"c":[0.111111,0.09876534,0.1029981]}]}]}