{"n":"thing","v":2,"a":[7],"p":[{"b":5,"t":1,"s":[{"p":[0,0,0],"r":[0,0,0],"s":[0.1250039,0.1250015,0.05163407],"c":[0.7777778,0.7777778,0.7777778]}]}]}