{"n":"thing","v":2,"a":[7],"p":[{"s":[{"p":[0,0,0],"r":[0,0,0],"s":[0.2941806,0.2042811,0.02783221],"c":[1,1,1]}]}]}