{"n":"thing","v":2,"p":[{"b":73,"t":3,"s":[{"p":[0.02031196,-0.005893271,0.006900916],"r":[348.7867,353.2698,357.5427],"s":[0.04636174,0.04636144,0.04636161],"c":[1,1,1],"b":["when told hahaa then become 2 in 0.2s"]},{"p":[0,0,0],"r":[0,0,0],"s":[0.09097809,0.09097809,0.09097809],"c":[1,1,1]}]}]}