{"n":"thing","v":2,"p":[{"im":"877501575003126700/64BF490386542D74F4F782145EBB5BA5004C03F3/","s":[{"p":[0,0,0],"r":[0,0,0],"s":[0.7289424,0.01,0.4100301],"c":[1,1,1]}]}]}