{"n":"thing","v":2,"a":[6,8,36,37],"p":[{"b":3,"t":3,"a":[17],"s":[{"p":[0,0,0],"r":[0,0,0],"s":[1.37712,0.3372422,0.4653606],"c":[1,1,1]}]}]}