{"n":"thing","v":2,"a":[7,18],"p":[{"s":[{"p":[0,0,0],"r":[0,0,0],"s":[0.626258,0.05255281,0.05445718],"c":[0,0,0]}]},{"t":3,"s":[{"p":[-0.0008959761,0.005014662,-0.03653479],"r":[8.964156E-08,-8.964157E-08,90],"s":[0.01784063,0.5874647,0.03317458],"c":[1,1,1]}]}]}