{"n":"thing","v":2,"p":[{"im":"877501575003125042/9829D5874CE532C81BF10CDD6F3B901DFDD2624A/","s":[{"p":[0,0,0],"r":[0,0,0],"s":[0.7792618,0.01,0.4383348],"c":[1,1,1]}]}]}