{"n":"lift mover","v":2,"p":[{"t":8,"a":[12],"su":[{"i":"5a0328c9e63ef414e0fea0f1","t":"5a05b12c3f0ca7400b11f53f","p":[0.8670292,0.06414771,-0.7500321],"r":[0,0,0]}],"s":[{"p":[0,0,0],"r":[0,0,0],"s":[0.1269144,0.1749994,0.1204096],"c":[0.4320986,0.6296296,0.7777778],"b":["when starts then become next in 30"]},{"p":[3.790261,-29.91408,8.254515],"r":[349.7846,264.5772,310.534],"s":[0.1269273,0.1750129,0.1204246],"c":[0.4320982,0.6296296,0.7777778],"b":["when starts then become next in 30"]}]}]}