{"n":"thing","v":2,"a":[7,18],"p":[{"t":9,"s":[{"p":[0,0,0],"r":[0,0,0],"s":[1.95028,0.03336635,0.2966361],"c":[0,0,0]}]},{"t":9,"s":[{"p":[7.450581E-08,0.02323055,1.862645E-09],"r":[0,0,1.001791E-05],"s":[1.983024,0.01166358,0.2767452],"c":[1,1,1]}]}]}