{"n":"frontdoor","v":2,"a":[7,18],"p":[{"t":8,"a":[12],"s":[{"p":[0,0,0],"r":[0,0,0],"s":[0.7130876,0.01013727,0.5925063],"c":[1,1,1]}]}]}