{"n":"thing","v":2,"a":[7],"p":[{"s":[{"p":[0,0,0],"r":[0,0,-1.067217E-07],"s":[149.0159,0.005000001,150],"c":[0.1015871,0.222222,0]}]}]}