{"n":"thing","v":2,"p":[{"b":3,"t":3,"s":[{"p":[0,0,0],"r":[0,0,-1.707547E-06],"s":[1.478606,1.576973,1.830574],"c":[0.9714286,1,0]}]}]}