{"n":"thing","v":2,"a":[7,18],"p":[{"b":14,"su":[{"i":"5a0fc007be40ad071c6a84b0","t":"5a0fc5f52c8a2f1710439bda","p":[0.01802089,0.09677076,-0.08307981],"r":[90,90.00001,0]}],"s":[{"p":[0,0,0],"r":[0,0,0],"s":[0.01444315,0.03406537,0.0157688],"c":[0.6666667,0.5968254,0.4444442],"b":["when any part touched then become 2 in 2"]},{"p":[-2.384186E-07,0,-0.005465984],"r":[0,0,89.99999],"s":[0.01444345,0.03406474,0.0157692],"c":[0.6666667,0.5968254,0.4444441],"b":["when any part touched then become 1 in 2"]}]}]}