{"n":"thing","v":2,"p":[{"b":145,"t":7,"pr":20,"t1":43,"s":[{"p":[0,0,0],"r":[0,0,0],"s":[0.01917832,0.02879831,0.02891],"c":[0,1,1],"t1":{"c":[0,0,0],"x":0.5,"y":0.5,"a":0.8925,"m":0,"n":0,"r":0,"g":0,"o":0.5,"t":0.5,"e":0.5},"pr":{"c":[1,1,1],"m":0.25,"a":0.25,"s":0.15,"z":0.5,"g":0.5,"h":0.5}}]}]}