{"n":"thing","v":2,"a":[8],"p":[{"b":5,"s":[{"p":[0.08879925,-0.4895507,-0.7260938],"r":[51.09228,93.99426,262.5405],"s":[0.1250458,0.1250445,0.1250142],"c":[1,1,1]}]},{"b":5,"s":[{"p":[0.2050022,-0.2448598,-0.2378628],"r":[70.22356,38.79749,28.40444],"s":[0.1250805,0.1250831,0.1250305],"c":[1,1,1]}]},{"b":46,"s":[{"p":[0.09824141,0.06660355,-0.2863429],"r":[27.25367,163.3001,324.2767],"s":[0.125,0.125,0.125],"c":[1,1,1]}]},{"b":5,"s":[{"p":[-1.326601,-0.6917299,-0.03694594],"r":[21.81803,16.57724,185.9641],"s":[0.1250002,0.1250003,0.1250003],"c":[1,1,1]}]}]}