{"n":"ground","v":1,"a":[1,4,7,8],"p":[{"b":17,"s":[{"p":[0,0,0],"r":[0,0,0],"s":[3.363346,0.11062,2.336175],"c":[0.9019608,0.8509804,0.7215686]}]}]}