{"n":"thing","v":2,"p":[{"b":18,"e":"B","s":[{"p":[0.5766952,-1.254382,-0.2766179],"r":[9.132545,93.39796,136.1181],"s":[0.01538288,0.01538285,0.0153829],"c":[1,1,1]}]},{"b":92,"e":"B","s":[{"p":[-0.01180735,-0.009657527,-0.01692453],"r":[359.2208,352.6447,0.8844082],"s":[0.0154215,0.01542148,0.01542151],"c":[1,1,1]}]},{"b":92,"e":"A","s":[{"p":[-0.02509874,-0.3018247,-0.02477864],"r":[358.9186,352.298,1.87307],"s":[0.01876374,0.01876368,0.01876373],"c":[1,1,1]}]},{"b":92,"e":"R","s":[{"p":[-0.02849098,-0.5321622,0.01638236],"r":[4.864094,351.6076,0.6922306],"s":[0.02229593,0.02229586,0.02229592],"c":[1,1,1]}]}]}