{"n":"thing","v":2,"a":[7,18],"p":[{"b":7,"t":8,"a":[12],"su":[{"i":"5a13a85abe40ad63ac9061ef","t":"5a0fc5f52c8a2f1710439bda","p":[0.1297767,0.01691718,0.7025071],"r":[0,-1.001791E-05,0]}],"s":[{"p":[0,0,0],"r":[0,0,0],"s":[0.04946933,0.02066042,0.0207839],"c":[1,1,1],"b":["when any part touched then become 2 in 2"]},{"p":[-0.008856297,-9.313226E-10,-1.548484E-09],"r":[270,-1.448902E-05,0],"s":[0.04948117,0.02066467,0.02079218],"c":[1,1,1],"b":["when any part touched then become 1 in 2"]}]}]}