{"n":"thing","v":1,"p":[{"b":9,"pr":33,"s":[{"p":[0,0,0],"r":[0,0,3.415094E-06],"s":[0.0344527,0.03364564,0.03508303],"c":[1,1,1],"b":["when told by any reddisco then become next in 5s"],"pr":{"c":[1,0,0.3428573],"m":0.02009106,"a":0.25,"s":0.2720944,"z":0.1677318,"g":0.8901211,"h":0}},{"p":[-3.592121,-3.162896,-1.57899],"r":[25.93934,20.42024,23.03029],"s":[0.03445277,0.03364568,0.0350831],"c":[1,1,1],"b":["when starts then become 3 in 10s"],"pr":{"c":[1,0,0.3428573],"m":0.795825,"a":0.3131928,"s":1,"z":0.8690362,"g":0.6593876,"h":0}},{"p":[-3.592121,-3.162896,-1.57899],"r":[25.93934,20.42024,23.03029],"s":[0.03445277,0.03364568,0.0350831],"c":[1,1,1],"b":["when starts then become 1 in 5s"],"pr":{"c":[1,0,0.3428573],"m":0.795825,"a":0.3131928,"s":1,"z":0.8690362,"g":0.6593876,"h":0}}]}]}