{"n":"thing","v":2,"p":[{"b":18,"e":"CODE 4 SHEILD","s":[{"p":[-0.0974271,0.1121095,-0.04645164],"r":[86.54781,307.933,344.2896],"s":[0.003000005,0.003000006,0.003000006],"c":[0,0,0]}]},{"s":[{"p":[0.01397813,0.008048264,-0.000214885],"r":[0.3432922,0.7457371,359.5409],"s":[0.1750001,0.1750003,0.1750004],"c":[1,1,1],"b":["when told by body sheild then become next"]},{"p":[0,0,0],"r":[0,0,0],"s":[0.1750001,0.1750001,0.1750002],"c":[1,1,1],"b":["when told by body stay then become next","when told by body sheild then become previous"]},{"p":[0,0,0],"r":[0,0,0],"s":[0.1750001,0.1750001,0.1750002],"c":[1,1,1],"b":["when starts then become previous"]}]}]}