{"n":"thing","v":2,"p":[{"b":100,"e":"FOR TONEY","s":[{"p":[0,0,0],"r":[0,0,0],"s":[0.006946848,0.00694685,0.006946851],"c":[0,0,0]}]}]}