{"n":"thing","v":2,"a":[2,17,27],"p":[{"b":14,"s":[{"p":[0,0,0],"r":[0,0,0],"s":[0.06000001,0.06000001,0.06],"c":[1,1,1]}]}]}