{"n":"glowcrystal","v":2,"a":[2,14,15,31],"inc":[["gloworb","5a1b1db5b9e5147c13c60dd4"],["gloworb 2","5a1b22b2f1ef8ea61be1c214"],["gloworb 3","5a1b4174acc83fc9134494a3"],["gloworb 4","5a1b42c91793b3bd13952dec"]],"p":[{"b":62,"t":3,"s":[{"p":[0,0,0],"r":[0,0,0],"s":[0.01981065,0.03510509,0.06891508],"c":[0.6666666,1,0.9714286]}]},{"b":62,"t":17,"a":[18],"pr":2,"t1":10,"s":[{"p":[0,0,0],"r":[0,0,1.024528E-05],"s":[0.03715287,0.05388756,0.08928388],"c":[0.6666666,1,0.9714286],"b":["when destroyed then emit gravity-free gloworb with 0.1","when starts then rotate forward with 100, then propel forward with 10","when destroyed then play magic 7"],"t1":{"c":[1,1,1],"a":0.8325841},"pr":{"c":[0,0.9142855,1],"m":1,"a":1,"s":0.0139716,"z":0.1657068,"g":0.5,"h":0.25}}]},{"b":62,"t":14,"t1":10,"s":[{"p":[0,0,0],"r":[0,0,1.024528E-05],"s":[0.03023072,0.04341727,0.07665367],"c":[0.6666666,1,0.9714286],"t1":{"c":[1,1,1],"a":0.8325841}}]}]}