{"n":"board","v":2,"a":[7,18],"p":[{"b":25,"a":[13],"s":[{"p":[0,0,0],"r":[0,0,0],"s":[2.000047,1.000027,2.00012],"c":[0.7777778,0.9428571,1],"b":["when touches hand then show board spaceship battle"]}]}]}