{"n":"thing","v":3,"p":[{"b":56,"t1":147,"s":[{"p":[0,0,0],"r":[0,0,0],"s":[0.1496054,0.07455602,0.1519493],"c":[0.2835977,0.4444443,0.148148],"t1":{"c":[0.1954144,0.2222221,0.1728394],"x":0.5,"y":0.612589,"a":0.8925,"m":0,"n":0,"r":0,"g":0,"o":0.5,"t":0.5,"e":0.5}}]}]}