{"n":"thing","v":2,"p":[{"b":92,"e":"SPECIAL K'S AREA","s":[{"p":[0,0,0],"r":[0,0,7.50387E-09],"s":[0.003,0.002999999,0.003],"c":[1,1,1]}]}]}