{"n":"thing","v":2,"p":[{"pr":2,"s":[{"p":[0,0,0],"r":[0,0,0],"s":[0.1750001,0.1750001,0.175],"c":[1,1,1],"pr":{"c":[0,1,0.2285715],"m":1,"a":0.8324945,"s":0.6052812,"z":0.502481,"g":0.6514845,"h":0.2789595}}]}]}