{"n":"thing","v":3,"a":[2,13,15],"p":[{"b":14,"t":2,"s":[{"p":[0,0,0],"r":[0,0,0],"s":[0.06000006,0.06000001,0.06000005],"c":[1,0,0.3428572]}]}]}