{"n":"thing","v":3,"a":[7,18],"p":[{"s":[{"p":[0,0,0],"r":[0,0,0],"s":[0.1115002,1.121926,0.7344031],"c":[1,1,1]}]}]}