{"n":"thing","v":3,"a":[7],"p":[{"b":71,"a":[5],"s":[{"p":[0,0,0],"r":[0,0,0],"s":[2.84862,0.1360263,1.671297],"c":[0.222222,0.6666666,1]}]}]}