{"n":"thing","v":2,"p":[{"b":136,"e":"TO DO LIST","s":[{"p":[0,0,0],"r":[0,0,0],"s":[0.002495973,0.00249597,0.002495972],"c":[1,1,1]}]}]}