{"n":"thing","v":3,"a":[2,3],"inc":[["thing","5a2332f0f89eeab31330ccca"],["thing 2","5a233322b5a25e941323467f"]],"p":[{"b":4,"s":[{"p":[0,0,0],"r":[0,0,4.268868E-07],"s":[0.008689386,0.009366758,0.03692218],"c":[1,1,1],"b":["when triggered then emit thing 2"]}]}]}