{"n":"thing","v":2,"a":[7,18],"p":[{"s":[{"p":[0,0,0],"r":[0,0,0],"s":[5.606297,4.40419,0.01264272],"c":[0.7803922,0.7607843,0.682353]}]}]}