{"n":"thing","v":3,"p":[{"s":[{"p":[-0.0001940729,0.0002336502,-0.0009613038],"r":[0,0,0],"s":[0.1751392,0.05603202,0.8485507],"c":[0.3333332,0.1714284,0]}]},{"s":[{"p":[0.1766122,-0.001368046,-0.0005932003],"r":[1.001791E-05,0,0],"s":[0.1752217,0.05603638,0.8490446],"c":[0.3333332,0.1714284,0]}]},{"s":[{"p":[0.5313116,-0.006362915,0.003024995],"r":[0,0,0],"s":[0.175433,0.0560443,0.8503227],"c":[0.3333332,0.1714284,0]}]},{"s":[{"p":[0.3529258,-0.002642155,0.0002841651],"r":[0,0,0],"s":[0.1753485,0.05604099,0.8497807],"c":[0.3333332,0.1714284,0]}]}]}