{"n":"thing","v":2,"p":[{"b":140,"e":"MAKE BAND SET UP?","s":[{"p":[0,0,0],"r":[0,0,0],"s":[0.003000026,0.003000044,0.003000038],"c":[1,1,1]}]}]}