{"n":"thing","v":2,"p":[{"a":[1],"s":[{"p":[0,0,0],"r":[0,0,0],"s":[0.9903455,0.005000004,0.7402228],"c":[1,1,1]}]}]}