{"n":"thing","v":3,"a":[7],"p":[{"t":8,"a":[12],"pr":44,"s":[{"p":[-15.69118,-11.79895,1.535418],"r":[39.84214,80.89017,85.25945],"s":[0.1809096,0.9796083,0.1750031],"c":[0.4320986,0.5555556,0.5555556],"b":["when told by any pe then become next"],"pr":{"c":[0,0,0],"m":1,"a":1,"s":0.2591614,"z":0.3776245,"g":0.5,"h":0.5252991}},{"p":[-0.03474975,0.7315511,-2.256866],"r":[35.24682,84.32934,90.65715],"s":[0.1750078,0.3721172,0.1750128],"c":[1,1,1],"b":["when starts then become next in 2","when starts then play scary horror background with 150 "],"pr":{"c":[0,0,0],"m":1,"a":1,"s":0.251593,"z":0.3314514,"g":0.5,"h":0.5271912}},{"p":[0.3354097,1.198272,-2.144883],"r":[35.24682,84.32935,90.65715],"s":[0.2950938,1.540965,0.1750286],"c":[1,1,1],"b":["when starts then become untweened 1 in 5"],"pr":{"c":[0,0,0],"m":1,"a":1,"s":0.2398376,"z":0.5330811,"g":0.5,"h":0.5252991}}]}]}