{"n":"thing","v":3,"p":[{"s":[{"p":[0,0,0],"r":[0,0,0],"s":[0.1750003,0.1750004,0.1750004],"c":[1,1,1],"b":["when starts then become next in 0.2s"]},{"p":[0.02215025,0.002519138,0.1125094],"r":[2.483798,5.028655,1.688016],"s":[0.1750004,0.1750004,0.1750004],"c":[1,0,0.3428572],"b":["when starts then become next in 0.2s"]},{"p":[0.1154732,0.02981414,-0.007773019],"r":[5.829929,4.754619,5.981019],"s":[0.1750005,0.1750005,0.1750005],"c":[0,0.05714257,1],"b":["when starts then become next in 0.2s"]}]}]}