{"n":"pink pillow","v":3,"a":[22,18],"p":[{"b":17,"t1":77,"s":[{"p":[-0.1166129,0.08404806,0.07208984],"r":[270,89.99999,0],"s":[0.008440195,0.08126672,0.01252101],"c":[1,0.9047619,0.3333332],"t1":{"c":[1,0.9047619,0.3333333],"x":0.5,"y":0.5,"a":0.8925,"m":0,"n":0,"r":0,"g":0,"o":0.5,"t":0.5,"e":0.5}}]},{"b":68,"t1":77,"t2":37,"s":[{"p":[0,0,0],"r":[0,0,4.07111E-13],"s":[0.3185509,0.1000069,0.2084211],"c":[1,0,0.8571426],"t1":{"c":[0,0.5714284,1],"x":0.5,"y":0.5,"a":0.8925,"m":0,"n":0,"r":0,"g":0,"o":0.5,"t":0.5,"e":0.5},"t2":{"c":[0.4444444,0.3485008,0.2469135],"x":0.5,"y":0.6796937,"a":0.8925,"m":0,"n":0,"r":0,"g":0,"o":0.5,"t":0.5,"e":0.5}}]},{"b":17,"t1":77,"s":[{"p":[-0.1726829,0.08404806,-0.01314601],"r":[270,67.49999,0],"s":[0.005005244,0.0360774,0.01252778],"c":[1,0.9047619,0.3333332],"t1":{"c":[1,0.9047619,0.3333333],"x":0.5,"y":0.5,"a":0.8925,"m":0,"n":0,"r":0,"g":0,"o":0.5,"t":0.5,"e":0.5}}]}]}