{"n":"pipes","v":3,"p":[{"b":5,"t":1,"s":[{"p":[0,0,0],"r":[0,0,0],"s":[0.02750786,0.02750754,2.387706],"c":[0.8888889,0.8888889,0.8888889]}]},{"b":5,"t":1,"s":[{"p":[-0.03417052,0.06667501,0.003357947],"r":[1.703668,352.8977,3.629027],"s":[0.02750791,0.02750758,2.387709],"c":[0.8888889,0.8888889,0.8888889]}]},{"b":5,"t":1,"s":[{"p":[0.02346779,0.0220314,0.03647763],"r":[353.9478,351.9101,10.10312],"s":[0.02750796,0.02750761,2.38771],"c":[0.8888889,0.8888889,0.8888889]}]}]}