{"n":"thing","v":3,"a":[7,21],"p":[{"t":2,"s":[{"p":[0,0,0],"r":[0,0,0],"s":[0.09588854,0.002739604,0.09588771],"c":[0,0.05714227,1],"b":["when touches hand then go to inventory page 25"]}]},{"b":100,"e":"MY CREATIONS 4","s":[{"p":[-0.06180717,0.006404893,0.0174979],"r":[90,-2.003582E-05,0],"s":[0.001643972,0.001643825,0.001643992],"c":[0.9714286,1,0],"b":["when touches hand then go to inventory page 25"]}]}]}