{"n":"thing","v":3,"a":[7,18],"p":[{"b":57,"t":1,"a":[22],"s":[{"p":[0.1277895,-0.3376334,0.1087177],"r":[-1.707547E-06,90.00001,270],"s":[0.02103513,0.04385792,0.02103434],"c":[0.7777778,0.7777778,0.7777778]}]},{"b":5,"t":1,"s":[{"p":[0.08383133,-0.3376334,0.1087177],"r":[-1.628444E-12,90.00001,1.931869E-05],"s":[0.005000289,0.005001047,0.05360224],"c":[0.7777778,0.7777778,0.7777778]}]}]}