{"n":"thing","v":2,"a":[7,18],"p":[{"b":168,"t1":3,"s":[{"p":[0,0,0],"r":[0,0,0],"s":[0.08103126,0.04499988,0.4895989],"c":[0.6666667,0.4571426,0],"t1":{"c":[1,0.6857142,0],"x":0.17,"y":0.17,"a":0.65,"m":0.5,"n":0.5,"r":0,"g":0,"o":0.5,"t":0.5,"e":0.2}}]}]}