{"n":"thing","v":3,"a":[22,12],"p":[{"t":9,"s":[{"p":[-0.5999313,4.289206,-21.78396],"r":[279.2236,180.6433,359.5206],"s":[2871.208,14.68657,2522.197],"c":[0.6666666,0.9714285,1]}]},{"t":15,"s":[{"p":[-0.5936989,4.657171,-19.5179],"r":[279.2236,180.6433,359.5206],"s":[2871.664,14.68713,2522.677],"c":[0.6666666,0.9714285,1]}]},{"b":11,"s":[{"p":[0,0,0],"r":[-3.415095E-06,-3.975693E-16,1.334021E-08],"s":[0.1237825,0.1237842,0.1237897],"c":[1,1,1]}]}]}