{"n":"ground","v":3,"a":[1],"p":[{"b":17,"s":[{"p":[0,0,0],"r":[0,0,0],"s":[19.82217,0.11062,18.8107],"c":[0.1975307,0.8888889,0.5925927]}]}]}