{"n":"ground","v":2,"a":[7],"p":[{"t":8,"a":[12],"s":[{"p":[0,0,0],"r":[0,0,0],"s":[0.5545961,0.175,0.5220945],"c":[1,1,1]}]}]}