{"n":"snow piles","v":3,"a":[7,13,18],"p":[{"b":3,"s":[{"p":[0,0,0],"r":[0,0,0],"s":[1.673276,0.183726,0.4301643],"c":[1,1,1]}]},{"b":3,"s":[{"p":[4.804695,-6.116444E-07,1.73262],"r":[2.003583E-05,90,-1.001791E-05],"s":[4.077119,0.2629765,0.5988292],"c":[1,1,1]}]},{"b":3,"s":[{"p":[0.946308,-0.2416543,-5.506652],"r":[-2.204186E-12,1.926961E-19,-1.001791E-05],"s":[4.757762,0.2811502,0.8435508],"c":[1,1,1]}]}]}