{"n":"thing","v":3,"a":[2,3],"inc":[["fire wand","5a351228340f248813b9791b"]],"p":[{"b":30,"s":[{"p":[-0.0008305488,-0.04692252,-0.04147304],"r":[81.0754,0.9585215,279.0207],"s":[0.04153394,0.1250005,0.04449946],"c":[0.4444443,0.4444443,0.4444443]}]},{"b":5,"a":[14],"s":[{"p":[0,0,0],"r":[0,0,6.403302E-07],"s":[0.02670499,0.0265046,0.1719642],"c":[0.111111,0.111111,0.111111],"pr":{"c":[0.2222221,0.2222221,0.2222221],"m":0.25,"a":0.25,"s":0.15,"z":0.25,"g":0.5,"h":0.25}}]},{"b":4,"t":8,"a":[12],"s":[{"p":[-0.01919307,0.01685962,0.3392454],"r":[346.629,346.7066,61.56218],"s":[0.01151569,0.01192475,0.02118961],"c":[1,1,1],"b":["when triggered then emit fire wand with 25"]}]},{"s":[{"p":[0.004262878,-0.05288998,-0.09236386],"r":[270.7861,280.983,255.1227],"s":[0.06907165,0.06292092,0.1750015],"c":[0.4444443,0.4444443,0.4444443],"pr":{"c":[0.2222221,0.2222221,0.2222221],"m":0.25,"a":0.25,"s":0.15,"z":0.25,"g":0.5,"h":0.25}}]}]}