{"n":"thing","v":3,"a":[7,18],"p":[{"s":[{"p":[0.03555949,-0.2935784,-0.3941593],"r":[270,270,0],"s":[0.1750334,0.1750093,0.1750131],"c":[1,1,1],"b":["when starts then become next in 5s"]},{"p":[0.03555949,-0.2935784,-0.3941593],"r":[270,270,0],"s":[0.1750334,0.1750093,0.1750131],"c":[1,1,1],"b":["when starts then become next in 5s","when starts then tell pp"]}]},{"b":4,"s":[{"p":[0,0,0],"r":[0,0,0],"s":[0.5360403,0.125001,0.3591518],"c":[1,0,0],"b":["when told by any unfolded then become untweened 2"]},{"p":[7.105427E-15,-0.02477438,-0.3964444],"r":[2.003583E-05,180,1.001791E-05],"s":[0.5362335,0.1250198,0.3592388],"c":[1,0,0],"b":["when told by any folded then become untweened 1","when told pp then become 2"]}]}]}