{"n":"thing","v":3,"p":[{"b":51,"t1":19,"s":[{"p":[0,0,0],"r":[0,0,0],"s":[0.3334619,0.5842814,0.2291593],"c":[1,1,1],"b":["when talked from then become next in 0.2s"],"t1":{"c":[0,0.3999994,1],"x":0.17,"y":0.17,"a":0.8925,"m":0.2573445,"n":0.66953,"r":0,"g":0,"o":0.5,"t":0.5,"e":0.5}},{"p":[0,0,0],"r":[0,0,0],"s":[0.3334619,0.5842814,0.2291593],"c":[1,1,1],"b":["when starts then become previous in 0.2s"],"t1":{"c":[0,0.3999994,1],"x":0.17,"y":0.17,"a":0.8925,"m":0.379854,"n":0.6591989,"r":0,"g":1,"o":1,"t":0.08405542,"e":0.5}}]}]}