{"n":"thing","v":2,"p":[{"b":12,"s":[{"p":[0,0,0],"r":[0,0,0],"s":[0.8822058,0.06000055,0.57232],"c":[0.6624339,0.5185186,0.6666667]}]}]}