{"n":"floor","v":3,"p":[{"b":170,"s":[{"p":[0,0,0],"r":[-1.200619E-07,-1.118164E-16,1.067217E-07],"s":[0.1386259,0.04500015,0.8683143],"c":[0.6624339,0.5185186,0.6666667]}]}]}