{"n":"thing","v":3,"p":[{"b":157,"a":[5],"s":[{"p":[0.4343227,0.03014778,0.2104345],"r":[9.035035,35.60583,3.582563],"s":[0.5728978,0.0800001,0.6922357],"c":[0,0.2285712,1]}]},{"b":157,"s":[{"p":[0.5746023,0.1923955,-0.4434314],"r":[358.0647,81.69315,355.4158],"s":[0.08000026,0.08000008,0.08000008],"c":[0.6666667,0.6666667,0.6666667]}]},{"b":157,"s":[{"p":[-0.07871473,0.1275743,0.1633409],"r":[7.941608,342.2982,15.40522],"s":[0.08000002,0.08000006,0.07999995],"c":[0.6666667,0.6666667,0.6666667]}]}]}