{"n":"thing","v":3,"a":[7,18],"p":[{"s":[{"p":[0,0,0],"r":[0,0,0],"s":[0.7486482,0.02366294,2.645815],"c":[0,0.1015871,0.111111],"b":["when touched then become next in 1.5s"]},{"p":[-0.6609154,-3.552714E-15,2.980233E-08],"r":[0,0,1.001791E-05],"s":[0.7488346,0.02368871,2.648049],"c":[0,0.101587,0.1111109],"b":["when starts then become next in 6s"]}]}]}