{"n":"100","v":2,"p":[{"b":5,"s":[{"p":[-0.008604112,0.005258368,-0.01099982],"r":[1.132624,9.027651,356.9385],"s":[0.005000005,0.005000009,0.1687278],"c":[0.6666667,0,0]}]},{"b":59,"s":[{"p":[0.1586235,0.01392961,-0.04166718],"r":[6.380333,16.12621,7.664978],"s":[0.03924551,0.1250005,0.06833079],"c":[0.6666667,0,0]}]},{"b":59,"s":[{"p":[0.04599699,0.008039188,-0.01679496],"r":[9.159613,10.35718,0.4950807],"s":[0.03924546,0.1250004,0.0683307],"c":[0.6666667,0,0]}]},{"b":5,"s":[{"p":[0.0783262,0.01815265,-0.1096728],"r":[356.0192,101.9222,33.94226],"s":[0.005000012,0.005000004,0.3793373],"c":[0.6666667,0,0]}]}]}