{"n":"armour stand","v":2,"p":[{"b":14,"s":[{"p":[0,0,0],"r":[0,0,0],"s":[0.06000016,0.06000004,0.438862],"c":[0.4444443,0.3978835,0.2962962]}]},{"b":14,"s":[{"p":[0.151179,-0.01052755,0.8459601],"r":[355.4844,330.2103,9.785859],"s":[0.06000027,0.06000015,0.0987442],"c":[0.4444443,0.3978835,0.2962962]}]},{"b":14,"s":[{"p":[-0.160858,-0.01652271,0.8524956],"r":[356.9712,31.62888,352.6131],"s":[0.06000027,0.06000012,0.09874421],"c":[0.4444443,0.3978835,0.2962962]}]}]}