{"n":"ground","v":3,"a":[1],"p":[{"b":17,"s":[{"p":[0,0,0],"r":[0,0,0],"s":[48.71552,0.3055681,26.46981],"c":[0.1654319,0.7777778,0.08641968]}]}]}