{"n":"vidya","v":2,"p":[{"a":[1],"s":[{"p":[0,0,0],"r":[0,0,0],"s":[0.7921337,0.005000004,0.5678383],"c":[1,1,1]}]},{"a":[2],"s":[{"p":[0.5184429,0.05900356,-0.1597198],"r":[358.517,2.694229,10.80656],"s":[0.175,0.1750001,0.1750002],"c":[1,0,0]}]}]}