{"n":"basic soda","v":3,"a":[2,15],"p":[{"b":5,"t":7,"s":[{"p":[0,0,0],"r":[0,0,0],"s":[0.02829942,0.02885856,0.1814037],"c":[0.2222221,0.1904761,0]}]},{"b":5,"t":7,"s":[{"p":[-0.001259181,0.001224086,0.09366947],"r":[0.7014545,0.5461937,63.52773],"s":[0.02266927,0.02334094,0.0522072],"c":[0.1142855,1,0]}]},{"b":5,"t":7,"s":[{"p":[-0.0007482084,-0.001448087,0.1161214],"r":[2.953582,359.1322,44.44422],"s":[0.01501624,0.01266186,0.01082517],"c":[0.1142855,1,0]}]}]}