{"n":"thing","v":2,"p":[{"b":84,"s":[{"p":[0,0,0],"r":[0,0,-3.415094E-06],"s":[0.07500003,0.07500003,0.07500005],"c":[1,1,1]}]}]}