{"n":"thing","v":2,"a":[7,18],"p":[{"b":131,"e":"Contains 8 weapons","s":[{"p":[-0.3443418,0.01319885,0.01176572],"r":[90,5.008957E-06,0],"s":[0.006510585,0.006507794,0.006510612],"c":[0,1,1]}]},{"b":60,"s":[{"p":[0.009264948,1.862645E-09,-0.02111268],"r":[0,0,5.008957E-06],"s":[0.806078,0.01909532,0.1233413],"c":[1,1,1]}]},{"b":2,"s":[{"p":[0.2798072,-0.001060501,0.1042061],"r":[0,0,5.008957E-06],"s":[0.06611522,0.005000584,0.1642928],"c":[1,1,1]}]}]}