{"n":"thing","v":3,"a":[22,18],"p":[{"b":137,"a":[19],"e":"DON't\nwear\nthis!","s":[{"p":[-0.002031088,0.002114296,0.1135331],"r":[90,0,0],"s":[0.009140307,0.009137888,0.009142288],"c":[0.1111109,0.1111109,0.1111109]}]},{"s":[{"p":[0,-0.002441287,0.005776167],"r":[0,0,0],"s":[0.2462777,0.005000028,0.3479557],"c":[1,1,1]}]},{"b":14,"s":[{"p":[0.04628881,0.001775123,0.08269475],"r":[1.729538E-05,67.49999,-8.980094E-06],"s":[0.01991129,0.005,0.02414463],"c":[1,0,0.3428572]}]},{"b":14,"s":[{"p":[0.05548962,0.001775123,0.08244143],"r":[-2.193221E-05,315,-1.725275E-05],"s":[0.01990358,0.00651588,0.0198771],"c":[1,0,0.3428572]}]}]}