{"n":"parasol","v":3,"a":[2,5,14],"p":[{"b":86,"s":[{"p":[0,0,0],"r":[0,0,0],"s":[0.4116055,0.07500011,0.4535345],"c":[1,0.8888889,0.2222221]}]},{"b":5,"s":[{"p":[-0.05191597,0.5517772,0.05128247],"r":[85.63224,167.5015,125.6545],"s":[0.01130324,0.01300469,1.663784],"c":[0.2222221,0.160141,0.02469136]}]}]}