{"n":"afk","v":2,"p":[{"b":18,"e":"AFK","s":[{"p":[0,0,0],"r":[4.33557E-07,-8.075629E-16,-2.134434E-07],"s":[0.02833548,0.02833543,0.02833549],"c":[1,0.2634919,0.111111]},{"p":[0,0,0],"r":[4.33557E-07,-8.075629E-16,-2.134434E-07],"s":[0.02833548,0.02833543,0.02833549],"c":[1,0.2634919,0.111111]}]}]}