{"n":"punch","v":3,"a":[2,3,7,14,18,31],"p":[{"b":4,"s":[{"p":[-3.72529E-09,-0.017519,0],"r":[0,0,-8.537737E-06],"s":[0.03968765,0.0396885,0.03968541],"c":[1,0.222222,0.222222]}]},{"b":5,"s":[{"p":[0.000573393,-0.01819992,0.02594346],"r":[0,0,-8.537737E-06],"s":[0.01032341,0.0103191,0.03747794],"c":[0.1142857,0,1]}]},{"b":5,"s":[{"p":[0.001719471,-0.01899052,-0.1095167],"r":[0,0,0],"s":[0.02812654,0.02812353,0.1662569],"c":[1,0.2222221,0.2222221]}]},{"b":5,"s":[{"p":[0.002693769,-0.01899052,-0.1095167],"r":[0,0,0],"s":[0.02940249,0.02940263,0.05739917],"c":[0.09453254,0.04938262,0.4444443]}]}]}