{"n":"bubble soap bottle","v":3,"a":[2,3,7,18,31],"p":[{"b":5,"a":[23],"s":[{"p":[0,0,0],"r":[0,0,0],"s":[0.03220157,0.03220586,0.03220215],"c":[0.9904761,0.6666666,1]}]},{"b":5,"a":[23],"s":[{"p":[-3.576279E-07,-1.937151E-07,-0.1027515],"r":[0,0,0],"s":[0.0410128,0.04101834,0.2307538],"c":[0.9904761,0.6666666,1]}]},{"b":5,"a":[23],"s":[{"p":[0.0001338124,-2.961606E-07,0.01267052],"r":[0,0,0],"s":[0.02956568,0.02929684,0.005001458],"c":[0.5555556,0.9619047,1]}]},{"b":56,"s":[{"p":[0.0005052686,0.0003159046,-0.01089633],"r":[90,-9.659345E-06,0],"s":[0.04457585,0.0445643,0.04457573],"c":[0.9904761,0.6666666,1]}]}]}