{"n":"thing","v":2,"a":[7],"p":[{"b":51,"t":1,"s":[{"p":[-0.6745778,0.009596944,0.3832846],"r":[-1.609983E-05,270,-1.072953E-06],"s":[0.2625441,0.1250749,0.9107135],"c":[0.5555556,0.5555556,0.5555556]}]},{"b":5,"t":1,"s":[{"p":[-0.001874923,0.003154754,0.01195526],"r":[0,0,-1.502687E-05],"s":[0.02848725,0.02863956,1.067011],"c":[0.3333332,0.321693,0.2962962]}]},{"b":5,"t":1,"s":[{"p":[-1.316395,0.009011613,0.007759094],"r":[0,0,0],"s":[0.02851833,0.02865708,1.067616],"c":[0.3333332,0.321693,0.2962962]}]}]}