{"n":"thing","v":3,"p":[{"s":[{"p":[0,0,0],"r":[0,0,0],"s":[0.2740775,0.1750003,0.322118],"c":[1,1,1],"b":["when touched then become next"]},{"p":[0,0,0],"r":[0,0,0],"s":[0.2740775,0.1750003,0.322118],"c":[0,1,0.9142858],"b":["when touched then become next"]}]}]}