{"n":"thing","v":3,"p":[{"b":74,"s":[{"p":[-61.3335,34.49644,85.96597],"r":[358.7274,281.2374,183.4962],"s":[17.79785,27.28296,31.61722],"c":[0.5555556,0.5361553,0.4938272]}]},{"b":74,"s":[{"p":[-77.43871,36.70665,73.26699],"r":[354.4928,311.6783,179.3317],"s":[150,28.00933,32.679],"c":[0.3132274,0.4444443,0.2962962]}]},{"b":74,"s":[{"p":[-64.65562,-22.86817,7.235878],"r":[354.3559,288.0168,178.7275],"s":[11.06176,11.09703,10.82758],"c":[0.5555556,0.5361553,0.4938272]}]},{"b":74,"s":[{"p":[-31.88462,-25.41933,98.34134],"r":[349.6326,304.6735,182.7742],"s":[99.75758,93.31335,49.76446],"c":[0.3132274,0.4444443,0.2962962]}]}]}