{"n":"thing","v":3,"a":[5,7,18],"p":[{"t":18,"a":[5],"s":[{"p":[0,0,0],"r":[0,0,0],"s":[150,150,0.1405863],"c":[0,0.3999996,1]}]}]}