{"n":"thing","v":3,"p":[{"b":4,"su":[{"i":"5a4f4bac5a2bd748ec4be2a5","t":"5a4f4b2d985aafe60f17065a","p":[-5.381606,2.623795,0.826404],"r":[27.6629,96.88514,15.3726]},{"i":"5a4f51335a2bd748ec4be2b5","t":"5a4f4b2d985aafe60f17065a","p":[-30.99195,10.52067,14.74566],"r":[37.26278,93.69753,3.433401]}],"s":[{"p":[-2.123263,-4.006295,-1.586007],"r":[4.616123,5.17969,11.65635],"s":[0.1250004,0.1250004,0.1250008],"c":[1,1,1],"b":["when starts then become next in 8s"]},{"p":[0.1456594,-9.110645,34.69143],"r":[7.666399,4.404482,20.18972],"s":[0.1250001,0.1250002,0.1250003],"c":[1,1,1],"b":["when starts then become next in 8s"]}]}]}