{"n":"thing","v":3,"p":[{"b":4,"t":8,"a":[12],"su":[{"i":"5a4f4d625a2bd748ec4be2b0","t":"5a4f4b2d985aafe60f17065a","p":[-0.1227147,-1.732805,-8.649348],"r":[339.3022,2.297996,160.0808]}],"s":[{"p":[0,0,0],"r":[0,0,0],"s":[0.1250002,0.1250002,0.1250002],"c":[0.04938262,0.4444443,0.342857],"b":["when starts then become next in 6s"]},{"p":[0.07450664,-0.116416,-9.170381],"r":[12.20711,0.4377978,7.872755],"s":[0.1250022,0.1250019,0.1250019],"c":[0.04938246,0.4444441,0.3428568],"b":["when starts then become next in 6s"]}]}]}