{"n":"boat","v":2,"a":[20],"p":[{"s":[{"p":[0,0,0],"r":[0,0,0],"s":[0.1055715,0.08789499,0.04043649],"c":[1,1,1]}]}]}