{"n":"thing","v":3,"a":[7],"p":[{"b":8,"t":8,"a":[12],"su":[{"i":"5a4dcdb75a2bd72dfc038e6e","t":"5a4dcdb929b3322714d628e5","p":[0.999002,-0.3861713,-1.873669],"r":[-1.001791E-05,-1.001791E-05,90.00001]}],"s":[{"p":[-0.01939785,0.125184,0.5757942],"r":[1.001791E-05,0,0],"s":[0.1250617,0.1250694,0.2073012],"c":[0.4444443,0.3047617,0],"b":["when told by any ele then become next in 7s"]},{"p":[8.68984,0.1444206,0.576717],"r":[0,0,0],"s":[0.1251232,0.1251253,0.2073273],"c":[0.4444443,0.3047617,0],"b":["when told by any ele then become next in 7s"]}]}]}