{"n":"thing","v":2,"p":[{"im":"928172036526040104/A78A9364C57EF1975CB65F4756DBD8884C7F8675/","s":[{"p":[0,0,0],"r":[0,0,0],"s":[0.9044103,0.01,1.181034],"c":[1,1,1]}]}]}