{"n":"hinge","v":3,"a":[30],"p":[{"b":14,"a":[23],"su":[{"i":"5a517975e1e6730ee018b09b","t":"5a517c1a6aa57c1a77b5b503","p":[0.6035295,0.8320857,-0.1485324],"r":[2.075249E-06,180,90]}],"s":[{"p":[-0.05034614,-0.03849461,-0.01651219],"r":[0.5056151,357.1671,352.2643],"s":[0.06001621,0.0601114,0.06005673],"c":[0.5555556,0.5555556,0.5555556],"b":["when any part pointed at then become 2 in 2","when any part pointed at then play door rattling"]},{"p":[-0.05231777,-0.04040206,-0.01951081],"r":[0.4816758,357.1986,127.2487],"s":[0.0600149,0.06011102,0.06005767],"c":[0.5555556,0.5555556,0.5555556],"b":["when starts then become 3 in 2"]},{"p":[-0.05086135,-0.03941818,-0.01927942],"r":[0.8018416,357.3925,127.379],"s":[0.06001447,0.06011017,0.06005663],"c":[0.5555556,0.5555556,0.5555556],"b":["when starts then become 1 in 2","when starts then play door screeching and squeaking"]}]}]}