{"n":"thing","v":3,"a":[1],"p":[{"b":147,"t":1,"s":[{"p":[0.07547661,0.02514815,-0.5180065],"r":[74.02831,13.34125,281.3291],"s":[0.09000017,0.09000025,0.04679523],"c":[0.7777778,0.7777778,0.7777778]}]},{"b":50,"t":1,"t1":4,"s":[{"p":[0.2193539,0.0230817,-0.1359931],"r":[1.581148,11.87416,16.21206],"s":[0.3442288,0.3301428,0.5497408],"c":[0.7777778,0.7777778,0.7777778],"t1":{"c":[0.3333333,0.3333333,0.3333333],"x":0.17,"y":0.17,"a":0.69625,"m":0.5,"n":0.5,"r":0,"g":0,"o":0.5,"t":0.5,"e":0.5}}]}]}