{"n":"door","v":3,"a":[7,18],"p":[{"s":[{"p":[-0.8605645,-0.2431937,2.980232E-08],"r":[-8.964213E-08,-8.964216E-08,270],"s":[0.707425,0.04366847,1.518532],"c":[1,1,1]}]},{"b":3,"s":[{"p":[-0.8425298,-0.06440789,-0.1833798],"r":[-2.189484E-13,-2.871162E-20,180],"s":[0.03911991,0.03130933,0.0750166],"c":[0.5555556,0.5555556,0.5555556]}]}]}