{"n":"thing","v":3,"a":[7,18],"p":[{"s":[{"p":[0,0,0],"r":[0,0,0],"s":[1.403053,0.08723705,0.6346864],"c":[0.6666667,0.5693122,0.5185186]}]}]}