{"n":"thing","v":3,"a":[22,20],"p":[{"s":[{"p":[0,0,0],"r":[0,0,0],"s":[0.005,150,150],"c":[0.4444442,0.4444442,0.4444442]}]}]}