{"n":"thing","v":3,"p":[{"im":"922542758748885775/82002171AE998263417BB846A58A3616E4FA859F/","s":[{"p":[0,0,0],"r":[0,0,0],"s":[0.8945621,0.01,0.5019488],"c":[1,1,1]}]}]}