{"n":"thing","v":3,"a":[12],"p":[{"b":5,"t":8,"a":[8,12],"s":[{"p":[0,0,0],"r":[0,0,-3.415094E-06],"s":[0.005000007,0.005000007,0.005000009],"c":[1,1,1]}]},{"t":8,"a":[9,12],"s":[{"p":[7.906905E-05,-0.004129317,-0.009588474],"r":[355.7864,269.8439,1.674675],"s":[0.005000005,0.09512325,0.07439751],"c":[1,1,1]}]}]}