{"n":"thing","v":3,"p":[{"b":131,"e":"To your far right, you'll find 3\nswitches to control the mode.\nRed: melee\nBlue: sword and shield\nGreen: Ranged","s":[{"p":[-0.02696893,-0.3291161,0.06335258],"r":[37.02008,354.4405,354.3824],"s":[0.001000005,0.001000002,0.001000004],"c":[0,0,0],"b":["when told by any yes1 then become 2 in 16s"]},{"p":[-0.0258032,-0.3265663,0.06519806],"r":[37.58338,354.5416,355.144],"s":[0.001000002,0.001,0.001000002],"c":[0,0,0],"b":["when starts then become next"]},{"p":[0.01250396,0.09916395,0.1760704],"r":[1.169827,3.297461,0.6844529],"s":[0.002969777,0.002969763,0.002969777],"c":[0,0,0],"b":["when starts then become next in 14s","when starts then tell any screenopen"]},{"p":[0.02172046,0.101329,0.16018],"r":[358.99,1.508465,0.5955144],"s":[0.002866084,0.002866072,0.002866083],"c":[0.1111109,0.1111109,0.1111109],"b":["when starts then become next","when starts then tell screenopen"]}]}]}