{"n":"thing","v":3,"inc":[["thing","5a582aa4c037a197047fd1c4"]],"p":[{"b":4,"t":8,"a":[12,14],"s":[{"p":[-0.08562852,-0.0299129,-0.8019502],"r":[358.2333,350.8189,342.2319],"s":[0.03715067,0.01894604,0.005000009],"c":[1,1,1],"b":["when starts then emit gravity-free thing with 0","when starts then become next in 0s"]},{"p":[-0.07003058,-0.03063055,-0.7799107],"r":[351.7277,0.4016831,327.3368],"s":[0.03832386,0.005000014,0.02981161],"c":[1,1,1],"b":["when starts then become previous in 30s"]}]}]}