{"n":"thing","v":2,"a":[7,18],"p":[{"b":40,"t":1,"s":[{"p":[0,0,0],"r":[0,0,0],"s":[0.7974299,0.3963193,1.524331],"c":[0.3333331,0.1629627,0.07407389]}]},{"b":40,"t":1,"s":[{"p":[-0.04584599,1.192093E-07,-0.7548176],"r":[0,0,-5.008957E-06],"s":[0.797331,0.3963855,1.524782],"c":[0.3333331,0.1629627,0.07407389]}]},{"b":40,"t":1,"s":[{"p":[-0.2608872,3.576279E-06,-1.993699],"r":[0,0,-5.008957E-06],"s":[1.823249,0.3965003,1.525236],"c":[0.3333331,0.1629627,0.07407389]}]},{"b":40,"t":1,"s":[{"p":[0.04414464,-1.192093E-07,1.36536],"r":[0,0,-5.008957E-06],"s":[0.7977481,0.3964154,0.5547937],"c":[0.3333331,0.1629627,0.07407389]}]}]}