{"n":"thing","v":3,"a":[12],"p":[{"b":4,"a":[8],"s":[{"p":[0,0,0],"r":[0,0,0],"s":[0.125,0.125,0.1249999],"c":[1,1,1]}]},{"b":14,"s":[{"p":[0.01480919,-0.1787835,-0.04420098],"r":[272.9158,322.3388,2.189383],"s":[0.03867834,0.05815797,0.06000276],"c":[1,1,1]}]}]}