{"n":"thing","v":3,"a":[7],"p":[{"b":94,"e":"LAB","s":[{"p":[0.0300095,-0.0376153,-0.002933491],"r":[-1.001791E-05,0,0],"s":[0.1011542,0.101154,0.1011542],"c":[0.4823529,0.07450966,0.0901959]}]},{"s":[{"p":[0.9918354,-0.7465233,0.04755998],"r":[270,270,0],"s":[0.09561911,2.261054,0.9313446],"c":[0.8352941,0.7921569,0.7843137]}]},{"s":[{"p":[0.9918357,-0.7465236,0.05390191],"r":[270,270,0],"s":[0.09562114,2.273236,0.9534637],"c":[0.4823529,0.07450966,0.0901959]}]}]}