{"n":"thing","v":2,"a":[7,18],"p":[{"t1":65,"s":[{"p":[0,0,0],"r":[0,0,0],"s":[4.64244,5.567649,0.1925773],"c":[0.8888889,0.7026455,0.2962957],"t1":{"c":[0,0,0],"x":0.07753181,"y":0.08630371,"a":0.5731889,"m":0,"n":0,"r":0,"g":0,"o":0.5,"t":0.5,"e":0.5}}]}]}