{"n":"thing","v":2,"a":[7],"p":[{"b":5,"s":[{"p":[0,0,0],"r":[0,0,0],"s":[1.132101,1.035986,0.009133033],"c":[1,1,1]}]}]}