{"n":"thing","v":3,"a":[22],"p":[{"b":11,"s":[{"p":[-0.004431605,0.907087,0.4808635],"r":[0,180,180],"s":[0.005031913,0.2048868,0.1253594],"c":[1,1,1]}]}]}