{"n":"tree","v":3,"a":[5,34],"p":[{"b":167,"t1":39,"s":[{"p":[0,0,0],"r":[-6.361109E-15,-4.268868E-07,-1.707547E-06],"s":[0.4380737,0.4380726,0.4380744],"c":[0.1523807,0.3333331,0],"t1":{"c":[0.07089943,0.3333333,0.03703704],"x":0.5,"y":0.5,"a":0.8925,"m":0,"n":0,"r":0,"g":0,"o":0.5,"t":0.5,"e":0.5}}]},{"b":166,"s":[{"p":[-0.4974476,1.108594,-1.092873],"r":[32.90556,258.6824,214.9525],"s":[0.1799033,0.3062665,0.1753974],"c":[0.2222221,0.1742503,0.1234567]}]}]}