{"n":"thing","v":3,"a":[7],"p":[{"s":[{"p":[0,0,0],"r":[0,0,0],"s":[18.56845,0.00905813,23.99452],"c":[0.2507936,0.111111,0.3333332]}]}]}