{"n":"thing","v":2,"a":[22,18,31],"p":[{"b":73,"s":[{"p":[-0.06199288,0.06125898,-0.01193316],"r":[351.8544,357.0878,45.29283],"s":[0.2250062,0.2249978,0.2250044],"c":[0.4444443,0.4444443,0.4444443]}]},{"b":5,"s":[{"p":[-0.06111512,0.05922022,-0.02212246],"r":[351.8544,357.0878,45.29283],"s":[0.08217466,0.08431973,0.005000103],"c":[0.2222221,0.2222221,0.2222221]}]},{"b":16,"s":[{"p":[-0.1089403,0.1625665,0.01740034],"r":[22.55013,270.4951,166.3251],"s":[0.02584553,0.02584501,0.02585494],"c":[0.3333332,0.3333332,0.3333332]}]}]}