{"n":"grass","v":3,"a":[7,18],"p":[{"t1":39,"s":[{"p":[0,0,0],"r":[0,0,0],"s":[41.22655,0.1750014,14.64124],"c":[0.1523808,0.3333332,0],"t1":{"c":[0.07089943,0.3333333,0.03703704],"x":0.5,"y":0.5,"a":0.8925,"m":0,"n":0,"r":0,"g":0,"o":0.5,"t":0.5,"e":0.5}}]}]}