{"n":"brain","v":3,"a":[21,31],"p":[{"b":9,"t":9,"t1":43,"s":[{"p":[0,0,0],"r":[0,0,0],"s":[0.09023514,0.06931726,0.06931722],"c":[0.9936507,0.7777778,1],"t1":{"c":[0.4402115,0.2962962,0.4444444],"x":0.5,"y":0.5,"a":0.8925,"m":0,"n":0,"r":0,"g":0,"o":0.5,"t":0.5,"e":0.5}}]},{"b":14,"t":9,"t1":43,"s":[{"p":[0.07611236,0.002453182,-0.05797692],"r":[345.8698,312.4532,314.2564],"s":[0.004255107,0.0132196,0.01014801],"c":[0.9936507,0.7777778,1],"t1":{"c":[0.4402115,0.2962962,0.4444444],"x":0.5,"y":0.5,"a":0.8925,"m":0,"n":0,"r":0,"g":0,"o":0.5,"t":0.5,"e":0.5}}]},{"b":14,"t":9,"t1":43,"s":[{"p":[0.06534585,0.006572798,-0.05763183],"r":[350.7878,323.9763,318.0413],"s":[0.004255111,0.01321961,0.01014803],"c":[0.9936507,0.7777778,1],"t1":{"c":[0.4402115,0.2962962,0.4444444],"x":0.5,"y":0.5,"a":0.8925,"m":0,"n":0,"r":0,"g":0,"o":0.5,"t":0.5,"e":0.5}}]},{"b":14,"t":9,"t1":43,"s":[{"p":[0.07843946,-0.008502446,-0.05507071],"r":[332.7786,304.655,309.8458],"s":[0.004255117,0.01321961,0.01014804],"c":[0.9936507,0.7777778,1],"t1":{"c":[0.4402115,0.2962962,0.4444444],"x":0.5,"y":0.5,"a":0.8925,"m":0,"n":0,"r":0,"g":0,"o":0.5,"t":0.5,"e":0.5}}]}]}