{"n":"phillip irl","v":3,"a":[2],"p":[{"t":3,"im":"904528168693451824/D0859929F2CD31AFFFC5F337B1E8CB2FDA4B3015/","s":[{"p":[0,0,0],"r":[0,0,0],"s":[1.53127,0.01,2.051585],"c":[1,1,1]}]}]}