{"n":"thing","v":2,"a":[7,18],"p":[{"t":8,"a":[12],"s":[{"p":[0,0,0],"r":[0,0,0],"s":[2.858868,1.136714,15.30125],"c":[1,1,1]}]}]}