{"n":"thing","v":3,"a":[7,18],"p":[{"s":[{"p":[0,0,0],"r":[0,0,0],"s":[2.189476,3.41965,0.1895355],"c":[0.2117645,0.1882351,0.470588]}]}]}