{"n":"thing","v":2,"p":[{"s":[{"p":[0,0,0],"r":[0,0,0],"s":[2.566786,1.51183,0.1750001],"c":[1,1,1]}]}]}