{"n":"thing","v":3,"a":[20],"inc":[["thing","5a5998a1f0e1545e131f208c"],["thing 2","5a5ac3d64b2dc38b15545c69"]],"p":[{"b":4,"t":8,"a":[12,14],"s":[{"p":[0,0,0],"r":[0,0,0],"s":[0.03161313,0.027366,0.0491601],"c":[1,1,1],"b":["when starts then become next in 0s","when starts then emit gravity-free thing 2 with 0"]},{"p":[0,0,0],"r":[0,0,0],"s":[0.03161313,0.027366,0.0491601],"c":[1,1,1],"b":["when starts then become previous in 30s"]}]}]}