{"n":"thing","v":3,"a":[7,18],"p":[{"b":90,"e":"BODY","s":[{"p":[0,0,0],"r":[0,0,0],"s":[0.01859237,0.0185925,0.01859245],"c":[0,0,0]}]},{"b":90,"e":"GAUNTLET LEFT","s":[{"p":[0.3712154,-0.8368171,-0.3239381],"r":[0,0,0],"s":[0.003000196,0.003000218,0.00300008],"c":[0,0,0]}]},{"b":90,"e":"GAUNTLET RIGHT","s":[{"p":[-0.2121917,-0.836817,-0.272415],"r":[1.001791E-05,-1.751587E-12,-1.001791E-05],"s":[0.003,0.003000113,0.003000193],"c":[0,0,0]}]}]}