{"n":"water effect cube","v":3,"a":[7,18],"p":[{"t":8,"a":[12],"s":[{"p":[-0.4050703,-3.5211,-1.832086],"r":[353.8931,310.4062,3.435074],"s":[0.1750006,0.1750004,0.1750011],"c":[1,1,1],"b":["when starts then become 3 in 0s"]},{"p":[-0.4050703,-3.5211,-1.832086],"r":[353.8931,310.4062,3.435074],"s":[0.1750006,0.1750004,0.1750011],"c":[1,1,1],"b":["when starts then become 3 in 0s"]},{"p":[-0.4050703,-3.5211,-1.832086],"r":[353.8931,310.4062,3.435074],"s":[0.1750006,0.1750004,0.1750011],"c":[1,1,1],"b":["when starts then play wading through water with 30","when starts then become 1 in 3s"]}]}]}