{"n":"thing","v":2,"a":[7,18],"p":[{"b":5,"t":2,"s":[{"p":[0,0,0],"r":[0,0,0],"s":[0.1977585,0.1005807,0.1015012],"c":[1,0,0]}]},{"b":5,"t":2,"s":[{"p":[-2.980232E-08,0,0.002692342],"r":[0,0,-8.537737E-06],"s":[0.182686,0.09745866,0.1015091],"c":[0,0,0]}]}]}