{"n":"thing","v":3,"a":[8],"p":[{"b":3,"t":3,"s":[{"p":[0,0,0],"r":[0,0,0],"s":[0.8513623,0.7859999,0.1250006],"c":[1,1,1]}]},{"b":3,"t":3,"s":[{"p":[5.004921,-1.658747,-0.7453322],"r":[11.13424,3.455571,34.92781],"s":[0.8513631,0.7860013,0.1250008],"c":[1,1,1]}]},{"b":3,"t":3,"s":[{"p":[2.061749,3.251365,0.3733084],"r":[11.48605,17.86687,40.15076],"s":[0.8513634,0.7860016,0.1250009],"c":[1,1,1]}]}]}