{"n":"waterfall","v":2,"a":[7,18],"p":[{"b":5,"t":8,"a":[12],"s":[{"p":[0,0,0],"r":[0,0,0],"s":[0.1250078,0.1250074,0.1250081],"c":[1,1,1]}]}]}