{"n":"thing","v":3,"a":[7,18],"p":[{"t":8,"a":[12],"s":[{"p":[0,0,0],"r":[0,0,0],"s":[9.358087,0.1750041,10.32546],"c":[1,1,1]}]},{"b":60,"t":18,"s":[{"p":[0.06698895,-0.06781606,-0.0168123],"r":[-1.628444E-12,0,0],"s":[9.617824,0.246289,10.29174],"c":[0,0,0]}]}]}