{"n":"hello table","v":3,"a":[22,16],"p":[{"t":1,"t1":43,"s":[{"p":[0.07234956,-0.01052099,0.4055137],"r":[22.50002,90.00001,90],"s":[0.6128677,0.7298549,1.48896],"c":[0.6666667,0.6666667,0.6666667],"t1":{"c":[1,1,1],"x":0.5,"y":0.5,"a":0.8925,"m":0,"n":0,"r":0,"g":0,"o":0.5,"t":0.5,"e":0.5}}]}]}