{"n":"thing","v":2,"p":[{"s":[{"p":[0.1400209,0.185234,-0.1402812],"r":[9.731833,357.4709,358.2224],"s":[2.599696,2.288769,1.876702],"c":[0.4571431,0,1]}]},{"b":2,"s":[{"p":[-0.06601048,0.0930813,0.947785],"r":[9.547926,356.9865,356.0462],"s":[1.38464,1.172042,0.3938287],"c":[1,1,1]}]}]}