{"n":"thing","v":2,"p":[{"s":[{"p":[0,0,0],"r":[0,0,0],"s":[37.25719,0.005000002,150],"c":[1,1,1]}]}]}