{"n":"thing","v":3,"a":[31],"p":[{"b":9,"s":[{"p":[0,0,0],"r":[0,0,-4.268868E-07],"s":[0.1250001,0.1250001,0.1250001],"c":[0,1,1],"b":["when touched then play banjo pluck, then become 2 in 0.2s"]},{"p":[0,0,0],"r":[0,0,-4.268868E-07],"s":[0.1250001,0.1250001,0.1250001],"c":[0,1,1],"b":["when starts then play birds, then become 3 in 0.2s"]},{"p":[0,0,0],"r":[0,0,-4.268868E-07],"s":[0.1250001,0.1250001,0.1250001],"c":[0,1,1],"b":["when starts then play whoosh, then become 4 in 0.2s"]},{"p":[0,0,0],"r":[0,0,-4.268868E-07],"s":[0.1250001,0.1250001,0.1250001],"c":[0,1,1],"b":["when starts then play wind, then become 1 in 0.2s"]}]}]}