{"n":"thing","v":3,"a":[7],"p":[{"t":20,"pr":40,"t1":52,"s":[{"p":[0,0,0],"r":[0,0,0],"s":[150,150,0.02203794],"c":[1,1,1],"t1":{"c":[1,1,1],"x":0.5,"y":0.5,"a":0.8925,"m":0,"n":0,"r":0,"g":0,"o":0.5,"t":0.5,"e":0.5},"pr":{"c":[1,1,1],"m":1,"a":1,"s":0,"z":0.41695,"g":0.5,"h":0.5}}]}]}