{"n":"thing","v":3,"a":[6,7,18],"p":[{"b":4,"t":8,"a":[11,12],"su":[{"i":"5a62fbda63ff9f2fb4065d90","t":"5a62fc4e9dac09d90f5f3744","p":[0.0002993345,0.02885249,0.2610503],"r":[45.00001,-9.659345E-06,315]}],"s":[{"p":[0,0,0],"r":[0,0,0],"s":[0.1250021,0.125001,0.1250022],"c":[1,1,1],"b":["when starts then become next in 2s"]},{"p":[0,3.72529E-09,0.04000092],"r":[0,0,90.00001],"s":[0.1250021,0.125001,0.1250022],"c":[1,1,1],"b":["when starts then become next in 2s"]},{"p":[0,0,0],"r":[0,0,180],"s":[0.1250021,0.125001,0.1250022],"c":[1,1,1],"b":["when starts then become next in 2s"]},{"p":[0,3.72529E-09,0.04000092],"r":[0,0,270],"s":[0.1250021,0.125001,0.1250022],"c":[1,1,1],"b":["when starts then become next in 2s"]}]}]}