{"n":"thing","v":2,"a":[8],"p":[{"b":3,"t":3,"s":[{"p":[0,0,0],"r":[0,0,-2.668042E-08],"s":[0.03427713,0.3580813,0.1250002],"c":[0.7777778,0.6148147,0.259259]}]}]}