{"n":"bulb","v":2,"a":[2,22,15],"p":[{"b":3,"t":4,"s":[{"p":[0,0,0],"r":[0,0,0],"s":[0.05281962,0.05281993,0.05281985],"c":[0.9555555,1,0.7777778]}]},{"b":5,"t":3,"s":[{"p":[0.0285022,-0.002144516,-0.02177478],"r":[5.127612E-07,315,1.016199E-05],"s":[0.0269036,0.02851354,0.07503346],"c":[0.3333332,0.3333332,0.3333332]}]}]}