{"n":"thing","v":3,"p":[{"su":[{"i":"5a63913b06373520808d166a","t":"5a63913e42da095714f88e2c","p":[-0.06494734,-0.2137215,-1.453033],"r":[352.1806,109.4345,64.23596]}],"s":[{"p":[0,0,0],"r":[0,0,0],"s":[0.1750002,0.1750001,0.1750002],"c":[1,1,1]}]}]}