{"n":"shit","v":3,"p":[{"b":9,"t":2,"s":[{"p":[0,0,0],"r":[0,0,-1.707547E-06],"s":[0.4100167,0.2001299,0.2368204],"c":[0.1142855,1,0]}]},{"b":9,"t":2,"s":[{"p":[0.5943935,-0.3117432,0.01111573],"r":[355.5026,9.781302,305.4171],"s":[0.4100176,0.20013,0.3633188],"c":[0.1142855,1,0]}]}]}