{"n":"goback1","v":2,"p":[{"t":2,"s":[{"p":[0,0,0],"r":[0,0,1.067217E-07],"s":[0.1750011,0.01497537,0.1750009],"c":[1,0,0.3428572]}]}]}