{"n":"thing","v":2,"a":[7],"p":[{"t":1,"s":[{"p":[0,0,0],"r":[0,0,0],"s":[7.901809,11.80214,0.3931105],"c":[0.7777778,0.7777778,0.7777778]}]}]}