{"n":"thing","v":3,"a":[22],"p":[{"t":11,"s":[{"p":[0,0,0],"r":[0,0,0],"s":[0.560456,0.1751864,0.3529616],"c":[0.333333,0.333333,0.333333]}]}]}