{"n":"thing","v":2,"p":[{"b":9,"t":2,"s":[{"p":[0,0,0],"r":[0,0,-4.268868E-07],"s":[0.7904769,0.4815978,0.7904773],"c":[0.1142855,1,0]}]}]}