{"n":"sponge","v":3,"a":[2,3],"p":[{"b":150,"a":[5,23],"pr":26,"t1":73,"t2":58,"s":[{"p":[0,0,0],"r":[0,0,0],"s":[0.03674319,0.03709107,0.02415774],"c":[0.8634921,0.8888889,0],"b":["when consumed then play bite","when consumed then destroy all parts"],"t1":{"c":[0.7555556,0.7777778,0],"x":0.5,"y":0.5,"a":0.8925,"m":0,"n":0,"r":0,"g":0,"o":0.5,"t":0.5,"e":0.5},"t2":{"c":[0.6666667,0,0],"x":0.5,"y":0.5,"a":0.8925,"m":0,"n":0,"r":0,"g":0,"o":0.5,"t":0.5,"e":0.5},"pr":{"c":[0,0.8888889,0.8126984],"a":0.6646029}},{"p":[0,0,0],"r":[0,0,0],"s":[0.03674319,0.03709107,0.02415774],"c":[0.8634921,0.8888889,0],"t1":{"c":[0.7555556,0.7777778,0],"x":0.5,"y":0.5,"a":0.8925,"m":0,"n":0,"r":0,"g":0,"o":0.5,"t":0.5,"e":0.5},"t2":{"c":[0.6666667,0,0],"x":0.5,"y":0.5,"a":0.8925,"m":0,"n":0,"r":0,"g":0,"o":0.5,"t":0.5,"e":0.5},"pr":{"c":[0,0.8888889,0.8126984],"a":0.6646029}}]},{"b":73,"t":7,"a":[5],"s":[{"p":[0,0,0],"r":[325.1266,219.4902,173.6257],"s":[0.005000004,0.005000003,0.005000001],"c":[0.09876516,0.8888889,0.8211641],"b":["when triggered then become 2 in .0001"]},{"p":[0,0,0],"r":[317.9022,235.009,172.5616],"s":[3.861194,3.861194,3.861194],"c":[0.09876522,0.8888889,0.8211641],"b":["when starts then become 1 in .0001"]}]}]}