{"n":"shit","v":3,"p":[{"b":9,"t":2,"s":[{"p":[0,0,0],"r":[0,0,0],"s":[0.4922917,0.1605739,1.305148],"c":[0.1142855,1,0]}]}]}