{"n":"thing","v":2,"p":[{"b":131,"e":"[VERY GLITCHY]","s":[{"p":[0,0,0],"r":[0,0,0],"s":[0.003000003,0.003000005,0.003000004],"c":[1,1,1]}]}]}