{"n":"board","v":2,"a":[7],"p":[{"b":10,"s":[{"p":[-0.04036141,-0.2048779,0.007264704],"r":[0,0,0],"s":[0.5870295,0.1250051,0.1250021],"c":[0.6666667,0.5714286,0]}]},{"b":10,"s":[{"p":[-0.06003,-0.4151641,0.00558722],"r":[0,0,0],"s":[0.5870772,0.1250084,0.1250045],"c":[0.6666667,0.5714286,0]}]},{"b":10,"s":[{"p":[-0.0801983,-0.6312056,0.002361119],"r":[0,0,5.008957E-06],"s":[0.587164,0.1250175,0.1250143],"c":[0.6666667,0.5714286,0]}]},{"b":10,"s":[{"p":[-0.002788544,-0.0006542207,0.00020355],"r":[0,0,5.008957E-06],"s":[0.5870195,0.1250056,0.1250051],"c":[0.6666667,0.5714286,0]}]}]}