{"n":"body","v":3,"p":[{"b":9,"s":[{"p":[0,0,0],"r":[0,0,0],"s":[0.2248568,0.1441234,0.3544899],"c":[0.9714285,0,1]}]}]}