{"n":"friends1","v":2,"p":[{"t":2,"s":[{"p":[0,0,0],"r":[0,0,0],"s":[0.1750014,0.005000001,0.1750015],"c":[1,0,0.3428572]}]}]}