{"n":"thing","v":2,"p":[{"s":[{"p":[0,0,0],"r":[0,0,0],"s":[0.9822807,0.06126769,0.02052085],"c":[1,1,1]}]}]}