{"n":"thing","v":3,"a":[7,18],"p":[{"t":20,"s":[{"p":[0,0,2.515543],"r":[0,0,8.537737E-06],"s":[5.840426,0.005001808,1.474776],"c":[0,0.9142855,1],"b":["when starts then become next in 23"]},{"p":[-83.96334,0,3.734673],"r":[0,0,0],"s":[6.143855,0.005013466,1.951948],"c":[0,0.9142855,1],"b":["when starts then become next in .01"]}]}]}