{"n":"thing","v":3,"a":[7,18],"p":[{"t":20,"s":[{"p":[0,0,-1.880121],"r":[0,0,-1.024528E-05],"s":[8.500556,0.005002124,1.83517],"c":[0.8888889,0.6095237,0],"b":["when starts then become next in 20"]},{"p":[-83.96334,3.027916E-05,-2.096756],"r":[0,0,-1.024528E-05],"s":[6.143355,0.005012877,1.951813],"c":[0.8888889,0.6095237,0],"b":["when starts then become next in .01"]}]}]}