{"n":"thing","v":3,"a":[7,18],"p":[{"t":20,"s":[{"p":[0,0,-3.215982],"r":[0,0,0],"s":[8.499557,0.005001585,1.474751],"c":[0.2539681,0.5555556,0],"b":["when starts then become next in 24.7"]},{"p":[-83.96334,7.390976E-06,-3.437668],"r":[0,0,-1.024528E-05],"s":[6.143161,0.005012832,1.951802],"c":[0.2539681,0.5555556,0],"b":["when starts then become next in .01"]}]}]}