{"n":"thing","v":2,"p":[{"b":121,"e":"[TYPED]","s":[{"p":[0,0,0],"r":[0,0,2.134434E-07],"s":[0.00300002,0.00300001,0.003000018],"c":[1,1,1]}]},{"b":68,"s":[{"p":[0.05332071,-0.2458485,0.004619762],"r":[278.623,28.849,329.814],"s":[0.1000005,0.1000004,0.1000003],"c":[1,1,1],"b":["when touched then show chat keyboard"]}]}]}