{"n":"thing","v":2,"p":[{"b":14,"s":[{"p":[0,0,0],"r":[3.415094E-06,8.537736E-07,1.707547E-06],"s":[0.06,0.06000002,0.06000004],"c":[1,1,1]}]},{"b":14,"s":[{"p":[-0.1920947,-0.03105927,-0.04950491],"r":[358.3391,323.3867,3.021965],"s":[0.05999999,0.06,0.05999999],"c":[1,1,1]}]},{"b":8,"s":[{"p":[-0.03801351,0.009349629,-0.2700545],"r":[77.27697,102.9301,85.86017],"s":[0.125,0.125,0.125],"c":[1,1,1]}]},{"b":51,"s":[{"p":[-0.06341931,0.07768472,-0.1691403],"r":[349.4099,78.00043,16.93986],"s":[0.1250001,0.125,0.1250001],"c":[1,1,1]}]}]}