{"n":"thing","v":2,"p":[{"b":94,"e":"HELLO, WELCOME TO THE BUILD HUB.","s":[{"p":[0,0,0],"r":[0,0,0],"s":[0.01131571,0.0113157,0.0113157],"c":[1,1,1]}]},{"b":94,"e":"HERE YOU CAN BUILD OR LEARN HOW TO BUILD YOUR OWN HELLO PEOPLE","s":[{"p":[0.2327126,-0.2687593,0.01703788],"r":[6.256543,1.674301,359.3734],"s":[0.003945585,0.003945584,0.003945584],"c":[1,1,1]}]}]}