{"n":"thing","v":2,"p":[{"b":3,"s":[{"p":[0,0,0],"r":[0,0,0],"s":[0.007693213,0.01901062,0.007923295],"c":[0,0,0]}]}]}