{"n":"thing","v":2,"a":[22],"p":[{"b":60,"t":1,"s":[{"p":[0,0,0],"r":[0,0,0],"s":[0.607101,0.1250159,1.677115],"c":[0.3333332,0.3333332,0.3333332]}]},{"b":60,"t":1,"s":[{"p":[-0.006754696,0.02767038,0.1329736],"r":[315,2.6138E-06,2.6138E-06],"s":[0.4414283,0.1250697,0.1250456],"c":[0.3333332,0.3333332,0.3333332]}]}]}