{"n":"thing","v":2,"p":[{"b":4,"s":[{"p":[0,0,0],"r":[0,0,0],"s":[0.01552049,0.01510609,0.05848223],"c":[1,0.6857142,0]}]},{"b":174,"s":[{"p":[0.003494461,0.003392285,-0.04589731],"r":[31.73895,91.45447,265.8291],"s":[0.01088853,0.01168806,0.01147513],"c":[0.1142856,1,0]}]}]}