{"n":"thing","v":2,"a":[7,18,21],"p":[{"a":[5],"s":[{"p":[0,0,0],"r":[0,0,0],"s":[20295.43,20720.01,16.86454],"c":[0.4444443,1,0.952381]}]}]}