{"n":"thing","v":3,"a":[7,18],"p":[{"b":5,"t":16,"t1":168,"s":[{"p":[0,0,0],"r":[0,0,0],"s":[0.1003894,0.1001223,0.08139125],"c":[1,0.1714284,0],"t1":{"c":[0,0,0],"a":0.05}}]}]}