{"n":"thing","v":2,"p":[{"s":[{"p":[0,0,0],"r":[0,0,0],"s":[11.02872,0.193577,36.42744],"c":[1,1,1]}]}]}