{"n":"thing","v":2,"p":[{"b":5,"a":[3],"pr":38,"s":[{"p":[0,0,0],"r":[0,0,0],"s":[0.01555398,0.01555391,0.01555397],"c":[0.2962961,0.4317457,0.8888889],"pr":{"c":[0.2592592,0.3777776,0.7777778],"m":0.9587109,"a":0.25,"s":0,"z":0.1,"g":0.1,"h":0.6}}]}]}