{"n":"thing","v":3,"p":[{"s":[{"p":[0.002013088,-0.006377337,-0.01665271],"r":[2.353615,0.1991585,359.0666],"s":[0.1233371,0.1226402,0.1212789],"c":[1,1,1]}]}]}