{"n":"plant","v":2,"p":[{"b":5,"s":[{"p":[0,0,0],"r":[0,0,0],"s":[0.01709018,0.01779548,0.8799422],"c":[0.3333332,0.2910052,0.03703704]}]},{"b":5,"s":[{"p":[0.008028461,-0.02322324,-0.1314958],"r":[356.9576,1.360916,351.9091],"s":[0.1301559,0.1329684,0.3404767],"c":[1,0.7555555,0.2222221]}]},{"b":58,"s":[{"p":[0.01140649,-0.008765277,0.01438958],"r":[84.04353,57.58897,56.56905],"s":[0.1851767,0.1250001,0.183909],"c":[1,0.7555555,0.2222221]}]},{"b":16,"a":[3],"s":[{"p":[0.01875911,-0.01456752,0.02047365],"r":[45.77985,273.6011,93.37791],"s":[0.1136007,0.1136007,0.1136007],"c":[0.222222,0.1523808,0]}]}]}