{"n":"thing","v":3,"a":[7,18],"p":[{"b":4,"t":8,"a":[12,14],"pr":35,"s":[{"p":[0,0,0],"r":[0,0,4.378969E-13],"s":[0.005566508,0.006502092,0.009718602],"c":[1,1,1],"pr":{"c":[0.5555556,0.5555556,0.5555556],"m":0.3753643,"a":0.03220057,"s":0.1548888,"z":0.2736065,"g":0.4405723,"h":0.5}}]}]}