{"n":"thing","v":2,"p":[{"s":[{"p":[0,0,0],"r":[0,0,-2.134434E-07],"s":[0.8358916,0.005,0.9233802],"c":[1,1,1]}]}]}