{"n":"thing","v":3,"p":[{"b":9,"a":[3],"s":[{"p":[0.109553,0.1511739,-0.02392937],"r":[299.774,268.2415,42.95],"s":[0.1250003,0.1250007,0.125001],"c":[0.1904759,0.6666667,0],"b":["when touched then become 2 in 1s"]},{"p":[-0.1673554,0.1720648,0.2125672],"r":[329.0371,63.9185,335.1623],"s":[0.008834193,0.00883416,0.008834213],"c":[0.1904759,0.6666667,0],"b":["when touch ends then become 1 in 1s"]}]}]}