{"n":"thing","v":3,"a":[21],"p":[{"b":10,"t":2,"pr":1,"t1":10,"s":[{"p":[0,0,0],"r":[-3.415094E-06,1.017777E-13,-3.415094E-06],"s":[0.1355637,0.1355634,0.1355642],"c":[1,1,1],"t1":{"c":[0.2126983,1,0.1111111],"a":0},"pr":{"c":[0.311111,1,0.2222221],"m":0.25,"a":0.25,"s":0.15,"z":0.25,"g":0.5,"h":0.25}}]}]}