{"n":"thing","v":3,"a":[22],"p":[{"s":[{"p":[0,0,0],"r":[0,0,0],"s":[0.04169335,0.04967818,0.06001137],"c":[1,1,1],"b":["when starts then tell any rst","when starts then become next in 29s"]},{"p":[0,0,0],"r":[0,0,0],"s":[0.04169335,0.04967818,0.06001137],"c":[1,1,1],"b":["when starts then become next in 0s"]}]}]}