{"n":"vs1","v":3,"a":[22,12],"p":[{"t":9,"a":[1],"t1":168,"s":[{"p":[0,0,0],"r":[0,0,0],"s":[1.782581,0.03517076,1.245274],"c":[0,0,0],"b":["when starts then call me vs1"],"t1":{"c":[0,0.05714234,1],"a":0.05}}]}]}