{"n":"thing","v":3,"a":[22],"p":[{"s":[{"p":[0,0,0],"r":[0,0,0],"s":[8.197199,0.03368402,1.9578],"c":[1,1,1]}]}]}