{"n":"thing","v":2,"a":[22],"p":[{"t":3,"s":[{"p":[0,0,0],"r":[0,0,0],"s":[0.9658352,0.4649447,0.02132599],"c":[0.8888889,0.8578483,0.7901235]}]}]}