{"n":"thing","v":3,"a":[7,13,18,20],"p":[{"t":1,"s":[{"p":[0.6788704,0.0004090667,-0.3765544],"r":[0,0,0],"s":[0.04718947,0.6658398,0.7791404],"c":[0.7777778,0.7777778,0.7777778]}]},{"t":1,"s":[{"p":[-0.6793423,0.0004093051,-0.3811865],"r":[0,0,0],"s":[0.04689186,0.6703902,0.780561],"c":[0.7777778,0.7777778,0.7777778]}]},{"t":1,"s":[{"p":[0.0002789499,0.0005884173,-0.00141716],"r":[0,0,0],"s":[1.407266,0.6766714,0.02700351],"c":[0.7777778,0.7777778,0.7777778]}]}]}