{"n":"thing","v":3,"p":[{"s":[{"p":[0.001109606,0.0009449422,0.03683724],"r":[350.1418,359.9292,12.12732],"s":[0.3718694,0.005000091,0.2990846],"c":[0.4814815,0.1851851,0.5555556]}]},{"s":[{"p":[-0.004235013,-0.004013022,0.007797261],"r":[350.1418,359.9292,12.12732],"s":[0.3308153,0.005000496,0.09246045],"c":[0.8691358,0.8888889,0.1975307]}]}]}