{"n":"thing","v":2,"p":[{"im":"938307758567612199/201644D2F8ECACF88E3FDE2D0FCC19C0BCE01795/","s":[{"p":[0,0,0],"r":[0,0,0],"s":[1.004331,0.005,0.7090816],"c":[1,1,1]}]}]}