{"n":"thing","v":3,"a":[2,12],"inc":[["thing","5a76961dbb9638d70f84aade"]],"p":[{"b":5,"t":1,"s":[{"p":[0,0,0],"r":[0,0,8.537735E-07],"s":[0.005000022,0.005000007,0.323468],"c":[0.4444443,0.4444443,0.4444443],"b":["when touched then emit thing with 100"]}]}]}