{"n":"thing","v":3,"p":[{"b":166,"s":[{"p":[0,0,0],"r":[0,0,0],"s":[0.0311834,0.08653371,0.03056688],"c":[0.3333332,0.2634919,0.111111]}]},{"b":166,"s":[{"p":[0.1694822,0.2571623,0.04138092],"r":[340.7906,356.7326,68.83113],"s":[0.02652867,0.07967602,0.03000013],"c":[0.3333332,0.2634919,0.111111]}]},{"b":166,"s":[{"p":[0.1272831,0.1438413,-0.002869561],"r":[347.6565,13.1336,32.23574],"s":[0.03000024,0.0642335,0.0300002],"c":[0.3333332,0.2634919,0.111111]}]}]}