{"n":"thing","v":3,"p":[{"b":150,"s":[{"p":[0.1689506,-0.4656031,-0.128172],"r":[20.378,66.3587,287.3926],"s":[0.06000027,0.06000015,0.303231],"c":[1,1,1]}]},{"b":150,"t":1,"s":[{"p":[0.300289,0.4064331,-0.9576389],"r":[324.1004,23.70352,203.1263],"s":[1.247441,0.05996265,0.767246],"c":[0.6666667,0.4571426,0]}]}]}