{"n":"thing","v":3,"a":[7,18,21],"p":[{"b":5,"t1":160,"s":[{"p":[0,0,0],"r":[0,0,0],"s":[0.02556004,0.00938013,0.009380348],"c":[0.296296,0.3047614,0.4444441],"t1":{"c":[0,0,0],"x":0.5,"y":0.5,"a":0.8925,"m":0,"n":0,"r":0,"g":0,"o":0.5,"t":0.5,"e":0.5}}]},{"b":5,"s":[{"p":[0.02370775,-4.361798E-09,-0.001238827],"r":[0,0,0],"s":[0.003838856,0.003838294,0.01108109],"c":[0.2222219,0.2222219,0.2222219]}]}]}