{"n":"thing","v":2,"p":[{"b":147,"s":[{"p":[-0.1794441,-0.1520433,-0.277016],"r":[317.8233,0.8074005,354.7058],"s":[0.1783766,0.03183162,0.03281743],"c":[1,1,1]}]},{"b":73,"s":[{"p":[-0.05017493,-0.1626216,-0.271104],"r":[358.8487,236.5377,209.6824],"s":[0.1012246,0.1012247,0.1012246],"c":[1,1,1]}]},{"b":147,"s":[{"p":[0.05672786,-0.1692919,-0.2693374],"r":[317.3454,358.7038,357.3686],"s":[0.1783775,0.03183172,0.03281751],"c":[1,1,1]}]}]}