{"n":"thing","v":3,"a":[7,18],"p":[{"b":167,"t":17,"s":[{"p":[0,0,0],"r":[0,0,0],"s":[0.04500163,0.005000302,0.04212252],"c":[0.4444443,0.4021163,0.148148]}]}]}