{"n":"thing","v":3,"a":[5,22,18],"p":[{"t1":160,"s":[{"p":[0.1316775,-0.01391599,-0.04146266],"r":[45,4.779141E-06,2.046194E-05],"s":[0.2594509,0.005000295,0.1271292],"c":[0.2962962,0.311111,0.3333332],"b":["when told by any fanon then become next in 2"],"t1":{"c":[0,0,0],"x":0.5,"y":0.5,"a":0.8925,"m":0,"n":0,"r":0,"g":0,"o":0.5,"t":0.5,"e":0.5}},{"p":[0.1406008,-0.01391602,-0.04146266],"r":[90,-9.659346E-06,0],"s":[0.2595141,0.005000389,0.1271582],"c":[0.2962961,0.3111109,0.3333331],"b":["when starts then become next in 20s","when starts then play fan with 5 repeats "],"t1":{"c":[0,0,0],"x":0.5,"y":0.5,"a":0.8925,"m":0,"n":0,"r":0,"g":0,"o":0.5,"t":0.5,"e":0.5}},{"p":[0.1406008,-0.01391602,-0.04146266],"r":[90,-9.659345E-06,0],"s":[0.2595141,0.005000389,0.1271582],"c":[0.2962961,0.3111109,0.3333331],"b":["when starts then play gun sizzle cooldown","when starts then become next in 1s"],"t1":{"c":[0,0,0],"x":0.5,"y":0.5,"a":0.8925,"m":0,"n":0,"r":0,"g":0,"o":0.5,"t":0.5,"e":0.5}},{"p":[0.1406008,-0.01391602,-0.04146266],"r":[90,-9.659345E-06,0],"s":[0.2595141,0.005000389,0.1271582],"c":[0.2962961,0.3111109,0.3333331],"b":["when starts then become 1 in 4s"],"t1":{"c":[0,0,0],"x":0.5,"y":0.5,"a":0.8925,"m":0,"n":0,"r":0,"g":0,"o":0.5,"t":0.5,"e":0.5}}]}]}