{"n":"thing","v":3,"a":[7,18,20,36,37],"p":[{"im":"925923059835131582/74CC44D59FFBB37CA0EEF4D0D7F8149FAB3910B3/","s":[{"p":[0,0,0],"r":[0,0,0],"s":[8.418985,0.01,3.367594],"c":[1,1,1]}]}]}