{"n":"thing","v":3,"p":[{"b":3,"s":[{"p":[0,0,0],"r":[0,0,0],"s":[0.1866612,0.1250001,0.125],"c":[1,1,1]}]},{"b":3,"s":[{"p":[-0.008303669,-0.04011626,-0.1161707],"r":[349.3865,2.631563,356.3017],"s":[0.08525716,0.08323866,0.1250002],"c":[1,1,1]}]},{"b":16,"s":[{"p":[-0.01449462,-0.05367236,-0.1890619],"r":[333.0154,261.1072,112.0181],"s":[0.05846463,0.058881,0.0608914],"c":[1,1,1]}]},{"b":5,"s":[{"p":[-0.01355705,0.01603124,-0.1489893],"r":[71.34618,24.21004,290.8859],"s":[0.02248441,0.02138387,0.06317149],"c":[0.2222221,0.6666666,1]}]}]}