{"n":"thing","v":3,"p":[{"b":131,"e":"NOW COMPLETE","s":[{"p":[-0.01159377,-0.01072456,-0.07052165],"r":[2.269165,92.40119,180.8803],"s":[0.002322794,0.002322791,0.002322792],"c":[0,0,0]}]},{"b":2,"t":2,"s":[{"p":[-0.0007646251,0.003215806,0.03460153],"r":[1.069765,183.7659,182.2767],"s":[0.005000049,0.06650442,0.2079953],"c":[0.9714286,1,0]}]}]}