{"n":"thing","v":3,"a":[7,18],"p":[{"b":167,"t":17,"s":[{"p":[0,0,0],"r":[0,0,0],"s":[0.04500623,0.005001494,0.04212782],"c":[0.1622573,0.4444443,0.0493826]}]}]}