{"n":"thing","v":3,"a":[1,6,12,38],"inc":[["thing","5a7a48b16123cee30f2f5f84"],["thing 2","5a7a4b3c69de98de0f729f3a"],["thing 3","5a7a4bd452d18d731337c382"],["thing 4","5a7a558b4af35a8113af2aff"]],"p":[{"t":8,"a":[12],"s":[{"p":[0,0,0],"r":[0,0,-2.668043E-08],"s":[0.09539032,0.0646446,0.01885394],"c":[1,1,1],"b":["when told by any gardencoin then become next in 3s"]},{"p":[0,0,0],"r":[0,0,-2.668043E-08],"s":[0.09539032,0.0646446,0.01885394],"c":[1,1,1],"b":["when starts then emit gravity-free thing 4 with 0","when starts then play glitchy qurazy quoin"]}]}]}