{"n":"thing","v":3,"a":[22],"p":[{"t":8,"a":[12],"su":[{"i":"5a7acdfe2855af54a4c47a92","t":"5a7ace31828da0db0fc21c17","p":[0.1943586,-0.01031434,0.212865],"r":[1.104605E-05,180,90]}],"s":[{"p":[0,0,0],"r":[0,0,0],"s":[0.06591168,0.1148139,0.01432801],"c":[1,1,1],"b":["when told by any pizza then become next in 0.2s"]},{"p":[0,0,0],"r":[0,0,0],"s":[0.06591168,0.1148139,0.01432801],"c":[1,1,1],"b":["when starts then become next in 2s"]},{"p":[-0.002231121,-0.001104832,-0.03435242],"r":[315,1.001791E-05,1.001791E-05],"s":[0.06591328,0.1148149,0.01432823],"c":[1,1,1],"b":["when starts then become next in 10s"]},{"p":[-0.002231121,-0.001104832,-0.03435242],"r":[315,1.001791E-05,1.001791E-05],"s":[0.06591328,0.1148149,0.01432823],"c":[1,1,1],"b":["when starts then become 1 in 2"]}]}]}