{"n":"thing","v":3,"a":[7,18,21],"p":[{"b":167,"t":17,"s":[{"p":[0,0,0],"r":[0,0,0],"s":[0.02986581,0.003318514,0.02795506],"c":[0.4444443,0.3795413,0.3456788]}]}]}