{"n":"thing","v":3,"a":[1,6,22],"inc":[["thing","5a7b86401698e5df13604c27"],["thing 2","5a7b939c0b8cf489138e9fef"],["thing 3","5a7b976a311cd390139cdd8f"]],"p":[{"t":8,"a":[12],"s":[{"p":[0,0,0],"r":[0,0,0],"s":[0.06521412,0.07444165,0.04060128],"c":[1,1,1],"b":["when told by any drillcoin then become next in 4s"]},{"p":[0,0,0],"r":[0,0,0],"s":[0.06521412,0.07444165,0.04060128],"c":[1,1,1],"b":["when starts then emit gravity-free thing 3 with 0","when starts then play cute magic sound 6"]}]}]}