{"n":"the story of your life","v":3,"a":[5,22,18,20],"p":[{"b":5,"s":[{"p":[-0.004895203,0.005251661,0.08490271],"r":[90,89.99999,0],"s":[0.005000016,0.005000126,0.005000192],"c":[0.3950616,0.4148147,0.4444443]}]},{"t1":75,"s":[{"p":[-0.0110879,0.002741814,-0.00681594],"r":[0,0,0],"s":[0.1669383,0.005000294,0.2269803],"c":[0.8888889,0.8606702,0.691358],"t1":{"c":[0,0.1904761,0.3333333],"x":0.2675967,"y":0.05111575,"a":0.8925,"m":0,"n":0,"r":0,"g":0,"o":0.5,"t":0.5,"e":0.5}}]}]}