{"n":"stolen from calclatron","v":3,"a":[7,18,20,31],"p":[{"im":"925923196431583109/C829E5FE1B69F09EC32E29AAB5F24F4F0E877EA3/","s":[{"p":[0,0,0],"r":[0,0,0],"s":[1.17248,0.01,1.564453],"c":[1,1,1]}]}]}