{"n":"thing","v":2,"p":[{"b":9,"s":[{"p":[0,0,0],"r":[0,0,0],"s":[0.125,0.125,0.125],"c":[1,1,1]}]},{"b":9,"s":[{"p":[-0.1376368,-0.5010794,-0.1428117],"r":[75.88531,19.69463,192.4003],"s":[0.125,0.125,0.125],"c":[1,1,1]}]}]}