{"n":"thing","v":3,"a":[2],"p":[{"b":75,"t":10,"s":[{"p":[-0.03020998,-0.009092834,0.03715586],"r":[5.108258,11.2814,2.119446],"s":[0.04297678,0.04159022,0.04360457],"c":[0.2222221,0.1523808,0],"b":["when touched then play chanting"],"pr":{"c":[0.2222221,0.1523809,0],"m":0.25,"a":0.25,"s":0.15,"z":0.25,"g":0.5,"h":0.25}}]},{"b":68,"t":10,"a":[18],"pr":30,"s":[{"p":[-0.02883639,0.02151016,0.04252241],"r":[1.249193,107.1775,359.0804],"s":[0.07050014,0.04383399,0.06037496],"c":[1,1,1],"pr":{"c":[1,1,1],"a":0.25}}]},{"b":146,"t":10,"s":[{"p":[-0.03646281,0.06347381,0.03766141],"r":[359.3391,30.67566,274.2245],"s":[0.09000151,0.07032905,0.07086258],"c":[0.2222221,0.1523808,0],"pr":{"c":[0.2222221,0.1523809,0],"m":0.25,"a":0.25,"s":0.15,"z":0.25,"g":0.5,"h":0.25}}]},{"b":83,"t":10,"s":[{"p":[-0.04525483,0.1131949,0.0411589],"r":[273.517,266.6223,348.561],"s":[0.04628849,0.01680929,0.04650217],"c":[0.222222,0.1523808,0]}]}]}