{"n":"thing","v":2,"a":[22,20],"p":[{"s":[{"p":[0,0,0],"r":[0,0,0],"s":[150,105.4334,0.1750137],"c":[0,0.03174577,0.5555556]}]}]}