{"n":"thing","v":3,"a":[22,18],"p":[{"b":7,"t":1,"s":[{"p":[0,0,0],"r":[0,0,0],"s":[0.3785698,0.1038045,0.7873476],"c":[0.3333332,0.3333332,0.3333332]}]}]}