{"n":"thing","v":3,"p":[{"b":150,"t1":47,"t2":161,"s":[{"p":[0,0,0],"r":[0,0,0],"s":[0.02104815,0.9325361,0.1301086],"c":[0.5555556,0.5555556,0.5555556],"t1":{"c":[0.3333333,0.3333333,0.3333333],"x":0.5,"y":0.5,"a":0.8925,"m":0,"n":0,"r":0,"g":0,"o":0.5,"t":0.5,"e":0.5},"t2":{"c":[1,1,1],"x":0.5,"y":0.5,"a":0.1838862,"m":0,"n":0.0194881,"r":0.6756902,"g":0,"o":0.5,"t":0.5,"e":0.5}}]}]}