{"n":"uninspirational poster","v":3,"d":"Procedualy generated by a program aimed to create inspirational quotes. Search for \"inspirobot\"","a":[22,18],"p":[{"im":"929301223561175818/3345C95A6D0259EF3C81CE26878E766388C570EB/","s":[{"p":[0,0,0],"r":[0,0,0],"s":[0.4383243,0.0100001,0.438333],"c":[1,1,1]}]},{"s":[{"p":[0,0.001160145,-1.164153E-10],"r":[0,180,180],"s":[0.4571998,0.01090395,0.4572043],"c":[1,1,1]}]}]}