{"n":"thing","v":3,"a":[6],"p":[{"b":2,"t":8,"a":[12],"su":[{"i":"5a7cb6ef2126fc30e82ceac0","t":"5a7cbc14450d39dd0f12f738","p":[0.02336497,0.01098543,0.2713971],"r":[335.39,357.4352,346.1445]}],"s":[{"p":[0,0,0],"r":[0,0,0],"s":[0.1250001,0.1250003,0.1250003],"c":[1,1,1],"b":["when told by any growflower2 then become next in 3s","when told by any growflower2 then play magic 9"]},{"p":[0.007148416,-0.0006634593,-0.5999576],"r":[0,0,0],"s":[0.1250001,0.1250003,0.1250003],"c":[1,1,1],"b":["when told by any rst then become 2 in 0.2s","when told by any rf2 then become 1 in 0.2s"]}]}]}