{"n":"thing","v":3,"a":[22,18],"p":[{"b":5,"t":7,"s":[{"p":[0,0,0],"r":[0,0,0],"s":[0.432499,0.2261997,0.1150432],"c":[0,0,0]}]}]}