{"n":"thing","v":2,"p":[{"s":[{"p":[0,0,0],"r":[0,0,0],"s":[0.04603887,0.04014681,0.06444035],"c":[1,1,1]}]}]}