{"n":"thing","v":3,"a":[21],"p":[{"a":[2],"vid_p":"_TtxQFBBZRc","s":[{"p":[0,0,0],"r":[0,0,0],"s":[0.01729638,0.04190881,0.01038478],"c":[0.4444443,0.07619033,0]}]}]}