{"n":"thing","v":3,"a":[1,2,21],"p":[{"b":5,"t":1,"im":"865118579581078173/B2F0476F4D26B2AE22833DCDF8CFC14BA619A005/","s":[{"p":[0,0,0],"r":[0,0,0],"s":[0.1032279,0.1014782,0.03223438],"c":[1,1,1]}]},{"b":58,"t":11,"s":[{"p":[-0.005874279,-0.001993993,0.003486603],"r":[89.48414,313.4678,313.414],"s":[0.1474946,0.2415607,0.1469558],"c":[1,0.6857142,0]}]}]}