{"n":"thing","v":3,"a":[1,21],"p":[{"b":50,"t":11,"s":[{"p":[0,0,0],"r":[0,0,0],"s":[0.02445307,0.02445309,0.04204101],"c":[0.647619,0.6666667,0]}]},{"b":50,"t":11,"s":[{"p":[-0.01893307,-0.001849838,0.00187319],"r":[354.9954,145.4518,5.2067],"s":[0.01531648,0.02445467,0.04320815],"c":[0.647619,0.6666667,0]}]},{"b":51,"t":11,"s":[{"p":[-0.03943567,-0.00409041,0.01784165],"r":[356.4181,79.67834,358.1544],"s":[0.03688673,0.0389143,0.01552443],"c":[0.647619,0.6666667,0]}]},{"b":3,"t":11,"s":[{"p":[-0.04551144,-0.006599195,0.01297889],"r":[8.944711,188.1685,356.7585],"s":[0.008487629,0.006883432,0.01270952],"c":[0.647619,0.6666667,0]}]}]}