{"n":"thing","v":2,"p":[{"b":175,"s":[{"p":[0,0,0],"r":[0,0,0],"s":[0.04500002,0.04500011,0.04500011],"c":[0.6208112,0.8888889,0.3950613]}]}]}