{"n":"thing","v":3,"p":[{"b":150,"t1":57,"s":[{"p":[0,0,0],"r":[0,0,-2.668043E-08],"s":[0.8541086,0.06000047,0.1053636],"c":[0.222222,0.1142856,0],"t1":{"c":[0.3333333,0.3333333,0.3333333],"x":0.1212315,"y":0.2081826,"a":0.8925,"m":0,"n":0,"r":0,"g":0,"o":0.5,"t":0.5,"e":0.5}}]},{"b":150,"t1":60,"s":[{"p":[0.01270802,0.016307,-0.3331235],"r":[4.02141,0.553757,359.5746],"s":[0.8352939,0.06000047,0.06000036],"c":[0.2222221,0.2222221,0.2222221],"t1":{"c":[0.6666667,0.6666667,0.6666667],"x":0.06736782,"y":0.5417496,"a":0.8925,"m":0,"n":0,"r":0,"g":0,"o":0.5,"t":0.5,"e":0.5}}]},{"b":150,"t1":125,"t2":148,"s":[{"p":[-0.02185269,0.02766663,-0.4929045],"r":[1.083371,0.7772592,359.3354],"s":[0.8306156,0.06000072,0.04741177],"c":[0.6666667,0.6666667,0.6666667],"t1":{"c":[0.5555556,0.5555556,0.5555556],"x":0.08749485,"y":0.6560051,"a":0.8925,"m":0,"n":0,"r":0,"g":0,"o":0.5,"t":0.5,"e":0.5},"t2":{"c":[0.3333333,0.2973545,0.2592592],"x":0.06417575,"y":0.598469,"a":0.8925,"m":0,"n":0,"r":0,"g":0,"o":0.5,"t":0.5,"e":0.5}}]}]}