{"v":2,"p":[{"b":135,"e":"MARIANA SPIELT GOTT","s":[{"p":[0,0,0],"r":[0,0,0],"s":[0.003000002,0.003000001,0.003],"c":[1,1,1]}]}]}