{"v":3,"a":[1,12,31,36,37],"p":[{"su":[{"i":"5a83d3da012b633ec04fe612","t":"5a83d65bc74b74dc0fa3b9d1","p":[-0.2439232,0.04181469,-0.1206377],"r":[3.376268,0.8581274,357.7981]}],"s":[{"p":[0.2739035,0.04389657,0.01811359],"r":[358.3247,359.5855,1.789996],"s":[0.5459211,0.7352607,0.02547633],"c":[0.5530864,0.7777778,0.1728392],"b":["when told by any openbook then play paper scroll roll with low pitch","when told by any openbook then become next in 1"]},{"p":[-0.2691901,0.01616254,-0.01607365],"r":[3.209113,180.8424,358.1926],"s":[0.5459227,0.7352586,0.02547622],"c":[0.5530864,0.7777778,0.1728393],"b":["when told by any closebook then become next in 0.2s","when starts then play magic 3","when told by any puzbgrow then become 1 in 0.5s","when told by any puzrgrow then become 1 in 0.5s","when told by any puzrbrow then become 1 in 0.5s"]}]}]}