{"v":3,"a":[2,3],"p":[{"b":5,"t":3,"s":[{"p":[-0.01072432,-0.001625309,0.1122484],"r":[358.1459,1.061834,349.5023],"s":[0.04298637,0.03946888,0.1250002],"c":[0,0,0]}]},{"b":5,"t":3,"s":[{"p":[-0.01163203,-0.0005565062,0.1697919],"r":[357.7274,0.2545474,18.83113],"s":[0.04298647,0.03946893,0.005000011],"c":[0.9714286,1,0],"b":["when triggered then become 2 in 0.2s"]},{"p":[-0.01163203,-0.0005565062,0.1697919],"r":[357.7274,0.2545474,18.83113],"s":[0.04298647,0.03946893,0.005000011],"c":[0,0,0],"b":["when triggered then become 1 in 0.2s"]}]},{"b":5,"s":[{"p":[-0.01217218,-0.01094093,0.006414746],"r":[4.240266,357.6591,4.459405],"s":[0.02066617,0.01989788,0.3320885],"c":[0,0,0]}]}]}