{"n":"puzlanding","v":3,"a":[1],"p":[{"b":23,"e":"2 MAKE SENSE","s":[{"p":[-0.06756061,0.09937534,0.01285453],"r":[87.73367,6.893115,7.1471],"s":[0.002591802,0.002591803,0.002591802],"c":[1,1,1]}]},{"t":8,"a":[12],"s":[{"p":[-0.007771735,0.07507136,0.002375443],"r":[357.896,359.8207,0.7358887],"s":[0.1717626,0.03003999,0.08111654],"c":[0.4493827,0.7777778,0.1728394]}]}]}