{"n":"arm","v":2,"p":[{"b":7,"s":[{"p":[0,0,0],"r":[0,0,0],"s":[0.06865039,0.06508866,0.2394026],"c":[0.9714286,1,0]}]},{"b":5,"s":[{"p":[0.002369707,-0.05550595,0.003845376],"r":[81.75788,355.5075,324.1604],"s":[0.02870657,0.03073508,0.005000054],"c":[1,1,1]}]},{"b":129,"e":"TIME","s":[{"p":[-0.01458041,-0.05365346,0.02958041],"r":[278.5245,163.9809,284.0311],"s":[0.003000001,0.003000003,0.003000002],"c":[1,1,1],"b":["when starts then become 2 in 1s"]},{"p":[-0.01458041,-0.05365346,0.02958041],"r":[278.5245,163.9808,284.0312],"s":[0.003000001,0.003000003,0.003000002],"c":[0,0,0],"b":["when touched then tell body pressed "]}]}]}