{"v":3,"a":[7,18],"p":[{"im":"929301924516720610/69DE0CB0E202DF60050D8510C7EC5A479263EB31/","s":[{"p":[0,0,0],"r":[0,0,0],"s":[1.67035,0.01,0.9395716],"c":[1,1,1]}]}]}