{"v":3,"p":[{"t":8,"a":[12],"s":[{"p":[0,0,0],"r":[0,0,0],"s":[0.07830581,0.05077399,0.01798251],"c":[0.1587299,0.5555556,0],"b":["when touches hand then become 2 in 0.2s","when told by any spawnpuzb then become 3 in 0.2s","when told by any spawnpuzr then become 3 in 0.2s"]},{"p":[0,0,0],"r":[0,0,0],"s":[0.07830581,0.05077399,0.01798251],"c":[0.1587299,0.5555556,0],"b":["when starts then tell any spawnpuzg"]},{"p":[0,0,0],"r":[0,0,0],"s":[0.07830581,0.05077399,0.01798251],"c":[0.1587299,0.5555556,0]}]}]}