{"n":"hinge4","v":3,"a":[7,18],"p":[{"b":14,"t":8,"a":[11,12],"su":[{"i":"59252373d175f30d647cad24","t":"5a8b982eb1f3c17113ea289a","p":[0.2297873,-0.05352407,0.1088686],"r":[-6.346372E-08,2.334538E-08,180]}],"s":[{"p":[-0.001018992,0.0242693,0.0002525095],"r":[0.595661,0.01076237,2.404255],"s":[0.0600158,0.06000896,0.06000764],"c":[1,1,1],"b":["when told by any open then become 2 in 2s","when hears open then become 2 in 2s"]},{"p":[-0.0238844,0.02491766,-0.01414821],"r":[359.9872,359.4837,50.3861],"s":[0.06000848,0.06000565,0.06000536],"c":[1,1,1],"b":["when starts then become 3 in 2s"]},{"p":[-0.01643154,0.06770322,-0.01196375],"r":[0.5956565,0.01076379,92.40425],"s":[0.06001828,0.06001139,0.06000972],"c":[1,1,1]}]}]}