{"v":3,"p":[{"t":8,"a":[12],"s":[{"p":[0,0,0],"r":[0,0,0],"s":[0.07830581,0.05077399,0.01798251],"c":[0,0.05714246,1],"b":["when touches hand then become 2 in 0.2s","when told by any spawnpuzg then become 3 in 0.2s","when told by any spawnpuzr then become 3 in 0.2s"]},{"p":[0,0,0],"r":[0,0,0],"s":[0.07830581,0.05077399,0.01798251],"c":[0,0.05714244,1],"b":["when starts then tell any spawnpuzb"]},{"p":[0,0,0],"r":[0,0,0],"s":[0.07830581,0.05077399,0.01798251],"c":[0,0.05714241,1]}]}]}