{"n":"hinge2","v":3,"p":[{"b":14,"t":8,"a":[11,12],"su":[{"i":"59017ca2d175f31e14073514","t":"5a8b98f96fed507713c00b8c","p":[-0.2307063,-0.08724169,0.01701739],"r":[0.3603195,359.4369,359.4825]}],"s":[{"p":[0,0,0],"r":[0,0,0],"s":[0.06001911,0.06001095,0.06000916],"c":[1,1,1],"b":["when told by any open then become 2 in 2s","when hears open then become 2 in 2s"]},{"p":[-0.01779576,0.5265389,0.00747627],"r":[0.6050922,0.2657153,59.20907],"s":[0.06003153,0.06001835,0.06001515],"c":[1,1,1],"b":["when starts then become 3 in 2s"]},{"p":[0.2550724,0.5012437,-0.009030879],"r":[359.9534,359.5929,91.67404],"s":[0.06003156,0.06001841,0.06001518],"c":[1,1,1]}]}]}