{"n":"compostsign","v":3,"a":[1,21],"p":[{"b":14,"t1":3,"s":[{"p":[-0.255069,0.07437837,0.4314805],"r":[284.2827,317.8716,187.6806],"s":[0.09909569,0.04756268,0.370531],"c":[0.5555556,0.435626,0.3086419],"t1":{"c":[0.2222221,0.1262786,0.02469136],"x":0.17,"y":0.6623742,"a":0.75,"m":0.5,"n":0.5,"r":0,"g":0,"o":0.5,"t":0.5,"e":0.5}}]},{"b":60,"t":2,"s":[{"p":[-0.3975152,0.9573336,0.5830798],"r":[286.562,315.6982,10.85472],"s":[0.5961817,0.02836648,0.5777814],"c":[0.6666667,0.6666667,0.6666667]}]},{"b":121,"e":"COMMUNITY\nREMINDERS:","lh":0.75,"s":[{"p":[-0.617624,1.223798,0.5109727],"r":[17.89386,326.6442,1.480189],"s":[0.008558711,0.008558569,0.008558683],"c":[0.2977071,0.04938255,0.4444443]}]},{"b":20,"e":"*SHOVEL COMPOST\n*SCAN COMPOST\n*COMPOST ON SEED\n*WATER GARDEN","s":[{"p":[-0.5958648,1.020775,0.4451757],"r":[16.62006,326.5663,1.362546],"s":[0.007589389,0.007589237,0.007589404],"c":[0.6518518,0.1481479,0.6666667]}]}]}