{"v":2,"p":[{"s":[{"p":[0.1448838,0.1938094,-0.161584],"r":[357.4397,350.7014,10.10434],"s":[0.501776,0.4506582,0.1750004],"c":[1,1,1]}]},{"b":10,"s":[{"p":[0.3854928,0.3045434,0.288924],"r":[335.4126,37.26701,59.34047],"s":[0.1250001,0.1250002,0.1250004],"c":[1,1,1]}]}]}