{"v":3,"a":[1,2,16],"p":[{"b":17,"s":[{"p":[0.05446124,0.01605983,0.1235626],"r":[0.8107504,0.179029,9.673426],"s":[0.005000017,0.01002271,0.3589578],"c":[0.5555556,0.09523798,0],"b":["when let go then play big woomph, propel forward with 10","whe"]}]},{"b":17,"s":[{"p":[0.1637517,-0.03881881,0.3082233],"r":[34.19778,302.5305,132.6787],"s":[0.02625328,0.06114826,0.03019775],"c":[0.2222221,0.1608464,0.148148]}]},{"b":17,"s":[{"p":[-0.06373192,-0.007751979,0.007098049],"r":[353.1433,229.0806,137.7433],"s":[0.03336818,0.06000166,0.07033049],"c":[0.2222221,0.1608464,0.148148]}]},{"b":17,"s":[{"p":[0.02872271,0.2001081,-0.2484926],"r":[336.9355,245.5043,122.8698],"s":[0.03822038,0.06000168,0.05180347],"c":[0.2222221,0.1608464,0.148148]}]}]}