{"v":2,"p":[{"t":1,"s":[{"p":[0,0,0],"r":[0,0,0],"s":[0.1750001,0.1750005,0.1750003],"c":[0.6049383,0.7777778,0.7777778]}]}]}