{"v":2,"p":[{"b":129,"e":"\n\nITS NOT GW","s":[{"p":[0,0,0],"r":[0,0,-1.067217E-07],"s":[0.003,0.003000001,0.002999999],"c":[1,1,1]}]}]}