{"n":"campersist","v":3,"a":[1],"p":[{"t":8,"a":[12],"s":[{"p":[-2.118181,-0.1277716,3.67112],"r":[19.00782,226.95,358.0517],"s":[0.02661886,0.07160217,0.03417273],"c":[0.1728394,0.2222221,0.2222221],"b":["when starts then become next in 20s"]},{"p":[-2.15988,-0.149911,3.702515],"r":[358.3174,140.1172,343.1927],"s":[0.1750007,0.1750002,0.1750007],"c":[1,1,1],"b":["when starts then tell any campersist, then become next"]}]}]}