{"n":"13s","v":2,"p":[{"s":[{"p":[0,0,0],"r":[0,0,0],"s":[0.1750007,0.005000004,0.1750007],"c":[1,1,1]}]}]}