{"v":2,"p":[{"t2":4,"s":[{"p":[0,0,0],"r":[0,0,0],"s":[1.141801,0.1750005,0.814582],"c":[0,0,0],"t2":{"c":[1,1,1],"x":0,"y":0,"a":0.69625,"m":0.5,"n":0.5,"r":0,"g":0,"o":0.5,"t":0.5,"e":0.5}}]}]}