{"v":3,"p":[{"b":9,"t":3,"s":[{"p":[0,0,0],"r":[0,0,0],"s":[0.1250006,0.1250005,0.1250005],"c":[1,1,1],"b":["when starts then become 2 in 1"]},{"p":[0,0,0],"r":[0,0,0],"s":[0.005,0.005,0.005],"c":[1,1,1],"b":["when starts then become 3 in 0.2s"]},{"p":[0,0,0],"r":[0,0,0],"s":[0.1250006,0.1250005,0.1250005],"c":[1,1,1],"b":["when starts then become 4 in 0.2s"]},{"p":[0,0,0],"r":[0,0,0],"s":[0.005,0.005,0.005],"c":[1,1,1],"b":["when starts then become 1 in 0.2s"]}]}]}