{"n":"29","v":2,"p":[{"s":[{"p":[0,0,0],"r":[0,0,0],"s":[0.1750001,0.005,0.1750004],"c":[1,1,1]}]}]}