{"v":2,"p":[{"s":[{"p":[0,0,0],"r":[0,0,0],"s":[7.247783,0.3160725,35.46114],"c":[1,1,1]}]}]}