{"v":3,"p":[{"t":8,"a":[12],"s":[{"p":[-0.01135028,-0.03154996,-0.0003913452],"r":[356.2501,351.8275,17.99641],"s":[0.005000003,0.005000006,0.01383874],"c":[1,1,1],"b":["when starts then become next in 0.5s"]},{"p":[0.2799811,9.388477E-05,-0.002269179],"r":[359.4453,0.592284,7.655215],"s":[0.03120839,0.03606938,0.01383871],"c":[1,1,1],"b":["when starts then become next in 0.5s"]}]}]}