{"v":2,"p":[{"b":38,"s":[{"p":[0,0,0],"r":[0,0,-1.707548E-06],"s":[0.005,0.04987855,0.09217671],"c":[1,1,1]}]},{"b":3,"s":[{"p":[0.6131098,-0.6730629,-0.1908101],"r":[16.29466,26.30059,66.35852],"s":[150.0002,0.1004317,0.01263778],"c":[1,1,1]}]}]}