{"v":2,"p":[{"b":3,"t":3,"s":[{"p":[0,0,0],"r":[0,0,0],"s":[0.103496,0.1135611,0.09663032],"c":[1,1,1]}]}]}