{"n":"making the bed","v":3,"a":[22],"p":[{"b":18,"e":"MAKING THE BED","s":[{"p":[0,0,0],"r":[0,0,0],"s":[0.00632837,0.006327929,0.00632836],"c":[1,1,1]}]}]}