{"n":"mr demo body","v":3,"p":[{"b":9,"s":[{"p":[0,0,0],"r":[0,0,0],"s":[0.2169222,0.2234795,0.3294439],"c":[0.4444443,0.4444443,0.4444443]}]},{"b":123,"e":"[TYPED]","s":[{"p":[-0.07356729,0.2661165,0.1836386],"r":[88.04756,250.8586,250.6621],"s":[0.005791353,0.005791343,0.005791356],"c":[1,1,1]}]}]}