{"v":3,"p":[{"b":21,"e":"TOUCH THE NUMBER AGAIN\nTO RETURN HERE","s":[{"p":[0,0,0],"r":[-8.571088E-07,-9.978061E-16,1.334022E-07],"s":[0.002273203,0.002273196,0.002273204],"c":[1,1,1]}]}]}