{"v":3,"a":[7,18],"p":[{"t":2,"s":[{"p":[0,0,0],"r":[0,0,0],"s":[0.008784274,0.05165194,8.69034],"c":[0,1,0.3999999]}]},{"t":2,"s":[{"p":[-0.3743553,0,-3.272718E-08],"r":[1.001791E-05,0,0],"s":[0.008784947,0.05165411,8.69132],"c":[0,1,0.3999999]}]},{"t":2,"s":[{"p":[-0.7443657,0,-6.507452E-08],"r":[0,0,1.001791E-05],"s":[0.008785117,0.05165406,8.69152],"c":[0,1,0.3999999]}]},{"t":2,"s":[{"p":[-1.121102,0,-9.800988E-08],"r":[0,0,0],"s":[0.008784635,0.05165347,8.690858],"c":[0,1,0.3999999]}]}]}