{"v":3,"a":[7,18,20],"p":[{"t1":156,"t2":167,"s":[{"p":[0,0,0],"r":[0,0,0],"s":[5.262017,4.327912,0.1750217],"c":[0,0,0],"t1":{"c":[0,1,0.3999999],"x":0.03512073,"y":0.04140544,"a":0.8925,"m":0,"n":0,"r":0,"g":0,"o":0.5,"t":0.5,"e":0.5},"t2":{"c":[0,1,0.3999999],"a":0.75}}]}]}