{"v":3,"a":[7,13,18,21],"p":[{"t1":156,"t2":167,"s":[{"p":[-1.551237,1.520175E-07,2.145767E-06],"r":[1.001791E-05,-8.757937E-13,-1.001791E-05],"s":[0.0569226,3.575646,9.428206],"c":[0,0,0],"t1":{"c":[0,1,0.3999999],"x":0.01843786,"y":0.05749607,"a":0.8925,"m":0,"n":0,"r":0,"g":0,"o":0.5,"t":0.5,"e":0.5},"t2":{"c":[0,1,0.3999999],"a":0.75}}]},{"t1":167,"t2":156,"s":[{"p":[2.109203,-1.115697E-08,7.152557E-07],"r":[1.001791E-05,7.118155E-20,8.142219E-13],"s":[0.05693961,3.575606,9.430587],"c":[0,0,0],"t1":{"c":[0,1,0.3999999],"a":0.75},"t2":{"c":[0,1,0.2285715],"x":0.02928543,"y":0.05494332,"a":0.8925,"m":0,"n":0,"r":0,"g":0,"o":0.5,"t":0.5,"e":0.5}}]}]}