{"n":"sword","v":2,"a":[2],"p":[{"b":14,"t":1,"s":[{"p":[0,0,0],"r":[0,0,0],"s":[0.05999999,0.06000001,0.09477887],"c":[0.6666667,0.6666667,0.6666667]}]},{"b":14,"s":[{"p":[0.006268177,0.02518308,-0.1857227],"r":[359.2286,271.0483,1.735136],"s":[0.06000013,0.06000016,0.0403249],"c":[1,0.8571429,0]}]},{"b":14,"s":[{"p":[0.009766676,-0.0004941225,-0.3251624],"r":[5.755429,175.8772,353.0166],"s":[0.06000013,0.06000013,0.04032488],"c":[0.3333332,0.2962962,0.07407398]}]}]}