{"n":"ground","v":3,"a":[1],"p":[{"b":17,"t1":4,"s":[{"p":[0,0,0],"r":[0,0,0],"s":[7.314398,0.005,11.20881],"c":[0.3555554,0.7777778,0],"t1":{"c":[0.8190476,1,0.6666666],"x":0.17,"y":0.5575714,"a":0.69625,"m":0.5,"n":0.5,"r":0,"g":0,"o":0.5,"t":0.5,"e":0.5}}]}]}