{"v":3,"a":[7,18],"p":[{"t":2,"s":[{"p":[0,0,0],"r":[0,0,0],"s":[0.008784274,0.05165194,9.402531],"c":[0,1,0.3999999]}]}]}