{"v":2,"a":[7],"p":[{"b":86,"s":[{"p":[0,0,0],"r":[0,0,3.828216E-20],"s":[1.148302,1.148329,1.148049],"c":[1,1,1]}]},{"b":83,"s":[{"p":[2.130895,0.4953285,-0.03470056],"r":[90,90.00001,0],"s":[0.3718612,0.3741108,0.9109269],"c":[1,1,1]}]},{"s":[{"p":[2.226406,0.4967037,-0.03790256],"r":[-1.001791E-05,180,90.00001],"s":[1.240604,0.1750566,1.038745],"c":[0,0,0]}]}]}