{"v":3,"a":[7,18,36,37],"p":[{"t2":167,"s":[{"p":[0,0,0],"r":[0,0,7.656432E-20],"s":[9.291948,0.2679562,0.06791737],"c":[0.7432099,0.6049383,0.7777778],"t2":{"c":[0,1,0.3999999],"a":0.75}}]}]}