{"v":3,"p":[{"b":3,"s":[{"p":[0.07866239,0.07352372,-0.03038213],"r":[8.053118,101.5706,283.2792],"s":[0.02667926,0.01862383,0.01212641],"c":[0,0,0]}]},{"b":3,"s":[{"p":[-0.01366586,0.1040363,-0.0214534],"r":[357.3242,103.2414,263.9829],"s":[0.02667927,0.01862386,0.01212643],"c":[0,0,0]}]},{"b":16,"s":[{"p":[0.01647306,0.09027787,-0.07126663],"r":[60.35333,349.678,140.0219],"s":[0.01977139,0.02175725,0.009657818],"c":[1,1,1]}]},{"b":3,"s":[{"p":[-0.06385309,-0.1900296,-0.1663065],"r":[30.6986,5.458118,6.359692],"s":[0.2373213,0.1250001,0.1250002],"c":[0.8888889,0.7647266,0.4938272]}]}]}