{"v":3,"p":[{"t":8,"a":[12],"s":[{"p":[0.04515618,0.2139978,0.02862964],"r":[280.019,76.92425,303.0148],"s":[0.200789,0.1750002,0.1905366],"c":[1,1,1]}]},{"b":151,"t":4,"s":[{"p":[0.01326006,0.1687105,-0.02229102],"r":[358.3876,22.02588,82.10828],"s":[0.02593363,0.02261914,0.02180097],"c":[0.6666666,0.9142855,1]}]},{"b":16,"s":[{"p":[-0.01565047,-0.009237086,-0.008651982],"r":[3.846599,354.1424,352.7987],"s":[0.08192497,0.1013009,0.0919278],"c":[0,0.7428569,1]}]},{"b":15,"s":[{"p":[-0.01367416,-0.03210978,-0.01610071],"r":[280.0928,92.11974,216.5927],"s":[0.1106132,0.1218294,0.07911333],"c":[0,0.412698,0.5555556]}]}]}