{"v":2,"a":[2,3],"p":[{"b":3,"s":[{"p":[0.2496121,0.09237453,-0.1104134],"r":[359.1438,68.26358,31.39132],"s":[0.1047711,0.1250003,0.090568],"c":[1,1,1]}]},{"b":3,"s":[{"p":[-0.005460192,-0.00212508,0.007020808],"r":[0.5061545,3.137863,359.5435],"s":[0.1572458,0.1250006,0.08792573],"c":[1,1,1]}]}]}