{"v":3,"p":[{"a":[29],"t1":33,"s":[{"p":[0,0,0],"r":[0,0,-4.268869E-07],"s":[0.175,0.1750001,0.1750001],"c":[0.1019605,0.1529409,0.2235291],"t1":{"c":[0.1568627,0.2196078,0.3215686],"x":0.6734689,"y":0.6807786,"a":1,"m":0,"n":0,"r":0,"g":0,"o":0.5,"t":0.5,"e":0.5}}]}]}