{"v":3,"a":[6,7,18,20,21,36,37],"p":[{"b":68,"t1":167,"s":[{"p":[0,0.02052718,0],"r":[0,0,-1.001791E-05],"s":[0.4378577,0.08589524,0.2265008],"c":[0.6666666,0.7999998,1],"t1":{"c":[0,1,0.3999999],"a":0.75}}]},{"b":68,"t1":167,"s":[{"p":[0,0.006396636,0],"r":[0,0,-1.001791E-05],"s":[0.7271194,0.08586719,0.3891631],"c":[0.7421517,0.4938272,0.8888889],"t1":{"c":[0,1,0.3999999],"a":0.75}}]},{"b":68,"t1":167,"s":[{"p":[0,-0.01204492,0],"r":[1.001791E-05,6.157171E-14,1.001791E-05],"s":[0.9254052,0.08582494,0.5324224],"c":[0.4444443,0.320282,0.0493826],"t1":{"c":[0,1,0.3999999],"a":0.75}}]}]}