{"n":"button","v":3,"p":[{"s":[{"p":[0,0,0],"r":[0,0,-6.157171E-14],"s":[0.04110357,0.007086969,0.06151717],"c":[0.2222219,0.1975306,0.2059963]}]},{"s":[{"p":[7.037086E-10,0.004413843,0.0003890983],"r":[-1.001791E-05,1.628444E-12,-6.157194E-14],"s":[0.03030931,0.01958665,0.04864688],"c":[0.09453232,0.4444441,0.04938247],"b":["when touched then become next in 0.2s","when touched then play button beep","when touched then say  door opening, obviously!"]},{"p":[7.037086E-10,0.004413843,0.0003890983],"r":[-1.001791E-05,1.628444E-12,-6.157194E-14],"s":[0.03030931,0.005,0.04864688],"c":[1,0,0.3428572],"b":["when starts then tell any cry1","when starts then become 1 in 2"]}]}]}