{"v":2,"a":[7,18,20],"p":[{"b":2,"t":8,"a":[11,12],"su":[{"i":"5a9709971ece500170d2b022","t":"5a970dfabe5d61ed0f517e09","p":[0.02400196,0.013489,1.343289],"r":[-2.69138E-21,-6.157161E-14,180]}],"s":[{"p":[0,0,0],"r":[0,0,0],"s":[0.1250044,0.1250004,0.1250044],"c":[1,1,1],"b":["when starts then become next in 0.8s"]},{"p":[-57.16266,9.994636E-06,-4.997319E-06],"r":[-1.001791E-05,1.628444E-12,-1.423631E-19],"s":[0.1250411,0.1250082,0.1250449],"c":[1,1,1],"b":["when starts then become next in 0.8s"]}]}]}