{"v":2,"a":[7,18,21],"p":[{"b":86,"t1":16,"s":[{"p":[0,0,0],"r":[0,0,0],"s":[11156.26,11156.97,11156.56],"c":[1,1,1],"t1":{"c":[1,1,1],"x":0,"y":0,"a":0.8925,"m":0.5,"n":0.5,"r":0,"g":1,"o":0.5,"t":0.5,"e":0.5}}]},{"b":86,"t1":16,"s":[{"p":[0.001954686,22359,0],"r":[-1.001791E-05,-4.378969E-13,180],"s":[11158.34,11156.19,11155.44],"c":[1,1,1],"t1":{"c":[1,1,1],"x":0,"y":0,"a":0.8925,"m":0.5,"n":0.5,"r":0,"g":1,"o":0.5,"t":0.5,"e":0.5}}]}]}