{"v":3,"a":[6,12],"p":[{"b":17,"t":16,"t1":167,"s":[{"p":[0,0,0],"r":[0,0,0],"s":[1.642805,1.801681,3.293444],"c":[0,0,0],"t1":{"c":[1,0,0.8571426],"a":0.9608154}}]}]}