{"v":2,"p":[{"t":20,"a":[11,29,30],"s":[{"p":[0,0,0],"r":[0,0,0],"s":[0.1750001,0.1750002,0.1750003],"c":[1,0.4444443,0.4444443],"b":["when starts then become next in 4"]},{"p":[0,0,0],"r":[0,0,0],"s":[0.1750001,0.1750002,0.1750003],"c":[0.6063492,1,0.5555556],"b":["when starts then become next in 4"]},{"p":[0,0,0],"r":[0,0,0],"s":[0.1750001,0.1750002,0.1750003],"c":[0.4444443,0.4761901,1],"b":["when starts then become next in 4"]}]}]}