{"v":3,"a":[2],"p":[{"b":3,"s":[{"p":[0.02525282,0.08921117,0.05559036],"r":[4.123568,326.2686,1.526901],"s":[0.02535478,0.03362001,0.03295993],"c":[0,0,0]}]},{"b":3,"s":[{"p":[-0.06899807,0.07189386,0.02365722],"r":[3.807998,312.0814,18.90766],"s":[0.02535478,0.03362001,0.03295991],"c":[0,0,0]}]},{"b":50,"s":[{"p":[0.02175124,0.09136312,-0.05866767],"r":[346.8378,67.71891,322.0667],"s":[0.1250005,0.1250008,0.0775951],"c":[1,0.1714285,0]}]},{"b":3,"s":[{"p":[0.01182778,-0.00240428,0.004866732],"r":[351.0396,5.701038,356.6434],"s":[0.1250004,0.1250004,0.1250006],"c":[0,0.05714257,1]}]}]}