{"v":3,"p":[{"a":[1],"s":[{"p":[0,0,0],"r":[0,0,-1.067217E-07],"s":[0.553201,0.005,0.4404383],"c":[1,1,1]}]}]}