{"v":3,"a":[7,18],"p":[{"s":[{"p":[0,0,0],"r":[0,0,0],"s":[0.0974106,2.064203,0.919489],"c":[1,0.6222221,0.2222217],"b":["when told by any openboo then become next in 1s"]},{"p":[-1.268648E-07,-0.7255819,1.268648E-07],"r":[-1.001791E-05,1.690016E-12,-1.001791E-05],"s":[0.09741781,0.07760565,0.9195212],"c":[1,0.6222221,0.2222216],"b":["when starts then become next in 20"]},{"p":[-1.268648E-07,-0.7255819,1.268648E-07],"r":[-1.001791E-05,1.690016E-12,-1.001791E-05],"s":[0.09741781,0.07760565,0.9195212],"c":[1,0.6222221,0.2222216],"b":["when starts then become previous in 2"]}]}]}