{"v":2,"p":[{"b":60,"a":[5],"s":[{"p":[0.1571424,-0.09136204,0.0167277],"r":[3.337122,15.21404,5.96229],"s":[0.005000008,0.00500001,0.005000008],"c":[1,1,1],"b":["when told by body df then become 2 in 0.2s"]},{"p":[0,0,0],"r":[0,0,-3.415094E-06],"s":[0.2882375,0.01452848,0.3749334],"c":[1,1,1]}]}]}