{"v":3,"a":[7,18],"p":[{"s":[{"p":[0,0,0],"r":[0,0,0],"s":[1.411512,0.01153747,4.589061],"c":[1,1,1]}]},{"s":[{"p":[-10.35655,0.00068295,0.008172035],"r":[0,0,0],"s":[1.413461,0.01153993,4.595315],"c":[1,1,1]}]}]}