{"v":2,"a":[7,18],"p":[{"t1":4,"t2":4,"s":[{"p":[-3.160415E-09,-0.03615094,3.72529E-09],"r":[0,0,0],"s":[0.9419798,0.00500114,0.6677172],"c":[1,1,1],"b":["when starts then become untweened 2 in 5"],"t1":{"c":[1,1,1],"x":0,"y":0,"a":0.69625,"m":0.5,"n":0.5,"r":0,"g":1,"o":0.5,"t":0.5,"e":0.5},"t2":{"c":[0,0,0],"x":0,"y":0,"a":0.69625,"m":0.5,"n":0.5,"r":0,"g":1,"o":0.5,"t":0.5,"e":0.7171404}},{"p":[-1.105483E-09,-0.01264525,1.210719E-07],"r":[0,0,-5.008957E-06],"s":[0.942053,0.00500134,0.667737],"c":[1,1,1],"b":["when starts then become untweened 3 in 2"],"t1":{"c":[1,1,1],"x":0,"y":0,"a":0.69625,"m":0.5,"n":0.5,"r":0,"g":1,"o":0.5,"t":0.5,"e":0.5},"t2":{"c":[0,0,0],"x":0,"y":0,"a":0.69625,"m":0.5,"n":0.5,"r":0,"g":1,"o":0.5,"t":0.5,"e":0.7171404}},{"p":[-3.160415E-09,-0.03615094,3.72529E-09],"r":[0,0,0],"s":[0.9419798,0.00500114,0.6677172],"c":[1,1,1],"b":["when starts then become untweened 4 in 8"],"t1":{"c":[1,1,1],"x":0,"y":0,"a":0.69625,"m":0.5,"n":0.5,"r":0,"g":1,"o":0.5,"t":0.5,"e":0.5},"t2":{"c":[0,0,0],"x":0,"y":0,"a":0.69625,"m":0.5,"n":0.5,"r":0,"g":1,"o":0.5,"t":0.5,"e":0.7171404}},{"p":[-9.493252E-10,-0.01085901,9.313226E-10],"r":[0,0,1.001791E-05],"s":[0.9421996,0.005001632,0.6677908],"c":[1,1,1],"b":["when starts then become untweened 1 in 2"],"t1":{"c":[1,1,1],"x":0,"y":0,"a":0.69625,"m":0.5,"n":0.5,"r":0,"g":1,"o":0.5,"t":0.5,"e":0.5},"t2":{"c":[0,0,0],"x":0,"y":0,"a":0.69625,"m":0.5,"n":0.5,"r":0,"g":1,"o":0.5,"t":0.5,"e":0.7171404}}]}]}