{"n":"ground","v":2,"a":[7,18,32],"p":[{"s":[{"p":[0,0,0],"r":[0,0,4.378969E-13],"s":[0.1750087,6.620018,5.032508],"c":[1,1,1]}]}]}