{"v":3,"a":[7,18],"p":[{"b":60,"s":[{"p":[0,-0.03105164,0],"r":[0,0,8.537737E-06],"s":[0.5130017,0.005000542,0.3098439],"c":[1,0.8571429,0]}]},{"b":60,"a":[3],"s":[{"p":[0,-0.03053284,0],"r":[0,0,0],"s":[0.498949,0.005000517,0.2957909],"c":[0,0,0]}]},{"b":60,"s":[{"p":[0,-0.0302124,0],"r":[0,0,0],"s":[0.4874947,0.005000834,0.2843093],"c":[1,0.8571429,0]}]},{"b":18,"a":[19],"e":"Manipulation of terminal's\nkeycard reader may cause\nactivation of automated\ndefense weapon","s":[{"p":[0,-0.02609253,0.07061291],"r":[90,-9.659346E-06,0],"s":[0.003000455,0.003000049,0.00300046],"c":[0,0,0]}]}]}