{"v":3,"a":[7,18,31],"p":[{"b":9,"su":[{"i":"5a9c832f69fb4c1cd0ae546b","t":"59ef8ddf373babad13d5c13b","p":[0.689734,0.3433182,-0.2638398],"r":[358.3702,33.85952,4.455684]}],"s":[{"p":[0.09001261,-0.05886932,-0.1099309],"r":[20.03039,45.08718,51.37315],"s":[0.005000093,0.00500004,0.005000046],"c":[1,1,1],"b":["when starts then become 2 in 1.5s"]},{"p":[0.02565273,0.03536492,0.005975969],"r":[20.03039,45.08718,51.37315],"s":[0.005000508,0.005000248,0.005000303],"c":[1,1,1],"b":["when starts then become 1 in 1.5s"]},{"p":[0.09001261,-0.05886932,-0.1099309],"r":[20.03039,45.08718,51.37315],"s":[0.005000093,0.00500004,0.005000046],"c":[1,1,1]}]}]}