{"n":"garage","v":3,"a":[1,7],"p":[{"b":9,"s":[{"p":[2.739472,0.9224912,-1.046565],"r":[8.964184E-08,-8.964185E-08,89.99998],"s":[0.1250038,0.06715173,0.1250184],"c":[0.9714286,1,0],"b":["when touches hand then tell open garage"]}]},{"t1":38,"s":[{"p":[0.009891502,-0.04842687,-0.02368809],"r":[0,0,-1.001791E-05],"s":[5.782529,0.05924002,4.107568],"c":[1,1,1],"b":["when told by nearby open garage then become 2 in 1s","when told open garage then become 2 in 1s"],"t1":{"c":[0.5555556,0.5555556,0.5555556],"x":0.5,"y":0.5,"a":0.8925,"m":0,"n":0,"r":0,"g":0,"o":0.5,"t":0.5,"e":0.5}},{"p":[0.05720555,2.028523,2.009271],"r":[270,1.001791E-05,0],"s":[5.785145,0.05928278,4.10967],"c":[1,1,1],"b":["when told by nearby open garage then become 1 in 1s","when told open garage then become 1 in 1s"],"t1":{"c":[0.9714286,1,0],"x":0.5,"y":0.5,"a":0.8925,"m":0,"n":0,"r":0,"g":0,"o":0.5,"t":0.5,"e":0.5}}]}]}