{"v":3,"a":[7,18],"p":[{"s":[{"p":[0,0,0],"r":[0,0,4.378969E-13],"s":[0.180485,11.44812,8.355333],"c":[1,1,1]}]}]}