{"v":2,"p":[{"b":55,"s":[{"p":[0,0,0],"r":[0,0,0],"s":[0.1250002,1.336195,0.1250003],"c":[1,1,1]}]}]}