{"n":"wall","v":3,"a":[7,18],"p":[{"b":2,"t":10,"s":[{"p":[-1.922548,0.0007326603,1.482787],"r":[0,0,-1.001791E-05],"s":[0.200833,0.2067121,0.1058396],"c":[0.5555556,0.5555556,0.5555556]}]},{"t":10,"s":[{"p":[-2.157261,-0.01212668,1.258421],"r":[90,-1.001791E-05,0],"s":[0.8854802,0.3511931,0.7108918],"c":[0.7777778,0.7777778,0.7777778]}]},{"t":10,"s":[{"p":[-2.142365,-0.0325923,-1.085282],"r":[270.9498,253.526,289.1516],"s":[0.8832346,0.1756138,0.7118027],"c":[0.5555556,0.5555556,0.5555556]}]},{"t":10,"s":[{"p":[-2.165241,0.001572032,0.03561819],"r":[0,0,-1.001791E-05],"s":[0.878615,0.3842381,2.126044],"c":[0.7777778,0.7777778,0.7777778]}]}]}