{"v":3,"a":[7],"p":[{"t":7,"s":[{"p":[0,0,0],"r":[0,0,0],"s":[1.976482,0.05647663,3.75284],"c":[0,1,1]}]},{"t":7,"s":[{"p":[0.996155,1.002766,-0.09078777],"r":[8.964156E-08,-8.964157E-08,90],"s":[1.97687,0.05648414,3.753056],"c":[0,1,1]}]}]}