{"v":3,"a":[2,3],"inc":[["my car","5a6c20e34552e09513f6e9ee"],["cat","59ab9449a28801a66205ad1d"]],"p":[{"s":[{"p":[-0.01062664,0.05981813,-0.02750592],"r":[84.00116,119.6215,127.2739],"s":[0.03765359,0.03687331,0.1256746],"c":[0,0,0],"b":["when triggered then emit cat"]}]},{"s":[{"p":[-0.0116405,0.07148054,-0.02311363],"r":[84.78606,71.56861,80.90307],"s":[0.03019611,0.02576892,0.1256751],"c":[0,0,0]}]},{"s":[{"p":[0.004666902,0.01824366,-0.09089596],"r":[1.595396,169.3633,176.0032],"s":[0.0376536,0.03687318,0.1691478],"c":[0,0,0]}]},{"s":[{"p":[0.01506375,-0.0090013,-0.1604498],"r":[81.10444,123.4681,131.5282],"s":[0.007362124,0.00500002,0.02673449],"c":[0,0,0]}]}]}