{"v":3,"a":[22,18],"p":[{"t":9,"s":[{"p":[0,0,0],"r":[0,0,0],"s":[0.1381795,0.03393883,0.1381805],"c":[0.8888889,0.8888889,0.8888889],"b":["when touched then tell any ll2, become next"]},{"p":[0,0,0],"r":[0,0,0],"s":[0.1381795,0.03393883,0.1381805],"c":[0.8888889,0.8888889,0.8888889],"b":["when touched then tell any ll3, become next"]},{"p":[0,0,0],"r":[0,0,0],"s":[0.1381795,0.03393883,0.1381805],"c":[0.8888889,0.8888889,0.8888889],"b":["when touched then tell any ll1, become next"]}]}]}