{"v":3,"a":[7,8,18],"p":[{"b":16,"t":3,"s":[{"p":[8.234349E-09,0.09418991,7.607333E-08],"r":[1.001791E-05,-4.378969E-13,-3.828217E-20],"s":[0.1250305,0.06153741,0.1250255],"c":[0,0,0],"b":["when told by any br1lon then become 2"]},{"p":[8.234349E-09,0.09418991,7.607333E-08],"r":[1.001791E-05,-4.378969E-13,-3.828217E-20],"s":[0.1250305,0.06153741,0.1250255],"c":[0.8888889,0.8888889,0.8888889],"b":["when told by any br1lof then become 1","when told by any stay then become 3"]},{"p":[8.234349E-09,0.09418991,7.607333E-08],"r":[1.001791E-05,-4.378969E-13,-3.828217E-20],"s":[0.1250305,0.06153741,0.1250255],"c":[0.8888889,0.8888889,0.8888889],"b":["when starts then become 2"]}]},{"b":16,"t":2,"a":[17,24],"s":[{"p":[-1.959662E-09,-0.02241588,-3.372164E-08],"r":[0,0,0],"s":[0.1250207,0.05740926,0.1250159],"c":[1,1,1]}]}]}