{"v":2,"p":[{"t":1,"s":[{"p":[0,0,0],"r":[0,0,0],"s":[0.175002,0.04094306,0.1750011],"c":[0.4444443,0.4444443,0.4444443]}]},{"t":1,"s":[{"p":[-0.1055289,-0.00636667,0.2943143],"r":[359.9831,0.04885718,2.013703],"s":[0.1750025,0.04094309,0.1750013],"c":[0.4444443,0.4444443,0.4444443]}]},{"t":1,"s":[{"p":[-0.8186134,-0.07086771,-0.04751705],"r":[1.601757,358.3888,5.631313],"s":[0.1750026,0.0409431,0.1750015],"c":[0.4444443,0.4444443,0.4444443]}]},{"t":1,"s":[{"p":[-0.8409107,-0.05465296,-0.06368938],"r":[358.3582,359.5543,6.024638],"s":[0.1750026,0.04094312,0.1750016],"c":[0.4444443,0.4444443,0.4444443]}]}]}