{"v":3,"a":[1,2,21],"p":[{"b":5,"t":1,"im":"865118579581078173/B2F0476F4D26B2AE22833DCDF8CFC14BA619A005/","s":[{"p":[0,0,0],"r":[-7.570899E-17,2.50129E-08,3.468455E-07],"s":[0.01295761,0.01273803,0.004046215],"c":[1,1,1]}]},{"b":58,"t":11,"s":[{"p":[-0.0007373644,-0.0002503062,0.0004376257],"r":[89.48528,313.4676,313.4137],"s":[0.01851417,0.03032184,0.01844658],"c":[1,0.6857142,0]}]}]}