{"v":3,"a":[2,3,7,18],"p":[{"b":68,"t1":59,"s":[{"p":[0,0,0],"r":[0,0,-7.656432E-20],"s":[0.02915485,0.005,0.03139917],"c":[0.5555556,0.4938272,0.1234567],"b":["when consumed then play bite, destroy all parts"],"t1":{"c":[0.5555556,0.4938272,0.1234567],"x":0.5,"y":0.517536,"a":0.8925,"m":0,"n":0,"r":0,"g":1,"o":0.5,"t":0.5,"e":0.5}}]},{"b":147,"s":[{"p":[0.001411915,0.01529583,-0.001250029],"r":[0,270,270],"s":[0.02068249,0.01651866,0.01651882],"c":[1,1,1]}]},{"b":7,"s":[{"p":[0.0005998611,0.02986187,-0.001889348],"r":[270,270,0],"s":[0.02196627,0.02196662,0.01110703],"c":[0.4444442,0.3005288,0.1481479]}]},{"b":68,"t1":59,"s":[{"p":[5.787072E-09,0.03309819,0],"r":[0,0,-7.656432E-20],"s":[0.02915503,0.005000015,0.03139932],"c":[0.5555556,0.4938272,0.1234567],"t1":{"c":[0.5555556,0.4938272,0.1234567],"x":0.5,"y":0.517536,"a":0.8925,"m":0,"n":0,"r":0,"g":1,"o":0.5,"t":0.5,"e":0.5}}]}]}