{"v":2,"a":[7,18],"p":[{"b":150,"t1":44,"s":[{"p":[0,0,0],"r":[0,0,0],"s":[0.1039226,0.06000073,0.06000133],"c":[0.4246912,0.3456789,0.4444443],"t1":{"c":[0.4246913,0.345679,0.4444444],"x":0.5,"y":0.7186484,"a":0.8925,"m":0,"n":0,"r":0,"g":0,"o":0.5,"t":0.5,"e":0.5}}]},{"b":150,"t1":46,"s":[{"p":[0,2.625933E-08,-0.3003717],"r":[0,1.001791E-05,0],"s":[0.10393,0.06000527,0.06000834],"c":[0.6666667,0.4444443,0.4444443],"t1":{"c":[0.7777778,0.7777778,0.7777778],"x":0.5,"y":0.5,"a":0.8925,"m":0,"n":0,"r":0,"g":0,"o":0.5,"t":0.5,"e":0.5}}]},{"b":68,"t1":46,"s":[{"p":[-0.3197998,0.01122853,0.000289918],"r":[0,270,180],"s":[0.144321,0.1000028,0.05005527],"c":[1,1,1],"t1":{"c":[1,1,1],"x":0.5,"y":0.5,"a":0.8925,"m":0,"n":0,"r":0,"g":0,"o":0.5,"t":0.5,"e":0.5}}]},{"b":68,"t1":46,"s":[{"p":[-0.3197998,0.01122856,-0.3152848],"r":[0,270,180],"s":[0.1443249,0.1000049,0.05005631],"c":[1,1,1],"t1":{"c":[1,1,1],"x":0.5,"y":0.5,"a":0.8925,"m":0,"n":0,"r":0,"g":0,"o":0.5,"t":0.5,"e":0.5}}]}]}