{"v":3,"a":[7,18,21],"p":[{"b":60,"t":1,"s":[{"p":[0,0,0],"r":[0,0,0],"s":[0.5855061,0.005195937,0.9048411],"c":[0,0,0]}]},{"b":60,"t":1,"s":[{"p":[0.002088785,0.005172253,0],"r":[0,0,0],"s":[0.5475193,0.005196116,0.8707709],"c":[1,1,1]}]}]}