{"v":3,"a":[7,18,20,21],"p":[{"im":"925924465570776425/851CF5137F9E65DC76FFEA9A57F77D099C953637/","s":[{"p":[-1089.687,-4.038536,375.3585],"r":[1.001787E-05,180,2.00359E-05],"s":[4058.309,10.56648,2536.89],"c":[1,1,1]}]}]}