{"v":2,"a":[7,13,18],"p":[{"b":60,"s":[{"p":[0,0,0],"r":[0,0,0],"s":[0.245841,0.06128263,2.402384],"c":[0.7777778,0.7234568,0.6049383]}]},{"b":60,"s":[{"p":[7.098001E-08,0.8119167,-2.384186E-07],"r":[0,0,-5.008957E-06],"s":[0.2458614,0.06128583,2.402429],"c":[0.7777778,0.7234568,0.6049383]}]},{"b":60,"s":[{"p":[3.465314E-08,0.3963856,1.159674],"r":[270,8.142218E-13,0],"s":[0.2956964,0.1009577,0.8296753],"c":[0.7777778,0.7234568,0.6049383]}]}]}