{"v":3,"p":[{"t":7,"s":[{"p":[0,0,0],"r":[0,0,3.001548E-08],"s":[0.3141924,0.005,0.1750004],"c":[0,0,0]}]},{"t":8,"a":[12],"s":[{"p":[0.04663573,0.1632212,0.1080462],"r":[273.5464,142.2047,209.9242],"s":[0.3141927,0.1612695,0.1750011],"c":[0,0,0]}]}]}