{"v":2,"a":[22,18],"p":[{"s":[{"p":[0,0,0],"r":[0,0,0],"s":[0.0150063,0.005000645,0.1309091],"c":[1,1,1],"b":["when told red then become 2 in 2s"]},{"p":[0,0,0],"r":[0,0,0],"s":[0.0150063,0.005000645,0.1309091],"c":[1,0,0]}]},{"s":[{"p":[0.0003194809,4.196167E-05,0.03077888],"r":[0,0,-8.537737E-06],"s":[0.07553595,0.00500039,0.01497756],"c":[1,1,1],"b":["when told red then become 2 in 2s"]},{"p":[0.0003194809,4.196167E-05,0.03077888],"r":[0,0,-8.537737E-06],"s":[0.07553595,0.00500039,0.01497756],"c":[1,0,0]}]}]}