{"v":2,"p":[{"b":14,"s":[{"p":[0,0,0],"r":[0,0,0],"s":[0.06000027,0.06000018,0.3789126],"c":[0,1,0.5714287]}]},{"b":5,"s":[{"p":[0.01379721,0.00556159,1.090863],"r":[357.7778,3.751714,295.2194],"s":[0.1633402,0.125,0.005000002],"c":[0,1,0.5714287]}]},{"b":15,"s":[{"p":[0.007586379,-0.009892464,1.239103],"r":[359.4933,1.738694,0.4965131],"s":[0.01485129,0.01587092,0.1250001],"c":[0,1,0.5714287]}]},{"b":5,"s":[{"p":[0.009994695,0.007300019,1.137446],"r":[359.6727,182.0803,149.138],"s":[0.0761221,0.06857602,0.1250002],"c":[0,1,0.5714287]}]}]}