{"v":3,"a":[22,18],"p":[{"b":5,"t":1,"s":[{"p":[0,0,-0.4894103],"r":[0,0,0],"s":[0.01686745,0.0168675,1.132035],"c":[0.6666667,0.5714286,0]}]},{"b":5,"t":1,"i":[{"t":"5aa19affe5ba0d0fdca26e7f","p":[0.0004813374,0.0002058744,0.08701134],"r":[270,180,0]}],"s":[{"p":[5.960464E-08,0,0.0002915859],"r":[0,0,0],"s":[0.1831608,0.1834889,0.08295254],"c":[0.6666667,0.5714286,0]}]}]}