{"n":"armleft","v":3,"a":[12],"p":[{"b":4,"t":8,"a":[12],"s":[{"p":[-0.01042759,-0.01029133,0.01245563],"r":[351.1711,7.102811,355.9113],"s":[0.02571515,0.0280903,0.06771893],"c":[1,1,1],"b":["when starts then all parts face nearest frogelbowpointerleft"]}]},{"b":3,"i":[{"t":"5aa3d5ed29c6ea0fef2735bf","p":[0.2450897,-0.004168041,0.008046821],"r":[343.5774,176.589,182.0118]}],"s":[{"p":[-0.008056752,-0.007521346,0.1633537],"r":[50.86555,274.5177,3.347916],"s":[0.2517318,0.1058861,0.09729108],"c":[0.2814809,0.333333,0.07407365]}]}]}