{"v":2,"p":[{"t":2,"s":[{"p":[0,0,0],"r":[0,0,0],"s":[0.02089552,0.042014,0.0218707],"c":[0.1142856,1,0],"b":["when touched then become 2 in 2"]},{"p":[0,0,0],"r":[0,0,0],"s":[0.02089552,0.042014,0.0218707],"c":[0.1142855,1,0]}]},{"s":[{"p":[0.1285861,-0.3056255,0.280425],"r":[33.94548,357.2788,4.434936],"s":[0.0172848,0.02213679,0.827647],"c":[1,1,1]}]}]}