{"v":2,"p":[{"b":129,"e":"LOUIS TIMELINE","s":[{"p":[0,0,0],"r":[0,0,0],"s":[0.02658935,0.02658935,0.02658935],"c":[1,1,1]}]}]}