{"v":3,"p":[{"b":3,"t1":4,"s":[{"p":[-0.01165516,-0.01319179,-0.03785434],"r":[31.35535,258.7587,352.2792],"s":[0.220664,0.05497629,0.07271267],"c":[0.2222221,0.160141,0.02469136],"t1":{"c":[0.3333333,0.2402115,0.03703704],"x":0.17,"y":0.17,"a":0.69625,"m":0.5,"n":0.5,"r":0,"g":0,"o":0.5,"t":0.5,"e":0.5}}]},{"b":4,"t":8,"a":[12],"s":[{"p":[0,0,0],"r":[-1.707548E-05,5.122639E-06,2.049057E-05],"s":[0.06987687,0.080514,0.1250005],"c":[1,1,1],"b":["when starts then all parts face nearest trtelb"]}]}]}