{"v":3,"a":[7,21],"p":[{"s":[{"p":[0,0,0],"r":[0,0,0],"s":[0.4805534,0.3907354,0.8234338],"c":[0.2222221,0.2222221,0.2222221]}]},{"t":7,"s":[{"p":[0.005344391,-0.0002797246,0.5865805],"r":[0,0,-1.502687E-05],"s":[0.4682904,0.3468003,0.3795466],"c":[0.6666666,1,0.9714286]}]}]}