{"v":2,"p":[{"s":[{"p":[-0.001748726,-0.003306111,0.0003257354],"r":[359.2283,359.9933,0.5978318],"s":[0.2155797,0.1786881,0.2399445],"c":[1,1,1]}]},{"s":[{"p":[-0.03583848,0.0428024,0.02424286],"r":[358.6569,0.9011631,5.76052],"s":[0.04314091,0.09776936,0.1137804],"c":[0,0,0],"b":["when starts then become next in 5"]},{"p":[-0.03583848,0.0428024,0.02424286],"r":[358.6569,0.9011638,5.760523],"s":[0.04198454,0.09776936,0.1030567],"c":[0,0,0],"b":["when starts then become next in 0.2s"]},{"p":[-0.03583848,0.0428024,0.02424286],"r":[358.6569,0.9011639,5.760523],"s":[0.04839821,0.09776936,0.01261947],"c":[0,0,0],"b":["when starts then become 1 in 0.2s"]}]}]}