{"v":3,"a":[8],"p":[{"b":4,"pr":35,"s":[{"p":[0,0,0],"r":[0,0,0],"s":[0.1250003,0.1250002,0.1250002],"c":[1,1,1],"pr":{"c":[1,1,1],"m":0.2890387,"a":0.2212563,"s":0.15,"z":1,"g":0.5311241,"h":0.5}}]}]}