{"n":"upper arm","v":3,"a":[12],"p":[{"b":9,"s":[{"p":[0,0,0],"r":[-1.707547E-06,4.268868E-06,3.415094E-06],"s":[0.05351833,0.05351843,0.05351837],"c":[1,0,0]}]},{"b":9,"s":[{"p":[-0.0112005,-0.01211706,0.1634948],"r":[37.56348,264.6871,175.0616],"s":[0.1574675,0.08709206,0.06701827],"c":[1,0,0],"b":["when starts then all parts face nearest p"]}]}]}