{"n":"fire spell","v":3,"a":[2,16,31],"p":[{"b":3,"pr":20,"t1":168,"s":[{"p":[0,0,0],"r":[0,0,0],"s":[0.07774574,0.07774562,0.07774594],"c":[1,0.6857142,0],"b":["when let go then become 2"],"t1":{"c":[1,0,0],"a":0.05},"pr":{"c":[1,0.3428571,0],"m":0.629583,"a":0.4304528,"s":0,"z":0.510188,"g":0.3348805,"h":0.5}},{"p":[0,0,0],"r":[0,0,0],"s":[0.07774574,0.07774562,0.07774594],"c":[1,0.6857142,0],"b":["when touched then become 3"],"t1":{"c":[1,0,0],"a":0.05},"pr":{"c":[1,0.3428571,0],"m":0.629583,"a":0.4304528,"s":0,"z":0.510188,"g":0.3348805,"h":0.5}},{"p":[0,0,0],"r":[0,0,0],"s":[0.005,0.005,0.005],"c":[1,0.6857142,0],"t1":{"c":[1,0,0],"a":0.05},"pr":{"c":[1,0.3428571,0],"m":1,"a":0.3727806,"s":0,"z":1,"g":0.4938095,"h":0.5}}]}]}