{"v":2,"p":[{"b":136,"e":"LOOK FOR ANYLAND USER LOUIS FOR LESSONS","s":[{"p":[0,0,0],"r":[0,0,5.336085E-08],"s":[0.003000001,0.003,0.003000002],"c":[1,1,1]}]}]}