{"v":3,"a":[7,21],"p":[{"s":[{"p":[-0.33989,0.1124895,-0.003948182],"r":[1.001791E-05,8.757937E-13,1.001791E-05],"s":[0.2073511,0.03492166,0.703243],"c":[0.3333332,0.2285713,0]}]},{"s":[{"p":[0.4316369,0.1124895,-0.003948271],"r":[0,0,0],"s":[0.207365,0.03492228,0.703284],"c":[0.3333332,0.2285713,0]}]},{"b":86,"t1":60,"s":[{"p":[0.02375985,-0.003912508,-3.72529E-09],"r":[1.001791E-05,8.757937E-13,1.001791E-05],"s":[0.5367043,0.2129774,0.2129906],"c":[0.3333332,0.2285713,0],"t1":{"c":[0,0,0],"x":0.5,"y":0.5,"a":0.8925,"m":0,"n":0,"r":0,"g":0,"o":0.5,"t":0.5,"e":0.5}}]},{"s":[{"p":[-0.02601218,0.05245227,0.01478196],"r":[0,0,1.001791E-05],"s":[0.2073801,0.1610757,0.7033401],"c":[0.3333332,0.2285713,0]}]}]}