{"v":3,"a":[7],"p":[{"b":4,"t":8,"a":[12],"s":[{"p":[0,0,0],"r":[-1.86598E-13,-5.008955E-06,2.442666E-12],"s":[0.04208361,0.0550735,0.02749428],"c":[1,1,1],"b":["when starts then all parts face nearest te"]}]},{"b":3,"t1":4,"s":[{"p":[0.01592972,-0.0009231584,0.1805649],"r":[0,0,0],"s":[0.06346046,0.06000098,0.2170672],"c":[0.4444443,0.3950616,0.09876532],"t1":{"c":[0,0,0],"x":0.17,"y":0.17,"a":0.69625,"m":0.5,"n":0.5,"r":0,"g":0,"o":0.5,"t":0.5,"e":0.5}}]}]}