{"v":2,"p":[{"b":73,"t":3,"pr":10,"t1":10,"t2":69,"s":[{"p":[0,0,0],"r":[0,0,-1.280661E-06],"s":[0.2250005,0.2250004,0.2250004],"c":[0.1975307,0.5925925,0.8888889],"t1":{"c":[0,0.5714284,1],"a":0},"t2":{"c":[0,0.5714284,1],"x":0.5,"y":0.5,"a":0.8925,"m":0,"n":0,"r":0,"g":0,"o":0.5,"t":0.5,"e":0.5},"pr":{"c":[0.4444444,0.7619047,1],"m":0.25,"a":0.25,"s":0.15,"z":0.25,"g":0.5,"h":0.25}}]}]}