{"v":3,"a":[7,8,18],"p":[{"s":[{"p":[0,0,0],"r":[0,0,0],"s":[150,0.04126609,150],"c":[1,1,1],"pr":{"c":[0.8888889,0.8888889,0.8888889],"m":0.25,"a":0.25,"s":0.15,"z":0.25,"g":0.5,"h":0.25}}]}]}