{"n":"th","v":3,"p":[{"b":3,"a":[31],"t1":4,"s":[{"p":[-0.02873353,0.04945508,0.209392],"r":[23.13206,166.8554,356.9937],"s":[0.08551546,0.07564127,0.1723245],"c":[0.4444443,0.3950616,0.09876532],"t1":{"c":[0,0,0],"x":0.17,"y":0.17,"a":0.69625,"m":0.5,"n":0.5,"r":0,"g":0,"o":0.5,"t":0.5,"e":0.5}}]},{"b":3,"i":[{"t":"5aa535e7fe006413833497d2","p":[0.03280166,0.07849,0.3701248],"r":[9.3458,199.0382,59.04472]}],"s":[{"p":[0.01019311,-0.02031858,0.03794523],"r":[350.1827,345.3018,357.7036],"s":[0.03028203,0.04285342,0.03362396],"c":[0.4444443,0.4091709,0.1975307]}]}]}