{"v":3,"a":[7,18],"p":[{"b":5,"i":[{"t":"5aa750335d04bf138d3db4fe","p":[0.5186736,0.03200251,0.07707987],"r":[-1.183166E-12,270,180]}],"t1":23,"s":[{"p":[0,0,0],"r":[0,0,0],"s":[0.3937196,0.3937077,0.1706132],"c":[1,0,0.3428572],"b":["when starts then become unsoftened next in 2s"],"t1":{"c":[1,1,1],"x":0.17,"y":0.17,"a":0.75,"m":0.7050836,"n":0.7072891,"r":0,"g":0.4230436,"o":0.4744834,"t":0.1796248,"e":0}},{"p":[0.03203011,-0.01125121,0],"r":[0,0,270],"s":[0.3939843,0.3939606,0.1706391],"c":[1,0,0.3428572],"b":["when starts then become unsoftened next in 2s"],"t1":{"c":[1,1,1],"x":0.17,"y":0.17,"a":0.75,"m":0.7050836,"n":0.7072891,"r":0,"g":0.4230436,"o":0.4744834,"t":0.1796248,"e":0}},{"p":[0.01731062,-0.04218304,0],"r":[0,0,180],"s":[0.3940049,0.3940083,0.1706448],"c":[1,0,0.3428572],"b":["when starts then become unsoftened next in 2s"],"t1":{"c":[1,1,1],"x":0.17,"y":0.17,"a":0.75,"m":0.7050836,"n":0.7072891,"r":0,"g":0.4230436,"o":0.4744834,"t":0.1796248,"e":0}},{"p":[0.01731062,-0.02600014,0],"r":[0,0,89.99999],"s":[0.3941178,0.3940946,0.1706629],"c":[1,0,0.3428571],"b":["when starts then become unsoftened next in 2s"],"t1":{"c":[1,1,1],"x":0.17,"y":0.17,"a":0.75,"m":0.7050836,"n":0.7072891,"r":0,"g":0.4230436,"o":0.4744834,"t":0.1796248,"e":0}}]}]}