{"v":2,"a":[22,18],"p":[{"s":[{"p":[0,0,0],"r":[0,0,0],"s":[0.8094468,0.8786496,4.562232],"c":[0.4444443,0.1989417,0.148148]}]}]}