{"v":2,"p":[{"id":"5aa825fd14b6c0264c027622","s":[{"p":[0,0,0],"r":[0,0,0],"s":[0.1750006,0.1859967,0.9013668],"c":[1,1,1]}]},{"ac":{"id":"5aa825fd14b6c0264c027622","c":46},"s":[{"p":[0.1691249,-0.01324744,0.07488863],"r":[359.9822,7.28045,3.97861],"s":[0.1929769,0.1665522,1.740961],"c":[1,1,1],"b":["when starts then become next in 2"]},{"p":[0.1691249,-0.01324744,0.07488863],"r":[359.9822,7.28045,3.97861],"s":[0.1834903,0.1665522,1.225509],"c":[0,0,0],"b":["when starts then become next in 2"]}]}]}