{"v":3,"p":[{"b":73,"t":20,"s":[{"p":[0,0,0],"r":[0,0,-1.600826E-06],"s":[0.2250002,0.2250002,0.2250002],"c":[1,0,0.6857142]}]}]}