{"v":2,"p":[{"b":5,"pr":6,"s":[{"p":[0,0,0],"r":[0,0,0],"s":[0.1250001,0.1250001,0.005000004],"c":[1,1,1],"pr":{"c":[1,1,1],"m":0.5902969,"a":0.3623748,"s":0.06219712,"z":0.3548086,"g":0.385761,"h":0.394273}}]},{"b":174,"pr":6,"s":[{"p":[-0.1337577,0.3766245,-0.05753037],"r":[68.44136,278.9841,275.9954],"s":[0.04500007,0.04500008,0.0450001],"c":[0,0.3333332,0.07619045],"pr":{"c":[0,0.3333333,0.07619048],"m":0.25,"a":0.25,"s":0.15,"z":0.25,"g":0.5,"h":0.25}}]},{"b":31,"t":9,"t2":43,"s":[{"p":[-0.7711395,0.3411047,0.2635978],"r":[355.9409,263.8824,84.59289],"s":[0.3179356,0.2375715,0.3647293],"c":[0,0,0],"t2":{"c":[1,0,0.8571426],"x":0.5,"y":0.5,"a":0.8925,"m":0,"n":0,"r":0,"g":0,"o":0.5,"t":0.5,"e":0.5}}]},{"b":136,"e":"OCTOBERVIL LE","s":[{"p":[-0.9231945,0.4825726,0.3112553],"r":[47.47206,265.1115,268.3531],"s":[0.005601858,0.005601856,0.005601863],"c":[1,0.6857142,0]}]}]}