{"v":3,"a":[22,18,36],"p":[{"s":[{"p":[0,0,0],"r":[0,0,0],"s":[0.05017613,0.06389513,20.62842],"c":[0.3333332,0.2285713,0]}]}]}