{"n":"bullzeebub","v":3,"a":[2,22,14,15,16,18],"p":[{"b":16,"t":1,"s":[{"p":[0.009195908,0,0.02220104],"r":[45.00001,22.50002,90.00001],"s":[0.005000455,0.01523884,0.005000439],"c":[1,0.6857142,0],"b":["when touched then become ","when touched then play bullet impact"],"pr":{"c":[0.9714286,1,0],"m":0.25,"a":0.25,"s":0.15,"z":0.25,"g":0.5,"h":0.25}},{"p":[0.009585537,0,0.02363138],"r":[45.00001,22.50002,90.00001],"s":[0.005000992,0.01524066,0.005000751],"c":[1,0.6857142,0],"b":["when starts then destroy all parts"],"pr":{"c":[0.9714286,1,0],"m":0.25,"a":0.25,"s":0.15,"z":0.25,"g":0.5,"h":0.25}}]}]}