{"v":2,"a":[22,18],"p":[{"b":5,"s":[{"p":[0,0,0.02577925],"r":[1.707547E-06,1.366038E-05,1.707548E-06],"s":[0.1250017,0.1249999,0.124999],"c":[1,1,1]}]},{"b":5,"t":4,"s":[{"p":[0,0,0.01134777],"r":[3.673495E-06,9.715298E-06,337.5],"s":[0.2012248,0.1991768,0.124999],"c":[1,1,1]}]},{"b":5,"t":4,"s":[{"p":[0,0,0.01432133],"r":[3.673495E-06,9.715298E-06,337.5],"s":[0.3014282,0.3002026,0.1250028],"c":[1,0,0]}]},{"b":5,"t":4,"s":[{"p":[0,0,0.003160954],"r":[0,0,0],"s":[0.125015,0.1250027,0.1250017],"c":[1,0,0]}]}]}