{"n":"thermostat","v":2,"a":[22],"p":[{"s":[{"p":[0,0,0],"r":[0,0,0],"s":[0.1750472,0.05289423,0.1322634],"c":[1,1,1]}]},{"s":[{"p":[-0.003994474,0.03271211,0.004554208],"r":[0,0,4.829672E-06],"s":[0.1433109,0.02090007,0.09704215],"c":[1,1,1]}]},{"s":[{"p":[-6.194552E-06,-0.01713395,0.01548463],"r":[0,0,1.448902E-05],"s":[0.1483359,0.02397351,0.06461817],"c":[0.3068781,0.3333332,0.2962961]}]},{"b":18,"e":"68","s":[{"p":[0.03801824,-0.03038955,0.05762352],"r":[270,180,0],"s":[0.006170643,0.006163037,0.006167182],"c":[0.5555556,0.5555556,0.5555556]}]}]}