{"v":3,"p":[{"b":5,"s":[{"p":[0,0,0],"r":[0,0,0],"s":[0.02976771,0.03247083,0.2571835],"c":[0.863492,0,0.8888889]}]},{"b":5,"s":[{"p":[0.0003497891,-0.0004342496,0.1105118],"r":[2.935305,357.954,17.20416],"s":[0.01048705,0.01197139,0.005000013],"c":[1,1,1]}]},{"b":5,"s":[{"p":[0.001486925,-0.002536401,0.08332527],"r":[1.220082,0.9449889,348.5619],"s":[0.005000016,0.005000022,0.2284759],"c":[1,1,1]}]}]}