{"n":"ground","v":3,"a":[1,7,31],"p":[{"b":17,"t":16,"s":[{"p":[0,0,0],"r":[0,0,0],"s":[3.363346,0.11062,3.201102],"c":[0,0,0]}]},{"b":59,"t":19,"s":[{"p":[-0.154438,0.1105756,-0.05775511],"r":[1.001791E-05,90,1.001791E-05],"s":[4.859776,4.857545,4.859636],"c":[0,0,0]}]}]}