{"v":2,"p":[{"b":68,"t":2,"t1":168,"s":[{"p":[0,0,0],"r":[0,0,0],"s":[0.162881,0.1000008,0.2572943],"c":[1,1,1],"t1":{"c":[0,0.1111111,0.1111111],"a":0.05}}]}]}