{"v":3,"a":[27],"p":[{"b":70,"s":[{"p":[0,0,0],"r":[0,0,-8.537735E-07],"s":[0.0350717,0.10547,0.04212666],"c":[1,1,1]}]},{"b":64,"s":[{"p":[0.02249417,-0.1626818,0.04365967],"r":[18.51261,214.626,273.7418],"s":[0.049518,0.06466405,0.04016989],"c":[1,1,1]}]},{"b":64,"s":[{"p":[-0.01541326,-0.1689488,-0.03220437],"r":[5.593191,25.59662,270.9096],"s":[0.04951832,0.06466442,0.04017005],"c":[1,1,1]}]},{"b":72,"s":[{"p":[-0.01697145,0.1822686,0.00733804],"r":[5.064806,317.7455,178.6997],"s":[0.06622302,0.0817491,0.09111683],"c":[1,1,1]}]}]}