{"v":2,"p":[{"s":[{"p":[0,0,0],"r":[0,0,0],"s":[0.7628058,0.854572,0.1750013],"c":[1,1,1]}]}]}