{"v":2,"a":[22,18],"p":[{"id":"5ab478a3e791602128973183","s":[{"p":[0,0,0],"r":[0,0,0],"s":[0.005003831,0.04795209,0.03890755],"c":[1,0.984127,0.8888889]}]},{"ac":{"id":"5ab478a3e791602128973183","c":4},"s":[{"p":[0.009775586,0,-0.004049181],"r":[0,0,0],"s":[0.005004235,0.04795451,0.03890949],"c":[1,0.984127,0.8888889]}]}]}