{"n":"balkar","v":3,"a":[12],"p":[{"b":166,"s":[{"p":[0.003990838,0.003383547,0.1107839],"r":[22.27349,268.0964,91.14925],"s":[0.03000049,0.03401772,0.03000059],"c":[1,0.984127,0.8888889],"b":["when starts then all parts face nearest balk"]}]}]}