{"v":3,"p":[{"t":4,"s":[{"p":[0,0,0],"r":[0,0,0],"s":[0.2264287,0.1609814,0.2618684],"c":[0,0.08253951,0.111111]}]},{"t":4,"s":[{"p":[0.002870083,-0.0768905,-0.1104895],"r":[0,180,270],"s":[0.1142342,0.1750634,0.03776587],"c":[0,0.08253951,0.111111]}]},{"b":63,"s":[{"p":[-0.0009222031,0.06656527,-0.1090001],"r":[0,90,0],"s":[0.03107459,0.1250134,0.04786124],"c":[1,0.952381,0.6666666]}]},{"b":7,"t":4,"s":[{"p":[-0.001188755,-0.0005276054,0.1683419],"r":[0,0,0],"s":[0.1085736,0.08081062,0.1250155],"c":[0.111111,0.2761903,0.3333332]}]}]}