{"n":"ground","v":2,"a":[7,18],"p":[{"s":[{"p":[0,0,0],"r":[0,0,7.656432E-20],"s":[40.27496,0.005001001,47.80366],"c":[0,1,0.3999999]}]}]}