{"v":3,"a":[22],"p":[{"t":1,"id":"5ab6c2ca3a162949204c971c","ac":{"id":"5ab6c3643a162949204c971e","c":25},"s":[{"p":[0,0,0],"r":[0,0,0],"s":[0.01873332,0.01184066,1.434563],"c":[0.2222221,0.2222221,0.2222221]}]},{"t":1,"id":"5ab6c3643a162949204c971e","ac":{"id":"5ab6c2ca3a162949204c971c","c":46},"s":[{"p":[5.743411E-09,0.06569696,-7.450581E-09],"r":[0,0,1.001791E-05],"s":[0.01873412,0.01184111,1.434599],"c":[0.2222221,0.2222221,0.2222221]}]}]}