{"v":2,"p":[{"im":"919171921182713701/2700E50A6397DBA077DF873E180BFABC0B4B3FDB/","s":[{"p":[0,0,0],"r":[0,0,0],"s":[0.8676454,0.009999998,0.4858814],"c":[1,1,1],"pr":{"c":[0,0,0],"m":0.25,"a":0.25,"s":0.15,"z":0.25,"g":0.5,"h":0.25}}]}]}