{"n":"vecteq","v":2,"a":[7,18,20],"p":[{"b":86,"t":21,"t1":167,"t2":167,"s":[{"p":[2.61886E-06,29.95627,5.23772E-06],"r":[-5.00897E-06,90,180],"s":[14.9462,14.94724,14.94568],"c":[0,0,0],"t1":{"c":[1,0,0],"a":0.9856606},"t2":{"c":[0,0.2285713,1],"a":0.9577593}}]},{"b":86,"t":21,"t1":167,"t2":167,"s":[{"p":[-0.08090878,0.1286562,0.06309465],"r":[0,0,0],"s":[14.95111,14.95735,14.95117],"c":[0,0,0],"t1":{"c":[1,0,0],"a":0.9856606},"t2":{"c":[0,0.2285713,1],"a":0.9577593}}]}]}