{"v":2,"p":[{"b":9,"t1":28,"s":[{"p":[0,0,0],"r":[8.537737E-07,-3.180555E-15,-4.268868E-07],"s":[0.4200171,0.09130892,0.2913367],"c":[0.3333331,0.3333331,0.3333331],"t1":{"c":[0.2208112,0.2222221,0.1728394],"x":0.5,"y":0.5,"a":0.8925,"m":0,"n":0,"r":0,"g":0,"o":0.5,"t":0.5,"e":0.5}}]}]}