{"n":"l4s2","v":3,"a":[6,12,31],"p":[{"b":166,"t":21,"t1":14,"s":[{"p":[0,0,0.1324914],"r":[71.33216,264.778,84.18517],"s":[0.01456787,0.02690393,0.01456787],"c":[1,0,0],"t1":{"c":[0.9714286,1,0],"x":0.17,"y":0.17,"a":0,"m":0.5,"n":0.5,"r":0,"g":1,"o":0.5,"t":0.5,"e":0.5}}]},{"b":69,"t":21,"i":[{"t":"5ab9eab099ab882c7acef120","p":[0.000665188,0.1689067,0.0008059591],"r":[90,270,0]}],"t1":14,"t2":168,"s":[{"p":[0,0,0.1324914],"r":[6.830189E-06,270,270],"s":[0.04959343,0.08493023,0.04959379],"c":[0,0,0],"t1":{"c":[1,0,0],"x":0.17,"y":0.17,"a":1,"m":0.5,"n":0.5,"r":0,"g":0.04196811,"o":0.4625851,"t":0.5,"e":0.5},"t2":{"c":[0,0,0],"a":0.01015072}}]},{"b":4,"t":8,"a":[12],"s":[{"p":[0,0,0],"r":[0,0,0],"s":[0.03011391,0.03010759,0.03011416],"c":[1,1,1],"b":["when starts then all parts face nearest l4j2"]}]}]}