{"v":2,"a":[7,18],"p":[{"b":9,"t1":43,"s":[{"p":[0,0,0],"r":[0,0,0],"s":[1.156435,2.138741,0.1250029],"c":[0,0,0],"t1":{"c":[1,1,1],"x":0.1500306,"y":0.1053736,"a":0.8925,"m":0,"n":0,"r":0,"g":0,"o":0.5,"t":0.5,"e":0.5}}]}]}