{"n":"foot","v":3,"d":"Wear this on your hand slot. Add a custom hand as a sub-thing. Both the forearm and Y should also be sub-things of this object.","a":[1,22,12],"p":[{"b":4,"s":[{"p":[0,0,0],"r":[-3.415094E-06,-5.549529E-06,5.122642E-06],"s":[0.1385963,0.01125557,0.04043101],"c":[1,1,1],"b":["when starts then all parts face nearest q"]}]},{"b":16,"i":[{"t":"5aa40f5866f13413882e7f8d","p":[-0.03342978,0.3178654,0.001565952],"r":[-7.260135E-08,180,2.487434E-06]}],"s":[{"p":[-0.007316034,1.563504E-05,0.06129323],"r":[8.753784E-06,90,180],"s":[0.07694472,0.04169775,0.04972295],"c":[1,0,0.3428571]}]}]}