{"v":2,"a":[7,18],"p":[{"t":19,"s":[{"p":[0,0,0],"r":[0,0,0],"s":[1.340083,1.890313,0.1258532],"c":[0,0,0]}]}]}