{"n":"pelv","v":3,"a":[7,12,18],"p":[{"b":69,"t":18,"s":[{"p":[0,0,0],"r":[0,0,0],"s":[0.07501094,0.07190946,0.0750119],"c":[0,0,0]}]}]}