{"v":3,"a":[1,7,18],"p":[{"t1":114,"s":[{"p":[0,0,0],"r":[0,0,0],"s":[0.03494559,10.84743,13.7399],"c":[0.2010579,0.333333,0.1481478],"t1":{"c":[0,0,0],"x":0.03689656,"y":0.06390616,"a":0,"m":0,"n":0,"r":0,"g":0,"o":0.5,"t":0.5,"e":0.5}}]}]}