{"v":3,"p":[{"a":[1,4,27],"vid_a":"Sw5tHvnUu7k","s":[{"p":[0,0,0],"r":[0,0,0],"s":[0.1750001,0.1750001,0.1750002],"c":[0,0,0]}]}]}