{"n":"ikj1","v":2,"p":[{"b":73,"s":[{"p":[0,0,0],"r":[0,0,0],"s":[0.07597926,0.07597946,0.07597947],"c":[0,0.2285712,1]}]}]}