{"n":"iklj2","v":3,"a":[7,18],"p":[{"b":73,"s":[{"p":[0,0,0],"r":[0,0,0],"s":[0.07462682,0.07462692,0.07462697],"c":[1,1,1]}]}]}