{"v":2,"a":[7,18],"p":[{"b":4,"s":[{"p":[0,0,0],"r":[0,0,0],"s":[0.02478124,0.02555734,0.0201886],"c":[1,1,1]}]}]}