{"v":2,"a":[1,2,3,6,7,8,9,18],"p":[{"b":12,"s":[{"p":[0,0,0],"r":[0,0,0],"s":[0.06,0.06000001,0.06000002],"c":[1,1,1]}]}]}