{"n":"12321","v":2,"p":[{"s":[{"p":[0,0,0],"r":[0,0,-5.336085E-08],"s":[0.1750005,0.1750005,0.1750006],"c":[1,1,1]}]}]}