{"v":3,"a":[7,12,18],"p":[{"b":4,"s":[{"p":[0,0,0],"r":[0,0,0],"s":[0.02154933,0.02037476,0.03102988],"c":[1,1,1],"b":["when starts then all parts face nearest iklj1"]}]},{"b":69,"i":[{"t":"5abfbb12f937570feb36b37e","p":[0.1911846,-1.053374,0.1655515],"r":[1.086677E-05,-8.451924E-06,270]}],"s":[{"p":[2.384186E-07,0,0.2615859],"r":[270,-1.216382E-05,0],"s":[0.07512359,0.159585,0.07521714],"c":[0,0.3999995,1]}]}]}