{"v":2,"p":[{"s":[{"p":[-0.9841048,1.226717,-0.8948319],"r":[22.09183,342.5442,281.0704],"s":[0.7004412,0.6346315,0.1750004],"c":[1,1,1]}]},{"s":[{"p":[0.06894416,-0.5517154,-0.1950935],"r":[1.869245,343.9073,27.66475],"s":[0.8006932,0.727949,0.1750007],"c":[1,1,1]}]}]}