{"n":"ex","v":3,"a":[7,12],"p":[{"t":8,"a":[12],"i":[{"t":"5ac067f27f30c80ff5e0b2d0","p":[-0.001484581,-0.001935046,-0.1489722],"r":[0,0,135]}],"s":[{"p":[0,0,0],"r":[0,0,0],"s":[0.05427333,0.05063683,0.0649135],"c":[1,1,1],"b":["when starts then become next in 0.5s"]},{"p":[0.001484581,0.001935046,0.05357146],"r":[0,0,6.830188E-06],"s":[0.05430769,0.05065718,0.0649411],"c":[1,1,1],"b":["when starts then become untweened next in 1s"]},{"p":[0.001484581,0.001935046,0.05357146],"r":[0,0,6.830188E-06],"s":[0.05430769,0.05065718,0.0649411],"c":[1,1,1],"b":["when starts then become next in 0.5s"]}]}]}