{"n":"hand template","v":3,"d":"Wear this on your hand slot. Add a custom hand as a sub-thing. Both the forearm and Y should also be sub-things of this object.","a":[1,12],"p":[{"b":73,"s":[{"p":[0,0,0],"r":[0,0,0],"s":[0.1019144,0.1019177,0.1019161],"c":[1,0,0.3428572]}]},{"b":140,"e":"5/5","s":[{"p":[0.05343784,0.02083587,0.02080941],"r":[-6.830189E-06,270,270],"s":[0.00299991,0.003000141,0.002999926],"c":[1,1,1]}]}]}