{"n":"superman 1","v":3,"a":[2,14],"p":[{"im":"916920822603066272/A9AAEFC690FE5319A2493FEE1D166AE53955005B/","s":[{"p":[0,0,0],"r":[0,0,0],"s":[0.2093014,0.01,0.2865657],"c":[1,1,1]}]}]}