{"v":2,"p":[{"s":[{"p":[0.1257831,0.04294427,-0.2054134],"r":[9.46874,249.5461,344.243],"s":[0.06518365,0.04420406,0.4390797],"c":[0.4444443,0.4444443,0.4444443]}]},{"s":[{"p":[0.1072669,-0.01115686,-0.07271033],"r":[20.42336,347.5377,5.068457],"s":[0.1029895,0.04420407,0.1750011],"c":[0.4444443,0.4444443,0.4444443]}]}]}