{"v":2,"p":[{"t":7,"s":[{"p":[0,0,0],"r":[0,0,0],"s":[0.5154977,0.01764847,0.3909501],"c":[0.4571425,1,0]}]}]}