{"v":3,"a":[21],"p":[{"b":73,"t":2,"s":[{"p":[-0.001482898,0.005164345,-0.001245997],"r":[18.29339,19.71207,338.7198],"s":[0.02864773,0.02864768,0.02864779],"c":[0.6285715,1,0]}]},{"b":76,"s":[{"p":[-0.003594231,0.004574065,-0.0005586143],"r":[355.561,356.5263,4.132491],"s":[0.0125619,0.01256186,0.01256189],"c":[0,0,0]}]}]}