{"n":"wanted sign pierre","v":2,"a":[7,18],"p":[{"im":"921424381011622554/54018456CFA4ED7ED24FCC8D16D1BE1EC94CF42A/","s":[{"p":[0,0,0],"r":[0,0,0],"s":[0.2621579,0.01000044,0.3708345],"c":[1,1,1]}]}]}