{"v":3,"p":[{"s":[{"p":[0.006268207,-0.000346995,0.01417826],"r":[359.9295,359.4613,358.21],"s":[0.175001,0.1750005,0.1750007],"c":[1,1,1],"b":["when starts then become next in 1s"]},{"p":[0,0,0],"r":[0,0,0],"s":[0.005,0.1750005,0.1750007],"c":[1,1,1],"b":["when starts then become next in 1s"]}]}]}