{"v":3,"p":[{"b":139,"e":"TEACHING AREA","s":[{"p":[0,0,0],"r":[0,0,1.86763E-07],"s":[0.007155742,0.007155741,0.00715574],"c":[0,0,0]}]}]}