{"n":"void editor billboard","v":3,"a":[2,6,5,13,14,20,36,37,38,39],"p":[{"t":19,"pr":55,"s":[{"p":[-0.1124097,0.07676551,-0.102761],"r":[51.55072,34.29417,23.74506],"s":[0.290665,0.01530536,0.1244824],"c":[1,1,1],"pr":{"c":[1,1,1],"a":1}}]},{"b":140,"e":"BUILD ANYTHING\nASK OKON7 FOR EDITOR\n[AND RULES]","s":[{"p":[-0.1979425,0.02216502,-0.04748326],"r":[32.76944,184.5869,162.4022],"s":[0.002112251,0.002112206,0.002112237],"c":[0,0,0]}]}]}