{"v":3,"a":[22,18],"p":[{"im":"915795433271049768/FBECF9BD08242B5E9EC6AA8F050412B8B0786A0C/","s":[{"p":[0,0,0],"r":[0,0,0],"s":[0.3946584,0.01000113,0.3018478],"c":[1,1,1]}]},{"s":[{"p":[0.0006191732,-0.04209733,0.001101498],"r":[0,0,0],"s":[0.399543,0.09242863,0.3071655],"c":[0.111111,0.111111,0.111111]}]}]}