{"v":3,"p":[{"b":3,"t":3,"s":[{"p":[0,0,0],"r":[0,0,0],"s":[6.710727,0.5376064,0.5737144],"c":[0.6666667,0.6243386,0.3703702]}]}]}