{"v":3,"a":[5,22,12,13,25,32],"p":[{"b":16,"s":[{"p":[0,0,0],"r":[0,0,0],"s":[0.1250316,0.2815354,0.3639608],"c":[1,1,1]}]}]}