{"v":2,"a":[2,14],"p":[{"b":12,"s":[{"p":[0,0,0],"r":[0,0,0],"s":[0.06000004,0.06,0.06000002],"c":[1,1,1]}]}]}