{"v":2,"a":[22],"p":[{"s":[{"p":[0,0,0],"r":[0,0,0],"s":[3.028182,2.315807,0.1285993],"c":[0.3333331,0.2857141,0]}]}]}