{"v":3,"a":[22,21],"p":[{"b":140,"e":"POTATO","s":[{"p":[-0.01319754,-0.00395952,0.004327938],"r":[-3.415095E-06,180,180],"s":[0.0006815083,0.0006815114,0.0006815158],"c":[0.111111,0.111111,0.111111]}]},{"b":7,"t":1,"s":[{"p":[-0.002219319,8.926596E-05,-0.0007213564],"r":[0,0,0],"s":[0.02083072,0.01353727,0.01077578],"c":[0.8888889,0.8888889,0.8888889],"b":["when touched then tell potato"]}]}]}