{"v":2,"p":[{"b":140,"e":"OPEN","s":[{"p":[0,0,0],"r":[0,0,-3.501806E-08],"s":[0.002092625,0.002092622,0.002092622],"c":[1,1,1]}]}]}