{"v":3,"a":[22,21],"p":[{"b":7,"t":1,"s":[{"p":[0.0006093964,-0.004709661,-0.01169574],"r":[0,0,0],"s":[0.02083111,0.01353895,0.01077723],"c":[0.8888889,0.8888889,0.8888889],"b":["when touched then tell potato","when touched then become 2"]},{"p":[-0.0003333109,-0.007122278,-0.01334608],"r":[0,0,0],"s":[0.02083138,0.01354248,0.01078003],"c":[0.8888889,0.8888889,0.8888889],"b":["when starts then become 1 in 0.1s"]}]},{"b":140,"e":"POTATO","s":[{"p":[-0.01145554,-0.009649216,-0.006149649],"r":[-1.001791E-05,180,180],"s":[0.0006815162,0.0006815207,0.0006815197],"c":[0.111111,0.111111,0.111111],"b":["when touched then become 2"]},{"p":[-0.0115372,-0.01070887,-0.008264064],"r":[-4.378969E-13,180,180],"s":[0.0006815188,0.0006815219,0.0006815214],"c":[0.1111109,0.1111109,0.1111109],"b":["when starts then become 1"]}]}]}