{"v":2,"p":[{"b":172,"s":[{"p":[0.1336783,0.2339533,-0.5282321],"r":[56.25248,60.82076,54.13579],"s":[0.04500014,0.04500005,0.0450001],"c":[1,1,1]}]},{"b":164,"t":2,"s":[{"p":[0.2547539,-0.4944521,-0.4338273],"r":[24.4448,154.6053,203.7373],"s":[0.1000004,0.1000004,0.1000004],"c":[0.04938262,0.4444443,0.4105819]}]}]}