{"v":3,"p":[{"a":[29],"t1":59,"t2":59,"s":[{"p":[0,0,0],"r":[0,0,0],"s":[0.1750001,0.1750002,0.1750001],"c":[0,0,0],"t1":{"c":[1,1,1],"x":0.6191077,"y":0.7160518,"a":0.8925,"m":0,"n":0,"r":0,"g":0,"o":0.5,"t":0.5,"e":0.5},"t2":{"c":[1,1,1],"x":0.05335569,"y":0.2950178,"a":0.8925,"m":0,"n":0,"r":0,"g":0,"o":0.5,"t":0.5,"e":0.5}}]}]}