{"v":2,"a":[7,18],"p":[{"b":160,"s":[{"p":[0,0,0],"r":[0,0,0],"s":[6.779193,6.379084,0.07891558],"c":[0,0,0]}]}]}