{"v":3,"a":[1,7,18],"p":[{"a":[1,4],"s":[{"p":[0,0,0],"r":[0,0,0],"s":[4.962747,0.1603529,3.678595],"c":[0,0,0]}]},{"t":2,"a":[1,4],"s":[{"p":[0.01184808,-0.03857422,-0.01251459],"r":[0,0,0],"s":[5.16687,0.1603974,3.918057],"c":[0,0.7428566,1]}]},{"t":2,"a":[1,4],"s":[{"p":[0.01184975,-0.04575348,-0.01251507],"r":[0,0,0],"s":[5.297347,0.1604123,4.062011],"c":[0,0.412698,0.5555556]}]},{"t":2,"a":[1,4],"s":[{"p":[0.01184999,-0.04914284,-0.01251507],"r":[0,0,0],"s":[5.398925,0.1604148,4.205182],"c":[0,0.2476187,0.3333332]}]}]}