{"n":"louis bane","v":3,"p":[{"b":73,"t":9,"s":[{"p":[-0.002356913,0.005890131,0.01755911],"r":[347.3844,351.6139,2.793241],"s":[0.2250008,0.2250003,0.2250007],"c":[0,0,0],"b":["when touched then "]}]},{"b":4,"s":[{"p":[-0.03557384,0.1372696,0.1045245],"r":[314.9908,340.7463,62.19145],"s":[0.01613792,0.01738003,0.03412564],"c":[1,1,1],"b":["when told happy birthday then emit [drop from inventory]"]}]}]}