{"v":3,"a":[7],"p":[{"im":"2429005456312599098/2D65DA2C087AFD7B1AD85B600A24FEA3005F276C/","s":[{"p":[0,0,0],"r":[0,0,0],"s":[0.2639363,0.01000006,0.3519177],"c":[1,1,1]}]},{"b":82,"t1":13,"s":[{"p":[-0.001188279,-0.009380102,-0.001562119],"r":[0,0,0],"s":[0.09234898,0.0750108,0.1242405],"c":[0.222222,0.1679011,0.0493826],"t1":{"c":[0.5555556,0.4779541,0.3086419],"x":0.17,"y":0.17,"a":0.8925,"m":0.5,"n":0.5,"r":0,"g":0,"o":0.5,"t":0.5,"e":0.5}}]}]}