{"n":"ghost pad","v":3,"a":[31,36,37],"inc":[["ghost","5ad1250e1639de0ff8571e7e"]],"p":[{"b":5,"a":[31],"i":[{"t":"5ad126561ad654100a304a05","p":[-0.00386348,-0.0002853125,0.07154975],"r":[3.764552,355.5704,344.6569]}],"s":[{"p":[0,0,0],"r":[0,0,0],"s":[0.01497431,0.0149742,0.005000004],"c":[0.8888889,0.8888889,0.8888889],"b":["when "]},{"p":[0,0,0],"r":[0,0,0],"s":[0.01497431,0.0149742,0.005000004],"c":[0.8888889,0.8888889,0.8888889]},{"p":[0,0,0],"r":[0,0,0],"s":[0.01497431,0.0149742,0.005000004],"c":[0.8888889,0.8888889,0.8888889]},{"p":[0,0,0],"r":[0,0,0],"s":[0.01497431,0.0149742,0.005000004],"c":[0.8888889,0.8888889,0.8888889]}]}]}