{"n":"8","v":3,"a":[21],"p":[{"b":16,"t":1,"s":[{"p":[0.02305016,0.003149532,0.004966313],"r":[83.64719,224.2304,313.2722],"s":[0.006595484,0.03032611,0.003054122],"c":[0,0,0],"b":["when touches pepa bullt then tell body 8 , then tell body 4"]}]},{"b":7,"t":1,"s":[{"p":[0.001791691,-0.0009835215,-0.001514622],"r":[359.6346,359.97,0.2558616],"s":[0.03240169,0.009054448,0.05864345],"c":[0.6666667,0.6666667,0.6666667],"b":["when told by body 4 then become 2 in 2"]},{"p":[0.001791691,-0.0009835215,-0.001514622],"r":[359.6346,359.97,0.2558616],"s":[0.03240169,0.009054448,0.05864345],"c":[0.6666667,0.6666667,0.6666667],"b":["when touches hand then tell body 4"]}]}]}