{"v":3,"p":[{"s":[{"p":[0,0,0],"r":[0,0,0],"s":[0.331525,0.175,0.175],"c":[1,1,1]}]},{"s":[{"p":[-0.1131367,-0.05189379,-0.1798104],"r":[349.8235,2.919299,357.347],"s":[0.1078279,0.1750002,0.4521986],"c":[1,1,1]}]},{"s":[{"p":[0.1006575,-0.05823134,-0.2120717],"r":[346.8588,2.798404,359.8091],"s":[0.06990784,0.1750003,0.3992743],"c":[1,1,1]}]}]}