{"v":3,"a":[22,18],"p":[{"b":168,"a":[5],"s":[{"p":[0,0,0],"r":[0,0,0],"s":[0.3536864,0.5843097,0.3442718],"c":[0.4444441,0.3047615,0],"b":["when hears teaching is fun then become next in 2","when starts then set voice male ","when told by any go fuck yourself then become 2","when hears never gonna give you up nevr gn sfnte eoenx in"]},{"p":[1.938256,0.05292141,-0.008717573],"r":[357.9711,0.2022747,1.564941],"s":[0.3537828,0.584496,0.3444876],"c":[0.444444,0.3047614,0],"b":["when starts then say yes ben, yes it is","when starts then become previous in 30"]},{"p":[0,0,0],"r":[0,0,0],"s":[0.3536864,0.5843097,0.3442718],"c":[0.4444441,0.3047615,0]}]}]}