{"n":"333","v":3,"a":[7,18],"p":[{"t":8,"a":[12],"s":[{"p":[0,0,0],"r":[0,0,0],"s":[0.1750116,0.1750036,0.1750143],"c":[1,1,1]}]}]}