{"v":3,"p":[{"i":[{"t":"5a23d49d5df9ff5e28482628","p":[0.2137847,0.173866,0.3928964],"r":[359.6104,352.8465,347.5128]},{"t":"5a23d4435974bfae13087fc3","p":[-0.02703508,0.2487624,0.7886952],"r":[336.9399,18.66679,295.4097]}],"s":[{"p":[0,0,0],"r":[0,0,0],"s":[2.344365,0.5821077,0.1750008],"c":[1,1,1]}]}]}