{"v":3,"a":[7,18],"p":[{"b":3,"t":11,"s":[{"p":[0,0,0],"r":[0,0,3.828216E-20],"s":[0.3530877,0.3530738,0.5009468],"c":[1,1,1]}]},{"b":58,"t":11,"a":[3],"s":[{"p":[-1.036333E-07,5.960466E-08,-0.5927134],"r":[90,180,0],"s":[0.2157253,0.2157304,0.2157388],"c":[1,1,1]}]},{"b":5,"t":2,"a":[3],"s":[{"p":[-1.036446E-07,5.960466E-08,-0.5927781],"r":[-1.001791E-05,1.001791E-05,0],"s":[0.1588309,0.1588402,0.005000095],"c":[1,1,1]}]},{"b":76,"t":11,"s":[{"p":[-0.0004544258,-0.0002048016,-0.2738283],"r":[90,180,0],"s":[0.1420674,0.3265199,0.1420723],"c":[1,1,1]}]}]}