{"v":4,"a":[7],"p":[{"a":[1],"s":[{"p":[0,0,0],"r":[0,0,0],"s":[1.178428,0.175019,0.7397884],"c":[1,1,1]}]}]}