{"v":4,"a":[2],"p":[{"s":[{"p":[0,0,0],"r":[0,0,0],"s":[0.03272407,0.02352423,0.1750001],"c":[1,1,1]}]},{"s":[{"p":[0.001548101,-0.003607549,-0.08567104],"r":[3.726273,0.08253035,6.716109],"s":[0.1750002,0.1750001,0.005000001],"c":[1,1,1],"b":["when hears banana then become next in 0.5s"]},{"p":[0.01922457,-0.03550171,0.007876167],"r":[9.496308,1.909417,7.779864],"s":[0.1750006,0.1750005,0.2229284],"c":[1,1,1],"b":["when hears banana then become next in 0.5s"]}]}]}