{"n":"arm template forearm","v":4,"d":"This should be a sub-thing of the hand. Before adding it as a sub-thing, however, you can add a custom arm as a sub-thing to this piece.","a":[1,12],"p":[{"b":4,"t":8,"a":[3,12],"s":[{"p":[0,0,0],"r":[0,0,0],"s":[0.02225682,0.02225834,0.0222562],"c":[1,1,1],"b":["when starts then all parts face nearest y"]}]},{"b":69,"s":[{"p":[0.001082987,-0.0008917451,0.1269264],"r":[90,180,0],"s":[0.05525973,0.07562973,0.05525296],"c":[0.5238094,1,0.3333329]}]}]}