{"v":4,"a":[2],"p":[{"b":5,"t":3,"s":[{"p":[0.006496307,-0.01576282,0.02157204],"r":[0.149454,1.322135,353.0821],"s":[0.1250004,0.1250006,0.4525563],"c":[0,0.05714257,1]}]},{"b":5,"s":[{"p":[0.03316896,-0.002358869,0.3065766],"r":[352.8055,5.637525,355.896],"s":[0.05228315,0.08396782,0.4525565],"c":[0,0,0]}]}]}