{"v":4,"a":[33],"p":[{"b":10,"s":[{"p":[0.008840361,-0.0103135,0.004804227],"r":[351.036,7.294093,354.1907],"s":[0.1905862,0.161826,0.271608],"c":[0.3333332,0.3333332,0.3333332]}]},{"b":10,"s":[{"p":[0.02219772,-0.06270321,0.2035513],"r":[354.5491,6.721323,79.70219],"s":[0.1198068,0.1250006,0.05402373],"c":[0.3333332,0.3333332,0.3333332]}]}]}