{"v":4,"p":[{"s":[{"p":[0,0,0],"r":[0,0,-4.268868E-07],"s":[0.05845924,0.0554522,0.5601154],"c":[0.4444442,0.3047617,0]}]}]}