{"v":4,"p":[{"s":[{"p":[0,0,0],"r":[0,0,0],"s":[0.03202083,0.03341564,0.1431076],"c":[0.3333332,0.3333332,0.3333332]}]},{"t":3,"t2":4,"s":[{"p":[0.03325881,-0.001939915,0.126266],"r":[2.250211,30.25768,0.3198045],"s":[0.03202088,0.03341565,0.1431084],"c":[0.1142857,0,1],"b":["when starts then become next in 1s"],"t2":{"c":[0,0,0],"x":0.3117542,"y":0.1297015,"a":0.69625,"m":0.5,"n":0.5,"r":0.05369568,"g":0,"o":0.5,"t":0.5,"e":0.5}},{"p":[0.0365389,0.003205024,0.1239095],"r":[357.95,32.74031,0.2049816],"s":[0.03202113,0.03341585,0.1431099],"c":[0.1142857,0,1],"b":["when starts then become 1 in 1s"],"t2":{"c":[0,0,0],"x":0.3117542,"y":0.1297015,"a":0.69625,"m":0.5,"n":0.5,"r":0.05369568,"g":0,"o":0.5,"t":0.5,"e":0.5}}]}]}