{"v":4,"p":[{"b":14,"s":[{"p":[-0.0427637,0.002557136,-0.07637594],"r":[326.0475,265.8369,90.67017],"s":[0.05441277,0.005000021,0.02905336],"c":[0,0,0]}]},{"b":8,"s":[{"p":[0.03305295,0.005160863,0.004204858],"r":[62.35911,268.5203,269.498],"s":[0.1250006,0.00500002,0.09522773],"c":[1,0,0]}]},{"b":3,"s":[{"p":[0.003604513,0.0008367471,-0.008248069],"r":[0.4551046,358.703,0.1784996],"s":[0.2411012,0.2587955,0.005000005],"c":[0,0,0]}]}]}