{"v":4,"p":[{"b":3,"s":[{"p":[0,0,0],"r":[0,0,0],"s":[0.1173744,0.1442024,0.1535598],"c":[1,1,1]}]},{"b":3,"s":[{"p":[0.1897503,0.2106825,-0.1306951],"r":[356.2487,6.643168,358.3305],"s":[0.01915838,0.01184868,0.0112607],"c":[1,1,1]}]}]}