{"v":4,"p":[{"b":76,"s":[{"p":[-0.03751893,-0.03774296,0.1660658],"r":[55.79815,266.9286,265.7393],"s":[0.05178115,0.05457639,0.04835183],"c":[0,0,0]}]},{"b":77,"s":[{"p":[-0.1182065,0.08178698,0.1633294],"r":[62.82647,239.0531,18.91005],"s":[0.02753817,0.07500286,0.03072948],"c":[0,0,0]}]},{"b":77,"s":[{"p":[0.1053286,-0.05726124,0.156822],"r":[9.94313,59.63641,242.2375],"s":[0.02753842,0.07500355,0.03072957],"c":[0,0,0]}]},{"b":68,"s":[{"p":[-0.001635086,0.02143698,0.01889298],"r":[2.762225,0.5300565,325.4981],"s":[0.1544675,0.1000017,0.2253284],"c":[0.3333332,0.3333332,0.3333332]}]}]}