{"n":"resizer","v":4,"a":[1,2,21],"inc":[["10pill","5add9cd3465126131491a161"]],"p":[{"s":[{"p":[0,0,0],"r":[0,0,0],"s":[0.02714211,0.02714208,0.02714212],"c":[0,0.9142855,1],"b":["when hears shrink then become 2","when hears grow then become 3","when hears normal then become 4"]},{"p":[0,0,0],"r":[0,0,0],"s":[0.02714211,0.02714208,0.02714212],"c":[0,1,0.2285714],"b":["when starts then resize nearby to 10%","when starts then become 1 in 1s"]},{"p":[0,0,0],"r":[0,0,0],"s":[0.02714211,0.02714208,0.02714212],"c":[0,0.05714257,1],"b":["when starts then resize nearby to 250%","when starts then become 1 in 1s"]},{"p":[0,0,0],"r":[0,0,0],"s":[0.02714211,0.02714208,0.02714212],"c":[1,0,0.3428572],"b":["when starts then resize nearby to 100% ","when starts then become 1"]}]}]}