{"n":"armarmr1","v":4,"a":[6,12],"p":[{"b":79,"t":12,"s":[{"p":[1.499429E-07,0.07783039,-3.930181E-07],"r":[1.814269E-06,6.936912E-07,180],"s":[0.01244473,0.01708267,0.01244538],"c":[1,0.8571429,0]}]},{"b":79,"t":12,"s":[{"p":[1.192093E-07,0.00970912,-2.384186E-07],"r":[1.599829E-05,90,1.6602E-05],"s":[0.01244543,0.05084261,0.01244662],"c":[1,0,0]}]},{"b":59,"t":12,"s":[{"p":[1.192093E-07,0.05954093,-2.384186E-07],"r":[1.001791E-05,292.5,1.001791E-05],"s":[0.02479893,0.02479054,0.02479913],"c":[1,0.5142855,0]}]}]}