{"v":4,"a":[7,13,18],"p":[{"b":59,"t":21,"a":[17],"s":[{"p":[0,0,0],"r":[0,0,-6.157171E-14],"s":[12.08835,6.293777,12.08835],"c":[0,0.4444443,0.3301586]}]},{"b":59,"t":21,"a":[17],"s":[{"p":[-5.525771E-08,-0.6320745,0],"r":[-1.001791E-05,-1.001791E-05,6.157171E-14],"s":[12.08835,3.039678,12.08835],"c":[0,0.4444443,0.3301586]}]},{"b":59,"t":21,"a":[17],"s":[{"p":[-9.074152E-08,-1.037962,0],"r":[0,0,0],"s":[12.08835,0.8236798,12.08835],"c":[0,0.4444443,0.3301586]}]}]}