{"n":"strawberry ice cream cone","v":4,"a":[2,21],"p":[{"b":4,"t1":66,"s":[{"p":[0.2277761,0.1008013,-0.08257253],"r":[358.8379,0.2031256,30.19329],"s":[0.05109155,0.0514976,0.07437517],"c":[1,0.8603175,0.5555556],"b":["when consumed then play munching","when consumed then destroy all parts"],"t1":{"c":[0.6666667,0.573545,0.3703703],"x":0.5,"y":0.5,"a":0.8925,"m":0,"n":0,"r":0,"g":0,"o":0.5,"t":0.5,"e":0.5}}]},{"b":147,"t1":58,"s":[{"p":[0.2273621,0.09916332,-0.163866],"r":[87.75598,20.58249,110.8649],"s":[0.01590312,0.03988915,0.0430522],"c":[0.9936507,0.7777778,1],"t1":{"c":[1,1,1],"x":0.5,"y":0.5,"a":0.8925,"m":0,"n":0,"r":0,"g":0,"o":0.5,"t":0.5,"e":0.5}}]},{"b":3,"t1":58,"s":[{"p":[0.2287512,0.09896345,-0.1965562],"r":[346.3687,145.7223,65.71643],"s":[0.0573816,0.05726916,0.05742294],"c":[0.9936507,0.7777778,1],"b":["when consumed then destroy all parts","when consumed then play munching"],"t1":{"c":[1,1,1],"x":0.5,"y":0.5,"a":0.8925,"m":0,"n":0,"r":0,"g":0,"o":0.5,"t":0.5,"e":0.5}}]}]}