{"n":"y","v":4,"d":"This is the part that the forarm points to. It is to be a sub-thing of the upper arm, placed where the elbow joint will be.","a":[1,22,12],"p":[{"b":16,"t":8,"a":[3,12],"s":[{"p":[0,0,0],"r":[0,0,-2.134434E-07],"s":[0.02575133,0.02575146,0.02575137],"c":[0.2962961,0.6349205,0.8888889]}]}]}