{"n":"v-b","v":4,"a":[2,3],"p":[{"t":8,"a":[12],"i":[{"t":"5ae01496d257c435fa3fa568","p":[0.0008819697,0.01455513,-0.01036434],"r":[74.82393,183.0029,91.43843]}],"s":[{"p":[0.1032723,-0.02197126,-0.332334],"r":[350.0966,313.1549,344.2099],"s":[0.04227049,0.06850462,0.03809787],"c":[1,1,1],"b":["when grabbed then become next, then tell 1"]},{"p":[-0.2096033,-0.01009934,-0.2326122],"r":[1.518528,359.2314,359.0023],"s":[0.04227026,0.03587794,0.03809763],"c":[1,1,1]}]}]}