{"v":4,"p":[{"b":143,"e":"FIRST GUN","s":[{"p":[0,0,0],"r":[0,0,5.336085E-08],"s":[0.003000001,0.003,0.003000001],"c":[1,1,1]}]}]}