{"n":"ground","v":4,"a":[1],"p":[{"b":17,"s":[{"p":[0,0,0],"r":[0,0,0],"s":[14.36644,0.11062,12.84401],"c":[0.9019608,0.8509804,0.7215686]}]}]}