{"n":"name tag","v":4,"a":[2],"p":[{"s":[{"p":[0,0,0],"r":[0,0,-1.067217E-07],"s":[0.09624711,0.005,0.07442999],"c":[1,1,1]}]},{"b":90,"e":"RobotDesigner","s":[{"p":[-0.04726394,0.004408114,0.02664253],"r":[87.52433,203.1273,202.1264],"s":[0.001312928,0.001312929,0.001312928],"c":[0,0,0]}]},{"b":90,"e":"R","s":[{"p":[-0.05006175,0.004545875,0.007231062],"r":[88.43752,233.6977,234.0614],"s":[0.005934726,0.005934734,0.005934731],"c":[0,0,0]}]}]}