{"v":4,"a":[7,18],"p":[{"b":5,"t":4,"s":[{"p":[0,0,0],"r":[0,0,0],"s":[0.02610323,0.02609879,1.326866],"c":[0.111111,0.1619042,1]}]},{"b":9,"t":1,"s":[{"p":[0.001689435,-0.0003483891,0.5442227],"r":[90,90.00002,0],"s":[0.08540377,0.5915619,0.5915899],"c":[0.5555556,0.5809522,1]}]}]}