{"v":4,"a":[7,18],"p":[{"t":8,"a":[12],"i":[{"t":"5ae78ada2ea08a21a906ed6d","p":[0.2257313,-0.4207698,-0.07423621],"r":[8.565972,102.3414,88.02658]}],"s":[{"p":[0,0,0],"r":[0,0,0],"s":[0.1286597,0.09405915,0.1750085],"c":[1,1,1],"b":["when starts then become 2 in 2"]},{"p":[-7.332227E-10,-0.00838709,9.313226E-10],"r":[0,0,270],"s":[0.1389627,0.1382083,0.1750188],"c":[1,1,1],"b":["when starts then become next in 2"]},{"p":[-0.04653037,-0.008387086,9.313226E-10],"r":[0,0,180],"s":[0.06764016,0.1135089,0.1750217],"c":[1,1,1],"b":["when starts then become next in 2"]},{"p":[-0.02179933,0.006155494,-9.313226E-10],"r":[0,0,90],"s":[0.07088763,0.1134695,0.1750236],"c":[1,1,1],"b":["when starts then become next in 2"]}]}]}