{"v":4,"a":[22,21],"p":[{"t":2,"im":"920300672827907439/24D9318925C667589BA4FD2FBC01066AD16FCDAD/","s":[{"p":[0,0,0],"r":[0,0,0],"s":[0.829564,0.00519177,0.8295617],"c":[0.8888889,0.8888889,0.8888889]}]}]}