{"v":4,"p":[{"b":14,"s":[{"p":[0,0,0],"r":[0,0,0],"s":[0.07159829,0.2552858,2.112257],"c":[0.8222222,1,0.111111]}]}]}