{"n":"doughnut","v":4,"a":[2,31],"p":[{"b":54,"t1":58,"s":[{"p":[-0.0004618864,0.004068096,0.001584156],"r":[6.082172,302.4651,359.7708],"s":[0.04095656,0.04095082,0.04095693],"c":[0.7777778,0.7160494,0.3456789],"t1":{"c":[0.8888889,0.8183421,0.3950616],"x":0.5,"y":0.5,"a":0.8925,"m":0,"n":0,"r":0,"g":0,"o":0.5,"t":0.5,"e":0.5}}]},{"b":54,"t1":58,"t2":58,"s":[{"p":[-0.0004589539,0.009982643,0.001338831],"r":[0.2279438,32.48936,6.082209],"s":[0.04095186,0.04095085,0.0409518],"c":[0.9333333,0.6666666,1],"b":["when consumed then destroy all parts","when consumed then play munching bite"],"t1":{"c":[1,1,1],"x":0.5,"y":0.5,"a":0.8925,"m":0,"n":0,"r":0,"g":0,"o":0.5,"t":0.5,"e":0.5},"t2":{"c":[0.5209877,0.08641972,0.7777778],"x":0.5,"y":0.2300613,"a":0.8925,"m":0,"n":0,"r":0,"g":0,"o":0.5,"t":0.5,"e":0.5}}]}]}