{"v":4,"a":[7,18,29],"p":[{"b":60,"t":11,"t1":44,"s":[{"p":[0,0,0],"r":[0,0,0],"s":[0.6136895,0.3398408,0.4161424],"c":[1,1,1],"t1":{"c":[1,1,1],"x":0.7055643,"y":0.1210901,"a":0.6318431,"m":0,"n":0,"r":0,"g":0,"o":0.5,"t":0.5,"e":0.5}}]},{"b":60,"s":[{"p":[3.72529E-09,0.03863525,-0.1190606],"r":[0,0,90.00001],"s":[0.2646596,0.262884,0.1509388],"c":[0.4444443,0.4444443,0.4444443]}]},{"b":60,"t":1,"s":[{"p":[0,0,0.2139825],"r":[0,0,0],"s":[0.5950875,0.3212185,0.05103744],"c":[1,1,1]}]},{"b":60,"t":11,"t1":44,"s":[{"p":[0,0,0.2314174],"r":[0,0,0],"s":[0.6034748,0.3295826,0.03917963],"c":[1,1,1],"t1":{"c":[1,1,1],"x":0.4926,"y":0.5680712,"a":0.6318431,"m":0,"n":0,"r":0,"g":0,"o":0.5,"t":0.5,"e":0.5}}]}]}