{"v":4,"a":[7,18],"p":[{"t":2,"t1":168,"s":[{"p":[0.00411129,0.001803309,0.001983643],"r":[0,0,1.001791E-05],"s":[0.02299193,0.01123931,0.02165732],"c":[0.8,1,0],"t1":{"c":[0,0,0],"a":0.05}}]},{"t":2,"t1":168,"s":[{"p":[-0.02229786,0.001803309,0.001983643],"r":[0,0,0],"s":[0.02299205,0.01123934,0.02165734],"c":[1,0,0],"t1":{"c":[0,0,0],"a":0.05}}]},{"t":2,"t1":168,"s":[{"p":[-0.02114582,-0.0001496486,-0.02346802],"r":[0,0,1.001791E-05],"s":[0.02299242,0.01124036,0.02165939],"c":[0,1,0.2285714],"t1":{"c":[0,0,0],"a":0.05}}]},{"t":2,"t1":168,"s":[{"p":[0.005073548,0.001803325,-0.02281952],"r":[0,0,-1.001791E-05],"s":[0.02299236,0.01124018,0.02165898],"c":[0,0.3999996,1],"t1":{"c":[0,0,0],"a":0.05}}]}]}