{"n":"laser bolt","v":4,"p":[{"b":14,"t":21,"s":[{"p":[0,0,0],"r":[0,0,1.707547E-06],"s":[0.06000004,0.06000004,0.06000001],"c":[1,0,0],"b":["when touched then destroy all parts"]}]}]}