{"v":4,"a":[21,29],"p":[{"b":17,"s":[{"p":[0,0,0],"r":[0,0,0],"s":[0.05051754,0.05051745,0.0505175],"c":[0.6666667,0.6666667,0.6666667]}]},{"b":17,"t":1,"s":[{"p":[0,0,0],"r":[330.9725,326.7408,5.292541],"s":[0.05051761,0.05051756,0.05051755],"c":[1,0.8571429,0]}]},{"b":17,"s":[{"p":[-0.03375794,0.06019037,0.005161196],"r":[81.03239,60.3408,14.11394],"s":[0.05051757,0.05051744,0.05051751],"c":[0.6666667,0.6666667,0.6666667]}]},{"b":17,"t":1,"s":[{"p":[-0.03375794,0.06019037,0.005161196],"r":[41.84352,8.795547,322.0955],"s":[0.05051763,0.05051757,0.05051758],"c":[1,0.8571429,0]}]}]}