{"v":4,"p":[{"b":7,"t":2,"s":[{"p":[-0.001515253,0.003286429,0.09807242],"r":[2.788292,176.9175,90.01027],"s":[0.04986308,0.07377452,0.1244947],"c":[0.04938262,0.2074071,0.4444443]}]},{"b":132,"e":"A","s":[{"p":[0.03373475,-0.04842857,0.1443971],"r":[275.1993,18.09903,160.2524],"s":[0.006269308,0.006269302,0.006269306],"c":[1,1,1]}]},{"b":7,"t":2,"s":[{"p":[0.002550135,0.002726786,0.007390539],"r":[3.367768,358.4174,359.2112],"s":[0.06290735,0.03559489,0.2306762],"c":[0.03703704,0.1555553,0.3333332]}]}]}