{"v":4,"p":[{"b":131,"e":"FROGGI BOI MADE BY: PEN","s":[{"p":[0,0,0],"r":[0,0,0],"s":[0.003574849,0.003574846,0.003574846],"c":[0,1,0.9142858]}]}]}