{"v":4,"a":[7],"p":[{"b":4,"t":4,"s":[{"p":[0,0,0],"r":[0,0,0],"s":[0.1250363,0.2905566,0.1250654],"c":[1,1,1]}]}]}