{"v":4,"p":[{"b":62,"t":3,"t1":168,"s":[{"p":[0,0,0],"r":[0,0,5.336085E-08],"s":[0.125,0.1233585,0.1250001],"c":[0,0.8888889,0.8126984],"b":["when touched then destroy all parts","when touched then add crumbles","when touched then play digital explosion","when starts then become next in 0.2s"],"t1":{"c":[0,0.8888889,0.8126984],"a":0.05}},{"p":[0,0,0],"r":[0,0,5.336085E-08],"s":[0.125,0.1233585,0.1250001],"c":[0.1975307,0.8888889,0.8296297],"b":["when touched then destroy all parts","when touched then add crumbles","when touched then play digital explosion","when starts then become next in 0.2s"],"t1":{"c":[0,0.6666667,0.6095238],"a":0.2012833}}]}]}