{"v":4,"a":[7],"p":[{"b":63,"t1":13,"s":[{"p":[0,0,0],"r":[0,0,0],"s":[1.077612,0.1251157,1.910504],"c":[0.2222219,0.1502643,0.07407377],"t1":{"c":[0.3333333,0.2074073,0.07407402],"x":0.17,"y":0.8683411,"a":0.8925,"m":0.5,"n":0.5,"r":0,"g":0,"o":0.5,"t":0.5,"e":0.5}}]}]}