{"n":"campfire maybe","v":4,"a":[7,18],"p":[{"b":2,"a":[32],"s":[{"p":[0,0,0],"r":[0,0,0],"s":[0.1250406,0.1250712,0.1250662],"c":[0.5555556,0.4585538,0.2469135],"b":["when touched then give haptic feedback","when touched then write \"flame on!\""]},{"p":[0,0,0],"r":[0,0,0],"s":[0.1250406,0.1250712,0.1250662],"c":[1,1,1]}]}]}