{"n":"tourmaline clump","v":4,"a":[1,2,3],"p":[{"b":170,"t":12,"t1":10,"t2":10,"s":[{"p":[0,0,0],"r":[0,0,1.707547E-06],"s":[0.01509902,0.02232108,0.02055824],"c":[0,0.05714214,1],"t1":{"c":[0,1,0.2285715],"a":0},"t2":{"c":[1,0.3428571,0],"a":0.5293005}}]},{"b":170,"t":12,"t1":10,"t2":10,"s":[{"p":[0.00128391,-0.02471748,-0.02638413],"r":[317.097,288.3514,91.95543],"s":[0.01509895,0.02232106,0.02055814],"c":[0,0.05714214,1],"t1":{"c":[0,1,0.2285715],"a":0},"t2":{"c":[1,0.3428571,0],"a":0.5293005}}]},{"b":170,"t":12,"t1":10,"t2":10,"s":[{"p":[0.00289473,-0.03619004,0.005802827],"r":[31.63708,191.3348,175.5892],"s":[0.01509895,0.02232105,0.02055814],"c":[0,0.05714214,1],"t1":{"c":[0,1,0.2285715],"a":0},"t2":{"c":[1,0.3428571,0],"a":0.5293005}}]}]}