{"n":"frash pup","v":4,"a":[12],"p":[{"b":50,"t":2,"t1":168,"s":[{"p":[-0.1684591,-0.007022873,-0.0707346],"r":[358.0362,114.5184,185.4662],"s":[0.07781903,0.09020822,0.07301932],"c":[0.5555556,0.4656082,0.3703695],"t1":{"c":[0,0,0],"a":0.02233534},"pr":{"c":[0.8,0,1],"m":0.25,"a":0.25,"s":0.15,"z":0.25,"g":0.5,"h":0.25}}]},{"b":3,"t":2,"t1":168,"s":[{"p":[-0.214514,-0.00965911,-0.03908313],"r":[345.0685,10.91737,111.5101],"s":[0.02130973,0.0213105,0.02130974],"c":[0.2222213,0.1573183,0.123456],"t1":{"c":[0,0,0],"a":0.02233534},"pr":{"c":[0.8,0,1],"m":0.25,"a":0.25,"s":0.15,"z":0.25,"g":0.5,"h":0.25}}]}]}