{"v":4,"p":[{"b":73,"t1":10,"t2":10,"s":[{"p":[0,0,0],"r":[0,0,0],"s":[0.2250002,0.2250002,0.2250002],"c":[1,0,0],"t1":{"c":[0,0.7428569,1],"a":0.546033},"t2":{"c":[0.2857142,1,0],"a":0.807856}}]}]}