{"v":4,"p":[{"b":152,"s":[{"p":[0,0,0],"r":[0,0,-4.202167E-07],"s":[0.04,0.03999998,0.04],"c":[1,1,1]}]}]}