{"n":"prototype screen v2","v":4,"a":[7],"p":[{"t":1,"a":[1,2],"s":[{"p":[0,0,0],"r":[0,0,0],"s":[1.485033,0.02658707,0.8778598],"c":[0.06172831,0.111111,0.111111]}]},{"b":60,"t":11,"s":[{"p":[-0.003704911,-0.02524829,0.01395458],"r":[0,0,0],"s":[1.557917,0.0716949,0.9596921],"c":[0,1,1]}]},{"b":16,"t":1,"a":[2],"s":[{"p":[0.02627623,0.004047751,-0.4550605],"r":[0,270,270],"s":[0.007996799,0.005000785,0.005000481],"c":[1,0,0.3428572],"b":["when touched then become next in 1s"]},{"p":[0.02851892,0.01413989,-0.4545801],"r":[-3.415095E-06,3.053333E-13,180],"s":[0.007996095,0.005000499,0.005000454],"c":[1,0,0.3428572],"b":["when touched then become next in 1s"]}]}]}