{"n":"beam","v":4,"a":[2,15],"p":[{"b":62,"t":3,"pr":1,"s":[{"p":[0,0,0],"r":[0,0,0],"s":[0.04479636,0.04290245,0.0493839],"c":[0.9714286,1,0],"pr":{"c":[0,0.05714262,1],"m":0.25,"a":0.25,"s":0.15,"z":0.25,"g":0.5,"h":0.25}}]}]}