{"n":"viveck","v":4,"a":[7],"p":[{"t1":167,"s":[{"p":[0,0,0],"r":[0,0,0],"s":[0.08136829,0.08133968,0.08136242],"c":[1,1,1],"t1":{"c":[0,1,0.2285715],"a":0.75}}]}]}