{"v":4,"p":[{"b":3,"s":[{"p":[0,0,0],"r":[0,0,-7.47052E-07],"s":[0.03586271,0.03144576,0.03682584],"c":[1,0.936508,0.5555556]}]},{"b":5,"s":[{"p":[0.007573179,0.02402509,0.05231011],"r":[332.1126,340.816,36.13916],"s":[0.01498887,0.01781535,0.1400664],"c":[1,0.936508,0.5555556]}]},{"b":3,"s":[{"p":[0.04202574,0.01426192,0.007420596],"r":[15.56943,354.4004,12.16587],"s":[0.03586271,0.03144577,0.03682585],"c":[1,0.936508,0.5555556]}]},{"b":16,"i":[{"t":"57ffde3a8eaa81d60f747a8e","p":[-0.01196396,-0.08195935,2.262741E-05],"r":[275.104,79.98058,105.8449]}],"s":[{"p":[-0.01109342,0.05182722,0.09826652],"r":[46.42486,281.5571,311.7761],"s":[0.01348398,0.02826528,0.01448208],"c":[0.9809522,0.3333332,1]}]}]}