{"n":"spaceman walk","v":4,"a":[22,18,21],"p":[{"t":8,"a":[11,12],"i":[{"t":"5af82560c112180f7afbd951","p":[0.2166319,0.219143,0.1174603],"r":[-5.764128E-06,8.394346E-06,315]}],"s":[{"p":[-0.09159951,-0.06406182,0],"r":[-1.707547E-06,1.536793E-05,-2.29E-13],"s":[0.4823132,0.4823216,0.482307],"c":[1,1,1],"b":["when starts then become next in 260"]},{"p":[-57.10721,2.547036E-05,0],"r":[0,0,0],"s":[0.4823187,0.4823444,0.4822858],"c":[1,1,1],"b":["when starts then become next"]},{"p":[-57.22743,-4.128149,0],"r":[-1.707547E-06,0,180],"s":[0.4824952,0.4822665,0.4823619],"c":[1,1,1],"b":["when starts then become next in 260"]},{"p":[-4.768372E-07,-4.108139,0],"r":[-1.707547E-06,0,180],"s":[0.4823879,0.4823289,0.4823233],"c":[1,1,1],"b":["when starts then become 1"]}]}]}