{"n":"screen","v":4,"a":[22,18],"p":[{"b":110,"e":"PLAYERS:","s":[{"p":[0.06930829,-0.03504676,-0.00207822],"r":[0,0,180],"s":[0.00138984,0.001387974,0.001389468],"c":[0,0,0]}]},{"b":179,"s":[{"p":[-2.713527E-10,-0.001206516,-0.001615617],"r":[0,0,0],"s":[0.1664098,0.07924223,0.2158945],"c":[1,1,1]}]},{"b":110,"e":"[people names]","s":[{"p":[0.07989312,-0.02170258,-0.002862059],"r":[0,0,180],"s":[0.001000208,0.001000043,0.001000181],"c":[0,0,0]}]},{"b":110,"e":"[local hour]:[minute]","s":[{"p":[-0.03344632,-0.04256798,-0.002067972],"r":[-1.707547E-06,-6.361108E-14,180],"s":[0.002019161,0.002015467,0.002018628],"c":[0,0,0]}]}]}