{"v":4,"a":[7,12,18],"p":[{"t":2,"s":[{"p":[-8.196841E-08,-0.0001373589,0.2965606],"r":[90,-9.838629E-06,0],"s":[0.5702003,0.05676518,0.005],"c":[1,1,1]}]},{"b":91,"a":[19],"e":"Research and Developement","s":[{"p":[-0.008019546,0.006896943,0.3252396],"r":[90,-1.931869E-05,0],"s":[0.003973245,0.003972729,0.003973311],"c":[0,0,0]}]},{"t":2,"s":[{"p":[-8.196841E-08,-0.0001373291,1.455192E-11],"r":[0,0,5.008957E-06],"s":[0.5031897,0.02452976,0.5009706],"c":[1,1,1]}]},{"b":25,"t":8,"a":[12,13],"s":[{"p":[0,0,0],"r":[0,0,1.001791E-05],"s":[2.00095,1.000345,2.000478],"c":[0,0,0]}]}]}