{"v":4,"a":[2,9,17],"p":[{"s":[{"p":[0,0,0],"r":[0,0,0],"s":[0.1750008,0.175001,0.1750014],"c":[1,1,1],"b":["when starts then propel forward with 100"]}]}]}