{"v":4,"a":[7,18],"p":[{"b":60,"s":[{"p":[0,0,0],"r":[0,0,0],"s":[1.427404,2.137766,0.1095949],"c":[0.3333332,0.2793649,0.2222221]}]},{"b":20,"e":"TAP TO START\n   WORKING!!!","s":[{"p":[-0.1901064,0.6017448,-0.0682774],"r":[0,0,0],"s":[0.007564249,0.007563393,0.007564204],"c":[0,0,0]}]},{"b":60,"s":[{"p":[-0.004322045,0.5257443,-0.05024243],"r":[1.001791E-05,0,0],"s":[0.4509849,0.2303144,0.03543533],"c":[1,1,1],"b":["when touches hand then play wrong 2","when touches hand then is person.pwork = 1","when touches hand then send one nearby onto pworking"]}]}]}