{"n":"pnotworking","v":4,"p":[{"b":5,"s":[{"p":[0,0,0],"r":[0.0002364952,-0.0004081038,-3.756688E-05],"s":[0.1250003,0.1250003,0.1250003],"c":[1,1,1]}]}]}