{"n":"mask for at","v":4,"p":[{"b":43,"t":4,"s":[{"p":[0,0,0],"r":[0,0,-2.334537E-08],"s":[0.09952481,0.2922241,0.1571498],"c":[0,0.7428566,1]}]},{"b":31,"t":4,"s":[{"p":[0.07536317,0.06328733,0.1134052],"r":[2.624681,24.14161,355.1047],"s":[0.125,0.125,0.125],"c":[0,0,0]}]},{"b":31,"t":4,"s":[{"p":[0.07971735,0.06013706,-0.1057565],"r":[358.5155,143.8266,184.3535],"s":[0.1250001,0.1250003,0.1250001],"c":[0,0,0]}]}]}