{"v":4,"p":[{"s":[{"p":[0,0,0],"r":[0,0,0],"s":[0.3170135,0.06163508,0.4705102],"c":[0.1925924,0.3333332,0.07407398]}]}]}