{"v":4,"a":[7,18],"p":[{"s":[{"p":[0,0,0],"r":[0,0,0],"s":[23.72243,16.70176,0.1750707],"c":[0.4444443,0.4444443,0.4444443]}]}]}