{"v":4,"p":[{"t":19,"a":[2],"s":[{"p":[0.003480852,-0.5442481,-0.4973259],"r":[0,0,0],"s":[0.02085625,0.05009341,0.04513986],"c":[0.2857141,1,0]}]},{"a":[1],"s":[{"p":[-0.002645954,0.1099336,0.05132008],"r":[-1.072956E-06,-1.072956E-06,270],"s":[1.415878,0.005000951,0.9756756],"c":[0,0,0]}]}]}