{"v":4,"a":[7,18],"p":[{"b":12,"s":[{"p":[0,0,0],"r":[0,0,0],"s":[3.55076,0.02506252,1.857253],"c":[0.07407398,0.3333332,0.1777776]}]}]}