{"v":4,"a":[1,2,6,7,14,16,20,36,37,39],"p":[{"b":73,"t":21,"t1":168,"s":[{"p":[0,0,0],"r":[0,0,0],"s":[0.225021,0.2250329,0.2250128],"c":[0,0,0],"t1":{"c":[0,0,0],"a":0}}]},{"b":3,"t":4,"s":[{"p":[0,0,0],"r":[0,0,-1.707547E-06],"s":[0.005004811,0.005,0.005],"c":[1,0,0]}]}]}