{"v":4,"a":[12,32],"p":[{"t":10,"s":[{"p":[2.980232E-08,-7.584597E-08,0.325],"r":[90,-2.432765E-05,0],"s":[0.1239769,0.6583422,0.07631891],"c":[0.111111,0.111111,0.111111],"b":["when starts then all parts face nearest lla"]}]},{"b":5,"t":10,"s":[{"p":[5.960464E-08,-1.51692E-07,0.65],"r":[1.366038E-05,90,90.00002],"s":[0.02752494,0.02602453,0.1608815],"c":[0.111111,0.111111,0.111111]}]},{"b":14,"t":12,"t1":80,"s":[{"p":[2.761676E-08,-0.02499994,0.325],"r":[9.748989E-06,-1.366038E-05,-1.386704E-06],"s":[0.100642,0.04297416,0.1093353],"c":[1,1,1],"t1":{"c":[0,0.9142855,1],"x":0.5,"y":0.02359629,"a":1,"m":0,"n":0,"r":0,"g":0.113296,"o":0.5,"t":0.5,"e":0.5}}]},{"b":5,"t":10,"s":[{"p":[0,0,0],"r":[6.830189E-06,90,270],"s":[0.02753849,0.02603842,0.1616019],"c":[0.1111109,0.1111109,0.1111109]}]}]}