{"v":4,"p":[{"b":175,"s":[{"p":[0,0,0],"r":[0,0,-1.067217E-07],"s":[0.04500002,0.04500004,0.04500004],"c":[1,1,1]}]}]}