{"v":4,"a":[7],"p":[{"b":2,"t":1,"s":[{"p":[0,0,0],"r":[0,0,0],"s":[16.18557,8.63358,1.274826],"c":[0.111111,0.111111,0.111111]}]}]}