{"v":4,"a":[2,7,15,17],"p":[{"b":5,"t":7,"s":[{"p":[0,0,0],"r":[0,0,0],"s":[0.03119304,0.03119108,0.2050575],"c":[0.6666667,0.6666667,0.6666667]}]},{"b":50,"t":7,"s":[{"p":[0.00238001,-0.04482853,0.00125742],"r":[0,0,89.99999],"s":[0.1250001,0.1250012,0.05860994],"c":[0.6666667,0.6666667,0.6666667]}]},{"b":5,"t":7,"s":[{"p":[-0.003237366,0.003771663,0.01780558],"r":[-1.072956E-06,-1.072956E-06,270],"s":[0.0223617,0.02253658,0.1611482],"c":[0.5414462,0.5555556,0.06172827]}]}]}