{"v":4,"p":[{"b":173,"s":[{"p":[0,0,0],"r":[0,0,-2.134434E-07],"s":[0.045,0.04500005,0.04500007],"c":[0.8,1,0]}]}]}