{"v":4,"p":[{"b":166,"s":[{"p":[0,0,0],"r":[0,0,-4.268868E-07],"s":[0.03000003,0.03000002,0.03000004],"c":[1,1,1]}]}]}