{"v":4,"a":[7],"p":[{"s":[{"p":[0,0,0],"r":[0,0,-4.378969E-13],"s":[1.604523,9.106459,0.1756951],"c":[1,1,1]}]}]}