{"v":4,"a":[2,7,12,18],"inc":[["ammo","5aeeb2e12067b813245a3db7"]],"p":[{"b":3,"t":3,"s":[{"p":[0,0,0],"r":[0,0,-4.378969E-13],"s":[0.00860659,0.005,0.005],"c":[0.1142856,1,0],"b":["when triggered then emit ammo with 100","when triggered then play lightning crash"]}]},{"b":5,"t":1,"s":[{"p":[0.002060892,-0.00225015,-0.007295131],"r":[-1.001791E-05,-1.001791E-05,270],"s":[0.03398307,0.02039479,0.01260537],"c":[1,0.8571429,0]}]}]}