{"v":4,"a":[7],"p":[{"t":1,"t1":16,"t2":77,"s":[{"p":[0,0,0],"r":[0,0,0],"s":[9.310294,0.01547981,9.729293],"c":[0,0,0],"t1":{"c":[0.2222221,0.2222221,0.2222221],"x":0.17,"y":0.17,"a":0.8925,"m":0.5,"n":0.5,"r":0,"g":0,"o":0.5,"t":0.5,"e":0.5},"t2":{"c":[0.7777778,0.7777778,0.7777778],"x":0.5,"y":0.5,"a":0.8925,"m":0,"n":0,"r":0,"g":0,"o":0.5,"t":0.5,"e":0.5}}]}]}