{"v":4,"a":[7],"p":[{"t1":43,"s":[{"p":[0.001042478,0.003741086,0.0009537943],"r":[0,0,0],"s":[0.0552525,3.700131,2.244476],"c":[1,1,1],"t1":{"c":[0,0,0],"x":0.5,"y":0.5,"a":0.8925,"m":0,"n":0,"r":0,"g":0,"o":0.5,"t":0.5,"e":0.5}}]},{"t1":43,"s":[{"p":[-0.01989981,0.005858956,0.01018155],"r":[0,-1.001791E-05,0],"s":[0.2729785,3.240492,1.946709],"c":[1,1,1],"t1":{"c":[0,0,0],"x":0.5,"y":0.5,"a":0.8925,"m":0,"n":0,"r":0,"g":0,"o":0.5,"t":0.5,"e":0.5}}]},{"t1":43,"s":[{"p":[-0.1552385,-0.009377375,0.0372927],"r":[0,-1.001791E-05,0],"s":[0.0136456,2.262652,1.112409],"c":[1,1,1],"t1":{"c":[1,1,1],"x":0.5,"y":0.5,"a":0.8925,"m":0,"n":0,"r":0,"g":0,"o":0.5,"t":0.5,"e":0.5}}]},{"t1":43,"t2":43,"s":[{"p":[-0.03258534,0.006692104,0.02291202],"r":[0,-1.001791E-05,0],"s":[0.2563415,2.586522,1.378667],"c":[0,0,0],"t1":{"c":[0,0,0],"x":0.5,"y":0.5,"a":0.8925,"m":0,"n":0,"r":0,"g":0,"o":0.5,"t":0.5,"e":0.5},"t2":{"c":[0,0,0],"x":0.5,"y":0.5,"a":0.8925,"m":0,"n":0,"r":0,"g":0,"o":0.5,"t":0.5,"e":0.5},"pr":{"c":[1,0.1714285,0],"m":0.25,"a":0.25,"s":0.15,"z":0.25,"g":0.5,"h":0.25}}]}]}