{"v":4,"p":[{"im":"909043855038143652/AF7A8117F703E6B627B716ABF75F03C8714C0F6A/","s":[{"p":[0,0,0],"r":[0,0,0],"s":[1.100743,0.01,0.7529082],"c":[1,1,1]}]}]}