{"v":4,"a":[7,18],"p":[{"b":5,"t":11,"ac":{"id":"5b05b4834f8c16198089e0f8","c":1},"s":[{"p":[-2.618107,0.6070027,-0.5694318],"r":[-9.659347E-06,270,0],"s":[0.03281171,0.03280825,5.9774],"c":[1,0.6857142,0]}]},{"b":5,"t":11,"id":"5b05b4834f8c16198089e0f8","s":[{"p":[-2.618107,0.6070027,-0.1128354],"r":[-1.439355E-13,270,-1.439355E-13],"s":[0.03281284,0.03280889,5.977421],"c":[1,0.6857142,0]}]},{"t":11,"s":[{"p":[-2.712757,0.02726793,-0.6002302],"r":[0,0,-8.537737E-06],"s":[4.821893,1.148224,1.148181],"c":[1,1,1]}]},{"b":60,"t":11,"s":[{"p":[-2.630844,-0.0139308,0.006066799],"r":[0,0,0],"s":[5.224087,1.30418,0.1301829],"c":[0,0,0]}]}]}