{"v":4,"a":[7,18],"p":[{"b":4,"t":2,"s":[{"p":[0,0,0],"r":[0,0,0],"s":[0.2181611,0.2181655,0.3420331],"c":[0.6285716,1,0]}]},{"b":58,"t":12,"s":[{"p":[0.002159816,0.001337051,-0.1816483],"r":[270,9.659345E-06,0],"s":[0.2458792,0.3756539,0.2458863],"c":[1,1,1]}]},{"b":58,"t":12,"s":[{"p":[0.002159909,0.001337051,0.1819191],"r":[270,0,0],"s":[0.09196387,0.1615741,0.09197219],"c":[1,1,1]}]},{"b":58,"t":12,"s":[{"p":[0.002159864,0.001337051,0.004547119],"r":[270,0,0],"s":[0.1696011,0.2623775,0.1696082],"c":[1,1,1]}]}]}