{"v":4,"a":[22,18],"p":[{"t1":156,"s":[{"p":[0,0,0],"r":[0,0,0],"s":[0.02346928,21.85068,23.01574],"c":[1,1,1],"t1":{"c":[0,0,0],"x":0.02049446,"y":0.02155113,"a":0.8925,"m":0,"n":0,"r":0,"g":0,"o":0.5,"t":0.5,"e":0.5}}]},{"a":[17],"s":[{"p":[-0.4032102,9.430737,8.634834],"r":[270,0,0],"s":[0.7866738,2.054536,0.5518993],"c":[1,1,1]}]}]}