{"v":4,"a":[7],"p":[{"b":12,"s":[{"p":[0,0,0],"r":[0,0,0],"s":[0.9907502,0.06000324,0.2296124],"c":[1,1,1]}]}]}