{"v":4,"p":[{"b":3,"s":[{"p":[-0.102843,-0.3889231,-0.1183983],"r":[55.27825,25.9299,1.277948],"s":[0.1530699,0.1735758,0.1280998],"c":[1,0.5142855,0]}]},{"b":50,"t":9,"s":[{"p":[-0.08515914,-0.2972124,-0.1946394],"r":[37.72836,188.3452,344.1033],"s":[0.1250009,0.1250008,0.1283441],"c":[0,0,0]}]},{"b":50,"t":9,"s":[{"p":[-0.102057,-0.2976022,-0.18937],"r":[323.4205,9.912522,344.3929],"s":[0.1250023,0.1250022,0.1179053],"c":[0,0,0],"b":["when talked from then become 2 in 0.2s"]},{"p":[-0.1440441,-0.3017633,-0.1836343],"r":[324.5914,11.46943,340.6208],"s":[0.1250024,0.1250023,0.130232],"c":[1,1,1],"b":["when starts then become next in 0.2s"]}]}]}