{"v":4,"a":[5,7],"p":[{"t":2,"s":[{"p":[0,0,0],"r":[0,0,0],"s":[6.042088,0.07631564,3.000363],"c":[1,1,1]}]}]}