{"v":4,"a":[5,7],"p":[{"t":2,"s":[{"p":[0,0,0],"r":[0,0,0],"s":[0.07780844,0.9993958,2.01357],"c":[1,1,1]}]}]}