{"v":4,"a":[5,7],"p":[{"b":86,"t":7,"s":[{"p":[0,0,0],"r":[0,0,0],"s":[1.257251,0.07503895,0.2272632],"c":[0.8888889,1,1]}]}]}