{"n":"qucik fix box","v":4,"a":[2,3],"inc":[["mr quick fix","5b0a03ebf7a9a763c1b52bea"]],"p":[{"s":[{"p":[0,0,0],"r":[0,0,0],"s":[0.1085658,0.119637,0.07132606],"c":[1,1,1]}]},{"b":114,"e":"QUICK FIX","s":[{"p":[-0.04215474,0.06270625,0.03435722],"r":[85.46586,199.691,177.6483],"s":[0.003000003,0.003000005,0.003000006],"c":[0,0,0],"b":["when triggered then change head to mr quick fix"]}]},{"b":3,"s":[{"p":[-0.004099684,0.003027271,0.03527955],"r":[6.398352,2.981943,0.6079727],"s":[0.04296974,0.04227468,0.0222444],"c":[0,0,0],"b":["when touches hand then play button click 5","when touches hand then change head to mr quick fix","when touches hand then become 2 in 0.1s"]},{"p":[-2.515502E-06,0.0001039691,0.03702014],"r":[0.9797921,0.6564121,1.634078],"s":[0.04296976,0.04227468,0.005433002],"c":[0,0,0],"b":["when starts then become 1 in 0.1s"]}]}]}