{"v":4,"p":[{"b":9,"s":[{"p":[0.003747063,0.01135456,-0.001470135],"r":[359.6038,0.3970888,358.7546],"s":[0.005,0.005,0.005],"c":[0.1142856,1,0],"b":["when hears hey topaz then become next in 0.2s","when "]},{"p":[0,0,0],"r":[0,0,-4.268868E-07],"s":[0.1250001,0.1250001,0.1250001],"c":[0,1,0.9142858],"b":["when starts then say yes sir how can i help?","when hears nothing then say bye bitch!","when hears nothing then become 1"]}]}]}