{"v":4,"a":[22],"p":[{"b":64,"s":[{"p":[-0.2493809,-0.465613,0.0001831651],"r":[0,0,5.122642E-06],"s":[0.7235701,0.6272184,1.558773],"c":[1,0.6857142,0]}]},{"b":64,"t1":161,"s":[{"p":[-0.2590137,-0.2149401,0.07073215],"r":[0,0,1.707548E-05],"s":[0.6744308,0.2408138,1.525293],"c":[0.4444443,0.3047617,0],"t1":{"c":[0,0,0],"x":0.5,"y":0.05755615,"a":0.8925,"m":0,"n":0,"r":0.2502747,"g":0,"o":0.5,"t":0.5,"e":0.5}}]}]}