{"v":4,"a":[7,18],"p":[{"t":2,"t1":90,"t2":97,"s":[{"p":[0,0,0],"r":[0,0,0],"s":[714.0488,654.1606,2.925419],"c":[0.1820105,0.148148,0.222222],"b":["when starts then become unsoftened 2 in 10"],"t1":{"c":[0,1,0.9142858],"x":0,"y":0,"a":0.8925,"m":0,"n":0,"r":0,"g":1,"o":0.5,"t":0.5,"e":0.5},"t2":{"c":[0.2645502,0.1481481,0.3333333],"x":0.3917999,"y":0.6010303,"a":0.8925,"m":0,"n":0,"r":0,"g":0,"o":0.5,"t":0.5,"e":0.5}},{"p":[-7.781347,-8.147956E-05,4.708767E-05],"r":[0,0,0],"s":[714.3365,654.6361,2.926553],"c":[0.1820103,0.1481478,0.2222218],"b":["when starts then become untweened 1"],"t1":{"c":[0,1,0.9142858],"x":0,"y":0,"a":0.8925,"m":0,"n":0,"r":0,"g":1,"o":0.5,"t":0.5,"e":0.5},"t2":{"c":[0.2645502,0.1481481,0.3333333],"x":0.3917999,"y":0.6010303,"a":0.8925,"m":0,"n":0,"r":0,"g":0,"o":0.5,"t":0.5,"e":0.5}}]}]}