{"n":"cash token","v":4,"a":[1,31],"p":[{"b":15,"t":2,"s":[{"p":[0.01944285,0.01079876,-0.02075154],"r":[18.0496,337.6836,7.648322],"s":[0.01345106,0.0134512,0.01345105],"c":[0.9714286,1,0],"pr":{"c":[1,1,1],"m":0.25,"a":0.25,"s":0.15,"z":0.25,"g":0.5,"h":0.25}}]},{"b":21,"t":2,"e":"X3","s":[{"p":[0.007232585,-0.00586213,-0.0250051],"r":[341.9504,157.6836,172.3517],"s":[0.002447284,0.002447316,0.002447297],"c":[0,0,0]}]}]}