{"v":4,"a":[22,21],"p":[{"b":13,"s":[{"p":[-0.001756683,-0.01564496,-0.001949562],"r":[270,1.448902E-05,0],"s":[0.02557906,0.001738317,0.008579768],"c":[1,0,0],"b":["when touched then go to inventory page  50"]}]},{"b":91,"e":"BACK TO MAIN","s":[{"p":[-0.04508534,0.02180821,-0.003260747],"r":[0,0,0],"s":[0.001043068,0.001043004,0.001043046],"c":[0,0,0]}]},{"s":[{"p":[0,0,0],"r":[0,0,0],"s":[0.1240396,0.06566385,0.003377869],"c":[1,1,1]}]}]}