{"v":4,"a":[1,7,18],"p":[{"b":5,"t":11,"s":[{"p":[0,0.1195616,0],"r":[270,0,0],"s":[0.01533349,0.01533374,0.3257551],"c":[1,0.8571429,0]}]}]}