{"n":"2nd level","v":4,"a":[7,18],"p":[{"s":[{"p":[0,0,0],"r":[0,0,0],"s":[0.1750027,0.005000096,0.06137524],"c":[1,1,1]}]}]}