{"v":4,"p":[{"b":5,"s":[{"p":[0,0,0],"r":[0,0,0],"s":[0.01925794,0.01841661,0.5541372],"c":[0.111111,1,0.3142857]}]}]}