{"v":4,"a":[1,22,18],"p":[{"b":72,"t":1,"a":[12,22],"i":[{"t":"5b15345fd8f76003d2db5f50","p":[9.536744E-07,0.02353513,-1.136868E-13],"r":[1.001791E-05,8.757938E-13,1.001791E-05]}],"s":[{"p":[0,0,0],"r":[0,0,0],"s":[0.02517812,0.01908155,0.005002324],"c":[0.5555556,0.5555556,0.5555556],"b":["when starts then become next in 2s"]},{"p":[-3.576279E-07,-0.02230287,5.684342E-14],"r":[0,337.5,1.001791E-05],"s":[0.02519191,0.01908264,0.005004999],"c":[0.5555556,0.5555556,0.5555556],"b":["when starts then become next in 2s"]},{"p":[-5.960465E-07,-0.01477957,5.684342E-14],"r":[0,22.50001,0],"s":[0.02520358,0.01908531,0.005007347],"c":[0.5555556,0.5555556,0.5555556],"b":["when starts then become next in 2s"]},{"p":[-7.152559E-07,-0.02268922,1.136868E-13],"r":[0,22.50001,0],"s":[0.0252046,0.01908539,0.005007559],"c":[0.5555556,0.5555556,0.5555556],"b":["when starts then become next in 2s"]}]}]}