{"v":4,"a":[1,2,7,12,14,16,18,31],"p":[{"t1":142,"s":[{"p":[0,0,0],"r":[0,0,0],"s":[1.315176,0.03923447,1.274705],"c":[0.4444443,0.2821868,0.1975307],"t1":{"c":[0.2222221,0.1248676,0.07407402],"x":0.5,"y":0.5,"a":0.8925,"m":0,"n":0,"r":0,"g":0,"o":0.5,"t":0.5,"e":0.5}}]},{"b":4,"s":[{"p":[-0.004814148,0.07763577,-0.04097819],"r":[-3.415095E-06,-2.544444E-13,180],"s":[0.0234773,0.02347692,0.02347725],"c":[1,1,1],"b":["when starts then all parts face up"]}]}]}