{"n":"ground","v":4,"a":[7,18],"p":[{"a":[36],"t1":66,"s":[{"p":[0,-3.72529E-09,0.02462042],"r":[0,0,-1.001791E-05],"s":[0.02354243,0.02354345,0.02354341],"c":[0.5555556,0.06172827,0.06172827],"b":["when told by any brick then turn off","when told by any reset then turn on","when told by any 2nd level then become 2","when starts then call me brick","when told by any hbump then become 3 in 0.2s, then call me kill"],"t1":{"c":[0,0,0],"x":0.753954,"y":0.7789404,"a":0.8925,"m":0.04502785,"n":0,"r":0,"g":0,"o":0.5,"t":0.5,"e":0.5}},{"p":[0,-3.72529E-09,0.02462042],"r":[0,0,0],"s":[0.02354272,0.02354377,0.02354352],"c":[0.5555556,0.06172825,0.06172825],"b":["when told by any first level then become 1"],"t1":{"c":[0,0,0],"x":0.753954,"y":0.7789404,"a":0.8925,"m":0.04502785,"n":0,"r":0,"g":0,"o":0.5,"t":0.5,"e":0.5}},{"p":[0,-3.72529E-09,0.04576141],"r":[0,0,0],"s":[0.02354272,0.02354377,0.02354352],"c":[0.5555556,0.06172822,0.06172822],"b":["when starts then become 1 in 0.2s"],"t1":{"c":[0,0,0],"x":0.753954,"y":0.7789404,"a":0.8925,"m":0.04502785,"n":0,"r":0,"g":0,"o":0.5,"t":0.5,"e":0.5}}]}]}