{"v":4,"p":[{"s":[{"p":[0,0,0],"r":[0,0,0],"s":[0.175,0.1750002,0.1750002],"c":[1,0,0.3428572],"b":["when touches jumper then become next in 0.2s"]},{"p":[0,0,0],"r":[0,0,0],"s":[0.175,0.1750002,0.1750002],"c":[0,0.2285712,1],"b":["when starts then become previous"]}]}]}