{"v":4,"a":[7,18],"p":[{"s":[{"p":[0,0,0],"r":[0,0,0],"s":[1.06941,0.4554233,0.005],"c":[1,1,1]}]}]}