{"v":4,"a":[7,18],"p":[{"s":[{"p":[0,0,0],"r":[0,0,0],"s":[0.1750121,1.182664,0.4227488],"c":[0,0,0]}]}]}