{"v":5,"p":[{"a":[1,4],"s":[{"p":[0,0,0],"r":[0,0,0],"s":[0.7843068,0.005,0.5091096],"c":[1,1,1]}]}]}