{"v":5,"a":[7,12,18,21],"p":[{"b":58,"s":[{"p":[0.0008392334,0.0002007503,-0.01920855],"r":[0,0,270],"s":[0.02182391,0.0218239,0.02182399],"c":[0.2222221,0.2222221,0.2222221],"b":["when starts then all parts face up"]}]}]}