{"v":5,"a":[2,3],"inc":[["thing","5b1dc5846aa2911e2a2adef1"]],"p":[{"b":14,"s":[{"p":[0,0,0],"r":[0,0,0],"s":[0.0600004,0.06000037,0.06000052],"c":[1,0,0.3428572],"b":["when triggered then emit thing with 10"]}]}]}