{"v":5,"a":[7,18,21],"p":[{"im":"800921938562294291/01C4936F7A43DCEBE3C0A4B95B94BB454133B6E6/","s":[{"p":[0,0,0],"r":[0,0,0],"s":[1.479609,0.01361507,0.8597119],"c":[0,0,0]}]},{"s":[{"p":[0.003977776,-0.01470518,-0.005166531],"r":[0,0,0],"s":[1.554723,0.03866496,0.9234552],"c":[0.6509804,0.2941171,0.01960784]}]}]}