{"v":5,"a":[1,2,4,12,23,32,48,49],"p":[{"b":10,"s":[{"p":[0,0,0],"r":[0,0,1.600826E-06],"s":[0.1250007,0.1250006,0.1250001],"c":[1,1,1]}]}]}