{"v":5,"a":[1,7,31],"p":[{"b":68,"t":1,"t1":168,"s":[{"p":[0,0,0],"r":[0,0,0],"s":[0.1574706,0.1574699,0.157471],"c":[0,0.05714229,1],"b":["when touches bluesaberend then destroy all parts with burst 1.5s disappear","when touches bluesaberend then play lightsword strike 3","when touches redsaberend then play error 2 with 0.3s duration "]}]},{"b":5,"t":19,"s":[{"p":[-0.0004501045,0.1467101,0.0241307],"r":[90,-9.659345E-06,0],"s":[0.03613707,0.03613518,0.03613782],"c":[1,1,1]}]}]}