{"v":5,"a":[22,32],"p":[{"t":15,"s":[{"p":[0.6212977,-0.06793131,5.24537E-08],"r":[22.50001,90,8.317062E-06],"s":[0.3914051,0.0424637,0.3892577],"c":[0.4444434,1,0.952381]}]},{"t":15,"s":[{"p":[0.1346191,-0.001641449,2.185566E-09],"r":[0,0,0],"s":[0.7032816,0.03838126,0.2610957],"c":[0.4444433,1,0.952381]}]}]}