{"n":"medievalist card","v":5,"a":[7,50],"p":[{"b":179,"t":2,"a":[21,22],"im":"922557146022057567/D4BB2478B6930A5F594002A3CEE9CA8B571687E0/","s":[{"p":[0,0,0],"r":[0,0,0],"s":[0.08290114,0.1336088,0.1336078],"c":[1,1,1]}]},{"a":[23],"t1":68,"s":[{"p":[1.865556E-08,-3.899913E-08,0.001598795],"r":[0,0,0],"s":[0.08252656,0.1342915,0.002202414],"c":[0.2469135,0.4444443,0.4444443],"t1":{"c":[0.4444444,0.9523808,1],"x":0.5,"y":0.5157971,"a":0.6679178,"m":0,"n":0,"r":0,"g":0,"o":0.5,"t":0.5,"e":0.5}}]}]}