{"n":"medievalist card","v":5,"a":[21],"p":[{"b":179,"t":2,"a":[21,22],"im":"922557146022055020/A0B28A64A17DAB5402C78659F60B9252BEE665C2/","s":[{"p":[0,0,0],"r":[0,0,0],"s":[0.5379174,0.8669449,0.8669363],"c":[1,1,1]}]},{"a":[23],"t1":68,"s":[{"p":[-9.313642E-10,-4.786512E-07,0.01037455],"r":[0,0,0],"s":[0.5354869,0.8713747,0.01429072],"c":[0.2469135,0.4444443,0.4444443],"t1":{"c":[0.4444444,0.9523808,1],"x":0.5,"y":0.5157971,"a":0.6679178,"m":0,"n":0,"r":0,"g":0,"o":0.5,"t":0.5,"e":0.5}}]}]}