{"v":5,"a":[7],"p":[{"b":23,"a":[19],"e":"ADD IF\n3-4 PLAYERS","s":[{"p":[0,0,0],"r":[0,0,0],"s":[0.001654594,0.001654469,0.001654587],"c":[0.7777778,0.7234568,0.6049383]}]}]}