{"v":5,"p":[{"s":[{"p":[0,0,0],"r":[-3.415094E-06,5.088886E-14,-1.707547E-06],"s":[0.1750002,0.1750001,0.1750003],"c":[1,1,1]}]},{"b":14,"s":[{"p":[0.2793161,0.08213328,0.05218476],"r":[359.7739,347.6943,37.20964],"s":[0.06000002,0.06000002,0.06000002],"c":[1,1,1]}]}]}