{"v":5,"p":[{"b":18,"e":"KING MOVE INSIDE THE PALACE 1 BLOCK ONLY\nAND CAN NEVER LEAVE\n","s":[{"p":[0,0,0],"r":[0,0,0],"s":[0.003000005,0.003000005,0.003000007],"c":[1,0,0]}]}]}