{"v":5,"p":[{"b":3,"t":3,"s":[{"p":[0,0,0],"r":[0,0,0],"s":[0.1250007,0.1250007,0.1250007],"c":[0.4444443,0.8571426,1]}]}]}