{"v":5,"a":[1,2,15],"p":[{"b":3,"pr":3,"s":[{"p":[0.000667992,0.03477979,-0.007014438],"r":[1.021448,0.444483,358.495],"s":[0.08097375,0.04388896,0.09362976],"c":[0.5555556,0.4003526,0.0617283],"b":["when touches face then tell pressed ","when told pressed then destroy all parts, play bite"],"pr":{"c":[0,1,0.4],"m":0.25,"a":0.25,"s":0.15,"z":0.25,"g":0.5,"h":0.25}}]},{"b":3,"pr":3,"s":[{"p":[0.002457224,-0.0148692,0.005602402],"r":[356.82,0.5495214,354.9483],"s":[0.1250004,0.0555163,0.1250003],"c":[0.5555556,0.3809522,0],"b":["when touches face then tell pressed ","when taken then say eat shit"],"pr":{"c":[0,1,0.4],"m":0.25,"a":0.25,"s":0.15,"z":0.25,"g":0.5,"h":0.25}}]},{"b":3,"pr":3,"s":[{"p":[-0.0006785924,0.05199509,-0.01788978],"r":[350.1507,14.43346,359.1793],"s":[0.03698214,0.07041314,0.03612465],"c":[0.5555556,0.3809522,0],"b":["when touches face then tell pressed "],"pr":{"c":[0,1,0.4],"m":0.25,"a":0.25,"s":0.15,"z":0.25,"g":0.5,"h":0.25}}]}]}