{"v":5,"p":[{"b":7,"s":[{"p":[0,0,0],"r":[0,0,0],"s":[0.2342159,0.1759064,0.5900378],"c":[1,1,1]}]}]}