{"n":"level","v":5,"a":[22],"p":[{"s":[{"p":[0,0,0],"r":[0,0,0],"s":[0.175,0.06324181,0.1750001],"c":[1,1,1]}]}]}