{"v":5,"p":[{"b":4,"t":7,"s":[{"p":[0,0,0],"r":[0,0,0],"s":[0.1250001,0.1250001,0.2300753],"c":[0.1142855,1,0]}]}]}