{"n":"rulebook page","v":5,"a":[1,7,18],"p":[{"b":92,"e":"The base resources in Hello\nKingdoms are described as 'hard'\nobjects, meaning that they must be\ntransported to a building and put\ninside it by units.\nA standard infantry unit can carry\n3 coins or 1 oil at a time (for more\non transportation, continue reading) .\n","s":[{"p":[0.1245204,-0.151511,0.008959785],"r":[0,0,180],"s":[0.001410304,0.001410402,0.001410319],"c":[0,0,0]}]},{"b":141,"a":[19],"e":"USING RESOURCES","s":[{"p":[-0.006828309,-0.01282549,0.009674071],"r":[0,0,180],"s":[0.002881508,0.002881945,0.002881407],"c":[0,0,0]}]},{"b":92,"e":"Resources in buildings can be\nused to produce:\n-What the building can afford\n-What it is allowed to make\n\nA unit can only be produced at\nappropriate buildings, e.g.\nvehicles can only be produced\nat vehicle factories.","s":[{"p":[0.1261912,0.01698827,0.009845749],"r":[8.757938E-13,1.001791E-05,180],"s":[0.001573219,0.001573219,0.001573219],"c":[0,0,0]}]},{"b":141,"a":[19],"e":"RESOURCES","s":[{"p":[0.001636489,-0.1815442,0.009674072],"r":[-1.001791E-05,-1.001791E-05,180],"s":[0.003000354,0.003000724,0.003000254],"c":[0,0,0]}]}]}