{"v":5,"a":[7,18],"p":[{"b":82,"s":[{"p":[0,0,0],"r":[0,0,6.157171E-14],"s":[2.714991,1.417288,2.792438],"c":[1,1,1]}]}]}