{"v":5,"a":[7,18],"p":[{"b":13,"s":[{"p":[0.0001102534,-0.001360614,0.0005493601],"r":[359.3621,359.7546,1.081762],"s":[0.04630346,0.004800635,0.02986778],"c":[0.5555556,0.4056434,0.2469132]}]},{"b":23,"a":[19],"e":"DISCARD PILE","s":[{"p":[-0.0003876672,0.009141264,-0.01558721],"r":[90,180,0],"s":[0.002808965,0.002809282,0.002809177],"c":[0.6666667,0.5587301,0.4444443]}]}]}