{"v":5,"p":[{"b":9,"s":[{"p":[0,0,0],"r":[0,0,0],"s":[0.125,0.125,0.1250001],"c":[1,1,1]}]},{"b":12,"s":[{"p":[0.08499344,0.2806492,-0.2208226],"r":[50.12599,70.72422,65.33649],"s":[0.06000005,0.06000003,0.06000003],"c":[1,1,1]}]},{"b":12,"s":[{"p":[0.2517436,0.4716839,-0.3991041],"r":[18.87587,90.35639,55.7832],"s":[0.06000006,0.06000003,0.06000007],"c":[1,1,1]}]},{"b":12,"s":[{"p":[0.203703,-0.07318616,-0.400392],"r":[72.4827,190.4382,170.8784],"s":[0.06000017,0.06000012,0.06000013],"c":[1,1,1]}]}]}