{"n":"cash-0200","v":5,"a":[2,3],"p":[{"b":91,"e":"200\nCASH","s":[{"p":[-0.03621078,-0.005860812,0.07100636],"r":[270,90,0],"s":[0.003000182,0.003000151,0.003001157],"c":[0,0.7428569,1]},{"p":[-0.03621078,-0.005860812,0.07100636],"r":[270,90,0],"s":[0.003000182,0.003000151,0.003001157],"c":[0,0.7428569,1]}]},{"s":[{"p":[0,0,0],"r":[3.488095E-20,1.593905E-27,5.236328E-06],"s":[0.08682751,0.007178718,0.1749977],"c":[0.0493826,0.07195736,0.4444443],"b":["when triggered then is person.cash += 200, then destroy all parts with 1s disappear","when touches bill-slot then destroy all parts with 0.1s disappear"]}]},{"b":91,"e":"200\nCASH","s":[{"p":[-0.04166912,0.005619776,-0.07600809],"r":[90,270,0],"s":[0.003001608,0.003000824,0.003002281],"c":[0,0.7428569,1]}]}]}