{"v":5,"p":[{"b":86,"s":[{"p":[0,0,0],"r":[0,0,0],"s":[0.07500009,0.075,0.07500009],"c":[1,1,1]}]}]}