{"n":"boden","v":5,"a":[7,18],"p":[{"s":[{"p":[-0.2900527,2.293365,0.01975632],"r":[0,0,-2.049057E-05],"s":[1.825466,1.842935,0.1751338],"c":[0.1890651,0.8888889,0.09876534]}]},{"s":[{"p":[-0.3006453,0.4588957,0.02145845],"r":[0,0,270],"s":[1.825786,1.842691,0.1750861],"c":[0.1890651,0.8888889,0.09876534]}]},{"s":[{"p":[1.543532,2.279528,0.01436889],"r":[0,0,89.99999],"s":[1.826084,1.843539,0.1751663],"c":[0.1890651,0.8888889,0.09876534]}]},{"s":[{"p":[1.534857,0.4512417,0.01825738],"r":[3.415095E-06,0,180],"s":[1.826218,1.843953,0.175171],"c":[0.1890651,0.8888889,0.09876534]}]}]}