{"n":"platforms","v":5,"a":[22,18],"p":[{"t":15,"s":[{"p":[0,0,0],"r":[0,0,0],"s":[0.6968101,7.033916,0.03924437],"c":[0,0.3999995,1]}]},{"t":15,"s":[{"p":[0.3719137,-4.000791,-0.4948637],"r":[45,-5.008955E-06,-1.209269E-05],"s":[1.439849,1.417287,0.03926938],"c":[0,0.3999994,1]}]}]}