{"v":5,"p":[{"b":10,"t":3,"s":[{"p":[0,0,0],"r":[0,0,0],"s":[0.1250006,0.1250001,0.1250005],"c":[1,1,1]}]},{"b":10,"t":3,"s":[{"p":[8.553811,4.647437,-11.13621],"r":[320.6264,124.1943,341.9106],"s":[0.1250008,0.1250002,0.1250008],"c":[1,1,1]}]},{"b":10,"t":3,"s":[{"p":[-6.381329,-3.721153,-26.20098],"r":[12.32182,170.9936,340.1319],"s":[0.1250008,0.1250002,0.1250008],"c":[1,1,1]}]},{"b":10,"t":3,"s":[{"p":[-14.87759,-8.417949,-15.10499],"r":[39.72385,281.9447,88.77041],"s":[0.1250007,0.1250001,0.1250007],"c":[1,1,1]}]}]}