{"v":5,"a":[22],"p":[{"b":60,"s":[{"p":[0,0,0],"r":[0,0,0],"s":[0.8242265,0.1250469,0.4181216],"c":[0,0,0],"b":["when touched then send nearby to af battlefield"]}]},{"b":98,"a":[19],"e":"BATTLEFIELD","s":[{"p":[-0.02290192,0.06770703,0.2089724],"r":[90,-9.659345E-06,0],"s":[0.009869447,0.009862363,0.00986874],"c":[1,1,1]}]},{"im":"938320481074065391/0804CF0036E2D1326F38B61C796C9130A36E717C/","s":[{"p":[-0.01722525,0.06298931,-0.0354134],"r":[0,0,-3.415094E-06],"s":[0.4950025,0.008865736,0.2841726],"c":[1,1,1]}]}]}