{"n":"bullet","v":5,"a":[2,16],"p":[{"b":14,"t":1,"s":[{"p":[0,0,0],"r":[0,0,4.268868E-07],"s":[0.0107244,0.01072441,0.006246252],"c":[0.3333332,0.3333332,0.3333332],"b":["when touched then become next"]},{"p":[0,0,0],"r":[0,0,4.268868E-07],"s":[0.0107244,0.01072441,0.006246252],"c":[0.3333332,0.3333332,0.3333332],"b":["when starts then destroy all parts"]}]}]}