{"v":5,"p":[{"b":3,"s":[{"p":[0,0,0],"r":[0,0,-1.280661E-06],"s":[0.1250002,0.1250003,0.1250001],"c":[1,1,1]}]},{"b":5,"s":[{"p":[-0.2181806,-0.160205,0.3395578],"r":[21.36797,60.6128,333.4734],"s":[0.125,0.1250002,0.1250003],"c":[1,1,1]}]}]}