{"v":5,"p":[{"t":2,"s":[{"p":[0,0,0],"r":[0,0,0],"s":[0.3469288,0.1750005,0.35694],"c":[0,0.9142855,1],"b":["when touched then go to inventory page 25"]}]},{"b":142,"t":2,"e":"PAGE 25","s":[{"p":[-0.1732835,0.1163266,0.07873966],"r":[89.1418,269.2125,268.4786],"s":[0.01009354,0.01009352,0.01009355],"c":[1,1,1]}]}]}