{"v":5,"a":[2,15],"tp_m": 3,"p":[{"b":73,"s":[{"p":[0,0,0],"r":[0,0,8.537735E-07],"s":[0.225,0.2250002,0.225],"c":[1,1,1]}]}]}