{"v":5,"a":[22],"p":[{"s":[{"p":[0,0,0],"r":[0,0,-7.656432E-20],"s":[7.540767,0.1235402,16.40151],"c":[1,1,1]}]}]}