{"v":5,"a":[7],"p":[{"s":[{"p":[0,0,0],"r":[0,0,0],"s":[7.412006,0.1750013,10.35455],"c":[1,1,1]}]}]}