{"v":5,"p":[{"a":[31],"i":[{"t":"5b344b0be835410f82845735","p":[0.1203879,-0.1365206,0.06429966],"r":[359.3181,352.3147,12.6474]}],"s":[{"p":[0,0,0],"r":[0,0,0],"s":[0.001,0.001,0.001],"c":[1,1,1]}]}]}