{"v":5,"p":[{"pr":25,"s":[{"p":[0,0,0],"r":[0,0,0],"s":[0.04789307,0.05114826,0.04020733],"c":[1,1,1],"pr":{"c":[0.9714286,1,0],"m":0.2227006,"a":1,"s":0.2081943,"z":0.5336688,"g":0.4986501,"h":0.3259019}}]}]}