{"v":5,"p":[{"b":14,"s":[{"p":[0,0,0],"r":[0,0,0],"s":[0.06000002,0.06000004,0.06000005],"c":[0,0.05714257,1]}]},{"b":3,"s":[{"p":[0.02669396,-0.008429036,-0.1598473],"r":[27.86427,322.5437,357.354],"s":[0.1003417,0.125,0.1250001],"c":[0.9714286,1,0]}]}]}