{"v":5,"p":[{"t1":77,"s":[{"p":[-0.07124805,-0.05263996,-0.337576],"r":[355.3255,356.6517,349.3837],"s":[0.175295,0.1140124,0.709391],"c":[0,0,0],"t1":{"c":[1,0,0.3428573],"x":0.5,"y":0.5,"a":0.8925,"m":0,"n":0,"r":0,"g":0,"o":0.5,"t":0.5,"e":0.5}}]},{"b":3,"t":3,"s":[{"p":[0.06817967,-0.01852215,0.0269025],"r":[25.24134,41.49421,1.224707],"s":[0.1250002,0.1250001,0.1250001],"c":[0,0,0]}]},{"b":3,"t":3,"s":[{"p":[-0.2109369,-0.01069594,0.02607521],"r":[17.18834,323.4131,10.0489],"s":[0.1250001,0.125,0.1249999],"c":[0,0,0]}]}]}