{"n":"emitter","v":5,"a":[12],"inc":[["mystic staff blast","5b34759464bae7109d6980d5"],["mystic staff blast 2","5b35660219e05f07a28e739a"]],"p":[{"s":[{"p":[0,0,0],"r":[0,0,0],"s":[0.03025514,0.02967349,0.3274534],"c":[1,1,1],"b":["when told pressed then emit gravity-free mystic staff blast 2 with 0.4","when told pressed then play weird wavy sound"]},{"p":[0,0,0],"r":[0,0,0],"s":[0.03025514,0.02967349,0.3274534],"c":[1,1,1]}]}]}