{"v":5,"p":[{"b":175,"s":[{"p":[0,0,0],"r":[0,0,-5.336085E-08],"s":[0.04500001,0.045,0.04500002],"c":[1,1,1]}]},{"b":73,"s":[{"p":[0.0166368,-0.109976,0.02063859],"r":[289.5315,79.95715,250.0051],"s":[0.2781357,0.2781365,0.2781362],"c":[1,1,1]}]},{"b":64,"s":[{"p":[-0.0397951,-0.2775632,0.006886099],"r":[82.91762,270.984,35.41862],"s":[0.2537396,0.1250004,0.1250007],"c":[1,1,1]}]}]}