{"v":5,"p":[{"b":169,"t1":39,"t2":37,"s":[{"p":[0,0,0],"r":[0,0,-1.067217E-07],"s":[0.2471386,1.135422,0.2471384],"c":[0.4444442,0.4444442,0.4444442],"t1":{"c":[0.2222221,0.2222221,0.2222221],"x":0.689443,"y":0.7501526,"a":0.8925,"m":0,"n":0,"r":0,"g":0,"o":0.5,"t":0.5,"e":0.5},"t2":{"c":[0.5555556,0.5555556,0.5555556],"x":0.237655,"y":0.3777879,"a":0.8925,"m":0,"n":0,"r":0,"g":0,"o":0.5,"t":0.5,"e":0.5}}]},{"b":169,"t1":39,"t2":37,"s":[{"p":[-0.5004321,-0.02403787,0.5336412],"r":[13.02668,357.3984,320.8955],"s":[0.07406697,1.135424,0.2471389],"c":[0.4444441,0.4444441,0.4444441],"t1":{"c":[0.2222221,0.2222221,0.2222221],"x":0.689443,"y":0.7501526,"a":0.8925,"m":0,"n":0,"r":0,"g":0,"o":0.5,"t":0.5,"e":0.5},"t2":{"c":[0.5555556,0.5555556,0.5555556],"x":0.237655,"y":0.3777879,"a":0.8925,"m":0,"n":0,"r":0,"g":0,"o":0.5,"t":0.5,"e":0.5}}]}]}