{"v":5,"p":[{"b":55,"s":[{"p":[-0.1278946,-0.006907716,-0.02563271],"r":[1.68059,353.8172,343.6079],"s":[0.1250007,0.1250004,0.1250006],"c":[1,1,1]}]},{"b":55,"s":[{"p":[-0.1450447,0.0479277,0.01307407],"r":[357.9688,344.3423,341.0089],"s":[0.0546138,0.09908725,0.09297612],"c":[1,1,1]}]},{"b":55,"s":[{"p":[0.1108397,0.07434809,0.09124567],"r":[4.895305,347.8795,10.85963],"s":[0.031297,0.09738616,0.02631457],"c":[0,0,0]}]},{"b":55,"s":[{"p":[0.2099079,0.1109591,0.1132673],"r":[1.174418,353.1594,20.34818],"s":[0.03129698,0.09738611,0.02631455],"c":[0,0,0]}]}]}