{"v":5,"p":[{"b":168,"t1":38,"s":[{"p":[0,0,0],"r":[0,0,0],"s":[0.01670172,0.006519195,0.1191627],"c":[0.4444443,0.2285713,0],"t1":{"c":[0.6666667,0.4804232,0.07407404],"x":0.5394964,"y":0.7177858,"a":0.8925,"m":0,"n":0,"r":0.7496424,"g":0,"o":0.5,"t":0.5,"e":0.5}}]}]}