{"v":5,"p":[{"b":3,"s":[{"p":[0,0,0],"r":[0,0,-1.707547E-06],"s":[0.2579426,0.2386847,0.4375518],"c":[1,1,1]}]}]}