{"v":5,"p":[{"b":5,"t":1,"s":[{"p":[0.03877736,6.332994E-08,-0.05420817],"r":[0,0,270],"s":[0.003083254,0.003083213,0.2099272],"c":[1,1,1]}]},{"b":3,"a":[3],"s":[{"p":[0.03877736,5.215406E-08,0.03262055],"r":[0,0,270],"s":[0.006576154,0.006576491,0.006576963],"c":[0,0,0]}]},{"im":"717541825159582528/AC394B505DCD2E522AF8FA1CA1B6DEF359899AFC/","s":[{"p":[2.084322E-14,2.379529E-07,0.004747153],"r":[0,0,1.001791E-05],"s":[0.07038163,0.001313867,0.04690275],"c":[1,1,1]}]}]}