{"v":5,"p":[{"b":169,"t1":39,"t2":37,"s":[{"p":[0.1830724,-0.1750126,-0.04430167],"r":[2.08806,343.1039,4.032463],"s":[0.2471401,1.135426,0.2471392],"c":[0.4444442,0.4444442,0.4444442],"t1":{"c":[0.2222221,0.2222221,0.2222221],"x":0.689443,"y":0.7501526,"a":0.8925,"m":0,"n":0,"r":0,"g":0,"o":0.5,"t":0.5,"e":0.5},"t2":{"c":[0.5555556,0.5555556,0.5555556],"x":0.237655,"y":0.3777879,"a":0.8925,"m":0,"n":0,"r":0,"g":0,"o":0.5,"t":0.5,"e":0.5}}]},{"b":169,"t1":39,"t2":37,"s":[{"p":[0.03823441,-0.01709274,-0.01715513],"r":[359.9485,357.1389,1.790566],"s":[0.2471389,1.135423,0.2471385],"c":[0.4444442,0.4444442,0.4444442],"t1":{"c":[0.2222221,0.2222221,0.2222221],"x":0.689443,"y":0.7501526,"a":0.8925,"m":0,"n":0,"r":0,"g":0,"o":0.5,"t":0.5,"e":0.5},"t2":{"c":[0.5555556,0.5555556,0.5555556],"x":0.237655,"y":0.3777879,"a":0.8925,"m":0,"n":0,"r":0,"g":0,"o":0.5,"t":0.5,"e":0.5}}]}]}