{"v":5,"a":[7],"p":[{"s":[{"p":[0,0,0],"r":[0,0,0],"s":[0.2322628,0.1193732,0.09118669],"c":[0,0.01904746,0.3333332]}]},{"b":4,"s":[{"p":[-0.0170536,-0.006985433,-0.06570125],"r":[0,180,90.00001],"s":[0.02979626,0.02593749,0.02486205],"c":[0,0.05714227,1],"b":["when touches hand then tell body bub","when touches hand then become 2 in 0.2s"]},{"p":[-0.01767755,-0.005036119,-0.04099405],"r":[0,180,90],"s":[0.02979641,0.02593776,0.02486215],"c":[0,0.05714222,1],"b":["when starts then become 1 in 0.2s"]}]}]}