{"v":5,"a":[7],"p":[{"b":5,"t":9,"s":[{"p":[0,0,0],"r":[0,0,0],"s":[0.04891187,0.02636259,0.008212026],"c":[0,0,0]}]}]}