{"v":5,"p":[{"b":38,"s":[{"p":[0,0,0],"r":[0,0,1.334021E-08],"s":[0.05700015,0.0817408,0.0531699],"c":[0.8888889,0.8888889,0.8888889]}]},{"b":60,"s":[{"p":[0.01793673,0.2150304,-0.03186803],"r":[274.2577,338.6961,14.7679],"s":[0.3575297,0.00500002,0.3343405],"c":[0.8888889,0.8888889,0.8888889]}]},{"t":7,"s":[{"p":[0.02701806,0.2251529,-0.05830165],"r":[273.0218,327.5955,27.1004],"s":[0.3269515,0.005000009,0.2568205],"c":[0,0.05714219,1],"b":["when starts then call me artscanner"]}]},{"b":92,"t":2,"e":"SCANNER","s":[{"p":[-0.06557916,0.08826917,-0.0635082],"r":[6.606872,356.0804,0.7738582],"s":[0.003000019,0.003000026,0.003000034],"c":[0,0,0]}]}]}