{"v":5,"a":[7,21,29,50],"p":[{"b":52,"t":9,"s":[{"p":[0,0,0],"r":[0,0,0],"s":[0.004951914,0.003782936,0.004951933],"c":[1,1,1]}]},{"b":129,"e":"MAX","s":[{"p":[0.002466857,0.002336919,0.003589035],"r":[90,89.99998,0],"s":[0.0005023469,0.0005023445,0.0005023437],"c":[0,0,0]}]}]}