{"v":5,"a":[7,21],"p":[{"b":5,"t":18,"s":[{"p":[0.001143463,0,0.05603267],"r":[0,0,0],"s":[0.05477397,0.05474469,0.009733113],"c":[0,0,0]}]}]}