{"v":5,"p":[{"s":[{"p":[0,0,0],"r":[0,0,0],"s":[0.1750005,0.1750003,0.1750006],"c":[1,1,1]}]},{"s":[{"p":[0.03074413,-0.2425122,-0.01039371],"r":[2.575067,356.6131,8.495302],"s":[0.1750004,0.1750003,0.1750006],"c":[1,1,1]}]},{"b":45,"s":[{"p":[0.1936466,-0.1079272,-0.09559134],"r":[88.79975,119.883,271.2894],"s":[0.1250001,0.1250001,0.1250001],"c":[1,1,1]}]}]}