{"v":5,"p":[{"s":[{"p":[0,0,0],"r":[0,0,0],"s":[0.4799348,0.01860268,0.1986369],"c":[1,1,1]}]}]}