{"v":5,"a":[1,4,12,48,49],"p":[{"b":41,"s":[{"p":[0.007660169,0.03819815,-0.00482941],"r":[358.2011,274.7663,337.2234],"s":[0.1250001,0.1250001,0.1250001],"c":[1,1,1]}]},{"b":152,"s":[{"p":[0.002757107,-0.01833172,0.02633821],"r":[17.594,8.919977,358.3545],"s":[0.04000004,0.04000002,0.04000001],"c":[1,1,1]}]}]}