{"n":"middle finger","v":5,"a":[22],"p":[{"b":69,"t":11,"a":[3],"s":[{"p":[0.02295351,-0.03375638,0.0007481538],"r":[9.938416E-06,67.5,180],"s":[0.01831182,0.01645282,0.01831345],"c":[0.6666667,0.5714286,0]}]},{"a":[3,12,37,36],"i":[{"t":"5b44a6ff73001321d16f89ad","p":[-0.0235877,0.001223627,0.007374589],"r":[90,9.659345E-06,0]}],"s":[{"p":[0.0234993,-0.007684667,0.0008917283],"r":[270,22.50001,0],"s":[0.02680133,0.02679955,0.02679325],"c":[1,1,1],"b":["when told f3a then become 2 in 0.4s"]},{"p":[0.02349933,-0.007684663,0.0008917507],"r":[1.707547E-06,112.5,270],"s":[0.02680133,0.02679955,0.02679325],"c":[1,1,1],"b":["when told f30 then become 1 in 0.8s"]}]}]}