{"v":5,"a":[7],"p":[{"b":153,"t1":34,"s":[{"p":[0,0,0],"r":[0,0,0],"s":[6.263806,0.1858227,25.66259],"c":[0.8888889,0.8578483,0.7901235],"t1":{"c":[0.5555556,0.4973545,0.3703703],"x":0.213804,"y":0.04887259,"a":0.8925,"m":0,"n":0,"r":0,"g":0,"o":0.5,"t":0.5,"e":0.5}}]}]}