{"v":5,"a":[2,3],"inc":[["thing","5b3eb59e6c2cb67f71992cce"]],"p":[{"b":4,"s":[{"p":[0.012311,-0.02907152,0.1737307],"r":[2.346146,0.7944577,355.6913],"s":[0.01485098,0.02018471,0.125002],"c":[1,1,1],"b":["when triggered then emit thing with 10"]}]},{"s":[{"p":[0.01392646,-0.02684515,0.05812487],"r":[359.5013,2.128379,0.884397],"s":[0.04755462,0.05115857,0.04039539],"c":[1,1,1]}]}]}