{"v":5,"a":[7,13,18],"p":[{"b":30,"t":1,"s":[{"p":[0,0,0],"r":[0,0,0],"s":[0.5670537,0.1253458,0.5670655],"c":[0.7777778,0.7777778,0.7777778]}]},{"b":30,"t":1,"s":[{"p":[0.5646753,-9.32399E-09,4.936547E-08],"r":[1.001792E-05,89.99999,1.001792E-05],"s":[0.5671097,0.1257745,0.567082],"c":[0.7777778,0.7777778,0.7777778]}]}]}