{"v":5,"p":[{"b":73,"s":[{"p":[0,0,0],"r":[0,0,0],"s":[0.2250001,0.2250001,0.2250003],"c":[1,1,1]}]}]}