{"v":5,"a":[7,18],"p":[{"s":[{"p":[0,0,0],"r":[0,0,-4.378969E-13],"s":[0.175168,4.995421,0.1750295],"c":[1,1,1]}]}]}