{"v":5,"a":[2,15],"p":[{"b":3,"t":3,"pr":8,"s":[{"p":[0.008648479,0.01118691,-0.006450223],"r":[0.06398623,1.072519,0.8381582],"s":[0.03307585,0.0373375,0.03578937],"c":[0,1,1],"pr":{"c":[1,1,1],"a":0.25}}]},{"b":32,"t":3,"pr":8,"s":[{"p":[-0.009068578,-0.0005556066,0.02356585],"r":[2.914219,311.081,11.31202],"s":[0.01273309,0.03825872,0.008757474],"c":[0,1,1],"pr":{"c":[1,1,1],"a":0.25}}]},{"b":32,"t":3,"pr":8,"s":[{"p":[0.003024029,0.001657739,0.03094409],"r":[348.4693,63.53542,2.935755],"s":[0.01273311,0.03825872,0.008757474],"c":[0,1,1],"pr":{"c":[1,1,1],"a":0.25}}]},{"b":14,"t":3,"pr":8,"s":[{"p":[0.01120578,0.008366879,0.03980244],"r":[11.5357,25.31039,305.7663],"s":[0.01088082,0.01173541,0.005449538],"c":[0,1,1],"pr":{"c":[1,1,1],"a":0.25}}]}]}