{"v":5,"a":[7,18],"p":[{"s":[{"p":[0,0,0],"r":[0,0,0],"s":[47.9686,2.465635,0.1750026],"c":[0.3333332,0.3333332,0.3333332]}]},{"s":[{"p":[-0.001464331,-1.637708,0.001364899],"r":[-1.502687E-05,270,180],"s":[0.1752211,0.9156464,47.993],"c":[1,1,1]}]},{"s":[{"p":[-0.001464568,-2.302465,0.001364782],"r":[-1.502687E-05,270,180],"s":[0.200451,0.5725173,48.00698],"c":[0.3333332,0.3333332,0.3333332]}]}]}