{"v":5,"a":[5,22],"p":[{"b":3,"t1":25,"s":[{"p":[0,0,0],"r":[0,0,-1.600826E-07],"s":[2.651886,0.274818,4.100578],"c":[0,0,0],"t1":{"c":[0.4444444,0.3245149,0.1975308],"x":0.6912761,"y":0.6898307,"a":0.8925,"m":0,"n":0,"r":0,"g":0,"o":0.5,"t":0.5,"e":0.5}}]}]}