{"v":5,"a":[2,22,12,16],"p":[{"b":16,"t":1,"s":[{"p":[-0.002167401,0.0004848663,0.1065093],"r":[67.50002,270,270],"s":[0.005233688,0.1171809,0.005233688],"c":[1,0.8603175,0.5555556],"b":["when touched then tell exp"]}]},{"b":73,"t":3,"a":[37],"s":[{"p":[-0.0007662775,-0.0005312139,0.1966457],"r":[22.50001,270,-4.62059E-06],"s":[0.001,0.001,0.001],"c":[1,0.6857142,0],"b":["when told exp then become next in 0.5s","when told exp then play explosion"]},{"p":[-0.0007662775,-0.0005312139,0.1966457],"r":[22.50001,270,-4.620591E-06],"s":[0.6080149,0.6080149,0.6080149],"c":[1,0.6857142,0],"b":["when starts then destroy all parts"]}]}]}