{"v":5,"a":[7,18],"p":[{"s":[{"p":[0,0,0],"r":[0,0,0],"s":[10.73322,2.465635,0.1750026],"c":[0.3333332,0.3333332,0.3333332]}]},{"s":[{"p":[-0.001464331,-1.637708,0.001364899],"r":[-1.502687E-05,270,180],"s":[0.1752211,0.9156464,10.69503],"c":[1,1,1]}]},{"s":[{"p":[-0.001465079,-2.70327,-0.005886551],"r":[-1.502687E-05,270,180],"s":[0.2005096,1.375131,10.85436],"c":[0.3333331,0.3333331,0.3333331]}]}]}