{"v":5,"a":[48],"p":[{"b":73,"t":3,"s":[{"p":[0,0,0],"r":[0,0,0],"s":[0.7720984,0.7720986,0.7720987],"c":[1,1,1]}]}]}