{"n":"eastgo","v":5,"a":[7,18],"p":[{"s":[{"p":[0,0,0],"r":[0,0,0],"s":[0.1750066,0.1750061,0.1750048],"c":[1,1,1]}]}]}