{"n":"birbys stepping stool","v":5,"a":[7,50],"p":[{"b":5,"s":[{"p":[0,0,0],"r":[0,0,0],"s":[0.1250003,0.125,0.1250003],"c":[0,0.2222221,0.0507936]}]},{"b":5,"s":[{"p":[0.02077174,0.007905483,0.1983343],"r":[-1.792843E-07,180,90.00003],"s":[0.02854571,0.02854587,0.3402176],"c":[0.3333332,0.3333332,0.3333332]}]},{"b":23,"e":"BIRBY'S STEPPING STOOL","s":[{"p":[0.1782796,-0.07260206,-0.02396956],"r":[-2.219812E-05,270,90.00001],"s":[0.003000168,0.003000067,0.003000175],"c":[1,1,1]}]}]}