{"v":5,"p":[{"b":11,"s":[{"p":[0,0,0],"r":[0,0,0],"s":[0.1250002,0.1250001,0.1250001],"c":[1,1,1]}]},{"b":2,"s":[{"p":[0.1867206,0.3145853,0.1339971],"r":[347.7083,350.5731,19.99665],"s":[0.1250004,0.1250004,0.1250002],"c":[1,1,1],"b":["when touched then play trumpet a sharp 4"]}]}]}