{"v":5,"a":[22],"p":[{"b":26,"t1":63,"s":[{"p":[0,0,0],"r":[0,0,0],"s":[10.93009,0.1284229,8.932078],"c":[0.2222214,0.2222214,0.2222214],"t1":{"c":[0,0,0],"x":0.5,"y":0.5,"a":0.8925,"m":0,"n":0,"r":0,"g":0,"o":0.5,"t":0.5,"e":0.5}}]}]}