{"n":"pillar","v":5,"a":[7,18],"p":[{"b":14,"s":[{"p":[-0.003872873,-0.002602011,0.1968711],"r":[0,0,-5.008957E-06],"s":[0.06001781,0.06001014,0.2853927],"c":[1,1,1]}]},{"b":2,"s":[{"p":[0.002211333,-0.001598775,-0.5808192],"r":[0,0,1.001791E-05],"s":[0.1250605,0.1250274,0.1250273],"c":[1,1,1]}]}]}