{"v":5,"a":[7,18],"p":[{"s":[{"p":[0,0,0],"r":[0,0,0],"s":[1.634922,0.1750177,6.132874],"c":[1,1,1]}]},{"s":[{"p":[0.007461579,0.08434433,-0.3287268],"r":[0,0,1.001791E-05],"s":[1.619031,0.02816813,0.8777093],"c":[1,0,0]}]}]}