{"v":5,"a":[2,3,14],"p":[{"b":3,"t":3,"s":[{"p":[0,0,0],"r":[0,0,-2.668043E-07],"s":[0.1250006,0.1250005,0.1250006],"c":[1,0.8571429,0]}]}]}