{"v":5,"a":[7,18],"p":[{"s":[{"p":[0,0,0],"r":[0,0,0],"s":[2.53844,0.03065555,25.68398],"c":[0,0,0]}]}]}