{"v":5,"a":[7,18],"p":[{"s":[{"p":[0,0,0],"r":[0,0,0],"s":[2.12401,0.3285878,0.9076505],"c":[0.5555556,0.5555556,0.5555556]}]}]}