{"v":5,"p":[{"b":3,"a":[12],"s":[{"p":[0,0,0],"r":[0,0,0],"s":[0.1114808,0.125,0.3275489],"c":[1,1,1]}]}]}