{"v":5,"a":[7,18,21],"p":[{"b":5,"t":9,"s":[{"p":[-4.768378E-07,-3.099442E-06,-1.833253],"r":[0,0,-8.537737E-06],"s":[5.697801,5.697741,5.697884],"c":[1,1,1]}]},{"b":5,"t":9,"s":[{"p":[2.145766E-06,-3.576279E-06,-2.769576],"r":[0,0,0],"s":[6.895,6.894757,6.894871],"c":[1,1,1]}]},{"b":5,"t":9,"s":[{"p":[-4.827977E-06,-1.907349E-06,-3.802403],"r":[0,0,-8.537737E-06],"s":[8.379545,8.379566,8.3796],"c":[1,1,1]}]}]}