{"v":5,"p":[{"b":3,"s":[{"p":[0,0,0],"r":[0,0,0],"s":[0.125,0.125,0.125],"c":[1,1,1]}]},{"b":5,"s":[{"p":[0.04151926,-0.08344913,-0.2293021],"r":[56.68726,336.4837,334.5453],"s":[0.1250003,0.1250001,0.1250004],"c":[1,1,1]}]},{"b":14,"s":[{"p":[0.2036441,-0.03820718,-0.1105848],"r":[341.2683,46.35403,359.9461],"s":[0.06000002,0.06000002,0.06000002],"c":[1,1,1]}]}]}