{"v":5,"a":[2,17,31],"p":[{"b":5,"s":[{"p":[-0.1303009,-0.07259829,-0.01485254],"r":[0,0,8.537735E-07],"s":[0.03809296,0.03809296,0.03809293],"c":[0.6285716,0,1],"b":["when grabbed then become 2"]},{"p":[-0.1303009,-0.07259829,-0.01485254],"r":[0,0,8.537735E-07],"s":[0.03809296,0.03809296,0.03809293],"c":[0.4571425,1,0],"b":["when starts then say you noob","when triggered then become 1"]}]}]}