{"v":5,"a":[4],"p":[{"b":167,"t":7,"s":[{"p":[0,0,0],"r":[0,0,4.268868E-07],"s":[0.1451763,0.0830801,0.1778849],"c":[1,1,1]}]}]}