{"v":5,"p":[{"s":[{"p":[0.02209073,-0.007598212,0.05166602],"r":[1.455862,10.70086,0.8206972],"s":[0.06090768,0.165689,0.004537385],"c":[1,1,1]}]},{"b":133,"e":"[local hour 12]","s":[{"p":[-0.01380128,-0.08405,-0.01298609],"r":[359.4113,358.4601,89.29608],"s":[0.005110844,0.005110789,0.005110846],"c":[0,0,0]}]}]}