{"v":5,"a":[7,21],"p":[{"im":"923686272216940278/B2F7E006FEE77CC20BCA64DE3012DC6008271DE6/","s":[{"p":[0,0,0],"r":[0,0,0],"s":[2.423102,0.1552518,3.662119],"c":[1,1,1]}]}]}