{"n":"red washer","v":5,"a":[2,45],"p":[{"b":54,"s":[{"p":[0,0,0],"r":[0,0,5.336085E-08],"s":[0.01611687,0.007300654,0.01611674],"c":[1,0,0]}]}]}