{"v":5,"a":[5,7],"p":[{"b":17,"s":[{"p":[0,0,0],"r":[0,0,0],"s":[0.330631,0.3760197,0.3306311],"c":[0.0493826,0.222222,0.08888882]}]},{"b":17,"s":[{"p":[0.03840256,0.03109359,-0.7724838],"r":[0,0,-1.001791E-05],"s":[0.3306519,0.3760799,0.3306396],"c":[0.04938258,0.222222,0.08888879]}]},{"b":17,"s":[{"p":[0.06051446,0.06201409,-1.524864],"r":[0,0,-1.001791E-05],"s":[0.3306719,0.3760927,0.3306534],"c":[0.04938258,0.222222,0.08888879]}]}]}