{"v":5,"a":[22],"p":[{"t":18,"a":[37],"s":[{"p":[0,0,0],"r":[0,0,3.415094E-06],"s":[46.43894,85.27494,119.2682],"c":[0,0.7428569,1]}]},{"s":[{"p":[0.171032,-65.4337,-1.106987],"r":[-4.829673E-06,1.448902E-05,90],"s":[46.43586,46.43494,110.4417],"c":[0.4444443,0.3047618,0]}]},{"b":3,"s":[{"p":[-39.79249,-101.6254,6.650917],"r":[3.79465E-06,5.679094E-06,112.5],"s":[33.17374,48.71979,96.17831],"c":[0.4444443,0.4444443,0.4444443]}]},{"s":[{"p":[-22.98451,-56.47701,-3.069496],"r":[0,0,90],"s":[0.3991486,1.150193,95.8702],"c":[0,0,0]}]}]}