{"v":5,"p":[{"a":[12,36],"s":[{"p":[-0.01390573,-0.4726187,-0.2531071],"r":[21.40867,340.5852,36.72221],"s":[0.1750013,0.1750024,0.1750028],"c":[1,1,1],"b":["when told by any cdooro then play bullet impact with low-pitch 200, become next in 0s"]},{"p":[0.004663408,-0.5171384,-0.2486112],"r":[19.04109,346.1685,42.13885],"s":[0.1750014,0.1750025,0.1750029],"c":[1,1,1]}]}]}