{"v":5,"a":[7,18],"p":[{"b":5,"t":9,"s":[{"p":[0,0,0],"r":[0,0,0],"s":[0.4203151,0.3351317,0.02069021],"c":[0.4444443,0,0]}]}]}