{"n":"skiball ramp","v":5,"d":"SKIBALL RAMP","a":[7,18],"p":[{"a":[23],"s":[{"p":[0.3023056,-0.1430853,0.5838256],"r":[0,-1.001791E-05,0],"s":[0.001000642,2.319425,0.9016707],"c":[0.3640211,0.2962962,0.8888889]}]},{"b":68,"t":10,"a":[23],"s":[{"p":[0.3007671,-0.1642266,0.1448789],"r":[6.106665E-13,270,180],"s":[0.01407241,1.268295,0.1000671],"c":[0.4716049,0.4320987,0.7777778]}]},{"b":68,"t":10,"a":[23],"s":[{"p":[0.300764,-0.1642218,1.037011],"r":[4.07111E-13,270,180],"s":[0.01407625,1.268768,0.1001046],"c":[0.4716049,0.4320987,0.7777778]}]},{"b":11,"t":10,"s":[{"p":[0.2858381,-1.299234,0.5894266],"r":[270,90,0],"s":[0.4377764,0.0412981,0.1250434],"c":[0.364021,0.2962961,0.8888889]}]}]}