{"v":5,"p":[{"s":[{"p":[0,0,0],"r":[-3.415094E-06,-1.272222E-14,4.268868E-07],"s":[0.2010195,0.0574967,0.04662174],"c":[0,0,0]}]}]}