{"n":"stone asteroid 3","v":5,"a":[22],"p":[{"b":159,"t1":116,"t2":13,"s":[{"p":[0,0,0],"r":[0,0,1.067217E-07],"s":[0.05949641,0.01755992,0.04286532],"c":[0.5555556,0.5555556,0.5555556],"b":["when starts then become 2 in 7s"],"t1":{"c":[1,1,1],"x":0.5,"y":0.5,"a":0.8925,"m":0,"n":0,"r":0,"g":0,"o":0.5,"t":0.5,"e":0.5},"t2":{"c":[0.2222221,0.2222221,0.2222221],"x":0.17,"y":0.17,"a":0.8925,"m":0.5,"n":0.5,"r":0,"g":0,"o":0.5,"t":0.5,"e":0.5}},{"p":[-0.01106082,-0.005335562,-0.004959891],"r":[25.86523,124.7854,136.1776],"s":[0.05951658,0.0175631,0.04287791],"c":[0.5555556,0.5555556,0.5555556],"b":["when starts then become 3 in 7s"],"t1":{"c":[1,1,1],"x":0.5,"y":0.5,"a":0.8925,"m":0,"n":0,"r":0,"g":0,"o":0.5,"t":0.5,"e":0.5},"t2":{"c":[0.2222221,0.2222221,0.2222221],"x":0.17,"y":0.17,"a":0.8925,"m":0.5,"n":0.5,"r":0,"g":0,"o":0.5,"t":0.5,"e":0.5}},{"p":[0.0008105333,-0.009809766,0.007894515],"r":[1.632104,169.3474,138.1332],"s":[0.05951658,0.01756279,0.04287747],"c":[0.5555556,0.5555556,0.5555556],"b":["when starts then become 4 in 7s"],"t1":{"c":[1,1,1],"x":0.5,"y":0.5,"a":0.8925,"m":0,"n":0,"r":0,"g":0,"o":0.5,"t":0.5,"e":0.5},"t2":{"c":[0.2222221,0.2222221,0.2222221],"x":0.17,"y":0.17,"a":0.8925,"m":0.5,"n":0.5,"r":0,"g":0,"o":0.5,"t":0.5,"e":0.5}},{"p":[0,0,0],"r":[0,0,1.067217E-07],"s":[0.05949641,0.01755992,0.04286532],"c":[0.5555556,0.5555556,0.5555556],"b":["when starts then become 1 in 0s"],"t1":{"c":[1,1,1],"x":0.5,"y":0.5,"a":0.8925,"m":0,"n":0,"r":0,"g":0,"o":0.5,"t":0.5,"e":0.5},"t2":{"c":[0.2222221,0.2222221,0.2222221],"x":0.17,"y":0.17,"a":0.8925,"m":0.5,"n":0.5,"r":0,"g":0,"o":0.5,"t":0.5,"e":0.5}}]}]}