{"n":"goldfishy","v":5,"a":[2],"p":[{"b":3,"s":[{"p":[0,0,0],"r":[0,0,0],"s":[0.01249366,0.007405351,0.00465917],"c":[1,0.6222221,0.2222221]},{"p":[0,0,0],"r":[0,0,0],"s":[0.01249366,0.007405351,0.00465917],"c":[1,0.6222221,0.222222]}]},{"b":16,"s":[{"p":[-0.02165363,0.002213622,0.00626586],"r":[10.5169,208.6364,99.55988],"s":[0.00376201,0.00781459,0.001000005],"c":[1,0.6222221,0.222222],"b":["when starts then become 2 in 0.1s"]},{"p":[-0.02186723,-0.001183659,-0.004066803],"r":[9.976017,150.3828,85.2172],"s":[0.003762011,0.007814603,0.001000005],"c":[1,0.6222221,0.222222],"b":["when starts then become 1 in 0.1s"]}]}]}