{"v":5,"a":[4,22],"p":[{"b":159,"t1":116,"t2":13,"s":[{"p":[0,0,0],"r":[0,0,6.670107E-09],"s":[0.1108803,0.08231877,0.117239],"c":[0.5555556,0.5555556,0.5555556],"b":["when starts then become 2 in 9s"],"t1":{"c":[1,1,1],"x":0.5,"y":0.5,"a":0.8925,"m":0,"n":0,"r":0,"g":0,"o":0.5,"t":0.5,"e":0.5},"t2":{"c":[0.2222221,0.2222221,0.2222221],"x":0.17,"y":0.17,"a":0.8925,"m":0.5,"n":0.5,"r":0,"g":0,"o":0.5,"t":0.5,"e":0.5}},{"p":[-0.001086169,-0.002054353,-0.009798795],"r":[66.01373,133.6671,138.2083],"s":[0.1108924,0.08232171,0.1172442],"c":[0.5555556,0.5555556,0.5555556],"b":["when starts then become 3 in 9s"],"t1":{"c":[1,1,1],"x":0.5,"y":0.5,"a":0.8925,"m":0,"n":0,"r":0,"g":0,"o":0.5,"t":0.5,"e":0.5},"t2":{"c":[0.2222221,0.2222221,0.2222221],"x":0.17,"y":0.17,"a":0.8925,"m":0.5,"n":0.5,"r":0,"g":0,"o":0.5,"t":0.5,"e":0.5}},{"p":[-0.003635706,-0.00480731,-0.01100358],"r":[44.32222,241.4095,177.4263],"s":[0.1108954,0.08232477,0.1172519],"c":[0.5555556,0.5555556,0.5555556],"b":["when starts then become 4 in 9s"],"t1":{"c":[1,1,1],"x":0.5,"y":0.5,"a":0.8925,"m":0,"n":0,"r":0,"g":0,"o":0.5,"t":0.5,"e":0.5},"t2":{"c":[0.2222221,0.2222221,0.2222221],"x":0.17,"y":0.17,"a":0.8925,"m":0.5,"n":0.5,"r":0,"g":0,"o":0.5,"t":0.5,"e":0.5}},{"p":[0,0,0],"r":[0,0,6.670107E-09],"s":[0.1108803,0.08231877,0.117239],"c":[0.5555556,0.5555556,0.5555556],"b":["when starts then become 1 in 0s"],"t1":{"c":[1,1,1],"x":0.5,"y":0.5,"a":0.8925,"m":0,"n":0,"r":0,"g":0,"o":0.5,"t":0.5,"e":0.5},"t2":{"c":[0.2222221,0.2222221,0.2222221],"x":0.17,"y":0.17,"a":0.8925,"m":0.5,"n":0.5,"r":0,"g":0,"o":0.5,"t":0.5,"e":0.5}}]}]}