{"v":5,"a":[27],"p":[{"i":[{"t":"5b4513d0f1b50a39a5927aa9","p":[1.027005,-1.887947,1.427854],"r":[342.4552,309.8736,45.15801]},{"t":"5b4ca46ad40b363e3026008d","p":[-0.004262626,0.3056139,0.7432093],"r":[32.92253,132.344,332.8562]}],"pr":11,"t2":46,"s":[{"p":[0,0,0],"r":[1.908333E-14,8.537737E-07,-2.561321E-06],"s":[0.04638175,0.0418988,0.1762265],"c":[1,1,1],"b":["when hears power then become next in 0.5s"],"t2":{"c":[0,0,0],"x":0.5,"y":0.5,"a":0.8925,"m":0,"n":0,"r":0,"g":0,"o":0.5,"t":0.5,"e":0.5},"pr":{"c":[1,1,1],"m":0.25,"a":0.25,"s":0.15,"z":0.25,"g":0.5,"h":0.25}},{"p":[0.01569434,-0.01071526,0.002506909],"r":[352.192,351.1106,6.859644],"s":[0.05080045,0.04189881,0.4008451],"c":[1,1,1],"b":["when touched then become next in 0.5s"],"t2":{"c":[0,0,0],"x":0.5,"y":0.5,"a":0.8925,"m":0,"n":0,"r":0,"g":0,"o":0.5,"t":0.5,"e":0.5},"pr":{"c":[1,1,1],"m":0.25,"a":0.25,"s":0.15,"z":0.25,"g":0.5,"h":0.25}},{"p":[0.01297306,-0.101234,0.03162939],"r":[14.07473,261.41,0.6948429],"s":[0.1679505,0.1992204,3.975357],"c":[0,0,0],"t2":{"c":[0,0,0],"x":0.5,"y":0.5,"a":0.8925,"m":0,"n":0,"r":0,"g":0,"o":0.5,"t":0.5,"e":0.5},"pr":{"c":[0,1,0.2285715],"m":0.25,"a":0.25,"s":0.15,"z":0.25,"g":0.5,"h":0.25}}]}]}