{"v":5,"a":[7,18],"p":[{"t":9,"a":[1],"s":[{"p":[0,0,0],"r":[0,0,0],"s":[0.2943239,0.001000099,0.1750335],"c":[0.2222221,0.2222221,0.2222221]}]}]}