{"n":"fire spell","v":5,"a":[2,3,7,12,14,18],"inc":[["fireball","5ada491781a6a804c4326c19"],["fireball 2","5b524369e2d3a16e635dc737"],["fireball 3","5b56036457059d1546fe5053"]],"p":[{"b":2,"a":[12],"pr":6,"s":[{"p":[-0.0005283427,-0.002287626,0.08157206],"r":[9.715986E-13,4.071111E-13,180],"s":[0.005000275,0.005001186,0.03869051],"c":[1,1,1],"b":["when triggered then emit gravity-free fireball 3 with 30, play fire starter poof"],"pr":{"c":[1,0.342857,0],"m":1,"a":1,"s":0.1712897,"z":0.07685089,"g":0.5,"h":0.25}}]},{"b":9,"t":4,"pr":20,"t1":168,"s":[{"p":[0,0,0],"r":[0,0,0],"s":[0.03512036,0.03511072,0.03511801],"c":[1,0.342857,0],"b":["when let go then destroy all parts, play fire","when starts then play goblet ding sparkle"],"t1":{"c":[1,0.6857142,0],"a":0.05},"pr":{"c":[1,0.3428571,0],"m":0.2589953,"a":0.25,"s":0,"z":0.1065428,"g":0.5,"h":0.5}}]}]}