{"v":5,"p":[{"im":"984485121691054795/6E6A02D98E02A69525D5B9DF9D8A040BFA962E45/","s":[{"p":[-0.02283707,0.09123523,-0.1017448],"r":[352.9553,9.298794,357.2331],"s":[0.2149814,0.001000006,0.2149814],"c":[1,1,1]}]},{"s":[{"p":[-0.02914265,0.07578585,-0.1109851],"r":[352.9553,9.298788,357.2331],"s":[0.2912201,0.01040595,0.2844371],"c":[0.5555556,0.3809522,0]}]}]}