{"v":5,"a":[7,18],"p":[{"b":169,"s":[{"p":[0,0,0],"r":[0,0,0],"s":[1.525612,0.04500583,0.252672],"c":[0,0,0]}]}]}