{"v":5,"a":[1,7,13,18],"p":[{"t1":124,"s":[{"p":[-1.284691,0.01086175,-0.7631804],"r":[0,0,90],"s":[0.1133253,0.1029991,1.499475],"c":[0.4444443,0.4444443,0.4444443],"t1":{"c":[0.1111111,0.1111111,0.1111111],"x":0.5,"y":0.5,"a":0.8925,"m":0,"n":0,"r":0,"g":0,"o":0.5,"t":0.5,"e":0.5}}]},{"t1":124,"s":[{"p":[1.17696,0.01050866,-0.7631825],"r":[0,0,270],"s":[0.1133352,0.1059957,1.499898],"c":[0.4444443,0.4444443,0.4444443],"t1":{"c":[0.1111111,0.1111111,0.1111111],"x":0.5,"y":0.5,"a":0.8925,"m":0,"n":0,"r":0,"g":0,"o":0.5,"t":0.5,"e":0.5}}]},{"t1":124,"s":[{"p":[-0.008856773,0.006942272,-1.520319],"r":[0,0,0],"s":[2.655207,0.1222418,0.111362],"c":[0.4444443,0.4444443,0.4444443],"t1":{"c":[0.1111111,0.1111111,0.1111111],"x":0.5,"y":0.5,"a":0.8925,"m":0,"n":0,"r":0,"g":0,"o":0.5,"t":0.5,"e":0.5}}]},{"t1":124,"s":[{"p":[-0.03553081,-0.01496339,-0.001683475],"r":[90,1.001791E-05,0],"s":[2.602363,0.177305,0.165824],"c":[0.4444443,0.4444443,0.4444443],"t1":{"c":[0.1111111,0.1111111,0.1111111],"x":0.5,"y":0.5,"a":0.8925,"m":0,"n":0,"r":0,"g":0,"o":0.5,"t":0.5,"e":0.5}}]}]}