{"v":5,"a":[1,7,12],"p":[{"t1":56,"s":[{"p":[0.6002827,-0.1455293,0.2037047],"r":[0,0,270],"s":[0.03296911,0.1101144,0.115219],"c":[0.2222219,0.2222219,0.2222219],"b":["when touches hand then play button click","when touches hand then send nearby onto btl"],"t1":{"c":[0.1111111,0.1111111,0.1111111],"x":0.5,"y":0.5,"a":0.8925,"m":0,"n":0,"r":0,"g":0,"o":0.5,"t":0.5,"e":0.5}}]}]}