{"n":"finna yeet","v":5,"a":[7],"p":[{"s":[{"p":[0,0,0],"r":[0,0,0],"s":[0.001000059,0.1750197,0.1750186],"c":[1,1,1]}]}]}