{"n":"liddle gunnie toy","v":5,"a":[2,3],"inc":[["liddle doggie","5b322d96d6771c2c7dc89f8d"],["liddle doggie toy","5b3bbd9d913f18391ea6b605"],["liddle doggie plush","5b3bbd55ea4df8392ad49197"]],"p":[{"b":5,"t":1,"s":[{"p":[0.01182866,0.02419877,-0.06817688],"r":[359.3565,5.998739,328.6821],"s":[0.02042124,0.02396404,0.2147997],"c":[1,0.6857142,0],"b":["when triggered then emit liddle doggie toy with 10","when triggered then play dog"]}]},{"b":153,"t":1,"s":[{"p":[0.005206453,0.02256279,-0.1482378],"r":[313.7594,164.3457,207.5291],"s":[0.02717065,0.01963895,0.01497912],"c":[0.6666667,0.6666667,0.6666667]}]},{"s":[{"p":[-0.01472037,-0.03505443,-0.1584136],"r":[19.65552,93.72458,204.6506],"s":[0.0497965,0.1314315,0.05802798],"c":[0.5555556,0.3809522,0]}]},{"b":105,"e":"LIDDLE DOGGIE\n          TOY","s":[{"p":[-0.01848243,0.06686825,-0.1575855],"r":[43.6859,346.3257,333.1741],"s":[0.001000009,0.001000005,0.00100001],"c":[1,1,1]}]}]}