{"n":"page label","v":5,"a":[7,18],"p":[{"b":131,"e":"TEMPLATES","s":[{"p":[0.1229482,-0.008585276,0.008296013],"r":[270,180,0],"s":[0.001681922,0.001680754,0.001680302],"c":[0.222222,0.222222,0.222222]}]},{"s":[{"p":[0,-0.0008548499,-1.164153E-10],"r":[0,0,1.001791E-05],"s":[0.03376878,0.0158135,0.01925402],"c":[1,1,1],"b":["when touches hand then go to inventory page 51"]}]},{"b":132,"e":"51","s":[{"p":[0.01536411,-0.01118172,0.01222229],"r":[270,180,0],"s":[0.001497365,0.001494934,0.001497601],"c":[0.6518518,0.5925926,0.6666667]}]}]}