{"v":5,"p":[{"b":12,"s":[{"p":[-0.3448547,-0.9563546,-1.054451],"r":[37.7725,342.9602,187.7316],"s":[0.3732101,0.06000027,0.460797],"c":[1,1,1]}]},{"b":12,"s":[{"p":[0.5789386,-0.7086455,-2.23633],"r":[336.0449,4.924978,332.5292],"s":[0.4644731,0.06000014,0.5157096],"c":[1,1,1]}]}]}