{"v":5,"a":[48],"p":[{"b":73,"s":[{"p":[0,0,0],"r":[0,0,8.537735E-07],"s":[0.07557298,0.07557303,0.07557294],"c":[1,1,1]}]}]}