{"v":6,"p":[{"b":4,"t":4,"a":[12],"s":[{"p":[0,0,0],"r":[0,0,0],"s":[0.1250006,0.1250011,0.125001],"c":[0.8888889,0.8747795,0.7901235],"b":["when starts then set light intensity 12.5","when starts then set light range 100","when starts then set light cone size 50"]}]}]}