{"v":6,"a":[1,22,12,31],"p":[{"b":77,"t1":43,"s":[{"p":[0.0003638278,-5.912874E-05,0.01199818],"r":[355.5235,274.2108,84.9128],"s":[0.002767601,0.01601677,0.00222347],"c":[1,0.8571429,0],"b":["when starts then become next in 0.01s"],"t1":{"c":[0.8888889,0.7619048,0],"x":0.5,"y":0.5,"a":0.8925,"m":0,"n":0,"r":0,"g":0,"o":0.5,"t":0.5,"e":0.5}},{"p":[0.0003638278,-5.912874E-05,0.01199818],"r":[355.5235,274.2108,84.91279],"s":[0.002767601,0.01601677,0.00222347],"c":[1,0.8571429,0],"b":["when touched then play bullet impact","when touched then destroy all parts with burst"],"t1":{"c":[0.8888889,0.7619048,0],"x":0.5,"y":0.5,"a":0.8925,"m":0,"n":0,"r":0,"g":0,"o":0.5,"t":0.5,"e":0.5}}]},{"b":73,"t":2,"s":[{"p":[0.0002670283,0.002887726,-5.292871E-05],"r":[76.93571,144.1891,53.05006],"s":[0.006111332,0.006111337,0.006111322],"c":[1,0.9206349,0.4444443],"b":["when starts then trail start with 2"]}]}]}