{"v":6,"a":[7],"p":[{"b":5,"a":[12],"i":[{"t":"5b6072373dac890ba1986e7e","p":[-0.00166893,-0.0007114559,0.1507741],"r":[0,0,0],"a":[48]}],"s":[{"p":[0,0,0],"r":[0,0,0],"s":[0.01314266,0.01463521,0.306982],"c":[1,1,1],"b":["when starts then trail start","when starts then become 2 in 1s"]},{"p":[0.01193238,0.0332737,-0.03716123],"r":[0,0,0],"s":[0.01314366,0.01463784,0.3070347],"c":[1,1,1],"b":["when starts then become 1 in 0.2s"]}]}]}