{"n":"pee pee","v":6,"p":[{"b":12,"s":[{"p":[0,0,0],"r":[0,0,0],"s":[0.06000002,0.05999999,0.06000004],"c":[1,1,1]}]},{"b":12,"s":[{"p":[-0.3534004,0.05714338,0.02534178],"r":[356.5389,333.4061,0.660462],"s":[0.06000005,0.06000002,0.0600001],"c":[1,1,1]}]}]}