{"v":6,"a":[2,3,7],"p":[{"b":5,"s":[{"p":[0,0,0],"r":[0,0,0],"s":[0.008527571,0.008401894,0.2052111],"c":[1,1,1]}]},{"b":4,"t":2,"s":[{"p":[0.00050354,-0.0002975464,0.09935278],"r":[0,0,270],"s":[0.011493,0.010757,0.01461564],"c":[0.8,0,1],"b":["when triggered then trail start","when trigger let go then trail end"]},{"p":[0.00050354,-0.0002975464,0.09935278],"r":[0,0,270],"s":[0.011493,0.010757,0.01461564],"c":[1,0,0]}]}]}