{"v":6,"a":[7,32],"p":[{"a":[11,29],"t1":5,"s":[{"p":[0,0,0],"r":[0,0,0],"s":[0.1750034,0.1750045,0.1750023],"c":[0,0,0],"b":["when starts then become next in 29s"],"t1":{"c":[0,0.2285713,1],"x":0.17,"y":0.17,"a":0.69625,"m":0.5107656,"n":1,"r":0,"g":0,"o":0.5,"t":0.5,"e":0.5}},{"p":[0,0,0],"r":[0,0,0],"s":[0.1750034,0.1750045,0.1750023],"c":[0,0,0],"b":["when starts then become previous"],"t1":{"c":[0,0.2285713,1],"x":0.17,"y":0.17,"a":0.69625,"m":0.6075637,"n":0.05247307,"r":0,"g":0,"o":0.5,"t":0.5,"e":0.5}}]}]}