{"n":"wall 1x2","v":6,"a":[7,32],"p":[{"t":7,"s":[{"p":[0,0,0],"r":[0,0,-3.828216E-20],"s":[0.001000004,1.000199,1.000662],"c":[1,1,1]}]},{"t":7,"s":[{"p":[1.748456E-07,1,-1.748456E-07],"r":[-2.442666E-12,-4.378969E-13,180],"s":[0.001000004,1.0002,1.000662],"c":[1,1,1]}]}]}