{"v":6,"a":[22],"p":[{"b":166,"t":15,"s":[{"p":[0,0,0],"r":[0,0,0],"s":[0.007827304,0.003174031,0.009215906],"c":[0.08641956,0.7777778,0.6]}]},{"b":14,"t":7,"s":[{"p":[-0.02237479,-0.1264612,0.003595911],"r":[273.4782,272.8326,3.004182],"s":[0.02463758,0.02799784,0.03876799],"c":[0.2419751,0.7777778,0.1728393]}]}]}