{"v":6,"p":[{"b":17,"t1":122,"s":[{"p":[0,0,0],"r":[0,0,3.415095E-06],"s":[2.011629,45.37319,53.53046],"c":[0.1234566,0.5555556,0.2962961],"t1":{"c":[0.1234567,0.5555556,0.2962962],"x":0.08559418,"y":0.0602417,"a":0.8925,"m":0,"n":0,"r":0,"g":0,"o":0.5,"t":0.5,"e":0.5}}]}]}