{"v":6,"p":[{"b":17,"t1":122,"s":[{"p":[0,0,0],"r":[0,0,-1.28066E-06],"s":[1.216984,58.61442,70.1074],"c":[0.1234567,0.5555556,0.2962962],"t1":{"c":[0.07407404,0.6666667,0.4126984],"x":0.5,"y":0.5,"a":0.8925,"m":0,"n":0,"r":0,"g":0,"o":0.5,"t":0.5,"e":0.5}}]}]}