{"n":"ground","v":6,"a":[1],"p":[{"b":17,"s":[{"p":[0,0,0],"r":[0,0,-8.537737E-07],"s":[0.3748977,0.04292962,0.3699453],"c":[0.9019608,0.8509804,0.7215686]}]}]}