{"v":6,"p":[{"b":14,"s":[{"p":[0,0,0],"r":[0,0,0],"s":[0.06000002,0.06000003,0.06],"c":[1,1,1]}]},{"b":73,"t":3,"s":[{"p":[0.5402762,0.4912531,0.6633636],"r":[348.324,344.776,67.8087],"s":[0.2249999,0.2249999,0.225],"c":[0.9873015,1,0.5555556]}]}]}