{"v":6,"p":[{"b":180,"t":3,"s":[{"p":[0.6333622,0.5868051,0.1417305],"r":[330.679,0.6572633,95.47952],"s":[0.1250001,0.125,0.125],"c":[0.9873015,1,0.5555556]}]},{"b":89,"t":3,"s":[{"p":[0.6434318,0.6991268,0.1954917],"r":[347.1612,313.5485,107.8941],"s":[0.1250006,0.1250008,0.1250006],"c":[1,0,0]}]}]}