{"v":6,"p":[{"s":[{"p":[0,0,0],"r":[0,0,1.707547E-06],"s":[0.1750001,0.175,0.1750001],"c":[1,1,1],"b":["when starts then allow emitted transporting"]}]}]}