{"v":6,"a":[7,20],"p":[{"b":2,"t":2,"s":[{"p":[0,0,0],"r":[0,0,0],"s":[0.1250009,0.1060758,0.2132422],"c":[0.9714286,1,0],"b":["when starts then become next in 0.5s"]},{"p":[-0.006534577,-0.009567261,-0.06074524],"r":[0,0,0],"s":[0.1250028,0.1060792,0.2132485],"c":[0.9714286,1,0],"b":["when starts then become next in 0.5s"]}]}]}