{"v":6,"a":[7,18,21],"p":[{"s":[{"p":[-1.788139E-07,-0.2857763,0],"r":[0,0,-6.830189E-06],"s":[1.194551,0.06709649,1.216521],"c":[1,1,1]}]},{"s":[{"p":[-1.192093E-07,-0.2581475,-0.01273894],"r":[0,0,-6.830189E-06],"s":[1.038898,0.06709802,1.003991],"c":[0,0,0]}]},{"t":2,"s":[{"p":[0.34446,-0.2540553,-0.2359173],"r":[90,0,0],"s":[0.1612321,0.2953177,0.119811],"c":[0.1142855,1,0]}]},{"t":2,"s":[{"p":[-0.3205004,-0.2540562,-0.2359173],"r":[90,0,0],"s":[0.1612417,0.2953212,0.1033071],"c":[0.1142855,1,0]}]}]}