{"v":6,"a":[2,7,14],"tp_lr": [0,1,0],"p":[{"t":9,"a":[1],"s":[{"p":[0,0,0],"r":[0,0,0],"s":[0.6056935,0.02073927,0.3982299],"c":[0,0,0]}]}]}