{"n":"pod","v":6,"a":[13,21,31],"p":[{"b":59,"t":16,"id":"5b694316c56ea63834d8064c","s":[{"p":[-1.278161,-0.6390802,-0.6390815],"r":[0,0,0],"s":[3.19594,3.195427,3.196217],"c":[1,1,1]}]},{"b":59,"t":16,"ac":{"id":"5b694316c56ea63834d8064c","c":100},"s":[{"p":[-1.278161,-0.6390802,-0.6390815],"r":[0.697249,0.7529632,358.7433],"s":[3.196276,3.195706,3.196408],"c":[1,1,1]}]},{"b":5,"s":[{"p":[-2.250133,-1.585909,-1.639771],"r":[324.9541,40.12944,312.7051],"s":[1.939464,1.939461,0.02556327],"c":[1,1,1]}]}]}