{"v":6,"p":[{"b":3,"a":[33],"s":[{"p":[0.02451185,0.01965273,-0.002255979],"r":[11.83844,96.64626,270.1359],"s":[0.05853347,0.07921031,0.115498],"c":[0.25679,0.4444443,0.09876534]}]},{"b":73,"a":[33],"s":[{"p":[-0.04549268,0.05252429,0.05648462],"r":[336.1424,106.903,310.435],"s":[0.0105528,0.01055075,0.01055236],"c":[0,0,0]}]},{"b":3,"a":[33],"s":[{"p":[0.05947249,0.008818693,-0.06105596],"r":[6.68173,7.104185,165.7821],"s":[0.1207251,0.06582551,0.04621383],"c":[0.2299822,0.4444443,0.0493826]}]},{"b":3,"s":[{"p":[0.03119241,-0.005654782,-0.00196109],"r":[2.741704,0.7049996,357.3086],"s":[0.1195489,0.03787339,0.07455183],"c":[1,0.9301587,0.7777778]}]}]}