{"v":6,"a":[7,18,21],"p":[{"b":180,"s":[{"p":[0,0,0],"r":[0,0,0],"s":[6.897854,4.152119,3.811379],"c":[0.285714,1,0]}]}]}