{"v":6,"a":[22],"p":[{"b":91,"t":2,"e":"DJ3K HD 7800","s":[{"p":[0,0,0],"r":[0,0,-3.096398E-13],"s":[0.005902025,0.005900421,0.005898056],"c":[1,0.1714284,0]}]}]}