{"n":"crumb spitter","v":6,"a":[2,22,12],"inc":[["crumbs","5b6bac887c8c2d4ac6fe3ef5"],["crumbs 2","5b6baea8f662db071bddeae3"]],"p":[{"s":[{"p":[0,0,0],"r":[0,0,0],"s":[0.06431549,0.01506477,0.01815691],"c":[0,0,0],"b":["when talked from then emit crumbs 2 with 3%"]}]},{"b":140,"e":"BK","s":[{"p":[-0.01157406,0.002332284,-0.07236003],"r":[270,2.59412E-06,0],"s":[0.001481967,0.001481741,0.001482211],"c":[1,1,1]}]}]}