{"v":6,"p":[{"s":[{"p":[0,0,0],"r":[0,0,0],"s":[0.08383689,0.09102617,0.242849],"c":[1,0.8380952,0.6666666],"b":["when starts then all parts face nearest fa2"]}]}]}