{"n":"lime jelly candy","v":6,"a":[1,2,4,9,17,29,31],"p":[{"b":16,"t":14,"s":[{"p":[0.01782773,0.01615069,0.008730495],"r":[1.423213,1.218273,4.927711],"s":[0.1164739,0.1260452,0.1260452],"c":[0.1142855,1,0]}]},{"b":16,"t":14,"s":[{"p":[0.01712782,0.01399297,0.007309324],"r":[2.215606,2.059801,4.467731],"s":[0.1217755,0.1313469,0.1313469],"c":[0.1142855,1,0]}]}]}