{"v":6,"a":[7],"p":[{"b":17,"t":1,"s":[{"p":[0,0,0],"r":[0,0,0],"s":[0.1344894,0.06000213,0.06000724],"c":[0,0.05714257,1],"b":["when starts then all parts face y"]}]}]}