{"v":6,"a":[31],"p":[{"b":167,"t1":152,"s":[{"p":[0,0,0],"r":[0,0,0],"s":[0.4576751,0.457675,0.4576753],"c":[0.9936507,0.7777778,1],"t1":{"c":[0.9936507,0.7777778,1],"x":0.5,"y":0.5,"a":0.8925,"m":0,"n":0,"r":0,"g":0,"o":0.5,"t":0.5,"e":0.5}}]}]}