{"n":"macaron gr","v":6,"p":[{"b":147,"s":[{"p":[0.0103116,-0.0904088,0.03913879],"r":[0,270,270],"s":[0.1846074,0.1250072,0.1300769],"c":[0.7777778,1,0.904762]}]},{"b":158,"t1":125,"s":[{"p":[0.00718021,-0.09463894,0.04515459],"r":[358.523,316.0807,359.8717],"s":[0.2050042,0.0199466,0.1972466],"c":[0.6666666,1,0.8571429],"t1":{"c":[0,0,0],"x":0.338308,"y":0.7308595,"a":1,"m":0,"n":0,"r":0,"g":0.7793798,"o":0.5,"t":0.5,"e":0.5}}]}]}