{"n":"bird1","v":6,"a":[2],"p":[{"b":4,"s":[{"p":[0,0,0],"r":[0,0,0],"s":[0.1250001,0.1250002,0.1250001],"c":[1,1,1],"b":["when let go then become next in 0.2"]},{"p":[0,0,0],"r":[0,0,0],"s":[0.1250001,0.1250002,0.1250001],"c":[1,1,1],"b":["when starts then all parts face nearest bird2","when starts then propel forward with 1"]}]},{"b":14,"a":[37],"s":[{"p":[-0.005897944,0.005863518,-0.2269095],"r":[347.1206,357.6552,0.1956858],"s":[0.06000003,0.06000002,0.06000003],"c":[1,1,1]}]}]}