{"v":6,"a":[7],"p":[{"b":14,"s":[{"p":[0,0,0],"r":[0,0,0],"s":[0.01023949,0.01095979,0.04584196],"c":[0.3333332,0.3333332,0.3333332]}]},{"b":73,"t":3,"s":[{"p":[-0.003265381,0.008499458,-0.1637902],"r":[90,90.00002,0],"s":[0.1095328,0.1095345,0.1095132],"c":[0.9873015,1,0.5555556]}]},{"b":69,"t":3,"s":[{"p":[-0.0004081726,0.004895821,-0.1384908],"r":[0,270,90.00001],"s":[0.02829737,0.03364201,0.03151679],"c":[0.9873015,1,0.5555556]}]}]}