{"v":6,"p":[{"b":68,"s":[{"p":[0,0,0],"r":[0,0,0],"s":[0.1223403,0.1118226,0.1338455],"c":[1,1,1]}]}]}