{"v":6,"p":[{"b":143,"a":[17,24],"e":"JAMPAD","s":[{"p":[-0.04186743,0.01832993,0.2334803],"r":[87.0281,26.43007,26.96501],"s":[0.003000004,0.003,0.003000002],"c":[1,1,1]}]},{"a":[1,4],"s":[{"p":[0.01224984,0.008075904,0.06500746],"r":[3.552455,359.4349,357.4293],"s":[0.3079068,0.02454207,0.2464541],"c":[0.07089942,0.03703704,0.111111]}]},{"b":14,"s":[{"p":[0.1750922,0.009073548,0.0581756],"r":[4.374899,359.3714,355.7421],"s":[0.02151082,0.06000004,0.03946076],"c":[1,1,1],"b":["when touched then show video controls"]}]}]}