{"v":6,"p":[{"b":73,"s":[{"p":[0,0,0],"r":[0,0,0],"s":[0.4001723,0.4001724,0.4001724],"c":[0.8888889,0.8888889,0.8888889],"pr":{"c":[1,1,1],"m":0.25,"a":0.25,"s":0.15,"z":0.25,"g":0.5,"h":0.25}}]}]}