{"v":6,"a":[7,18],"p":[{"s":[{"p":[0,0,0],"r":[0,0,0],"s":[54.11412,0.06586672,21.28123],"c":[0.01269841,0.111111,0]}]}]}