{"v":6,"a":[27],"p":[{"b":14,"s":[{"p":[0,0,0],"r":[0,0,0],"s":[0.02219398,0.006372077,0.07636447],"c":[1,1,1]}]},{"s":[{"p":[-0.01475519,0.1063415,0.1607578],"r":[279.6644,328.2073,34.2131],"s":[0.2323181,0.02479509,0.209737],"c":[1,1,1],"b":["when hears large then become next in 1s","when touched then show video controls"]},{"p":[-0.02236963,0.1441331,0.2021203],"r":[278.4259,326.4504,35.48583],"s":[0.3456396,0.02479511,0.2973341],"c":[1,1,1],"b":["when hears small then become previous in 1s","when touched then show video controls"]}]}]}