{"v":6,"a":[7],"p":[{"s":[{"p":[0,0,0],"r":[0,0,0],"s":[8.950432,0.1750417,4.506218],"c":[1,1,1]}]},{"s":[{"p":[4.390512,2.015465,0.09794712],"r":[0,0,270],"s":[4.01789,0.1751086,4.508091],"c":[1,1,1]}]}]}