{"n":"mer","v":6,"a":[7,18],"p":[{"b":12,"a":[5],"t1":13,"s":[{"p":[0.0791067,0.08021437,1.043081E-07],"r":[-1.001791E-05,8.757937E-13,-7.656432E-20],"s":[0.1396697,0.05635542,0.1307747],"c":[0.2222219,0.5523807,0.6666667],"b":["when starts then become 2 in 3s"],"t1":{"c":[0.2962962,0.7365076,0.8888889],"x":0.17,"y":0.17,"a":0.8925,"m":0.5,"n":0.5,"r":0,"g":0,"o":0.5,"t":0.5,"e":0.5}},{"p":[0.07253668,0.3097265,-0.004770756],"r":[-1.001791E-05,8.757937E-13,-7.656432E-20],"s":[0.1506996,0.4922468,0.1416309],"c":[0.2222218,0.5523807,0.6666667],"b":["when starts then become 1 in 5s"],"t1":{"c":[0.2962962,0.7365076,0.8888889],"x":0.17,"y":0.17,"a":0.8925,"m":0.5,"n":0.5,"r":0,"g":0,"o":0.5,"t":0.5,"e":0.5}}]},{"b":12,"t":7,"a":[5],"t1":13,"s":[{"p":[0.09646691,0.0943185,-0.1585855],"r":[0,0,0],"s":[0.1401347,0.08164699,0.2254035],"c":[0.2222218,0.5523807,0.6666667],"b":["when starts then become 2 in 4s"],"t1":{"c":[0.2962962,0.7365076,0.8888889],"x":0.17,"y":0.17,"a":0.8925,"m":0.5,"n":0.5,"r":0,"g":0,"o":0.5,"t":0.5,"e":0.5}},{"p":[0.1057905,0.2259039,0.0394205],"r":[-1.001791E-05,-1.001791E-05,6.157171E-14],"s":[0.1401019,0.3318329,0.1356203],"c":[0.2222217,0.5523807,0.6666667],"b":["when starts then become 1 in 3s"],"t1":{"c":[0.2962962,0.7365076,0.8888889],"x":0.17,"y":0.17,"a":0.8925,"m":0.5,"n":0.5,"r":0,"g":0,"o":0.5,"t":0.5,"e":0.5}}]}]}