{"v":6,"p":[{"b":92,"e":"KOOALAS PLACE","s":[{"p":[0,0,0],"r":[0,0,8.537735E-07],"s":[0.04053792,0.04053769,0.0405379],"c":[1,0,0]}]}]}