{"n":"ground","v":6,"a":[1,7,18,21],"p":[{"b":17,"s":[{"p":[0,0,0],"r":[0,0,7.656432E-20],"s":[0.2774755,0.009126128,0.2640904],"c":[0.9019608,0.8509804,0.7215686]}]}]}