{"v":6,"p":[{"t":7,"s":[{"p":[0,0,0],"r":[-3.415095E-06,-2.134434E-07,6.361109E-15],"s":[29.51887,54.31664,0.1805408],"c":[0,0.5714284,1]}]}]}