{"v":6,"p":[{"b":3,"s":[{"p":[0,0,0],"r":[0,0,0],"s":[0.1250007,0.1250002,0.1250004],"c":[1,1,1]}]}]}