{"v":6,"a":[7,18,21],"p":[{"t1":168,"s":[{"p":[0.01659393,-2.901376E-09,0],"r":[0,0,-1.001791E-05],"s":[0.01210271,0.01210317,0.2014876],"c":[0,0,0],"t1":{"c":[1,1,1],"a":0.05}}]}]}