{"v":6,"p":[{"s":[{"p":[0,0,0],"r":[0,0,0],"s":[0.5229377,0.1036837,0.1750283],"c":[0,0,0]}]},{"s":[{"p":[0.4140091,4.570279E-05,0.009584309],"r":[357.8744,356.7217,359.7277],"s":[0.5229726,0.1037015,0.1750495],"c":[0,0,0]}]},{"s":[{"p":[-0.4219246,-0.004424975,-0.007946135],"r":[356.4205,358.7938,0.2682646],"s":[0.5229376,0.1036838,0.1750285],"c":[0,0,0]}]}]}