{"v":6,"p":[{"b":5,"s":[{"p":[0,0,0],"r":[0,0,0],"s":[0.125,0.1250001,0.05766372],"c":[0,0,0]}]},{"b":5,"s":[{"p":[-0.006458459,0.007853314,0.2454789],"r":[358.7552,359.5685,343.8277],"s":[0.0695601,0.07149056,0.6355926],"c":[0,0,0]}]},{"b":5,"s":[{"p":[-0.002406843,0.006165303,0.03799472],"r":[0.9694245,359.9211,352.3903],"s":[0.09335165,0.0949619,0.05167998],"c":[0.9714286,1,0]}]}]}