{"v":6,"a":[30],"p":[{"b":75,"t":9,"t1":43,"s":[{"p":[0.04971935,0.0117252,-0.08651263],"r":[359.7657,13.30189,357.1755],"s":[0.02258226,0.0484622,0.02258201],"c":[1,1,1],"t1":{"c":[1,1,1],"x":0.5,"y":0.5,"a":0.8925,"m":0,"n":0,"r":0,"g":0,"o":0.5,"t":0.5,"e":0.5}}]},{"b":146,"t":9,"t1":43,"s":[{"p":[0.04693615,-0.0314416,-0.08563741],"r":[357.1755,283.2903,270.2346],"s":[0.01859164,0.0185926,0.01859157],"c":[1,1,1],"t1":{"c":[1,1,1],"x":0.5,"y":0.5,"a":0.8925,"m":0,"n":0,"r":0,"g":0,"o":0.5,"t":0.5,"e":0.5}}]},{"b":57,"t":9,"t1":43,"s":[{"p":[0.0007818695,0.03490345,-0.08269463],"r":[272.8341,108.0398,265.2563],"s":[0.01266123,0.02894419,0.02317944],"c":[1,1,1],"t1":{"c":[1,1,1],"x":0.5,"y":0.5,"a":0.8925,"m":0,"n":0,"r":0,"g":0,"o":0.5,"t":0.5,"e":0.5}}]},{"b":5,"t1":18,"s":[{"p":[0.05110305,0.04219764,-0.08685567],"r":[272.9252,112.8273,259.9712],"s":[0.02984084,0.02984761,0.02985263],"c":[0.5555556,0.4656082,0.3703702],"t1":{"c":[0.6666667,0.6666667,0.6666667],"x":0.17,"y":0.17,"a":0.8925,"m":0.5,"n":0.5,"r":0,"g":0,"o":0.5,"t":0.5,"e":0.5}}]}]}