{"v":6,"a":[7,18,20],"p":[{"t":19,"s":[{"p":[0,0,0],"r":[0,0,0],"s":[11.16949,0.1750077,5.883051],"c":[0,0,0]}]}]}