{"n":"fernybook","v":6,"a":[22,13],"p":[{"b":69,"s":[{"p":[0.004100032,-0.02675712,-0.178647],"r":[7.196773E-14,-7.196774E-14,90],"s":[0.01310458,0.07736177,0.007808297],"c":[0,0,0],"b":["when touches hand then tell open"]}]}]}