{"v":6,"a":[21],"p":[{"b":37,"id":"5b778b778a56382e1cb816f2","t1":10,"s":[{"p":[-2.607703E-08,-1.601875E-07,-0.01549371],"r":[4.071521E-05,112.5,-1.282948E-05],"s":[0.02543222,0.02539426,0.03810702],"c":[1,1,1],"t1":{"c":[0.7777778,1,1],"a":0}}]},{"b":37,"t1":10,"ac":{"id":"5b778b8b8a56382e1cb816f3","c":6},"s":[{"p":[-0.009575991,4.284084E-07,-0.02852519],"r":[4.256101E-06,247.5,180],"s":[0.02544367,0.02541932,0.0381415],"c":[1,1,1],"t1":{"c":[0.7777778,1,1],"a":0}}]},{"b":37,"id":"5b778b8b8a56382e1cb816f3","t1":10,"s":[{"p":[-0.009575894,-8.381903E-08,-0.01494064],"r":[-2.96457E-06,247.5,180],"s":[0.02544788,0.02542525,0.03814622],"c":[1,1,1],"t1":{"c":[0.7777778,1,1],"a":0}}]},{"b":37,"t1":10,"ac":{"id":"5b778b778a56382e1cb816f2","c":6},"s":[{"p":[5.867332E-08,3.72529E-09,-0.02913366],"r":[4.071521E-05,112.5,-1.282948E-05],"s":[0.02543506,0.02539662,0.03810952],"c":[1,1,1],"t1":{"c":[0.7777778,1,1],"a":0}}]}]}