{"n":"terrance arm","v":6,"a":[21,27,31],"p":[{"s":[{"p":[-0.1605131,0.02590691,-0.02387378],"r":[9.215894,0.3434337,358.498],"s":[0.0487481,0.0575117,0.05551986],"c":[1,0.8920635,0.7777778]}]},{"s":[{"p":[-0.1606702,-0.0001502782,0.1390502],"r":[9.215888,0.3434269,358.498],"s":[0.04871857,0.05745876,0.2772963],"c":[0.7777778,0.1728392,0.1728392]}]}]}