{"v":6,"p":[{"b":90,"e":"[typed]","s":[{"p":[0,0,0],"r":[0,0,0],"s":[0.003000064,0.003000031,0.003000058],"c":[0,1,1]}]}]}