{"v":6,"a":[7,18],"p":[{"t":19,"s":[{"p":[0,0,0],"r":[0,0,0],"s":[0.1750505,2.144697,2.928567],"c":[0,0,0]}]}]}