{"n":"caillasse","v":6,"p":[{"b":151,"t1":15,"s":[{"p":[0,0,0],"r":[0,0,1.173939E-06],"s":[0.7256839,0.6158882,0.5485913],"c":[0.4444443,0.4444443,0.4444443],"t1":{"c":[1,1,1],"x":0.1468479,"y":0.1027288,"a":0.8925,"m":0.5,"n":0.5,"r":0.06169701,"g":0,"o":0.5630565,"t":0.6133296,"e":0.4984503}}]}]}