{"v":6,"a":[7,18],"p":[{"t":19,"s":[{"p":[0,0,0],"r":[0,0,0],"s":[0.175163,2.931535,2.861826],"c":[0,0,0]}]}]}