{"v":6,"p":[{"b":14,"t":3,"s":[{"p":[0.2683091,-0.05494675,-0.131361],"r":[321.6697,358.0049,359.8914],"s":[0.06000046,0.06000064,0.06000035],"c":[0.7777778,0.7530864,0.6049383]}]},{"b":14,"t":3,"s":[{"p":[-0.2503254,-0.06010906,-0.1382215],"r":[321.9134,351.7792,357.8173],"s":[0.0600001,0.06000014,0.0600001],"c":[0.7777778,0.7530864,0.6049383]}]},{"s":[{"p":[-0.009074818,-0.002903826,0.01723877],"r":[357.7664,358.5802,0.7788676],"s":[1.262157,0.4213106,0.03210668],"c":[0.5555556,0.5379187,0.4320987]}]}]}