{"v":6,"a":[2,3],"inc":[["thing","5b78c59f4324d2057bea7678"]],"p":[{"t":3,"s":[{"p":[0,0,0],"r":[0,0,4.268868E-07],"s":[0.07570931,0.07939045,0.3151042],"c":[0.8,0,1]}]},{"b":4,"a":[12],"s":[{"p":[-0.003400374,0.008019254,0.2084729],"r":[357.5105,351.1783,325.6605],"s":[0.01805804,0.01537493,0.02527259],"c":[1,0,0],"b":["when triggered then emit thing with 10%"],"pr":{"c":[1,0,0],"m":0.25,"a":0.25,"s":0.15,"z":0.25,"g":0.5,"h":0.25}}]}]}