{"n":"terrance jambe","v":6,"p":[{"t":10,"i":[{"t":"5b78432617cdc6056a67c10e","p":[0.0006971471,0.04775691,-0.1643009],"r":[90,-1.931869E-05,0]}],"s":[{"p":[0,0,0],"r":[0,0,0],"s":[0.06707381,0.0726237,0.3082355],"c":[0.3333332,0.284656,0.2592592]}]}]}