{"v":6,"a":[7,18],"p":[{"t":19,"s":[{"p":[0,0,0],"r":[0,0,0],"s":[0.7445695,9.060875,2.86187],"c":[0,0,0]}]}]}