{"v":6,"p":[{"b":3,"s":[{"p":[0,0,0],"r":[0,0,0],"s":[0.208187,0.1982306,0.1842627],"c":[1,0.8603175,0.5555556]}]}]}