{"v":6,"a":[50],"p":[{"im":"945081009026273469/D909B0995BC4D45B089C8F0CFC2FA108597570A9/","s":[{"p":[-0.0012815,-0.002680838,0.002550483],"r":[0,0,0],"s":[0.1198767,0.000684989,0.0799178],"c":[1,1,1]}]},{"s":[{"p":[-0.001284957,-0.001844466,0.002734125],"r":[0,270,270],"s":[0.000629144,0.08452628,0.1251478],"c":[1,1,1]}]}]}