{"n":"manyland","v":6,"a":[2,21,31],"p":[{"b":57,"s":[{"p":[0,0,0],"r":[0,0,0],"s":[0.05748963,0.05748403,0.05748517],"c":[0.06349194,0.5555556,0]}]},{"b":55,"s":[{"p":[0.0006136893,-0.00267911,-0.001178265],"r":[-2.189484E-13,180,180],"s":[0.01057506,0.01056239,0.01056459],"c":[0.06349194,0.5555556,0]}]}]}