{"v":6,"a":[1,7,18],"p":[{"a":[1,27],"s":[{"p":[0,0,0],"r":[0,0,0],"s":[5.481997,0.1750386,2.74154],"c":[0.111111,0.111111,0.111111]}]}]}