{"v":6,"p":[{"b":9,"s":[{"p":[0,0,0],"r":[0,0,-6.936912E-07],"s":[0.1250001,0.1250001,0.125],"c":[1,1,1]}]}]}