{"v":6,"p":[{"s":[{"p":[0,0,0],"r":[0,0,0],"s":[8.415487,0.2661161,1.237711],"c":[1,1,1]}]}]}