{"v":6,"a":[7,18,31],"p":[{"b":5,"t":2,"a":[37,36],"s":[{"p":[0,0,0],"r":[0,0,0],"s":[0.004999997,0.005000005,0.005000003],"c":[0.2222218,0.2222218,0.2222218],"b":["when told laser then become 2 in 0.005s, turn visible"]},{"p":[0,0,0],"r":[0,0,0],"s":[0.004999997,0.005000005,0.005000003],"c":[1,0,0],"b":["when starts then project with alignment 100% reach","when told laser then become 3 in 0.005s"]},{"p":[0,0,0],"r":[0,0,0],"s":[0.004999997,0.005000005,0.005000003],"c":[1,0,0],"b":["when told laser then show line with 0 width, turn invisible, become 1 in 0.005s, project with 0% reach","when starts then project with alignment 60 default, show line with 0.01 width"]}]}]}