{"v":6,"a":[2,3,14],"p":[{"s":[{"p":[0.004749843,0.003897529,0.101803],"r":[355.4378,90.07397,358.8644],"s":[0.1661214,0.04816914,0.04005651],"c":[0,1,0.9142858]}]},{"b":14,"s":[{"p":[0.003915839,0.0008213036,0.09923085],"r":[358.8554,0.828959,8.994547],"s":[0.02659427,0.01753554,0.03562267],"c":[0.6666667,0.5820107,0.07407398],"b":["when triggered then become 2 in 1s"]},{"p":[0,0,0],"r":[0,0,-1.707547E-06],"s":[0.02659417,0.01753546,0.5417635],"c":[0.6666667,0.5820107,0.07407398],"b":["when triggered then become 1 in 1s"]},{"p":[0,0,0],"r":[0,0,-1.707547E-06],"s":[0.02659417,0.01753546,0.5417635],"c":[0.6666667,0.5820107,0.07407398]}]}]}