{"v":6,"p":[{"t1":119,"s":[{"p":[0,0,0],"r":[0,0,0],"s":[0.1810554,0.1239984,0.01555046],"c":[0.2222221,0.2222221,0.2222221],"t1":{"c":[0.5555556,0.5555556,0.5555556],"x":0.5,"y":0.5,"a":0.8925,"m":0,"n":0,"r":0,"g":0,"o":0.5,"t":0.5,"e":0.5}}]},{"t1":119,"s":[{"p":[0.00145945,0.00455527,0.1313105],"r":[0,0,5.008957E-06],"s":[0.009924997,0.01135763,0.2420823],"c":[0.2222221,0.2222221,0.2222221],"t1":{"c":[0.5555556,0.5555556,0.5555556],"x":0.5,"y":0.5,"a":0.8925,"m":0,"n":0,"r":0,"g":0,"o":0.5,"t":0.5,"e":0.5}}]},{"b":76,"t1":119,"s":[{"p":[0.01840079,0.02947828,0.2353445],"r":[359.4477,6.133838,313.6654],"s":[0.03818829,0.04014312,0.03964609],"c":[0.2222221,0.2222221,0.2222221],"t1":{"c":[0.5555556,0.5555556,0.5555556],"x":0.5,"y":0.5,"a":0.8925,"m":0,"n":0,"r":0,"g":0,"o":0.5,"t":0.5,"e":0.5}}]},{"b":73,"t":3,"t1":119,"s":[{"p":[0.03644065,0.04387477,0.2300179],"r":[31.45479,41.61954,44.34286],"s":[0.0341662,0.03416561,0.03416651],"c":[1,0.952381,0.6666666],"t1":{"c":[1,0.936508,0.5555556],"x":0.5,"y":0.5,"a":0.8925,"m":0,"n":0,"r":0,"g":0,"o":0.5,"t":0.5,"e":0.5}}]}]}