{"v":6,"a":[7,13,18],"p":[{"t1":119,"s":[{"p":[0,0,0],"r":[0,0,0],"s":[0.02760313,12.79468,4.62804],"c":[1,1,1],"t1":{"c":[0.7777778,0.7777778,0.7777778],"x":0.4294891,"y":0.2299189,"a":0.684671,"m":0,"n":0,"r":0,"g":0,"o":0.5,"t":0.5,"e":0.5}}]},{"t1":119,"s":[{"p":[-11.04772,0.0700722,4.842877E-07],"r":[0,0,180],"s":[0.02767595,12.81624,4.633869],"c":[1,1,1],"t1":{"c":[0.7777778,0.7777778,0.7777778],"x":0.4294891,"y":0.2299189,"a":0.684671,"m":0,"n":0,"r":0,"g":0,"o":0.5,"t":0.5,"e":0.5}}]},{"t1":119,"s":[{"p":[-5.786762,6.266289,9.536743E-07],"r":[-8.964216E-08,-8.964215E-08,270],"s":[0.02762474,12.80507,4.630659],"c":[1,1,1],"t1":{"c":[0.7777778,0.7777778,0.7777778],"x":0.4294891,"y":0.2299189,"a":0.684671,"m":0,"n":0,"r":0,"g":0,"o":0.5,"t":0.5,"e":0.5}}]},{"t1":119,"s":[{"p":[-5.913727,-6.334173,-9.536743E-07],"r":[-8.964187E-08,-8.964184E-08,270],"s":[0.027636,12.81658,4.633492],"c":[1,1,1],"t1":{"c":[0.7777778,0.7777778,0.7777778],"x":0.4294891,"y":0.2299189,"a":0.684671,"m":0,"n":0,"r":0,"g":0,"o":0.5,"t":0.5,"e":0.5}}]}]}