{"v":6,"a":[2,14,15,20,21,36,37,51],"p":[{"b":63,"t":20,"s":[{"p":[0,0,0],"r":[1.109906E-05,5.122641E-06,-6.830189E-06],"s":[0.06336758,0.06336533,0.06336091],"c":[1,0.6857142,0],"b":["when starts then play water splash thick"]}]},{"b":63,"t":20,"s":[{"p":[0.01037373,0.01428017,-0.00610813],"r":[330.8129,31.52732,271.0983],"s":[0.06336744,0.06336153,0.06337679],"c":[1,0.6857142,0]}]}]}