{"v":6,"a":[2,3],"p":[{"b":14,"s":[{"p":[0,0,0],"r":[0,0,0],"s":[0.005726682,0.02169396,0.06000015],"c":[0.6666667,0.6666667,0.6666667]}]},{"b":15,"s":[{"p":[0.007211864,5.804002E-06,0.2975605],"r":[356.4324,269.2871,21.35051],"s":[0.125001,0.1250008,0.03357745],"c":[1,0,0]}]},{"b":18,"e":"STOP","s":[{"p":[-0.02305345,-0.129542,0.3679536],"r":[3.187589,89.5318,89.45251],"s":[0.009826585,0.009826574,0.009826569],"c":[1,1,1]}]}]}