{"v":6,"p":[{"a":[33],"s":[{"p":[0.0499595,0.1321324,-0.1165912],"r":[359.2598,359.2463,3.062309],"s":[4.102869,3.752099,0.3380077],"c":[1,1,1]}]}]}