{"v":6,"a":[2],"p":[{"b":69,"s":[{"p":[-0.007904086,-0.1435094,0.007013839],"r":[354.912,359.4766,353.6163],"s":[0.07500009,0.07500009,0.07500001],"c":[1,1,1]}]},{"b":69,"s":[{"p":[0.009708058,0.01711156,-0.01358761],"r":[359.065,358.7088,1.589879],"s":[0.07500027,0.07500032,0.07500006],"c":[1,1,1]}]}]}