{"v":6,"p":[{"b":68,"s":[{"p":[0,0,0],"r":[0,0,0],"s":[0.04489112,0.04489083,0.02184431],"c":[1,1,1]}]},{"b":147,"a":[36],"s":[{"p":[2.980232E-07,-1.192093E-07,0.02186239],"r":[-1.162598E-06,270,180],"s":[0.02815299,0.02106274,0.02106469],"c":[1,0,0],"b":["when touches hand then become next in 0.2s","when touches hand then play button click","when touches hand then reset area"]},{"p":[3.874302E-07,-2.384186E-07,0.01438475],"r":[8.49675E-06,270,180],"s":[0.02815495,0.02106442,0.02106765],"c":[1,0,0],"b":["when starts then become next in 0.2s"]}]}]}