{"v":6,"p":[{"b":3,"s":[{"p":[0,0,0],"r":[0,0,0],"s":[0.125,0.125,0.1250001],"c":[1,1,1]}]},{"b":3,"s":[{"p":[-0.04694324,-0.2391471,-0.5201761],"r":[17.2662,85.3803,357.6747],"s":[0.1250006,0.1250003,0.1250008],"c":[1,1,1]}]}]}