{"v":6,"a":[13],"p":[{"b":5,"s":[{"p":[0,0,0],"r":[0,0,0],"s":[1.919034,1.790691,0.398178],"c":[0,0,0]}]},{"b":3,"s":[{"p":[-0.1671617,0.01338392,0.7408783],"r":[0,0,-8.537737E-06],"s":[0.1250054,0.1250085,0.1250122],"c":[0,0,0]}]}]}