{"v":6,"a":[2,15],"p":[{"s":[{"p":[0.001092527,-0.0002962959,-0.001117761],"r":[359.3598,357.1467,0.7969278],"s":[0.07455119,0.05155305,0.1205821],"c":[0.9714285,0,1]}]},{"s":[{"p":[-0.001460649,0.0006465316,0.0595829],"r":[358.2071,357.0188,0.6415758],"s":[0.03471867,0.03307138,0.07504519],"c":[0.9714285,0,1]}]},{"s":[{"p":[-0.004837406,0.001375839,0.09984836],"r":[358.4807,356.7901,0.2534044],"s":[0.03951718,0.03616864,0.0304339],"c":[0.3238093,0.3333332,0],"b":["when touches hand then become 2 in 0s, play pop 2"]},{"p":[-0.005421728,0.000521794,0.09547917],"r":[359.7321,357.9384,359.3762],"s":[0.006395653,0.007377658,0.001],"c":[0.3238093,0.3333331,0],"b":["when consumed then send one nearby onto winepad"]}]}]}