{"v":6,"a":[2,3],"p":[{"t":3,"s":[{"p":[-0.002707398,0.1141937,0.003216194],"r":[329.7293,0.967814,350.32],"s":[0.0949863,0.03447694,0.3288352],"c":[0.9714286,1,0],"b":["when triggered then become next in 0.2s","when triggered then play smash"]},{"p":[-0.008764075,-0.04135018,-0.0167706],"r":[20.41138,354.3529,355.5114],"s":[0.09498622,0.03447693,0.3288352],"c":[0.9714286,1,0],"b":["when starts then become previous in 0.2s"]}]}]}