{"v":6,"a":[4,22,29,48],"p":[{"t":7,"s":[{"p":[0,0,0],"r":[0,0,0],"s":[1.168255,0.02174469,2.486167],"c":[0.1728393,0.2074069,0.7777778]}]}]}