{"v":6,"p":[{"b":18,"t":2,"e":"CANT SPEAK PEOPLE SLEEP","s":[{"p":[0,0,0],"r":[0,0,0],"s":[0.03576155,0.03576152,0.03576154],"c":[0.9714285,0,1]}]}]}