{"v":6,"a":[22,12,18],"p":[{"b":2,"t":7,"i":[{"t":"5b898099eda13b334f565f0e","p":[0,-0.007271528,0.2104785],"r":[0,180,90],"a":[49]}],"s":[{"p":[0,0,0],"r":[0,0,4.07111E-13],"s":[0.03987541,0.04570766,0.06906498],"c":[0,1,1],"b":["when starts then all parts face nearest knee"]}]},{"b":3,"a":[37],"s":[{"p":[4.768373E-07,1.490116E-08,0.09552385],"r":[0,0,90.00001],"s":[0.04380271,0.03189687,0.1250687],"c":[1,1,1]}]}]}