{"v":6,"a":[2],"p":[{"b":147,"s":[{"p":[0,0,0],"r":[0,0,2.53464E-07],"s":[0.09000035,0.09000038,0.08999999],"c":[1,1,1],"b":["when consumed then play voice pleased mmm, then destroy all parts"]}]}]}