{"v":6,"a":[31],"p":[{"i":[{"t":"580a2d3dc7c12fdf0f7aeb6b","p":[0.001099153,-0.01957374,0.02408838],"r":[270.325,22.14629,247.9402]}],"s":[{"p":[-0.01379072,-0.05253043,-0.1214486],"r":[334.0118,358.7949,0.9515561],"s":[0.419238,0.001,0.3312225],"c":[0.3333332,0,0],"b":["when starts then become next in 2s"]},{"p":[0,0,0],"r":[0,0,0],"s":[0.419238,0.001,0.3312225],"c":[0.3333332,0,0],"b":["when starts then become next in 2s"]}]}]}