{"n":"balloon","v":6,"a":[2,3],"p":[{"b":4,"s":[{"p":[0,0,0],"r":[6.830192E-06,-2.049057E-05,1.366038E-05],"s":[0.02062772,0.02062711,0.02062768],"c":[0,1,1]}]},{"b":3,"s":[{"p":[0.01027341,-0.007145686,0.03036732],"r":[15.45856,24.97259,22.12113],"s":[0.009965857,0.009965004,0.03541416],"c":[0,1,1],"b":["when triggered then become next in 2, play filling_with_air"]},{"p":[0.1110796,-0.07195845,0.4238575],"r":[8.911506,15.15139,33.59943],"s":[0.4117531,0.4117514,0.4372011],"c":[0.3333332,1,1],"b":["when triggered then become untweened next, play balloon pop"]}]}]}