{"n":"kneeup","v":6,"a":[7,12,18,31],"p":[{"b":3,"s":[{"p":[0,0,0],"r":[0,0,0],"s":[0.03431766,0.03432311,0.03432067],"c":[1,1,1]}]}]}