{"v":6,"p":[{"b":62,"t":3,"pr":6,"s":[{"p":[-0.0005551479,0.004283072,-0.04505812],"r":[7.076592,352.6317,356.7705],"s":[0.1497167,0.1646188,0.1214242],"c":[0,1,0.2285714],"b":["when starts then become next in 0.2s","when starts then all parts face someone else"],"pr":{"c":[0,1,0.2285715],"m":0.25,"a":0.25,"s":0.15,"z":0.25,"g":0.5,"h":0.25}},{"p":[0.05926921,0.02604207,0.01475367],"r":[351.9402,5.647571,0.2950107],"s":[0.1497172,0.1646193,0.1214246],"c":[0,1,0.2285714],"b":["when starts then become previous in 0.2s","when starts then all parts face someone else"],"pr":{"c":[0,1,0.2285715],"m":0.25,"a":0.25,"s":0.15,"z":0.25,"g":0.5,"h":0.25}}]},{"a":[12],"s":[{"p":[0.06927091,0.1046989,0.1609006],"r":[1.922875,267.3018,97.6452],"s":[0.6489928,0.4861549,0.1588369],"c":[1,1,1]}]}]}