{"n":"slimer","v":6,"a":[1,21],"p":[{"b":3,"t1":47,"s":[{"p":[0.2759909,0.4306677,-0.03090173],"r":[293.6904,6.67686,63.88275],"s":[0.01059106,0.001141065,0.004700544],"c":[0,0,0],"t1":{"c":[0.2031745,0.4444444,0],"x":0.5,"y":0.5,"a":0.8925,"m":0,"n":0,"r":0,"g":0,"o":0.5,"t":0.5,"e":0.5}}]}]}