{"n":"slimer","v":6,"a":[1,21],"p":[{"b":3,"t1":47,"s":[{"p":[0.2867512,0.5403234,0.07703406],"r":[276.9171,230.6042,170.0569],"s":[0.01059102,0.00114106,0.004700526],"c":[0,0,0],"t1":{"c":[0.2031745,0.4444444,0],"x":0.5,"y":0.5,"a":0.8925,"m":0,"n":0,"r":0,"g":0,"o":0.5,"t":0.5,"e":0.5}}]}]}