{"v":6,"p":[{"s":[{"p":[0,0,0],"r":[0,0,0],"s":[0.175001,0.286644,0.1750009],"c":[1,1,1],"b":["when starts then all parts face nearest op"]}]},{"b":4,"s":[{"p":[-0.0398631,-0.1436091,-0.005793825],"r":[277.2173,124.5351,222.8441],"s":[0.1250003,0.1250003,0.1250002],"c":[1,1,1]}]}]}