{"v":6,"a":[1],"p":[{"b":68,"t1":60,"s":[{"p":[0.3594704,-0.4577185,0.20327],"r":[331.8214,274.4629,166.1384],"s":[0.07853881,0.06189418,0.07085098],"c":[0.3456789,0.385185,0.4444443],"t1":{"c":[0,0.3999997,1],"x":0.5,"y":0.5,"a":0.8925,"m":0,"n":0,"r":0,"g":0,"o":0.5,"t":0.5,"e":0.5}}]}]}