{"n":"xe","v":6,"p":[{"b":73,"s":[{"p":[0,0,0],"r":[0,0,0],"s":[0.06625284,0.06625293,0.06625302],"c":[1,1,1]}]}]}