{"n":"ppooo","v":6,"a":[2,9],"p":[{"b":4,"s":[{"p":[0.001241922,1.106509,0.003758103],"r":[278.5041,27.99137,252.1874],"s":[0.04608604,0.04833126,0.0997867],"c":[0.5555556,0.5555556,0.5555556]}]},{"b":96,"e":"SPEAR","s":[{"p":[-0.03984748,1.039665,-0.03442708],"r":[21.48304,32.84528,90.09343],"s":[0.003000002,0.003000002,0.003],"c":[1,1,1]}]},{"b":166,"s":[{"p":[0.07826275,-0.004972249,0.02241147],"r":[358.6378,355.9017,4.253987],"s":[0.03000005,0.2103292,0.03000006],"c":[0.4444443,0.3245148,0.1975307]}]}]}