{"v":6,"p":[{"b":3,"t1":43,"s":[{"p":[0,0,0],"r":[0,0,2.134434E-07],"s":[0.07723396,0.01833324,0.07795715],"c":[0.8888889,0.6292769,0.4938272],"t1":{"c":[0.6666667,0.3788359,0.07407404],"x":0.5,"y":0.5,"a":0.8925,"m":0,"n":0,"r":0,"g":0,"o":0.5,"t":0.5,"e":0.5}}]},{"b":3,"t1":43,"s":[{"p":[-0.2174016,0.01729641,0.0953117],"r":[357.3645,336.855,352.2851],"s":[0.07723401,0.01833324,0.0779572],"c":[0.8888889,0.6292769,0.4938272],"t1":{"c":[0.6666667,0.3788359,0.07407404],"x":0.5,"y":0.5,"a":0.8925,"m":0,"n":0,"r":0,"g":0,"o":0.5,"t":0.5,"e":0.5}}]}]}