{"v":6,"p":[{"b":3,"s":[{"p":[0,0,0],"r":[0,0,-8.537735E-07],"s":[0.1250001,0.125,0.1250001],"c":[1,1,1]}]},{"b":3,"s":[{"p":[-0.1414954,-0.02585848,-0.1415498],"r":[13.45881,344.7605,322.9466],"s":[0.125,0.125,0.125],"c":[1,1,1]}]},{"b":14,"s":[{"p":[-0.159246,0.5701197,-0.04978488],"r":[326.1076,337.3854,347.131],"s":[0.06000003,0.06000001,0.06],"c":[1,1,1]}]}]}