{"v":6,"p":[{"b":3,"a":[12],"pr":20,"t1":168,"s":[{"p":[0,0,0],"r":[0,0,-1.707547E-06],"s":[0.1250009,0.1250007,0.1250009],"c":[0,0,0],"t1":{"c":[1,0,0],"a":0.05},"pr":{"c":[0.9714285,0,1],"m":1,"a":0.4304528,"s":0,"z":0.2652476,"g":0.3348805,"h":0.5}}]}]}