{"n":"4arm","v":6,"p":[{"b":3,"t1":13,"s":[{"p":[0,0,0],"r":[0,0,0],"s":[0.02327547,0.02238379,0.05968032],"c":[0.253968,0.8888889,0],"b":["when starts then all parts face nearest wrist"],"t1":{"c":[1,0.8571429,0],"x":0.17,"y":0.17,"a":0.8925,"m":0.5,"n":0.5,"r":0,"g":0,"o":0.5,"t":0.5,"e":0.5}}]}]}