{"v":6,"a":[5,7,18],"p":[{"t1":114,"s":[{"p":[0,0,0],"r":[0,0,0],"s":[24.75031,0.9769862,6.448448],"c":[0.06913539,0.2222218,0.0493823],"t1":{"c":[0.1587301,0.5555556,0],"x":0.5,"y":0.5,"a":0.8925,"m":0,"n":0,"r":0,"g":0,"o":0.5,"t":0.5,"e":0.5}}]}]}