{"v":6,"p":[{"b":5,"s":[{"p":[0,0,0],"r":[0,0,0],"s":[0.02095374,0.01510884,0.1250003],"c":[1,0,0.3428566]}]},{"b":5,"s":[{"p":[-0.002496813,0.003393441,0.1445971],"r":[52.37922,55.28414,104.3416],"s":[0.02095375,0.01510884,0.1250004],"c":[0.2857134,0,1],"b":["when starts then project with 0.10 default","when starts then show line with 0.03 width"]}]}]}