{"v":6,"p":[{"s":[{"p":[0,0,0],"r":[0,0,0],"s":[0.1088948,0.05489551,0.05839768],"c":[0,0,0],"b":["when touched then go to inventory page  1"]}]},{"b":23,"e":"BACK","s":[{"p":[-0.02709585,0.03050235,0.01785171],"r":[87.51998,178.3601,178.8317],"s":[0.003000001,0.003000001,0.003000002],"c":[1,1,1]}]}]}