{"v":6,"a":[7,18],"p":[{"t1":25,"s":[{"p":[0,0,0],"r":[0,0,0],"s":[13.28048,0.1750032,20.59691],"c":[0,0,0],"t1":{"c":[0.4444444,0.3245149,0.1975308],"x":0.1438656,"y":0.08750057,"a":0.8925,"m":0,"n":0,"r":0,"g":0,"o":0.5,"t":0.5,"e":0.5}}]}]}