{"v":6,"a":[22],"p":[{"b":94,"t":2,"e":"Goodbye Swordsman\n- Can attack from\nup to three squares\naway","s":[{"p":[0,0,0],"r":[0,0,-2.035555E-13],"s":[0.001,0.001,0.001],"c":[0,0,0]}]},{"t":1,"s":[{"p":[0.05305253,-0.02645201,0.0268653],"r":[270,9.659345E-06,0],"s":[0.1229603,0.05132174,0.06207383],"c":[1,1,1]}]}]}