{"n":"carmel bar","v":6,"a":[1,2],"p":[{"t":11,"t1":18,"s":[{"p":[0,0,0],"r":[0,0,-1.067217E-07],"s":[0.2215368,0.01143613,0.05978476],"c":[0.5555556,0.435626,0.3086419],"b":["when consumed then play apple bite","when consumed then destroy all parts"],"t1":{"c":[1,0.5682539,0.1111111],"x":0.17,"y":0.17,"a":0.8925,"m":0.5,"n":0.5,"r":0,"g":0,"o":0.5,"t":0.5,"e":0.5}}]}]}