{"v":6,"a":[31],"p":[{"b":3,"s":[{"p":[0,0,0],"r":[0,0,8.537735E-07],"s":[0.01116829,0.01116826,0.01116828],"c":[0.3333332,0,0.1142857]}]}]}