{"v":6,"a":[22],"p":[{"b":94,"t":2,"e":"Hello Builds","s":[{"p":[0.0008365668,-0.004953384,0.004448799],"r":[-1.001791E-05,-8.897694E-20,1.017778E-12],"s":[0.001000015,0.001000006,0.001000017],"c":[1,1,1]}]},{"t":1,"s":[{"p":[0.03215062,-0.01250243,0.02482208],"r":[270.0198,2.414837E-05,0],"s":[0.09059142,0.03871581,0.02562968],"c":[1,0.6857142,0]}]}]}