{"v":6,"p":[{"b":17,"s":[{"p":[0,0,0],"r":[-4.268868E-07,-1.590277E-15,4.268868E-07],"s":[0.0136413,0.01823334,0.01606118],"c":[0.9714286,1,0]}]},{"b":17,"s":[{"p":[-0.06066872,-0.01178276,-0.286151],"r":[18.98859,298.1725,4.580627],"s":[0.01364116,0.01823322,0.01606107],"c":[0.9714286,1,0]}]},{"b":17,"s":[{"p":[-0.2941625,-0.01786592,-0.1334001],"r":[20.39657,290.9812,7.853862],"s":[0.01364118,0.01823323,0.01606108],"c":[0.9714286,1,0]}]}]}