{"v":6,"a":[22],"p":[{"t":1,"s":[{"p":[0.03215062,-0.01250243,0.02482208],"r":[270.0198,2.414837E-05,0],"s":[0.09059142,0.03871581,0.02562968],"c":[1,0.6857142,0]}]},{"b":94,"t":2,"e":"Goodbye Builds","s":[{"p":[-0.007549903,-0.004105804,0.002083927],"r":[-2.035555E-13,-3.615872E-28,2.035555E-13],"s":[0.001000057,0.001000024,0.001000047],"c":[1,1,1]}]}]}