{"v":6,"p":[{"b":5,"s":[{"p":[-1.738636E-10,-3.230538E-05,-0.001956463],"r":[0,0,0],"s":[0.03568613,0.03569156,0.02976063],"c":[0.3333331,0.1714283,0]}]},{"b":5,"t1":23,"s":[{"p":[8.847474E-10,-9.542883E-05,0.01021576],"r":[1.001791E-05,-8.450077E-13,-7.387291E-20],"s":[0.03363705,0.03363957,0.04860187],"c":[1,0.952381,0.6666666],"b":["when touches hand then become 2 in 0.1s , then send one nearby to current"],"t1":{"c":[0.2222221,0.1142856,0],"x":0.435977,"y":0.6166046,"a":0.69625,"m":0.5660868,"n":0.8728819,"r":0,"g":0,"o":0.5,"t":0.5,"e":0.5}},{"p":[8.847474E-10,-9.542883E-05,0.01021576],"r":[1.001791E-05,-8.450077E-13,-7.387291E-20],"s":[0.03363705,0.03363957,0.02115315],"c":[1,0.952381,0.6666666],"b":["when starts then become 1 in 0.1s"],"t1":{"c":[0.2222221,0.1142856,0],"x":0.435977,"y":0.6166046,"a":0.69625,"m":0.5660868,"n":0.8728819,"r":0,"g":0,"o":0.5,"t":0.5,"e":0.5}}]},{"b":139,"e":"RELOAD","t1":23,"s":[{"p":[-0.0522536,-0.01787186,0.03044534],"r":[-1.001791E-05,180,180],"s":[0.002763225,0.002763378,0.002763333],"c":[0.222222,0.1142855,0],"t1":{"c":[0.2222221,0.1142856,0],"x":0.17,"y":0.17,"a":0.69625,"m":0.5,"n":0.5,"r":0,"g":0,"o":0.5,"t":0.5,"e":0.5}}]}]}