{"n":"eye cluster","v":6,"a":[22,48],"p":[{"t":7,"i":[{"t":"5b902977fec0620579294480","p":[-0.000194069,-0.02706623,0.08795357],"r":[270,270,0]},{"t":"5b902977fec0620579294480","p":[0.1068573,-0.05740355,0.000377655],"r":[270,-4.650389E-06,0]},{"t":"5b902977fec0620579294480","p":[-0.1207499,-0.0535784,0.002239227],"r":[270,-4.650389E-06,0]}],"s":[{"p":[0,0,0],"r":[0,0,0],"s":[0.03923653,0.05364992,0.02688194],"c":[0,0,0],"b":["when told by body hand touches face then become next in 0.01s"]},{"p":[0.001521111,0.04643059,-0.007160187],"r":[0,0,-6.830189E-06],"s":[0.03925191,0.05366563,0.0268963],"c":[1,1,1],"b":["when told by body hand touches face then become next in 0.01s"]}]}]}