{"v":6,"a":[31],"p":[{"b":9,"s":[{"p":[0,0,0],"r":[0,0,0],"s":[0.125,0.1250001,0.125],"c":[1,1,1]}]},{"b":9,"s":[{"p":[0.03409362,0.1228574,-0.0117096],"r":[7.298102,358.161,344.2093],"s":[0.02134352,0.0213436,0.02134356],"c":[0,0,0]}]},{"b":9,"s":[{"p":[-0.05889039,0.1067565,-0.01906834],"r":[6.773882,343.5093,312.5289],"s":[0.02134351,0.0213436,0.02134355],"c":[0,0,0]}]},{"b":14,"s":[{"p":[-0.01733207,0.112549,-0.05611896],"r":[5.490736,265.3677,12.88065],"s":[0.00261653,0.002616526,0.002616562],"c":[0,0,0]}]}]}