{"v":6,"p":[{"b":103,"t":2,"e":"YOU'RE NOT SUPPOSED TO BE DOWN HERE!","s":[{"p":[0,0,0],"r":[0,0,-1.067217E-07],"s":[0.01500755,0.01500751,0.01500753],"c":[1,0,0]}]}]}