{"v":6,"p":[{"s":[{"p":[0,0,0],"r":[0,0,0],"s":[0.2953686,0.1349281,0.417428],"c":[0.3086418,0.5555556,0.5343916]}]},{"b":10,"t":3,"a":[3],"s":[{"p":[-0.1757552,-0.01228932,0.205369],"r":[359.8885,357.9917,358.9373],"s":[0.07802899,0.07802902,0.07802902],"c":[0.3047618,0,0.6666667]}]},{"b":10,"t":3,"a":[3],"s":[{"p":[0.1782946,-0.01089817,0.2037851],"r":[359.0739,354.6637,10.39022],"s":[0.07802899,0.07802909,0.07802906],"c":[0.3047618,0,0.6666667]}]}]}