{"v":6,"p":[{"b":2,"t":1,"s":[{"p":[0,0,0],"r":[0,0,0],"s":[0.00879083,0.0009999997,0.04974398],"c":[0.8888889,0.8888889,0.8888889]}]},{"b":2,"s":[{"p":[-0.0001480578,0.0005832911,-0.02145416],"r":[0,0,0],"s":[0.01073475,0.008109223,0.00657183],"c":[0.4444443,0.3470898,0.2962962]}]},{"b":2,"s":[{"p":[-0.0001480578,0.0005832911,-0.03085023],"r":[0,0,0],"s":[0.003072135,0.002878993,0.01427023],"c":[0.4444443,0.3470898,0.2962962]}]}]}