{"v":6,"a":[21],"p":[{"b":15,"s":[{"p":[-0.01083014,-0.005905177,-0.05160712],"r":[5.880519,232.5738,36.61594],"s":[0.01190374,0.01190386,0.03627836],"c":[0.02469136,0.03597874,0.222222]}]},{"b":14,"s":[{"p":[-0.005482784,0.01100623,-0.007201072],"r":[339.8164,355.5622,354.0627],"s":[0.0187851,0.01878508,0.01878512],"c":[0.02469136,0.03597874,0.2222221]}]},{"b":15,"s":[{"p":[-0.02109791,0.02547528,0.03727765],"r":[351.1433,290.6687,114.046],"s":[0.01190371,0.01190392,0.03627839],"c":[0.02469136,0.03597874,0.222222]}]}]}