{"n":"fnt-foh","v":6,"a":[22,49],"p":[{"b":128,"a":[17,24],"e":"FOUNTAIN OF HEROES","s":[{"p":[0,0,0],"r":[0,0,0],"s":[0.02009523,0.02008539,0.02009532],"c":[0.5555556,1,0.7333333]}]}]}