{"v":6,"a":[2,3],"inc":[["thing","5b95688b85d0465245953359"],["thing 2","5b9568df2e70b826c29fec44"]],"p":[{"b":2,"s":[{"p":[0,0,0],"r":[0,0,0],"s":[0.1250001,0.1250002,0.4080731],"c":[1,1,1],"b":["when triggered then emit gravity-free thing 2 with 0.5"]}]},{"b":2,"s":[{"p":[-0.02661721,0.007580976,-0.4035348],"r":[2.397565,1.186689,4.001551],"s":[0.1250003,0.1250006,0.4080737],"c":[1,1,1]}]}]}