{"v":6,"p":[{"b":5,"t1":167,"t2":167,"s":[{"p":[-0.00383699,0.002871991,0],"r":[1.001791E-05,-1.001791E-05,180],"s":[0.06682957,0.06507109,0.008648924],"c":[1,0,0],"t1":{"c":[1,0,0],"a":0.7712239},"t2":{"c":[0.1142856,1,0],"a":0.4650948}}]}]}