{"n":"long wall","v":6,"a":[7],"p":[{"s":[{"p":[0,0,0],"r":[0,0,0],"s":[39.07135,0.7417147,0.175543],"c":[1,1,1]}]}]}