{"v":6,"a":[1],"p":[{"b":4,"t":2,"a":[37,29],"im":"918045702343221449/E3E90D4FF5E25F8F0E651FA7AD0322023D8D810B/","s":[{"p":[0,0,0],"r":[0,0,0],"s":[0.1250005,0.1250002,0.1250008],"c":[1,1,1]}]}]}