{"v":6,"a":[22],"p":[{"t":1,"s":[{"p":[0,0,0],"r":[0,0,0],"s":[0.1272241,0.252976,0.1510943],"c":[0.4444443,0.4444443,0.4444443]}]}]}