{"n":"floor","v":6,"a":[7],"p":[{"s":[{"p":[0,0,0],"r":[0,0,0],"s":[14.78307,0.07894574,39.19236],"c":[1,1,1]}]}]}