{"v":6,"p":[{"a":[1,4],"s":[{"p":[0,0,0],"r":[0,0,0],"s":[1.816746,0.2937823,1.478952],"c":[1,1,1]}]}]}