{"v":6,"a":[5,31],"p":[{"b":10,"s":[{"p":[0,0,0],"r":[0,0,0],"s":[0.05101345,0.05101345,0.05101345],"c":[0,0,0],"b":["when someone new in vicinity then tell any newboi"]},{"p":[0,0,0],"r":[0,0,0],"s":[0.1250001,0.1250001,0.1250001],"c":[1,1,1]}]}]}