{"v":6,"a":[7,18],"p":[{"s":[{"p":[0,0,0],"r":[0,0,0],"s":[1659.599,0.1750007,2500],"c":[0.3386242,0.4444443,0.2962962]}]}]}