{"v":6,"a":[7,18],"p":[{"b":5,"t":2,"a":[3],"id":"5ab80dd23dc4392060d21c8e","s":[{"p":[0,0,0],"r":[0,0,0],"s":[0.01248741,0.01248852,0.01248834],"c":[0.6476188,0,0.6666667]}]},{"b":5,"t":2,"a":[3],"ac":{"id":"5ab80dd23dc4392060d21c8e","c":4,"w":20},"s":[{"p":[0.2694321,0.3791819,0],"r":[-1.162597E-06,-1.162598E-06,270],"s":[0.01249333,0.01249606,0.01249491],"c":[0.6476188,0,0.6666667]}]}]}