{"v":6,"a":[7,36,37],"p":[{"b":2,"t1":94,"s":[{"p":[0,0,0],"r":[0,0,0],"s":[3.125822,3.165964,0.9554985],"c":[0.8888889,0.952381,1],"t1":{"c":[0,1,0.7428571],"x":0.5,"y":0.5,"a":0.8925,"m":0,"n":0,"r":0,"g":0,"o":0.5,"t":0.5,"e":0.5}}]}]}