{"v":6,"p":[{"b":75,"s":[{"p":[0,0,0],"r":[0,0,0],"s":[0.1543209,0.2730696,0.2892618],"c":[0,0,0]}]},{"b":18,"t":2,"e":"LOST&FOUND","s":[{"p":[-0.2906669,0.3254007,0.07221445],"r":[13.54716,86.30822,357.127],"s":[0.003000002,0.002999999,0.003000003],"c":[0.8,0,1]}]}]}