{"v":6,"p":[{"b":202,"s":[{"p":[0,0,0],"r":[0,0,0],"s":[0.02681185,0.06634066,0.02175779],"c":[1,1,1]}]}]}