{"v":6,"p":[{"s":[{"p":[-0.05354383,-0.01482552,0.336825],"r":[9.915013,3.595842,359.892],"s":[0.03831692,0.8543239,3.401061],"c":[1,1,1]}]},{"b":10,"s":[{"p":[0.4124067,-0.3394308,2.936552],"r":[296.9716,14.18699,8.690934],"s":[0.0973959,1.579301,2.806212],"c":[0.5555556,0.4585538,0.2469135]}]}]}