{"v":6,"p":[{"b":14,"s":[{"p":[0,0,0],"r":[0,0,0],"s":[0.05999999,0.05999999,0.05999998],"c":[1,1,1]}]}]}