{"v":6,"p":[{"b":9,"s":[{"p":[0,0,0],"r":[0,0,1.494104E-06],"s":[0.1250002,0.1250002,0.1250001],"c":[1,0,0.3428572]}]}]}