{"v":6,"a":[36,37],"p":[{"s":[{"p":[0,0,0],"r":[0,0,0],"s":[2.435128,6.036004,0.6158657],"c":[1,1,1]}]}]}