{"n":"board","v":6,"a":[49,50],"p":[{"i":[{"t":"5b958343e20b6d52465aea3f","p":[-0.05534863,-0.1158628,0.003034651],"r":[0,0,1.024528E-05]},{"t":"5b9580cf7473da380c7e97d4","p":[-0.1474046,0.0167719,-0.00744845],"r":[7.102701,79.52645,265.3539]},{"t":"5b9580f583ae3d525154c289","p":[0.1313459,-0.002625044,-0.006569484],"r":[85.76654,90.508,269.5393]}],"s":[{"p":[0,0,0],"r":[0,0,0],"s":[0.1750278,0.001000078,0.1750196],"c":[0,0,0]}]}]}