{"n":"aliendash","v":6,"a":[36],"p":[{"b":4,"t":7,"a":[3],"pr":52,"t1":167,"s":[{"p":[0,0,0],"r":[0,0,0],"s":[0.1734386,0.1734384,0.1734383],"c":[0.5555556,0.8857141,1],"t1":{"c":[0,0,0],"a":0.75},"pr":{"c":[0,0.7428566,1],"m":0.25,"a":1,"s":0.15,"z":1,"g":0.5,"h":0.25}}]}]}