{"n":"basefloor","v":6,"a":[37],"p":[{"s":[{"p":[0,0,0],"r":[0,0,0],"s":[0.1466876,10.26831,10.52705],"c":[1,1,1]}]}]}