{"v":6,"a":[7,13,18],"p":[{"s":[{"p":[0,0,0],"r":[0,0,0],"s":[1.722293,0.024753,1.370431],"c":[0.4444443,0.4444443,0.4444443]}]},{"b":2,"s":[{"p":[-0.07421875,2.457369,-0.004440743],"r":[270,5.757419E-13,0],"s":[0.9764771,0.748508,0.3810087],"c":[0.4444443,0.4444443,0.4444443]}]}]}