{"v":6,"p":[{"b":139,"e":"PROFESSOR UMBRIDGE","s":[{"p":[0,0,0],"r":[0,0,0],"s":[0.003000011,0.003,0.003000011],"c":[1,1,1]}]}]}