{"v":6,"p":[{"b":4,"s":[{"p":[0.01978507,0.1337864,-0.003395841],"r":[299.5244,6.087016,13.30934],"s":[0.1250011,0.1250012,0.1867316],"c":[0,0.5555556,0.2222221]}]},{"b":59,"s":[{"p":[0.00751245,-0.06298082,-0.1122247],"r":[299.7177,11.53243,74.82538],"s":[0.0968273,0.1250009,0.1250012],"c":[1,1,1]}]}]}