{"v":6,"a":[22],"p":[{"b":200,"s":[{"p":[0,0,0],"r":[0,0,0],"s":[0.07759753,0.003431855,0.1356198],"c":[1,1,1]}]},{"b":5,"s":[{"p":[-0.005025863,-0.006827355,-0.005980491],"r":[270,5.757419E-13,0],"s":[0.08772829,0.1716733,0.01706872],"c":[1,1,1]}]}]}