{"v":6,"p":[{"b":64,"t":3,"s":[{"p":[0,0,0],"r":[0,0,0],"s":[0.5938317,3.290443,0.5143089],"c":[1,1,1]}]}]}