{"v":6,"a":[7,18],"p":[{"b":13,"s":[{"p":[0,0,0],"r":[0,0,0],"s":[0.2199662,0.01638024,0.129208],"c":[0.7777778,0.7777778,0.7777778]}]},{"a":[32],"s":[{"p":[-0.001181456,-0.5241237,-0.002025604],"r":[292.5,270,90],"s":[0.02565927,0.02803097,1.169436],"c":[0,0,0]}]},{"a":[32],"s":[{"p":[-0.1982257,-1.002631,-0.002025098],"r":[1.001791E-05,0,0],"s":[0.02567902,0.02803366,0.2336171],"c":[0,0,0]}]}]}