{"v":6,"a":[22],"p":[{"s":[{"p":[0,0,0],"r":[0,0,0],"s":[0.1517655,0.03405314,0.004575317],"c":[1,1,1]}]},{"s":[{"p":[0.0004449191,0.002701045,0.01217109],"r":[45,180,180],"s":[0.1517669,0.03405267,0.004777228],"c":[1,1,1]}]},{"b":91,"t":2,"a":[19],"e":"FOR THE BIRTHDAY BOY\n- SPIKETICKETT","s":[{"p":[0.0006203324,-0.00112536,0.02408475],"r":[45,180,180],"s":[0.001000064,0.001000019,0.001000099],"c":[0,0,0]}]}]}