{"v":6,"a":[2,3],"p":[{"b":5,"t":1,"s":[{"p":[0,0,0],"r":[0,0,0],"s":[0.01174607,0.01234123,0.1000033],"c":[0.5555556,0.5555556,0.5555556],"b":["when triggered then tell any ree","when triggered then play button click"]}]},{"b":5,"t":9,"s":[{"p":[-1.192093E-07,-1.229346E-07,0.04112292],"r":[0,0,0],"s":[0.008917731,0.009192585,0.02571671],"c":[1,0,0]}]}]}