{"n":"1ground","v":6,"a":[1,13,20,30],"p":[{"b":5,"t1":43,"s":[{"p":[0,0,0],"r":[0,0,0],"s":[17.77565,14.12327,8.312235],"c":[0.444427,0.5723383,0.2798529],"t1":{"c":[0.7777778,0.7777778,0.7777778],"x":0.5,"y":0.5,"a":0.8925,"m":0,"n":0,"r":0,"g":0,"o":0.5,"t":0.5,"e":0.5}}]}]}