{"n":"portal to areas of the land of ooo","v":6,"p":[{"b":153,"s":[{"p":[0.0189814,0.06893936,-0.1889299],"r":[356.3459,247.3439,71.80561],"s":[0.04000005,0.008528036,0.00844909],"c":[1,0,0.8571426],"b":["when touches hand then send one nearby to the candy kingdom"]}]},{"b":126,"e":"TO THE CANDY KINGDOM","s":[{"p":[-0.3652013,0.1276814,-0.2421335],"r":[66.53596,175.2765,197.0189],"s":[0.006827744,0.006827727,0.006827755],"c":[1,0,0.8571426]}]}]}