{"n":"water","v":6,"a":[1,7,18],"p":[{"a":[12],"s":[{"p":[0,0,0],"r":[0,0,0],"s":[1.816967,1.859532,0.001],"c":[1,1,1]}]}]}