{"v":6,"a":[6,49],"p":[{"s":[{"p":[0,0,0],"r":[0,0,0],"s":[1.493991,0.5632515,1.00615],"c":[1,1,1]}]},{"s":[{"p":[0.4967121,0.2281183,0.09078944],"r":[356.5026,357.0491,355.3349],"s":[0.296222,0.1750006,0.1750005],"c":[1,1,1]}]},{"s":[{"p":[0.5536354,0.2163972,-0.2528492],"r":[355.0855,356.432,2.146669],"s":[0.2962222,0.1750004,0.1750005],"c":[1,1,1]}]},{"s":[{"p":[-0.3629758,0.2352212,0.23623],"r":[358.206,0.0875096,2.239082],"s":[0.296222,0.1750004,0.1750006],"c":[1,1,1]}]}]}