{"v":6,"a":[22],"p":[{"b":20,"e":"FireIce","s":[{"p":[0,0,0],"r":[0,0,0],"s":[0.002224932,0.002224307,0.002224882],"c":[0,0,0]}]}]}