{"v":6,"a":[2,7],"p":[{"b":180,"t":9,"s":[{"p":[0,0,0],"r":[0,0,0],"s":[0.1250047,0.1250009,0.1555442],"c":[1,0,0],"b":["when touches hand then become 2"]},{"p":[0,0,0],"r":[0,0,0],"s":[0.1250047,0.1250009,0.1555442],"c":[1,0,0]}]},{"b":184,"t":9,"s":[{"p":[0.002637863,-0.0063207,-0.1676269],"r":[90,-5.757418E-13,0],"s":[0.01019901,0.01019631,0.01019747],"c":[1,0,0]}]},{"b":37,"t":9,"s":[{"p":[0.0639701,-0.003867567,-0.419385],"r":[-6.171555E-06,270,-1.162596E-06],"s":[0.5005254,0.125005,0.1320071],"c":[1,1,1]}]}]}