{"v":6,"a":[7,12],"p":[{"b":189,"t":1,"s":[{"p":[0,0,0],"r":[0,0,0],"s":[0.03747107,0.03748397,0.03746155],"c":[0.05079354,0.4444443,0]}]},{"b":200,"t":1,"s":[{"p":[-0.0002479563,-0.009037973,-0.001020312],"r":[-1.001791E-05,4.37897E-13,180],"s":[0.03869889,0.01085795,0.0387008],"c":[0.05079354,0.4444443,0]}]},{"b":173,"t":2,"pr":20,"t1":112,"s":[{"p":[-0.001499176,0.002835274,0.001430273],"r":[-5.008957E-06,270,180],"s":[0.02702062,0.00931596,0.02701814],"c":[0.8888889,0.5051146,0.09876534],"t1":{"c":[0.5555556,0,0],"x":0.2611504,"y":0.2698364,"a":0.8925,"m":0,"n":0,"r":0,"g":0,"o":0.5,"t":0.5,"e":0.5},"pr":{"c":[0.5555556,0.5167549,0.4320987],"m":0.1471214,"a":0.1116047,"s":0,"z":0.2088928,"g":0.5,"h":0.5}}]}]}