{"v":6,"a":[2,3],"inc":[["thing","5ba29d564c5b8f71afb58ca2"],["thing 2","5ba29e90e9dd3f04ab225a69"]],"p":[{"b":5,"pr":17,"s":[{"p":[0,0,0],"r":[0,0,0],"s":[0.02734539,0.01907802,0.9387665],"c":[0.1142857,0,1],"pr":{"c":[0,0.7428566,1],"m":0.25,"a":0.25,"s":0.15,"z":0.25,"g":0.5,"h":0.25}}]},{"b":9,"s":[{"p":[-6.805919E-05,-0.002774835,0.3840513],"r":[5.509917,343.6728,322.5805],"s":[0.1250003,0.1250001,0.1250002],"c":[0,0.7428569,1]}]},{"b":4,"s":[{"p":[-0.2408348,-0.1769528,0.3657605],"r":[31.32791,268.5652,261.7153],"s":[0.04068752,0.001000001,0.1250007],"c":[0,0.7428569,1],"b":["when triggered then emit gravity-free thing 2 with 33"]}]}]}