{"v":7,"a":[7],"p":[{"t":1,"a":[1,4,27],"t1":23,"s":[{"p":[0,0,0],"r":[0,0,0],"s":[21.57459,0.2492687,19.77576],"c":[0,0,0],"b":["when starts then become next in 10s"],"t1":{"c":[0.1142856,1,0],"x":0.17,"y":0.17,"a":0.69625,"m":0.5,"n":0.5,"r":0,"g":0,"o":0,"t":0.5,"e":1}},{"p":[0,0,0],"r":[0,0,0],"s":[21.57459,0.2492687,19.77576],"c":[0,0,0],"b":["when starts then become next in 10s"],"t1":{"c":[0.1142856,1,0],"x":0.17,"y":0.17,"a":0.69625,"m":0.5,"n":0.5,"r":1,"g":0,"o":1,"t":0.7162547,"e":1}}]}]}