{"v":7,"a":[1,2,3],"p":[{"b":192,"t":2,"s":[{"p":[0,0,0],"r":[0,0,-5.502837E-08],"s":[0.005250263,0.08125728,0.003626522],"c":[0.2222221,0.2081127,0.1234567]}]},{"b":192,"t":2,"s":[{"p":[9.114947E-05,0.04547726,0.0008197856],"r":[357.1761,7.1146,359.7388],"s":[0.005250265,0.01199599,0.00362652],"c":[0.2222221,0.2081127,0.1234567],"b":["when triggered then become 2 in 0.5s"]},{"p":[0.0001551553,0.04536347,0.00052062],"r":[357.6878,359.9601,355.7645],"s":[0.005250259,0.01199597,0.003626522],"c":[1,0.9047619,0.3333332],"b":["when triggered then become 1 in 0.5s"]}]}]}