{"v":7,"a":[2,3,6,7],"p":[{"s":[{"p":[0,0,0],"r":[0,0,0],"s":[0.4297186,0.4460522,0.8184909],"c":[0.5555556,0.5291005,0.3703702]}]},{"t":1,"i":[{"t":"5ba6969853dd30498f88e75b","p":[0.0004730419,-0.0003527139,0.443254],"r":[348.1917,260.7444,250.7052]}],"s":[{"p":[-5.066395E-07,-5.960464E-07,0.812499],"r":[1.811128E-06,1.630015E-05,270],"s":[0.01952876,0.0218036,0.7923243],"c":[0.6666667,0.6666667,0.6666667]}]},{"t":9,"t1":90,"s":[{"p":[2.123415E-07,9.536743E-07,0.5518417],"r":[0,0,-1.024528E-05],"s":[0.142478,0.1588155,0.286202],"c":[0.185185,0.333333,0.5555556],"t1":{"c":[1,1,1],"x":0.4952493,"y":0.4978228,"a":0.8925,"m":0.0991354,"n":0.09416771,"r":0,"g":0,"o":0.5,"t":0.5,"e":0.5}}]},{"t":1,"s":[{"p":[-1.41561E-07,2.384186E-07,1.103645],"r":[1.811128E-06,1.630015E-05,270],"s":[0.007098248,0.007098247,0.6655737],"c":[0.6666667,0.6666667,0.6666667]}]}]}