{"v":7,"a":[7],"p":[{"b":5,"a":[12,17],"pr":34,"s":[{"p":[0,0,0],"r":[0,0,1.600825E-06],"s":[0.00674291,0.006742954,0.1222993],"c":[1,1,1],"pr":{"c":[0,0.9142855,1],"m":0.3148984,"a":1,"s":0,"z":0.1419973,"g":0.5,"h":0.6243629}}]}]}