{"v":7,"p":[{"b":5,"s":[{"p":[0,0,0],"r":[0,0,0],"s":[8.846939,9.976645,0.1000176],"c":[0.1728393,0.5555556,0.1234567]}]},{"b":173,"s":[{"p":[-1.121251,-2.828447,-0.7793205],"r":[57.67808,241.6292,231.5719],"s":[0.08635835,0.1205805,0.07808713],"c":[0.3111109,1,0.2222221]}]}]}