{"v":7,"a":[48],"p":[{"b":5,"a":[5],"s":[{"p":[0,0,0],"r":[0,0,0],"s":[0.095006,0.09969684,0.02820512],"c":[1,1,1]}]}]}