{"v":7,"a":[7],"p":[{"t1":4,"s":[{"p":[0,0,0],"r":[0,0,0],"s":[177.0598,0.1982906,469.1119],"c":[0.05079354,0.4444443,0],"t1":{"c":[0.08888879,0.7777778,0],"x":0.01331067,"y":0.004782795,"a":0.69625,"m":0.5,"n":0.5,"r":0,"g":0,"o":0.5,"t":0.5,"e":0.5}}]}]}