{"v":7,"a":[2,15],"p":[{"b":10,"s":[{"p":[0,0,0],"r":[0,0,-1.707547E-06],"s":[0.1250004,0.1250003,0.1250004],"c":[1,1,1]}]}]}