{"v":7,"p":[{"b":121,"e":"YEET","s":[{"p":[0,0,0],"r":[0,0,2.134434E-07],"s":[0.003000001,0.003000001,0.003000001],"c":[1,1,1]}]}]}