{"v":7,"a":[7,18],"p":[{"t":19,"s":[{"p":[0,0,0],"r":[0,0,0],"s":[0.1750618,7.323234,2.752149],"c":[0,0,0]}]}]}