{"n":"wand top","v":7,"a":[7,18,31],"p":[{"b":17,"s":[{"p":[-0.001000405,8.336387E-14,-0.0009999274],"r":[0,0,0],"s":[0.005719175,0.007413422,0.00571822],"c":[0.111111,0.09911797,0.08641959]}]},{"b":202,"s":[{"p":[-0.001217846,-0.02217752,-0.001202341],"r":[-2.442666E-12,270,2.003583E-05],"s":[0.002419115,0.02895729,0.002417627],"c":[0.2222217,0.1989413,0.1481478]}]},{"b":182,"s":[{"p":[-0.000431055,0.03387672,-0.0009288788],"r":[1.001791E-05,0,0],"s":[0.001690521,0.03454971,0.001690448],"c":[0.2222217,0.1989413,0.1481478]}]}]}