{"v":7,"a":[49],"tp_lr": [1,0,0],"p":[{"b":9,"s":[{"p":[0,0,0],"r":[0,0,0],"s":[0.1250003,0.1250002,0.1250004],"c":[1,1,1]}]},{"s":[{"p":[-0.0552229,0.2972401,-0.2255521],"r":[41.28834,301.0746,252.2016],"s":[0.1750002,0.1750001,0.1750001],"c":[1,1,1]}]}]}