{"v":7,"a":[21],"p":[{"b":14,"s":[{"p":[0,0,0],"r":[0,0,-8.537735E-07],"s":[0.06000012,0.06000021,0.06000014],"c":[1,1,1]}]},{"b":14,"s":[{"p":[-0.2836118,0.999725,-0.4431942],"r":[332.3181,292.5376,160.2757],"s":[0.06000002,0.06000005,0.06000006],"c":[0.2666665,0.3333332,0]}]},{"b":9,"s":[{"p":[-0.3623963,1.079591,-0.4244854],"r":[316.0147,250.1849,188.9644],"s":[0.125,0.125,0.125],"c":[0,1,0.2285714]}]}]}