{"v":7,"a":[27],"p":[{"i":[{"t":"5bb0f1e178e7916cbb38d12a","p":[-0.008581012,-0.002876877,0.03903332],"r":[3.413149,355.8087,1.918009]},{"t":"5b808fb87c173a4914ad9f96","p":[0.001840383,-0.002586309,-0.2163359],"r":[355.4674,182.2902,274.0314]}],"s":[{"p":[0,0,0],"r":[0,0,0],"s":[0.04705489,0.001,0.05208491],"c":[1,1,1]}]}]}