{"v":7,"a":[5,7,18,48],"p":[{"s":[{"p":[0,0,0],"r":[0,0,0],"s":[1.607225,0.01538971,3.876025],"c":[1,1,1]}]}]}