{"v":7,"a":[7,18],"p":[{"b":38,"t":1,"s":[{"p":[0,0,0],"r":[0,0,0],"s":[1.800015,0.05791619,0.05649877],"c":[0.3333331,0.3333331,0.3333331]}]}]}