{"v":7,"a":[5,7],"p":[{"b":77,"t":9,"a":[3],"s":[{"p":[0,0,0],"r":[0,0,0],"s":[0.05582055,0.009945606,0.05582055],"c":[1,1,1]}]},{"b":3,"s":[{"p":[0.005310059,0.001049041,-0.001766204],"r":[-2.035555E-12,89.99999,-1.001791E-05],"s":[0.05575463,0.009601894,0.05028372],"c":[0.7753087,0.7777778,0.691358]}]}]}