{"v":7,"a":[7,18],"p":[{"t1":66,"s":[{"p":[2.535842E-08,-0.1856991,-0.6614647],"r":[-1.001791E-05,1.628444E-12,-1.423631E-19],"s":[1.733514,0.747031,0.4366235],"c":[0.3333331,0.1481479,0.1481479],"t1":{"c":[0.6666667,0.6666667,0.6666667],"x":0.7143383,"y":0.7363386,"a":0.8925,"m":0,"n":0,"r":0,"g":0,"o":0.5,"t":0.5,"e":0.5}}]},{"t1":66,"s":[{"p":[3.055178E-08,-0.3718626,-1.093197],"r":[-3.763252E-13,3.289939E-20,-1.001791E-05],"s":[1.733993,0.7470454,0.436747],"c":[0.3333331,0.1481479,0.1481479],"t1":{"c":[0.6666667,0.6666667,0.6666667],"x":0.7143383,"y":0.7363386,"a":0.8925,"m":0,"n":0,"r":0,"g":0,"o":0.5,"t":0.5,"e":0.5}}]},{"t1":66,"s":[{"p":[2.530362E-08,-0.5315382,-1.352516],"r":[-1.001791E-05,1.628444E-12,-1.423631E-19],"s":[2.684836,0.7470707,0.9548255],"c":[0.3333331,0.1481479,0.1481479],"t1":{"c":[0.6666667,0.6666667,0.6666667],"x":0.6877193,"y":0.7075281,"a":0.8925,"m":0,"n":0,"r":0,"g":0,"o":0.5,"t":0.5,"e":0.5}}]},{"t1":66,"s":[{"p":[-2.980232E-08,0,0.2111512],"r":[0,0,0],"s":[2.125431,0.7470211,1.312932],"c":[0.3333331,0.1481479,0.1481479],"t1":{"c":[0.6666667,0.6666667,0.6666667],"x":0.7017345,"y":0.6865091,"a":0.8925,"m":0,"n":0,"r":0,"g":0,"o":0.5,"t":0.5,"e":0.5}}]}]}