{"v":7,"a":[1,7,18],"p":[{"t1":18,"s":[{"p":[-0.4107781,-0.01098534,-0.01531988],"r":[90,90,0],"s":[0.06105663,0.04366897,0.5311285],"c":[0.222222,0.1523807,0],"t1":{"c":[0.5555556,0.4003527,0.06172834],"x":0.122282,"y":0.1620273,"a":0.3092099,"m":0.5,"n":0.5,"r":0,"g":0,"o":0.5,"t":0.8721066,"e":0.5}}]},{"t1":18,"s":[{"p":[0.4139825,-0.01098541,-0.01531976],"r":[90,90,0],"s":[0.06105756,0.04367461,0.5311899],"c":[0.222222,0.1523807,0],"t1":{"c":[0.5555556,0.4003527,0.06172834],"x":0.122282,"y":0.1620273,"a":0.3092099,"m":0.5,"n":0.5,"r":0,"g":0,"o":0.5,"t":0.8721066,"e":0.5}}]},{"t1":18,"s":[{"p":[-0.001895929,-0.2573901,-0.01531987],"r":[-1.502687E-05,270,180],"s":[0.0610778,0.03842591,0.7931376],"c":[0.222222,0.1523808,0],"t1":{"c":[0.5555556,0.4003527,0.06172834],"x":0.122282,"y":0.1620273,"a":0.3092099,"m":0.5,"n":0.5,"r":0,"g":0,"o":0.5,"t":0.8721066,"e":0.5}}]},{"t1":18,"s":[{"p":[-0.001895886,0.2344313,-0.01531979],"r":[-1.502687E-05,270,180],"s":[0.06108106,0.03725474,0.7931665],"c":[0.222222,0.1523808,0],"t1":{"c":[0.5555556,0.4003527,0.06172834],"x":0.122282,"y":0.1620273,"a":0.3092099,"m":0.5,"n":0.5,"r":0,"g":0,"o":0.5,"t":0.8721066,"e":0.5}}]}]}