{"v":7,"a":[15],"p":[{"b":5,"t":1,"s":[{"p":[3.762534E-09,0.04303837,0],"r":[90,89.99999,0],"s":[0.02339646,0.02339681,0.009943647],"c":[0.4444443,0.4444443,0.4444443]}]},{"b":203,"t":7,"a":[23],"s":[{"p":[9.729612E-11,0.001112938,0],"r":[-1.001791E-05,8.757937E-13,-7.656432E-20],"s":[0.04240785,0.02796653,0.04240368],"c":[0.6666667,0.6666667,0.6666667]}]},{"b":203,"t":2,"s":[{"p":[9.729612E-11,0.001112938,0],"r":[-1.001791E-05,8.757937E-13,-7.656432E-20],"s":[0.03974251,0.02503306,0.03973859],"c":[0.6825397,1,0.5555556]}]}]}