{"v":7,"a":[2,3],"inc":[["tsunamispell","5a81ff11d1d334e90f774c9c"]],"p":[{"b":5,"s":[{"p":[0.004358459,-0.06121637,-0.02202359],"r":[274.0833,193.1593,102.523],"s":[0.03955688,0.03785269,0.1000001],"c":[0.5185186,0.552381,0.6666667],"b":["when touched then emit tsunamispell with 10%"]}]},{"s":[{"p":[0.009409444,-0.04990645,-0.02749544],"r":[355.395,352.844,3.932343],"s":[0.1750005,0.09483736,0.175001],"c":[0.5925926,0.6603174,0.8888889]}]},{"s":[{"p":[0.1522513,-0.01601061,-0.06609183],"r":[359.1526,174.5692,86.8231],"s":[0.01891072,0.1514132,0.0262463],"c":[0.5925926,0.6603174,0.8888889]}]},{"s":[{"p":[-0.1258653,-0.03539122,-0.1063646],"r":[4.586988,170.2123,85.79305],"s":[0.01891072,0.1514132,0.02624631],"c":[0.5925926,0.6603174,0.8888889]}]}]}