{"v":7,"p":[{"s":[{"p":[0,0,0],"r":[0,0,0],"s":[0.1750001,0.1750001,0.1750001],"c":[0.2857141,0,1]}]},{"b":5,"s":[{"p":[-0.00150739,0.06831083,-0.01633217],"r":[89.10256,237.0464,275.246],"s":[0.03075821,0.03340632,0.1000002],"c":[1,0,0.3428572],"b":["when touched then send nearby to previous"]}]}]}