{"n":"floatr","v":7,"a":[7,18,31],"p":[{"i":[{"t":"5bb506ece2520e057dc24295","p":[0.009520937,-0.06426944,0.018144],"r":[38.36223,29.41806,301.841]}],"s":[{"p":[0,0,0],"r":[0,0,0],"s":[0.09332505,0.0933266,0.09332643],"c":[1,1,1],"b":["when starts then become next in 1.36"]},{"p":[0,-3.72529E-09,0.02411771],"r":[0,0,0],"s":[0.09332494,0.09332932,0.09332869],"c":[1,1,1],"b":["when starts then become next in 1.36"]}]}]}