{"n":"liddleland floor","v":7,"a":[7,18,20,45],"p":[{"s":[{"p":[0,0,0],"r":[0,0,-7.656432E-20],"s":[2056.752,0.1750008,2500],"c":[0.3333332,0.2518517,0.07407398]}]}]}