{"n":"minecraft","v":7,"a":[21,51],"p":[{"t":2,"a":[29],"im":"938329658124484033/E5811D27FAA60D8C6D8C767DD74BABEDE52525C6/","s":[{"p":[0,0,0],"r":[-4.268868E-07,-4.770832E-15,1.280661E-06],"s":[0.4592198,0.4592194,0.2296099],"c":[1,1,1]}]}]}