{"v":7,"a":[5,7,18],"p":[{"b":136,"t":2,"e":"TAKE A DIP\nTHE WATER'S FINE...","s":[{"p":[-0.2135926,0.002471976,0.06919194],"r":[90,-1.001791E-05,0],"s":[0.004458949,0.00445837,0.004459307],"c":[0.5555556,0,0]}]},{"s":[{"p":[0.02774049,-7.27545E-09,0],"r":[0,0,-1.502687E-05],"s":[0.5591683,0.001811179,0.2353974],"c":[1,0.984127,0.8888889]}]}]}