{"v":7,"a":[5,7,18],"p":[{"b":5,"t":11,"s":[{"p":[0,0,0],"r":[0,0,0],"s":[0.02208273,0.02208028,1.958069],"c":[0.7777778,0.7777778,0.7777778]}]}]}