{"v":7,"a":[5,13,48],"p":[{"b":13,"s":[{"p":[-0.3470848,-0.204333,0.06752555],"r":[349.1092,2.840944,339.5582],"s":[0.3340713,0.06758799,0.08665851],"c":[1,1,1]}]},{"b":13,"s":[{"p":[0.7191752,1.282691,-0.2718447],"r":[349.1093,2.84094,69.55824],"s":[1.010447,0.07001555,0.1071035],"c":[1,1,1]}]}]}