{"v":7,"a":[7,18],"p":[{"t1":96,"s":[{"p":[0,0,0],"r":[0,0,0],"s":[0.8024991,0.001,2.163321],"c":[0.3333329,0,0],"t1":{"c":[1,1,1],"x":0.5,"y":0.5,"a":0.8925,"m":0,"n":0,"r":0,"g":0,"o":0.5,"t":0.5,"e":0.5}}]}]}