{"v":7,"a":[7,18],"p":[{"s":[{"p":[0,0,0],"r":[0,0,0],"s":[1.313985,0.001,0.4725623],"c":[0.3333331,0,0]}]}]}