{"v":7,"p":[{"s":[{"p":[-0.7836056,0.01001256,-1.381491],"r":[5.583223,321.915,352.8399],"s":[1.695071,0.1720263,1.657182],"c":[1,0.6222221,0.2222221]}]},{"s":[{"p":[-0.03927625,-0.02016452,-0.01992236],"r":[2.199114,355.65,4.045938],"s":[0.746951,0.1957466,1.041139],"c":[1,0.6222221,0.2222221]}]},{"s":[{"p":[0.5029097,0.0631086,-1.295892],"r":[358.136,176.0411,353.1237],"s":[1.518032,0.1750002,1.445855],"c":[1,0.6222221,0.2222221]}]},{"s":[{"p":[0.4600023,0.06259923,-0.2128763],"r":[359.1614,6.480559,6.445843],"s":[1.815763,0.195747,1.534849],"c":[1,0.6222221,0.2222221]}]}]}