{"v":7,"p":[{"b":9,"s":[{"p":[0,0,0],"r":[1.707547E-06,6.36111E-14,4.268868E-06],"s":[0.1250001,0.1250002,0.1250001],"c":[1,1,1]}]}]}