{"v":7,"a":[7,13,18],"p":[{"s":[{"p":[2.106893,1.421085E-14,-1.192093E-07],"r":[0,0,0],"s":[0.2824479,0.008934904,2.569442],"c":[1,1,1]}]},{"s":[{"p":[1.516355,-1.192093E-07,1.083133],"r":[0,270,180],"s":[0.3084098,0.01255816,0.9015607],"c":[1,1,1]}]}]}