{"v":7,"a":[7,18],"p":[{"id":"5bb92ceb3dc4391b601a6542","t1":66,"s":[{"p":[0,0,0],"r":[0,0,0],"s":[0.4757763,0.3298766,1.798692],"c":[0.3333332,0.3333332,0.3333332],"t1":{"c":[0.5555556,0.5555556,0.5555556],"x":0.7281971,"y":0.7162323,"a":0.8925,"m":0.01331711,"n":0.001810074,"r":0,"g":0,"o":0.5,"t":0.5,"e":0.5}}]},{"t1":66,"ac":{"id":"5bb92ceb3dc4391b601a6542","c":15},"s":[{"p":[0.4726563,-0.3266945,0],"r":[0,1.001791E-05,0],"s":[0.4757923,0.3298863,1.798727],"c":[0.3333332,0.3333332,0.3333332],"t1":{"c":[0.5555556,0.5555556,0.5555556],"x":0.7281971,"y":0.7162323,"a":0.8925,"m":0.01331711,"n":0.001810074,"r":0,"g":0,"o":0.5,"t":0.5,"e":0.5}}]}]}