{"v":7,"p":[{"b":166,"s":[{"p":[-0.3015765,-0.05743976,-0.1051174],"r":[37.65882,312.8669,349.559],"s":[0.07553054,0.02468747,0.08893006],"c":[0.3333332,0.3714281,1]}]},{"b":166,"s":[{"p":[-0.2521673,-0.2472484,-0.09799087],"r":[358.6668,330.2825,6.42788],"s":[0.07553067,0.03525537,0.1097714],"c":[0.3333332,0.3714281,1]}]},{"b":170,"s":[{"p":[-0.2184782,-0.3851135,-0.164935],"r":[350.2326,92.92345,346.9554],"s":[0.02440156,0.0450001,0.02891599],"c":[0,0,0]}]}]}