{"v":7,"a":[7],"p":[{"s":[{"p":[0,0,0],"r":[0,0,0],"s":[7.35124,0.001691143,0.06424939],"c":[1,1,1]}]}]}