{"v":7,"a":[48],"p":[{"s":[{"p":[0,0,0],"r":[0,0,2.668043E-08],"s":[0.175,0.175,0.1750001],"c":[1,1,1],"b":["when starts then play owl with 300, become next in 10s"]},{"p":[0,0,0],"r":[0,0,2.668043E-08],"s":[0.175,0.175,0.1750001],"c":[1,1,1],"b":["when starts then become next in 0.2s"]}]}]}