{"v":7,"a":[6,5,7,18],"p":[{"a":[12,17],"s":[{"p":[0,0,0],"r":[0,0,7.656432E-20],"s":[0.1750033,0.1750017,0.175002],"c":[1,1,1],"b":["when starts then play tv static, become next in 0.5s"]},{"p":[0,0,0],"r":[0,0,7.656432E-20],"s":[0.1750033,0.1750017,0.175002],"c":[1,1,1],"b":["when starts then become next in 1s"]}]}]}