{"v":7,"a":[7],"p":[{"t1":56,"s":[{"p":[0,0,0],"r":[0,0,0],"s":[0.1749993,0.05065315,0.1750028],"c":[0.4444442,0.4444442,0.4444442],"b":["when touches hand then play button click","when touches hand then send one nearby onto remoon"],"t1":{"c":[0.1111111,0.1111111,0.1111111],"x":0.5,"y":0.5,"a":0.8925,"m":0,"n":0,"r":0,"g":0,"o":0.5,"t":0.5,"e":0.5}}]}]}