{"v":7,"a":[7,18],"p":[{"s":[{"p":[0,0,0],"r":[0,0,0],"s":[8.36818,6.302954,0.03769693],"c":[0.7777778,0.7777778,0.7777778]}]}]}