{"v":7,"p":[{"b":90,"e":"4","s":[{"p":[0,0,0],"r":[0,0,0],"s":[0.003000004,0.003000003,0.003000004],"c":[0,0,0]}]}]}