{"v":7,"a":[7,13,18],"p":[{"a":[36],"t1":96,"s":[{"p":[0,0,0],"r":[0,0,0],"s":[5.962016,0.02309375,2.163602],"c":[0.3333332,0,0],"b":["when told by nearby secretdoor1open then become 2 in 2"],"t1":{"c":[1,1,1],"x":0.5,"y":0.5,"a":0.8925,"m":0,"n":0,"r":0,"g":0,"o":0.5,"t":0.5,"e":0.5}},{"p":[0.2475142,-4.4259E-08,2.384186E-07],"r":[0,0,0],"s":[5.471091,0.02309695,2.16385],"c":[0.3333331,0,0],"b":["when told by nearby secretdoor1close then become 1 in 2"],"t1":{"c":[1,1,1],"x":0.5,"y":0.5,"a":0.8925,"m":0,"n":0,"r":0,"g":0,"o":0.5,"t":0.5,"e":0.5}}]}]}