{"v":7,"p":[{"b":56,"t":2,"a":[3],"s":[{"p":[0,0,0],"r":[0,0,0],"s":[0.05599938,0.05599907,0.05599948],"c":[0,1,0.9142858],"b":["when starts then become 2 in 2"]},{"p":[-0.0001977483,-0.04997137,0.001405174],"r":[1.664119,0.3418569,0.5582706],"s":[0.05599943,0.05599909,0.05599955],"c":[0,1,0.9142858],"b":["when starts then become 1 in 2"]}]}]}