{"n":"philipp","v":7,"a":[1,31],"p":[{"b":3,"a":[12],"s":[{"p":[0,0,0],"r":[0,0,-8.337634E-09],"s":[0.05897146,0.05897142,0.05897137],"c":[1,1,1]}]},{"b":3,"a":[11,12],"i":[{"t":"583c10b62fbc7500141ace7b","p":[0.07875021,-0.1650032,0.1313869],"r":[332.9639,17.75187,201.7486],"a":[2]}],"s":[{"p":[0.2852378,-0.04828979,0.3704656],"r":[283.8026,293.6021,8.889237],"s":[0.03246866,0.03246874,0.03246875],"c":[1,1,1]},{"p":[-0.1772466,0.16803,0.3365608],"r":[357.1166,2.682087,113.7531],"s":[0.03246864,0.03246861,0.03246863],"c":[1,1,1],"b":["when starts then become 1 in 5"]},{"p":[-0.008758402,0.307298,0.2541586],"r":[306.7166,335.4571,8.977618],"s":[0.03246855,0.03246861,0.03246861],"c":[1,1,1],"b":["when starts then become 1 in 0.2s"]}]}]}