{"v":7,"a":[7,13],"p":[{"s":[{"p":[0.9684222,0.956524,-0.4671443],"r":[0,0,-5.008957E-06],"s":[1.774444,5.609534,2.151115],"c":[0.5555556,0,0.190476]}]},{"s":[{"p":[2.7295,0.7021751,-1.505133],"r":[270,180,0],"s":[1.884165,1.699396,5.907272],"c":[0.5555556,0,0.190476]}]},{"s":[{"p":[0.1031839,1.315342,-0.03834355],"r":[0,0,270],"s":[5.014221,1.872909,2.811109],"c":[0.5555556,0,0.190476]}]},{"s":[{"p":[1.509678,0.7856027,-0.9615939],"r":[0,0,1.001791E-05],"s":[2.215267,5.513931,2.151935],"c":[0.5555556,0,0.190476]}]}]}