{"n":"fry","v":7,"a":[2,30],"p":[{"b":14,"c":[[-0.067,-0.25,2.054,26,2,12,10]],"s":[{"p":[-0.06979512,-0.03261341,-0.07635981],"r":[1.786565,357.7298,353.8338],"s":[0.02395767,0.02025353,0.0174233],"c":[0.9904761,1,0.6666666],"b":["when consumed then play snack bite","when consumed then destroy all parts"]}]},{"b":14,"v":0,"s":[{"p":[-0.07239217,-0.03296774,0.007428281],"r":[359.5849,358.6349,354.1067],"s":[0.02395774,0.0202536,0.01742336],"c":[0.9904761,1,0.6666666],"b":["when consumed then become 2","when consumed then play snack bite"]},{"p":[-0.07129455,-0.03633785,-0.06732878],"r":[359.6586,358.5415,354.1925],"s":[0.001000001,0.001000002,0.0009999999],"c":[0.9904761,1,0.6666666]}]}]}