{"v":7,"a":[7,18],"p":[{"b":68,"c":[[0,0,-0.15,151]],"s":[{"p":[0,0,0],"r":[0,0,0],"s":[0.100002,0.09999903,0.1000043],"c":[1,1,1]}]}]}