{"v":7,"p":[{"a":[1,4],"s":[{"p":[0,0,0],"r":[0,0,0],"s":[0.757943,0.04899371,0.63355],"c":[1,1,1]}]}]}