{"v":7,"p":[{"b":12,"s":[{"p":[0,0,0],"r":[0,0,0],"s":[0.06000368,0.06000009,0.06000322],"c":[0.5555556,0,0]}]},{"b":12,"s":[{"p":[-4.435692E-09,-0.0253692,0],"r":[1.001791E-05,0,0],"s":[0.0978392,0.06000014,0.08956195],"c":[0.2222221,0,0]}]},{"b":75,"i":[{"t":"5bbbf5213332df155de1a66b","p":[0.1923075,0.342933,0.2887593],"r":[11.58644,288.339,182.3594]},{"t":"5bbbf5e498ae29057b6e03a9","p":[-0.2501601,0.326718,-0.225763],"r":[27.20676,105.3333,185.768]}],"s":[{"p":[0.001922598,-0.04527161,0.01346588],"r":[1.001791E-05,180,2.003583E-05],"s":[0.1641199,0.01890712,0.1777511],"c":[1,1,1]}]}]}