{"n":"hat","v":7,"p":[{"b":194,"c":[[2.198,1.65,-2.249,115,6],[2.629,2.051,-0.819,11,120],[2.98,2.072,0.643,13,116],[-2.52,1.194,-1.945,0,108,12],[-3.073,1.813,-0.564,1,106],[-3.222,1.802,0.818,23,82],[-2.393,1.431,2.504,20,86,36],[-0.826,0.337,-1.819,4,33],[0.69,2.663,-0.688,47,10,105],[-0.771,2.834,-0.382,33,12,105],[-0.765,2.869,0.153,34,112],[-0.794,2.878,-0.242,32,113],[-0.202,1.677,-0.037,96],[2.302,-0.073,0.576,84],[2.102,-0.021,-0.965,82],[1.434,-0.129,-2.019,80],[0.052,-0.432,-2.149,78],[0.899,2.175,-0.81,43,8],[-1.159,2.072,-0.191,26],[-1.18,2.072,0.248,28],[-0.421,2.341,-1.187,36],[0.342,2.233,-1.182,40],[-0.689,2.587,-0.829,27,12],[0.215,2.57,-0.431,157],[-0.322,2.534,-0.85,44,109],[0.289,2.445,-0.826,46,112],[-0.001,2.661,0.002,169],[0.768,2.779,-0.149,56,111],[0.446,2.709,-0.401,161],[-0.412,2.809,-0.3,149],[-0.092,2.677,-0.4,154],[0.804,2.74,0.232,58,107],[0.595,2.66,0.559,59,10,95],[-0.517,2.78,0.611,35,36,81],[-0.181,2.741,0.638,70,85],[0.238,2.548,0.636,68,92],[0.197,2.658,0.331,159],[-0.055,2.684,0.278,156],[-0.428,2.792,0.251,151],[0.329,0.566,1.922,16,45],[1.346,0.564,1.375,15,39,8],[-0.719,0.538,1.756,19,46],[-1.377,0.651,1.274,21,9,36],[-1.865,0.659,0.494,22,7],[-1.804,0.705,-0.516,2,23],[0.47,0.295,-1.978,6,35],[1.294,0.727,-1.235,9,33,8],[1.843,0.75,-0.562,10,39],[1.771,0.626,0.492,12,41],[-1.385,0.533,-1.18,3,21,14],[-3.431,1.621,-0.669,98],[-2.711,0.304,-0.838,72,25],[-2.154,0.13,-1.952,73,27,12],[-2.741,1.025,-2.043,99,10],[-3.489,1.433,0.975,102],[-2.815,0.153,0.779,94,7],[3.316,1.773,0.561,125],[3.054,1.915,-0.94,122],[-2.666,1.197,2.6,103,36],[2.565,1.311,-2.206,81,35,8],[3.063,1.581,-1.066,83,40],[3.123,1.267,0.508,85,41],[1.685,0.854,-1.915,8,110,14],[-0.475,2.848,-0.076,148],[-0.471,2.864,0.081,147],[0.41,2.819,0.29,163],[0.424,2.832,0.08,166],[0.488,2.808,-0.158,168],[0.288,2.089,0.999,60],[0.751,2.134,0.719,55,8],[0.72,0.441,3.215,17,126],[0.739,0.061,3.322,134],[-1.264,1.031,-3.537,5,114],[-1,0.568,-3.69,110],[-1.994,-0.001,2.048,92,12,36],[-0.712,-0.304,-2.772,77,34],[0.527,0.86,-3.592,7,110],[0.605,0.42,-3.751,113],[1.145,0.317,-2.736,79,35],[-0.8,-0.357,-1.785,76],[-1.434,-0.357,-1.143,74],[1.257,-0.507,1.559,87],[0.212,-0.696,1.688,89],[-0.388,-0.654,1.333,91],[-0.973,-0.675,0.937,93],[-1.707,-0.489,0.281,95],[-1.94,-0.327,-0.641,75]],"s":[{"p":[-0.01375888,0.01431972,0.0950207],"r":[81.67107,24.82957,35.89482],"s":[0.06000001,0.06000002,0.06000001],"c":[0.3333332,0.2074073,0.07407398]}]}]}