{"n":"p6 start","v":7,"a":[7],"p":[{"s":[{"p":[0,0,0],"r":[0,0,0],"s":[0.1750339,0.1750097,0.1750357],"c":[1,0.6857142,0]}]}]}