{"n":"p2 start","v":7,"a":[7],"p":[{"s":[{"p":[0,0,0],"r":[0,0,0],"s":[0.1750194,0.1750053,0.1750196],"c":[0.1142857,0,1]}]}]}