{"n":"ground","v":7,"a":[1,4],"p":[{"b":17,"s":[{"p":[0,0,0],"r":[0,0,0],"s":[2269.318,0.1862014,1594.474],"c":[0.2222221,0.1982362,0.1728394]}]}]}