{"n":"master bedroom plate","v":7,"a":[7,18],"p":[{"b":126,"a":[19],"e":"Master Bedroom","s":[{"p":[0.00213027,-0.01074415,-0.6546581],"r":[270,2.003582E-05,0],"s":[0.004424179,0.004423982,0.004424418],"c":[0,0,0]}]},{"b":60,"t":11,"t1":18,"s":[{"p":[-0.00110817,-0.001284599,-0.614086],"r":[0,0,0],"s":[0.419106,0.01441095,0.1010998],"c":[0.6666667,0.6666667,0.6666667],"t1":{"c":[0.2222221,0.2222221,0.2222221],"x":0.04355662,"y":0.1026253,"a":0.6717402,"m":0.5,"n":0.5,"r":0,"g":0,"o":0.5,"t":0.5,"e":0.5}}]},{"b":140,"e":"PRIVATE","s":[{"p":[-0.05715561,-0.01003367,-0.6091817],"r":[270,2.003582E-05,0],"s":[0.002698877,0.002698913,0.002698919],"c":[0,0,0]}]}]}