{"v":7,"p":[{"a":[29],"im":"947337491285195099/2F62C4AA530AD33FDEE1CF99EDBF5DADFBE27E77/","s":[{"p":[0,0,0],"r":[0,0,0],"s":[0.2005127,0.1750006,0.1127884],"c":[1,1,1]}]}]}