{"v":7,"a":[22,50],"p":[{"s":[{"p":[0,0,0],"r":[0,0,0],"s":[0.1750056,0.1750036,0.1750038],"c":[1,1,1]},{"p":[0,0,0],"r":[0,0,0],"s":[0.1750056,0.1750036,0.1750038],"c":[1,1,1]}]}]}