{"v":7,"a":[7],"p":[{"a":[1,4,27],"s":[{"p":[0,0,0],"r":[0,0,0],"s":[0.0136991,0.6124396,0.4678306],"c":[1,1,1]}]},{"t":1,"s":[{"p":[-0.03712071,-0.02904868,-0.7264043],"r":[270,1.46683E-05,0],"s":[0.05354708,1.474527,0.07720519],"c":[0.5555556,0.5555556,0.5555556]}]}]}