{"v":7,"a":[7,18,49],"p":[{"t":9,"s":[{"p":[0,0,0],"r":[0,0,0],"s":[6.522343,0.02008638,8.70454],"c":[0.5555556,0,0],"b":["when told by any wellisawblood then become next in 13s, play pouring water with -1 octaves stretch 500"]},{"p":[1.417899E-07,0.8109436,0],"r":[1.001791E-05,-1.628444E-12,-1.423631E-19],"s":[6.523343,0.02008645,8.705877],"c":[0.5555556,0,0]}]}]}