{"n":"grox-kneerl","v":7,"a":[31],"p":[{"s":[{"p":[0,0,0],"r":[0,0,0],"s":[0.01512377,0.01512296,0.01512155],"c":[1,1,1]}]}]}