{"v":7,"a":[5,7,18],"p":[{"b":22,"a":[19],"e":"F\nR\nO\nN\nK\nE\nN\nS\nT\nE\nE\nN","s":[{"p":[0.02178956,0.004577577,0.3845215],"r":[-1.366038E-05,270,270],"s":[0.005071913,0.005070959,0.005072039],"c":[0,0,0]}]},{"t":11,"s":[{"p":[9.614559E-10,0.00366592,0.02408219],"r":[0,0,0],"s":[0.03853999,0.09014092,0.7837771],"c":[1,0.6222221,0.2222219]}]},{"t":11,"s":[{"p":[-0.006042482,0.00366592,0.02408219],"r":[0,0,0],"s":[0.03854486,0.1113031,0.8029028],"c":[1,1,1]}]}]}