{"v":7,"a":[7,18],"p":[{"s":[{"p":[0,0,0],"r":[0,0,0],"s":[0.1750005,0.1750018,0.1750019],"c":[1,1,1],"b":["when touches hand then resize nearby to 11%"]}]}]}