{"v":7,"a":[31],"p":[{"b":2,"a":[12],"i":[{"t":"5bba4f57b55a285860c446e2","p":[-0.004568341,-0.03433181,-0.006309987],"r":[73.49178,1.004185,1.005419]}],"s":[{"p":[0,0,0],"r":[0,0,0],"s":[0.01299049,0.01299714,0.01299246],"c":[1,1,1],"b":["when starts then become next in 1s"]},{"p":[0,0,0],"r":[22.50001,-1.217675E-06,-1.112711E-06],"s":[0.01299124,0.01299838,0.01299305],"c":[1,1,1],"b":["when starts then become next in 1s"]}]}]}