{"v":7,"a":[5],"p":[{"b":12,"s":[{"p":[0,0,0],"r":[0,0,0],"s":[0.1571906,0.05906152,0.1079329],"c":[0.4444444,0.3245148,0.1975307]}]},{"s":[{"p":[0.3077991,-0.0001703799,-0.138589],"r":[353.5726,1.717303,0.2539729],"s":[0.02994017,0.02723499,0.05465557],"c":[0,0,0]}]},{"b":115,"t":2,"e":"GO SLOW","s":[{"p":[-0.2461817,0.0376649,0.1607525],"r":[90,-4.829673E-06,0],"s":[0.01520042,0.01520119,0.01520042],"c":[0,0,0]}]},{"b":115,"t":2,"e":"DON'T DIE","s":[{"p":[-0.2613895,0.03766678,-0.02469125],"r":[90,-4.829673E-06,0],"s":[0.01520014,0.01520091,0.01520001],"c":[0,0,0]}]}]}