{"v":7,"a":[48,49],"p":[{"a":[39],"s":[{"p":[0,0,0],"r":[0,0,0],"s":[0.1750008,0.1750004,0.1750005],"c":[1,1,1],"b":["when neared then tell nearby autopsy"]}]}]}