{"v":7,"a":[49],"inc":[["left hand","59795f7c6cadf3ae133e326f"],["right hand","5978066c4ef2b12310ce935a"]],"p":[{"b":4,"a":[12,37,39],"s":[{"p":[-0.0008125757,0.1529724,-0.01388439],"r":[2.53081,0.2124488,358.9527],"s":[0.02599195,0.04013931,0.05135662],"c":[1,1,1],"b":["when neared then emit right hand with 1","when neared then become next in 0s"]},{"p":[-0.0008125757,0.1529724,-0.01388439],"r":[0,0,1.280661E-06],"s":[0.0259919,0.04013922,0.0513566],"c":[1,1,1],"b":["when starts then become next in 0s"]},{"p":[-0.0008125757,0.1529724,-0.01388439],"r":[0,0,1.280661E-06],"s":[0.0259919,0.04013922,0.0513566],"c":[1,1,1],"b":["when starts then become previous in 0s"]}]}]}