{"v":7,"inc":[["left hand","59795f7c6cadf3ae133e326f"]],"p":[{"b":4,"a":[12,37,39],"s":[{"p":[0,0,0],"r":[0,0,1.280661E-06],"s":[0.0259919,0.04013922,0.0513566],"c":[1,1,1],"b":["when neared then emit left hand with 1","when neared then become next in 0s"]},{"p":[0,0,0],"r":[0,0,1.280661E-06],"s":[0.0259919,0.04013922,0.0513566],"c":[1,1,1],"b":["when starts then become next in 0s"]},{"p":[0,0,0],"r":[0,0,1.280661E-06],"s":[0.0259919,0.04013922,0.0513566],"c":[1,1,1],"b":["when starts then become previous in 0s"]}]}]}