{"n":"hole","v":7,"a":[22,31],"p":[{"b":5,"s":[{"p":[0,0,0],"r":[0,0,0],"s":[0.01509414,0.01508606,0.01509336],"c":[0,0,0],"b":["when touches shell then tell ready"]}]}]}