{"v":7,"a":[5,48,49],"inc":[["1","5bc8079493b958057c339261"]],"p":[{"b":205,"a":[14],"s":[{"p":[0,0,0],"r":[0,0,-1.067217E-07],"s":[0.04500007,0.04500004,0.04500006],"c":[1,0.5142855,0],"b":["when told by any halloweenparty then become next in 0.5s"]},{"p":[0,0,0],"r":[0,0,-1.067217E-07],"s":[0.04500007,0.04500004,0.04500006],"c":[1,0.5142855,0],"b":["when starts then emit 1 with 5, become next in 1s"]},{"p":[0,0,0],"r":[0,0,-1.067217E-07],"s":[0.04500007,0.04500004,0.04500006],"c":[1,0.5142855,0],"b":["when starts then become 2 in 14s"]}]}]}