{"v":7,"p":[{"b":3,"t":3,"s":[{"p":[0,0,0],"r":[0,0,0],"s":[0.1832177,0.08665753,0.1250017],"c":[1,1,1]}]}]}