{"v":7,"a":[5,7,18],"p":[{"b":60,"s":[{"p":[0.002928734,0.0006027222,0.1263342],"r":[-3.415095E-06,0,180],"s":[0.00477516,0.3756122,0.2142217],"c":[0.6285716,1,0]}]},{"b":112,"e":"IF YOU GOT IT...\n\nHAUNT IT!","s":[{"p":[0.005357757,0.1588116,0.2135069],"r":[-3.415095E-06,270,270],"s":[0.004659916,0.004659317,0.004659782],"c":[0,0,0]}]}]}