{"v":7,"p":[{"b":9,"i":[{"t":"5bc7b33c8909a03a0074412c","p":[-0.04804421,-0.02203032,0.08527049],"r":[349.3821,339.6014,2.898771]},{"t":"5a4bb014622e648a13b36e05","p":[-0.04517798,-0.05667479,0.2662888],"r":[0.4336447,340.3277,199.4329]}],"s":[{"p":[0,0,0],"r":[0,0,0],"s":[0.001,0.001,0.001],"c":[1,1,1]}]}]}