{"v":7,"p":[{"t":7,"s":[{"p":[0,0,0],"r":[0,0,0],"s":[0.7068461,0.1750003,8.570167],"c":[0,0,0]}]}]}