{"v":7,"a":[2,31],"p":[{"b":166,"t":9,"s":[{"p":[0,0,0],"r":[0,0,0],"s":[0.003899096,0.003899096,0.003899096],"c":[0.9714286,1,0],"b":["when any part touched then play squelchy squirt","when any part consumed then destroy all parts,","when any part consumed then play slurping drink gulp with 0.5s skip 500%"]}]},{"b":166,"t":9,"s":[{"p":[0.00156459,0.02698515,0.006242646],"r":[15.8293,41.32421,3.619872],"s":[0.003899121,0.00389911,0.003899125],"c":[0.9714286,1,0]}]},{"b":166,"t":9,"s":[{"p":[0.00706727,-0.02894346,0.004578751],"r":[338.4748,73.16195,353.0493],"s":[0.0038991,0.003899086,0.003899117],"c":[0.9714286,1,0]}]},{"b":166,"t":9,"s":[{"p":[0.01098746,0.05459995,0.01693695],"r":[35.38286,76.85008,7.327961],"s":[0.0038991,0.003899084,0.003899116],"c":[0.9714286,1,0]}]}]}