{"n":"1","v":7,"a":[21,50],"p":[{"b":3,"s":[{"p":[0,0,0],"r":[0,0,0],"s":[0.02786842,0.02786843,0.02786844],"c":[1,0,0.3428572]}]}]}