{"v":7,"p":[{"b":132,"e":"NON EDIBLE ORIGIONAL","s":[{"p":[0,0,0],"r":[0,0,0],"s":[0.003000007,0.003000006,0.003000006],"c":[0,0,0]}]}]}