{"n":"marker","v":7,"a":[7],"p":[{"b":179,"t1":43,"s":[{"p":[0,0,0],"r":[0,0,0],"s":[1.694296,1.903209,0.2149922],"c":[1,1,1],"t1":{"c":[0.1142856,1,0],"x":0.5,"y":0.5,"a":0.8925,"m":0,"n":0,"r":0,"g":0,"o":0.5,"t":0.5,"e":0.5}}]},{"b":18,"a":[19],"e":"BODY TEMPLATE\n(INVIS)","t1":43,"s":[{"p":[-0.04314765,-0.9411907,-0.01073551],"r":[-1.001791E-05,8.757938E-13,180],"s":[0.002999898,0.003000092,0.003000233],"c":[0,0,0],"t1":{"c":[0,0,0],"x":0.5,"y":0.5,"a":0.8925,"m":0,"n":0,"r":0,"g":0,"o":0.5,"t":0.5,"e":0.5}}]}]}