{"v":7,"a":[7],"p":[{"b":91,"e":"DA'S SPACE","s":[{"p":[-0.4129533,0.4848312,-0.9499989],"r":[1.001791E-05,1.001791E-05,-1.001791E-05],"s":[0.005581981,0.005582093,0.005581978],"c":[0.7777778,0.7777778,0.7777778]}]},{"s":[{"p":[-0.08606839,-0.1701905,0.04298537],"r":[3.563997,351.9551,359.6365],"s":[2.535117,0.0914627,2.412011],"c":[1,1,1]}]}]}