{"n":"red-trail","v":7,"a":[7,12,18,31],"p":[{"b":10,"a":[12,37],"s":[{"p":[0,0,0],"r":[0,5.122642E-06,0],"s":[0.01659713,0.01658243,0.01660239],"c":[1,1,1]}]},{"b":73,"t":19,"a":[36],"s":[{"p":[2.980232E-08,-2.980232E-08,0.2016561],"r":[90,9.659345E-06,0],"s":[0.01659777,0.01658294,0.01660362],"c":[1,0,0.3428572],"b":["when told by any red_taken then become next in 0.2","when starts then trail end"]},{"p":[0,-4.470348E-08,-0.1273724],"r":[0,180,180],"s":[0.1355061,0.135502,0.1355078],"c":[1,0,0.3428572],"b":["when starts then trail start with 1.5s thick-end","when starts then become unsoftened next in 1.5s"]},{"p":[0,2.533197E-07,-0.2089207],"r":[0,180,180],"s":[0.135496,0.1354958,0.135496],"c":[1,0,0.342857],"b":["when starts then trail start with 1.5s thick-end","when starts then become unsoftened previous in 1.5s"]}]}]}