{"v":7,"p":[{"a":[1],"s":[{"p":[0,0,0],"r":[0,0,0],"s":[0.8902898,0.001000001,0.5992672],"c":[1,1,1]}]}]}