{"v":7,"p":[{"b":61,"s":[{"p":[0,0,0],"r":[0,0,0],"s":[0.2358063,0.1250001,0.247199],"c":[0.2962962,0.8888889,0.431746]}]}]}