{"v":7,"p":[{"b":14,"s":[{"p":[0,0,0],"r":[0,0,0],"s":[0.06000013,0.06000005,0.06000012],"c":[0.2962962,0.8888889,0.431746]}]},{"b":14,"s":[{"p":[0.06982093,0.06245995,0.002660466],"r":[3.124799,359.5107,355.1917],"s":[0.06000041,0.0600001,0.06000036],"c":[0.2962962,0.8888889,0.431746]}]},{"b":14,"s":[{"p":[-0.06613187,0.06373751,0.008078985],"r":[0.4507815,0.4429074,352.4098],"s":[0.06000025,0.06000011,0.06000024],"c":[0.2962962,0.8888889,0.431746]}]}]}