{"v":7,"p":[{"b":10,"s":[{"p":[0,0,0],"r":[0,0,0],"s":[0.125,0.125,0.125],"c":[1,0.1714285,0]}]},{"b":10,"s":[{"p":[-0.07374836,-0.03117704,0.01073274],"r":[4.675964,347.2131,358.2924],"s":[0.125,0.125,0.125],"c":[0.4571426,1,0]}]},{"b":10,"s":[{"p":[-0.2085433,-0.07675132,-0.008940831],"r":[9.927073,328.3365,350.6779],"s":[0.125,0.125,0.125],"c":[0,0.2285712,1]}]},{"b":10,"s":[{"p":[-0.3389241,-0.1303733,-0.07144661],"r":[11.91258,310.2861,336.5155],"s":[0.125,0.125,0.1250001],"c":[0,1,1]}]}]}