{"v":7,"a":[21],"p":[{"b":4,"t":1,"s":[{"p":[0,0,0],"r":[0,0,0],"s":[0.01131131,0.01131129,0.02201491],"c":[0.4444443,0.3047618,0]}]},{"b":5,"t":1,"a":[3],"s":[{"p":[-0.001046657,0.002446886,-0.03615297],"r":[67.09253,90.97837,96.1907],"s":[0.01185379,0.01185373,0.01185384],"c":[0,0,0]}]}]}