{"n":"screen","v":7,"p":[{"b":179,"a":[1],"s":[{"p":[0,0,0],"r":[0,0,4.669074E-08],"s":[3.494161,1.971323,0.7588129],"c":[1,1,1]}]}]}