{"n":"h","v":7,"a":[12,31,50],"p":[{"b":251,"s":[{"p":[0,0,0],"r":[1.28066E-06,6.918568E-06,3.14829E-06],"s":[0.03201951,0.03201963,0.03201972],"c":[0.1142857,0,1]}]},{"b":18,"e":"H","s":[{"p":[-0.01029048,-0.04988747,-0.004254224],"r":[352.9199,179.743,178.088],"s":[0.003000017,0.003000009,0.003000017],"c":[0.1142857,0,1]}]}]}