{"n":"rh","v":7,"a":[12,31,50],"p":[{"b":251,"s":[{"p":[0,0,0],"r":[1.28066E-06,6.918568E-06,3.14829E-06],"s":[0.03201951,0.03201963,0.03201972],"c":[1,0.7301587,0.4444443]}]},{"b":18,"e":"RH","s":[{"p":[-0.02082045,-0.04969651,-0.005948987],"r":[353.0146,179.1,178.7654],"s":[0.003000015,0.003000007,0.003000014],"c":[1,0.7301587,0.4444443]}]}]}