{"v":7,"a":[7,13],"p":[{"i":[{"t":"58173881f171478c139b6e5c","p":[4.104021,9.869951,0.5310931],"r":[0,90,90.00001]}],"s":[{"p":[0,0,0],"r":[0,0,0],"s":[150.0236,150.0114,0.06418709],"c":[0.2222221,0.2666662,1]}]}]}