{"v":7,"a":[7,18],"p":[{"b":83,"t1":66,"t2":108,"s":[{"p":[0,0,0],"r":[0,0,0],"s":[2.83308,0.300337,3.588639],"c":[0.3333331,0.3333331,0.3333331],"t1":{"c":[0.3333333,0.3333333,0.3333333],"x":0.6427931,"y":0.6755673,"a":1,"m":0,"n":0.01292622,"r":0,"g":0,"o":0.5,"t":0.5,"e":0.5},"t2":{"c":[0.3333333,0.2433861,0.1481481],"x":0.193368,"y":0.2065525,"a":0.8925,"m":0,"n":0,"r":0,"g":0,"o":0.5,"t":0.5,"e":0.5}}]}]}