{"v":7,"a":[21],"p":[{"t":3,"s":[{"p":[0,0,0],"r":[0,0,0],"s":[0.9475055,0.9475062,0.9475064],"c":[0.9555555,1,0.7777778]}]}]}