{"v":7,"a":[7,18],"p":[{"s":[{"p":[0,0,0],"r":[0,0,0],"s":[1.801519,0.02572197,0.5107732],"c":[0.7777778,0.9809523,1]}]}]}