{"v":7,"a":[20],"p":[{"b":3,"t":3,"a":[12],"s":[{"p":[0,0,0],"r":[0,0,0],"s":[15.98682,1.89655,2.154755],"c":[0.7777778,0.5679012,0.3456788],"b":["when starts then set light intensity 25"]}]}]}