{"v":7,"a":[22,18],"p":[{"b":83,"t":11,"s":[{"p":[0,0,0],"r":[0,0,2.035555E-13],"s":[0.0449678,6.073797,0.06607571],"c":[0.3333332,0.1142856,0]}]}]}