{"v":7,"a":[7,13,18],"p":[{"b":13,"t1":110,"s":[{"p":[-0.08818388,1.576851E-08,0],"r":[0,0,0],"s":[0.02832556,0.08226599,0.7491742],"c":[0.333333,0.207407,0.07407361],"t1":{"c":[0.5555556,0.3756613,0.1851851],"x":0.5,"y":0.5,"a":0.8925,"m":0,"n":0,"r":0,"g":0,"o":0.5,"t":0.5,"e":0.5}}]},{"b":13,"t1":110,"s":[{"p":[0.9555864,6.754641E-08,0],"r":[0,0,0],"s":[0.02598551,0.08615553,0.7445151],"c":[0.3333329,0.2074068,0.07407358],"t1":{"c":[0.5555556,0.3756613,0.1851851],"x":0.5,"y":0.5,"a":0.8925,"m":0,"n":0,"r":0,"g":0,"o":0.5,"t":0.5,"e":0.5}}]},{"b":13,"t1":110,"s":[{"p":[0.4305747,0.0007246733,1.103209],"r":[-9.748991E-06,270,-8.964094E-08],"s":[0.03563889,0.09115151,0.3669436],"c":[0.333333,0.207407,0.07407361],"t1":{"c":[0.5555556,0.3756613,0.1851851],"x":0.5,"y":0.5,"a":0.8925,"m":0,"n":0,"r":0,"g":0,"o":0.5,"t":0.5,"e":0.5}}]}]}