{"n":"cardboard box","v":7,"p":[{"a":[17,24],"s":[{"p":[-0.009208798,0.02556145,0.3206493],"r":[0,0,1.024528E-05],"s":[0.415345,0.3354018,0.4555129],"c":[0.6666667,0.526984,0.222222]}]},{"s":[{"p":[-0.009208798,0.02556145,0.3210016],"r":[0,0,1.024528E-05],"s":[0.06368728,0.3354293,0.4564581],"c":[0.6666667,0.4571426,0]}]},{"b":18,"e":"^","s":[{"p":[-0.2042787,0.1953622,0.6001092],"r":[90,-9.659345E-06,0],"s":[0.02237932,0.02237687,0.0223773],"c":[0,0,0]}]}]}