{"v":7,"a":[7,18],"p":[{"s":[{"p":[0,0,0],"r":[0,0,0],"s":[0.5919476,0.1750035,0.6448698],"c":[0,0,0]}]},{"t":1,"s":[{"p":[-9.465322E-10,-0.005413533,-4.656613E-10],"r":[0,0,0],"s":[0.6349695,0.1750085,0.6720358],"c":[0.5555556,0.5149912,0.4938272]}]}]}