{"v":7,"a":[7,13,18],"p":[{"s":[{"p":[0,0,0],"r":[0,0,0],"s":[11.46268,0.07059997,0.6500213],"c":[1,1,1]}]},{"s":[{"p":[-5.68953,5.755809,-9.536743E-07],"r":[0,0,270],"s":[11.46427,0.07065331,0.6499685],"c":[1,1,1]}]}]}