{"v":7,"a":[7,18],"p":[{"t1":39,"s":[{"p":[0,0,0],"r":[0,0,0],"s":[1.413716,0.04507215,1.145506],"c":[0.4444443,0.4444443,0.4444443],"t1":{"c":[1,1,1],"x":0.5,"y":0.5,"a":0.4304996,"m":0,"n":0,"r":0,"g":0,"o":0.5,"t":0.5,"e":0.5}}]},{"t1":39,"s":[{"p":[0,-2.980232E-07,0.5718898],"r":[0,0,1.502687E-05],"s":[1.413932,0.06840234,0.0293492],"c":[0.8888889,0.8888889,0.8888889],"t1":{"c":[1,1,1],"x":0.5,"y":0.5,"a":1,"m":0,"n":0,"r":0,"g":0,"o":0.5,"t":0.5,"e":0.5}}]}]}