{"v":7,"p":[{"b":9,"s":[{"p":[0,0,0],"r":[0,0,-8.537735E-07],"s":[0.125,0.125,0.125],"c":[1,1,1]}]},{"b":14,"s":[{"p":[-0.2782506,0.1265753,0.003844678],"r":[319.1395,316.6768,352.6647],"s":[0.06000003,0.06000004,0.06000008],"c":[1,1,1]}]}]}