{"v":7,"a":[22,13,18],"p":[{"a":[23],"s":[{"p":[8.025263,-6.779396,2.861023E-06],"r":[0,0,270],"s":[6.028239,12.97557,0.17223],"c":[1,1,1]}]},{"s":[{"p":[14.48962,-6.768713,-0.0043993],"r":[0,0,292.5],"s":[5.58682,2.262108,0.1816094],"c":[1,1,1]}]},{"s":[{"p":[0.7648498,0.3486527,1.192093E-06],"r":[0,0,0],"s":[5.065055,20.28189,0.1732742],"c":[1,1,1]}]}]}