{"n":"lamp ball","v":7,"a":[7,18,20,21,48],"p":[{"b":9,"t":3,"s":[{"p":[0,0,0],"r":[0,0,0],"s":[0.05433177,0.05433177,0.05433171],"c":[1,0.5619047,0.3333331]}]}]}