{"v":7,"a":[7,18],"p":[{"b":60,"s":[{"p":[0.1903476,-5.960464E-08,0.2931419],"r":[-6.171558E-06,270,-1.162596E-06],"s":[0.02680442,0.125049,1.395039],"c":[0.333333,0.2074071,0.07407372]}]},{"b":60,"s":[{"p":[0.1903477,0,-0.3682072],"r":[-6.171556E-06,270,-1.162597E-06],"s":[0.02680615,0.125065,1.389793],"c":[0.333333,0.2074071,0.07407372]}]},{"b":60,"s":[{"p":[0.8736603,-7.450581E-08,-0.03942031],"r":[0,0,-5.008957E-06],"s":[0.0268081,0.1250072,0.6727946],"c":[0.3333331,0.2074071,0.07407372]}]},{"b":60,"s":[{"p":[-0.4884665,4.470348E-08,-0.03942031],"r":[0,0,-5.008957E-06],"s":[0.02680582,0.1250328,0.6727983],"c":[0.3333331,0.2074071,0.07407372]}]}]}