{"v":7,"a":[7,18],"p":[{"t":11,"a":[23],"s":[{"p":[-0.001562595,-0.00328207,0.004985452],"r":[0,0,1.024528E-05],"s":[0.5114189,0.02799922,0.113119],"c":[1,0.8571429,0]}]},{"b":135,"e":"E.SPENGLER","s":[{"p":[-0.2139177,0.01156,0.05595267],"r":[90,-9.659345E-06,0],"s":[0.009432885,0.009433058,0.009433179],"c":[0,0,0]}]}]}