{"v":7,"a":[7,18],"p":[{"b":6,"s":[{"p":[-0.230211,0.01688582,-0.2702083],"r":[0,0,-1.001791E-05],"s":[0.1250514,0.1250669,0.1250378],"c":[1,1,1]}]},{"b":6,"s":[{"p":[0.1034122,0.2140459,-0.2702085],"r":[0,0,-1.001791E-05],"s":[0.1250909,0.1251094,0.1250729],"c":[1,1,1]}]},{"b":6,"s":[{"p":[-0.03437255,0.1379041,-0.5923931],"r":[0,180,180],"s":[0.1251076,0.125132,0.1250901],"c":[1,1,1]}]},{"b":73,"s":[{"p":[-0.05392669,0.1107408,1.490116E-08],"r":[0,0,0],"s":[0.2250034,0.2250148,0.225012],"c":[1,1,1]}]}]}