{"n":"ground","v":7,"a":[1],"p":[{"b":17,"a":[31],"s":[{"p":[0,0,0],"r":[0,0,0],"s":[3.363346,0.11062,3.201102],"c":[0.9019608,0.8509804,0.7215686]},{"p":[0,0,0],"r":[0,0,0],"s":[3.363346,0.11062,3.201102],"c":[0.9019608,0.8509804,0.7215686]}]},{"s":[{"p":[1.342645,1.395225,-0.3021594],"r":[289.6709,268.9795,31.40764],"s":[0.1750001,0.1750002,0.1750003],"c":[1,1,1]}]}]}