{"n":"purplec","v":7,"p":[{"b":9,"s":[{"p":[0,0,0],"r":[0,0,0],"s":[0.03016322,0.005578078,0.03050172],"c":[0.8,0,1]}]}]}