{"v":7,"p":[{"b":69,"t":1,"s":[{"p":[-0.493974,0.5891434,0.9920645],"r":[359.7085,311.4619,10.63175],"s":[0.02132194,0.07719678,0.02132187],"c":[0,0,0]}]},{"b":69,"t":1,"s":[{"p":[-0.4291709,0.3689894,1.066631],"r":[336.9044,340.9208,30.93432],"s":[0.02467453,0.07178152,0.0246744],"c":[0,0,0]}]},{"b":69,"t":1,"s":[{"p":[-0.3579037,0.2580944,1.183996],"r":[296.0976,322.2738,57.60995],"s":[0.02070602,0.04259751,0.0207059],"c":[0,0,0]}]}]}