{"v":7,"p":[{"b":5,"t":1,"s":[{"p":[0,0,0],"r":[0,0,4.268868E-07],"s":[0.03843001,0.03842996,0.2470181],"c":[0,0,0]}]}]}