{"n":"lenzic smash card","v":7,"a":[31],"p":[{"im":"954095427582029056/610C55C87C60D532C827D82D35544799376C4716/","s":[{"p":[0,0,0],"r":[0,0,0],"s":[0.3852726,0.001,0.2619017],"c":[1,1,1]}]}]}