{"v":7,"a":[7,18,31,32],"p":[{"s":[{"p":[0,0,0],"r":[0,0,0],"s":[0.05025304,0.0502469,0.05025282],"c":[1,1,1]}]},{"s":[{"p":[8.742269E-09,0.04999995,0],"r":[1.751587E-12,1.001791E-05,1.531286E-19],"s":[0.05025449,0.05024742,0.05025358],"c":[1,1,1]}]}]}