{"v":7,"a":[5],"p":[{"b":59,"t":17,"a":[3],"s":[{"p":[0,0,0],"r":[0,0,0],"s":[0.2854704,4.360965,0.2845766],"c":[0.8888889,0.9714285,1],"b":["when neared then play distant thump 2"]}]}]}