{"v":7,"a":[5,36,37],"p":[{"t1":39,"s":[{"p":[0,0,0],"r":[0,0,0],"s":[0.289439,8.066258,3.214515],"c":[0.3333332,0.2793649,0.2222221],"t1":{"c":[0.3333333,0.2253968,0.1111111],"x":0.5,"y":0.5,"a":0.8925,"m":0,"n":0,"r":0,"g":0,"o":0.5,"t":0.5,"e":0.5}}]}]}