{"n":"o","v":7,"a":[49],"p":[{"a":[12,37],"s":[{"p":[0,0,0],"r":[0,0,-4.268868E-07],"s":[0.08646597,0.08284643,0.09282549],"c":[1,1,1]}]}]}