{"n":"ground","v":7,"a":[1],"p":[{"b":17,"t":2,"s":[{"p":[0,0,0],"r":[0,0,0],"s":[1186.728,0.11062,233.5182],"c":[0,0.9142855,1]}]}]}