{"v":7,"p":[{"s":[{"p":[0,0,0],"r":[0,0,0],"s":[35.6659,2.313094,8.780209],"c":[0,0,0]}]}]}