{"v":7,"a":[7],"p":[{"s":[{"p":[0,0,0],"r":[0,0,0],"s":[1.89951,0.1093101,1.109228],"c":[0.1269839,0,0.4444442]}]},{"b":91,"e":"MAIL THESE","s":[{"p":[-0.8075333,0.05797592,0.32763],"r":[90,-1.931869E-05,0],"s":[0.02725799,0.02725417,0.02725794],"c":[1,0,0]}]}]}