{"v":7,"a":[7],"p":[{"b":13,"s":[{"p":[0.03813839,-0.05579377,-0.02673316],"r":[0,0,270],"s":[0.573574,0.02465375,0.2799782],"c":[0,1,0.3999999]}]},{"b":91,"e":"BOXES","s":[{"p":[-0.02718409,-0.851513,0.2998612],"r":[8.537737E-06,90.00001,90],"s":[0.04791599,0.04790843,0.04791603],"c":[1,0,0]}]}]}