{"v":7,"p":[{"s":[{"p":[0,0,0],"r":[0,0,0],"s":[1.053945,2.486696,1.758457],"c":[0,0.9142855,1]}]}]}