{"v":7,"p":[{"b":68,"s":[{"p":[0,0,0],"r":[0,0,0],"s":[0.8663524,0.04256461,0.4488163],"c":[0.2857141,1,0]}]},{"b":91,"e":"MERCH","s":[{"p":[-0.7955923,0.136717,0.2445706],"r":[87.16648,318.5555,316.0026],"s":[0.0416115,0.04161146,0.04161149],"c":[1,0,0]}]}]}