{"v":7,"p":[{"s":[{"p":[0,0,0],"r":[0,0,0],"s":[7.984677,0.187213,2.462987],"c":[0,0,0]}]}]}