{"v":7,"p":[{"b":4,"a":[8,10],"s":[{"p":[0,0,0],"r":[0,0,-1.494104E-06],"s":[0.1250005,0.1250006,0.1250005],"c":[1,1,1]}]}]}