{"v":7,"p":[{"b":11,"s":[{"p":[0,0,0],"r":[0,0,0],"s":[0.1,0.1000001,0.1000001],"c":[0.1142857,0,1]}]}]}