{"v":7,"a":[7,18],"p":[{"t1":38,"s":[{"p":[0,0,0],"r":[0,0,0],"s":[0.778359,10.37344,1.163779],"c":[0.3333332,0.2793649,0.2222221],"t1":{"c":[0.5555556,0.4656084,0.3703703],"x":0.3381767,"y":0.1609001,"a":0.8925,"m":0,"n":0,"r":0,"g":0,"o":0.5,"t":0.5,"e":0.5}}]},{"t":9,"t1":36,"t2":39,"s":[{"p":[0.1110249,-1.192093E-06,0.5526041],"r":[0,0,0],"s":[0.9176667,10.49324,0.1149494],"c":[1,1,1],"t1":{"c":[0.4444444,0.4444444,0.4444444],"x":0.6312833,"y":0.09275103,"a":0,"m":0,"n":0,"r":0,"g":0,"o":0.5,"t":0.5,"e":0.5},"t2":{"c":[0.1111111,0.1111111,0.1111111],"x":0.5,"y":0.1588871,"a":0,"m":0,"n":0,"r":0,"g":0,"o":0.5,"t":0.5,"e":0.5}}]}]}