{"v":7,"p":[{"b":195,"s":[{"p":[-0.3510499,-0.06921653,-0.0469512],"r":[50.3085,32.01031,317.2581],"s":[0.06000004,0.06000002,0.06000008],"c":[1,1,1]}]},{"b":199,"s":[{"p":[-0.3383932,-0.0805596,-0.4236352],"r":[18.9079,231.0648,235.207],"s":[0.07999998,0.08000005,0.08000009],"c":[1,1,1]}]},{"b":198,"s":[{"p":[0.002289522,0.1481707,-0.01360458],"r":[354.6137,355.4124,20.40005],"s":[0.06000007,0.06000007,0.06000003],"c":[1,1,1]}]},{"b":199,"s":[{"p":[-0.4495658,0.140728,0.2217298],"r":[9.006731,299.1104,195.5722],"s":[0.08000003,0.08000008,0.08000004],"c":[1,1,1]}]}]}