{"v":7,"p":[{"b":190,"s":[{"p":[-0.05876049,-0.02433608,0.05842398],"r":[337.1848,56.09745,315.1461],"s":[0.0216785,0.02984495,0.01067027],"c":[1,0,0.3428572]}]},{"b":190,"s":[{"p":[-0.03224392,0.07739033,-0.05187767],"r":[22.8152,236.0974,224.8539],"s":[0.02167903,0.02984628,0.01067112],"c":[1,0,0.3428572]}]},{"b":189,"s":[{"p":[-0.04634912,0.0237968,-0.00465548],"r":[319.4495,305.0015,300.6853],"s":[0.01298703,0.0135047,0.01213375],"c":[1,0,0.3428572]}]}]}