{"v":7,"a":[31],"p":[{"t":2,"a":[29],"im":"954095427569543992/3FBC430BD430E5D1F93CE88A9516C21ADC1BB2C9/","s":[{"p":[0,0,0],"r":[0,0,0],"s":[0.5158591,0.5158591,0.2589613],"c":[1,1,1]}]}]}