{"v":7,"a":[7,18],"p":[{"s":[{"p":[0,0,0],"r":[0,0,-4.378969E-13],"s":[2.1734,2.866473,0.1720551],"c":[1,1,1]}]}]}