{"v":7,"p":[{"b":12,"t":10,"t1":45,"s":[{"p":[0,0,0],"r":[0,0,0],"s":[0.8077015,0.06000375,6.962075],"c":[0.222222,0.222222,0.222222],"t1":{"c":[0,0,0],"x":0.6510447,"y":0.10177,"a":0.8011883,"m":0,"n":0,"r":0.5060263,"g":0.5089645,"o":0.5,"t":0.5,"e":0.5}}]},{"b":12,"s":[{"p":[-0.2033051,0.03154495,-1.305865],"r":[2.003583E-05,89.99999,-2.442666E-12],"s":[4.866445,0.008960942,0.02795114],"c":[0.9777778,1,0.2222221]}]},{"b":12,"s":[{"p":[-0.01915348,0.03039785,-1.313162],"r":[2.003583E-05,89.99999,-2.442666E-12],"s":[4.867081,0.008960906,0.02795543],"c":[0.9777778,1,0.2222221]}]},{"b":12,"t1":45,"s":[{"p":[1.210681,0.06140352,37.77969],"r":[354.9369,357.8362,2.476549],"s":[0.8084308,0.06001372,6.968391],"c":[0.2222219,0.2222219,0.2222219],"t1":{"c":[0,0,0],"x":0.6863588,"y":0.3342785,"a":0.8925,"m":0,"n":0,"r":0,"g":0,"o":0.5,"t":0.5,"e":0.5}}]}]}