{"v":7,"a":[22,18],"p":[{"b":11,"t1":21,"c":[[-3.319,1.483,-0.6,1,6,10,1,3,1,2],[-1.475,-0.461,-0.735,3,6,3],[-1.105,-0.501,-0.74,2,11,3]],"s":[{"p":[0,0,0],"r":[0,0,1.707547E-06],"s":[0.001000121,0.07786918,0.08340892],"c":[1,1,1],"t1":{"c":[0.6666667,0.6666667,0.6666667],"x":0.17,"y":0.1884507,"a":0,"m":0.5,"n":0.5,"r":0,"g":0,"o":0.5,"t":0.5,"e":0.5}}]}]}