{"v":7,"a":[7,18],"p":[{"b":86,"t1":44,"s":[{"p":[0,0,0],"r":[0,0,0],"s":[0.07500459,0.04909991,0.0750027],"c":[0.5555556,0.435626,0.3086419],"t1":{"c":[0.5555556,0.4656084,0.3703703],"x":0.3637815,"y":0.6179268,"a":0.8925,"m":0,"n":0,"r":0,"g":0,"o":0.5,"t":0.5,"e":0.5}}]}]}