{"v":7,"p":[{"id":"5bf7bdd1da0c3622f471dc72","pr":1,"s":[{"p":[0.02665329,0.01549827,-0.1189617],"r":[8.656702,302.1803,1.877638],"s":[0.1750023,0.1750026,0.1750017],"c":[1,1,1],"pr":{"c":[1,0,0.3428573],"m":0.25,"a":0.25,"s":0.15,"z":0.25,"g":0.5,"h":0.25}}]},{"pr":1,"t2":43,"ac":{"id":"5bf7bdd1da0c3622f471dc72","c":8},"c":[[-0.69,0.617,0.768,3,6,8],[-2.173,-0.799,0.058,1,13,2]],"s":[{"p":[-0.005989552,-0.02533548,0.1513056],"r":[356.0663,246.4689,271.9539],"s":[0.1575291,0.2003507,0.1650494],"c":[1,1,1],"t2":{"c":[0.9714286,1,0],"x":0.5,"y":0.5,"a":0.8925,"m":0,"n":0,"r":0,"g":0,"o":0.5,"t":0.5,"e":0.5},"pr":{"c":[1,0,0.3428573],"m":0.25,"a":0.25,"s":0.15,"z":0.25,"g":0.5,"h":0.25}}]}]}