{"v":7,"p":[{"im":"82596531517817464/61E44D187E08AF7D9821394B5D1C3B77AC6E2A7C/","s":[{"p":[0,0,0],"r":[0,0,0],"s":[0.1750001,0.175,0.1750001],"c":[1,1,1]}]}]}