{"n":"spawn pad","v":7,"p":[{"a":[12],"s":[{"p":[0,0,0],"r":[0,0,0],"s":[0.4908295,0.1750026,0.4175207],"c":[1,1,1]}]}]}