{"v":7,"p":[{"b":86,"t":1,"s":[{"p":[0,0,0],"r":[0,0,0],"s":[0.04047836,0.07762822,0.03853388],"c":[1,0.7904761,0.3333332]}]},{"b":5,"t":1,"s":[{"p":[-0.01319233,-0.124062,-0.01812405],"r":[271.8228,240.4481,56.09394],"s":[0.007989155,0.01050225,0.1812588],"c":[1,0.7904761,0.3333332]}]}]}