{"v":7,"inc":[["thing","5bf8dd00021a9d67791477b5"],["thing 2","5bf8dd2a0c7e4e63ff0b4e02"],["doo","5bf8dd46c8f9ed644c751625"]],"p":[{"s":[{"p":[0,0,0],"r":[0,0,0],"s":[0.1750001,0.175,0.175],"c":[1,1,1],"b":["when touches hand then emit doo","when touches hand then become 2 in 0.5"]},{"p":[0,0,0],"r":[0,0,0],"s":[0.1750001,0.175,0.175],"c":[1,0.6666666,0.7809524],"b":["when touches hand then emit doo"]}]}]}