{"v":7,"a":[7,18],"p":[{"t":7,"a":[12],"s":[{"p":[0,0,0],"r":[0,0,0],"s":[0.1749998,0.1750001,0.1750007],"c":[1,1,1],"b":["when talked from then tell body talk"]}]}]}