{"v":7,"a":[7],"p":[{"b":11,"s":[{"p":[0,0,0],"r":[0,0,0],"s":[1.002712,0.9452039,0.3373962],"c":[1,1,1]}]}]}