{"n":"earth","v":7,"a":[22,20],"p":[{"b":73,"t":2,"im":"964229794231353492/2319ECDB9E00B838DE26E09A110BE6E72819C20F/","s":[{"p":[0,0,0],"r":[0,0,0],"s":[0.2250953,0.2252011,0.2251306],"c":[1,1,1],"b":["when starts then set constant rotation to 0 2 0"]}]}]}