{"v":7,"a":[22],"p":[{"t":1,"s":[{"p":[-0.0007910286,-0.004052825,-0.00187249],"r":[-7.683962E-06,7.043632E-06,-9.604958E-07],"s":[0.004753821,0.09133588,0.1260703],"c":[0.4444443,0.4444443,0.4444443]}]},{"b":20,"e":"NOT","s":[{"p":[-0.004710065,-0.05193311,-0.01773231],"r":[-1.024528E-05,90,157.5],"s":[0.003000882,0.003000502,0.003000934],"c":[1,0,0]}]},{"b":18,"e":"DEATH STAR PLANS","s":[{"p":[-0.003935348,-0.01590233,-0.0485482],"r":[-1.388531E-05,90.00001,180],"s":[0.001000162,0.001000075,0.001000158],"c":[1,0,0]}]},{"b":5,"t":1,"s":[{"p":[-0.001786112,0.01347765,-0.001910412],"r":[-1.388531E-05,90.00001,180],"s":[0.01837912,0.01044309,0.006044413],"c":[1,0,0]}]}]}