{"v":7,"a":[7,13,18],"p":[{"s":[{"p":[0.01866255,5.985135,3.33786E-06],"r":[0,0,0],"s":[0.07324897,2.627414,3.113808],"c":[1,1,1]}]},{"s":[{"p":[2.412843,-1.513054,5.960464E-07],"r":[-8.964187E-08,-8.964184E-08,270],"s":[0.07332402,4.862637,3.168524],"c":[1,1,1]}]},{"s":[{"p":[0.01866072,1.006607,3.218651E-06],"r":[0,0,0],"s":[0.07324456,5.106641,3.117021],"c":[1,1,1]}]}]}