{"v":7,"a":[1,2,24],"inc":[["thing","5bb40cd6b529eb09ad3e0dfd"]],"bod":{"al": {"i":"5bb40cc7b610666cb5b2fa0d","p":[-0.03636502,-0.03770172,-0.2352349],"r":[14.65356,20.40436,78.71519]},"ar": {"i":"5bb40cc7b610666cb5b2fa0d","p":[0.002632277,-0.0286194,-0.1981548],"r":[355.987,334.348,314.4666]}},"p":[{"b":194,"t":22,"a":[3],"im":"940581287384348710/65369BEA4DD51474667B80088D946CC8F9F3959F/","s":[{"p":[0,0,0],"r":[0,0,0],"s":[0.01054884,0.01054884,0.01054884],"c":[1,1,1],"b":["when consumed then play female pain scream 2, then change head to thing, then add crumbles, then destroy all parts"]}]}]}