{"v":7,"a":[22,31],"p":[{"a":[23],"s":[{"p":[0,0,0],"r":[0,0,0],"s":[1.183565,0.4717579,0.02324591],"c":[0.3333332,0.2984126,0.2222221]}]},{"t":4,"a":[23,32],"s":[{"p":[-0.5993738,8.046627E-06,-0.6047208],"r":[8.537737E-06,90.00001,90],"s":[0.4733236,1.233265,0.01881951],"c":[0.4836904,0.4230886,0.3275332]}]},{"t":4,"a":[32],"s":[{"p":[-0.2489977,-0.2448572,-0.6047215],"r":[90,-1.001791E-05,0],"s":[0.653282,1.233657,0.01883893],"c":[0.4836904,0.4230886,0.3275332]}]},{"t":4,"a":[32],"s":[{"p":[-0.2829306,-0.2448572,-0.6047214],"r":[90,-1.001791E-05,0],"s":[0.6532229,1.233581,0.01883535],"c":[0.4836904,0.4230886,0.3275332]}]}]}