{"v":7,"p":[{"b":112,"e":"S. S. PENIS MGEE","t1":38,"s":[{"p":[0,0,0],"r":[0,0,0],"s":[0.02028233,0.02028233,0.02028234],"c":[0.4444443,0.4134037,0.3456789],"t1":{"c":[1,0.9301587,0.7777778],"x":0.5,"y":0.5,"a":0.8925,"m":0,"n":0,"r":0,"g":0,"o":0.5,"t":0.5,"e":0.5}}]}]}