{"n":"shot glass decoration","v":7,"a":[7,18,21],"p":[{"b":5,"t":7,"s":[{"p":[-0.0001239777,0,0.01127601],"r":[0,0,1.366038E-05],"s":[0.0213608,0.02179721,0.008731986],"c":[1,1,1]}]},{"b":202,"t":7,"s":[{"p":[-0.0001969337,0.0001010895,0.03248131],"r":[90,-9.659345E-06,0],"s":[0.016852,0.02445532,0.01678386],"c":[1,1,1]}]}]}