{"v":7,"a":[1],"p":[{"b":3,"su":[{"i":"5bfa8fe6da0c362e408a8547","t":"5bfa9091c75fcf650fdfb5eb","p":[0.2426935,-0.4739321,0.2520382],"r":[282.499,41.5107,321.6432]},{"i":"5bfa92061baf530968102090","t":"5bfa9091c75fcf650fdfb5eb","p":[0.2426935,-0.4739319,0.2520377],"r":[282.499,41.51067,321.6432]}],"s":[{"p":[0,0,0],"r":[0,0,0],"s":[0.03824233,0.04332785,0.0376378],"c":[1,1,1],"b":["when touched then become next"]},{"p":[0.33774,0.06441198,0.1819811],"r":[2.933581,48.89495,25.07451],"s":[0.03824233,0.04332786,0.03763782],"c":[1,1,1],"b":["whenwhen touched then become next in 1s"]}]}]}