{"n":"finger joint","v":7,"a":[7,31],"p":[{"b":149,"t":11,"t1":58,"s":[{"p":[0,0,0],"r":[0,0,-3.828216E-20],"s":[0.008478398,0.008475785,0.008479458],"c":[0.4444443,0.4035272,0.3950616],"t1":{"c":[0.2222221,0.1813051,0.1728394],"x":0.5,"y":0.5,"a":0.8925,"m":0,"n":0,"r":0,"g":0,"o":0.5,"t":0.5,"e":0.5}}]}]}