{"v":7,"a":[2,9],"tp_d": 0.2,"p":[{"b":3,"a":[5,8],"s":[{"p":[-0.0567175,0.0660861,0.05891744],"r":[349.8138,354.9283,357.0591],"s":[0.02779943,0.02557187,0.02375455],"c":[0.6320988,0.1975307,0.8888889],"b":["when touched then play trumpet a sharp 3","when touched then stream to nearest","when touched then loop fire"]},{"p":[0,0,0],"r":[0,0,0],"s":[0.02779943,0.02557188,0.02375454],"c":[0.2592591,0.7777778,0.6444444]},{"p":[0,0,0],"r":[0,0,0],"s":[0.02779943,0.02557188,0.02375454],"c":[0.2592591,0.7777778,0.6444444]}]}]}