{"v":7,"p":[{"b":150,"s":[{"p":[-0.02453033,0.01196731,-0.03159819],"r":[5.364449,356.143,0.789255],"s":[0.5852737,0.06000019,0.1548567],"c":[0.6666667,0.6666667,0.6666667]}]},{"s":[{"p":[-0.7226549,0.02143395,-0.04099923],"r":[274.8691,357.9717,356.1936],"s":[0.2995875,0.1185599,0.0254956],"c":[1,1,1]}]},{"s":[{"p":[-0.1515339,0.02730666,0.01440391],"r":[273.9951,352.8805,1.964594],"s":[0.2995875,0.1185599,0.02549564],"c":[1,1,1]}]},{"s":[{"p":[0.4421939,0.03493335,0.08237694],"r":[276.628,353.2078,5.145262],"s":[0.2995877,0.1185599,0.02549564],"c":[1,1,1]}]}]}