{"v":7,"p":[{"b":3,"c":[[-0.816,0.364,0.394,27],[0.022,-0.403,0.695,30],[0.612,0.467,-0.641,13,31],[0.395,0.56,-0.121,15,30],[0.001,-0.045,0.936,29]],"cx":0,"s":[{"p":[-0.6731751,0.07418197,-0.2585557],"r":[42.4577,201.6767,189.7551],"s":[0.1005835,0.1105137,0.1276391],"c":[1,1,1],"b":["when touched then become next in 5s"]},{"p":[-0.5608791,-0.07714918,-0.2576089],"r":[343.6064,359.4986,353.9985],"s":[0.09981439,0.1132324,0.139166],"c":[1,1,1],"b":["when starts then become previous in 5s"]}]}]}