{"v":7,"p":[{"b":9,"c":[[-0.5,0.6,-0.5,27,15,28,27,16],[0.1,0.8,-0.5,24,15,49,16,45],[-0.4,0.3,-1.1,13,58,2,3,20,3],[0.2,0.5,-1.1,10,4,73,3,11,1],[0.5,0.5,-0.6,26,63,2,3,43,1],[-0.7,0.1,-0.6,4,13,52,3,38,1],[0,0.8,0.1,40,103,2,3,29,3],[-0.4,0.7,0.1,28,16,97,3,47,1],[0.4,0,-0.8,7,4,67,3,11,1],[-0.3,-0.3,-0.8,2,3,60,1,8,1],[0.8,-0.1,-0.4,21,15,43,16,45],[-0.5,-0.6,-0.4,3,12,15,38,54],[-0.2,0.7,-0.5,29,69,2,3,43,1],[0.1,-0.3,-0.6,1,7,52,3,20,1],[0,0,-0.9,0,6,3,3,65],[0.551,0.725,0.009,25,16,91,3,47,1],[0.859,0.336,0.06,37,97,2,3,29,3],[0.652,0.473,0.439,51,82,36,16,45],[-0.874,0.251,0.004,43,64,2,3,74,3],[-0.863,-0.249,0.027,16,16,73,3,47,1],[-0.832,-0.003,0.431,57,49,52,29,16],[-0.212,0.764,0.429,54,88,36,16,45],[-0.631,0.438,0.489,59,129,2,3,43,1],[0.243,0.711,0.483,56,123,2,3,43,1],[0.419,0.297,0.816,52,161,3,8,2,3],[-0.496,-0.002,0.806,58,139,2,3,29,3],[-0.016,-0.011,0.948,196,9,9,9,9],[-0.132,0.444,0.79,55,167,3,8,2,3]],"s":[{"p":[0.0004124856,-0.02239987,-0.08589125],"r":[334.379,23.19573,51.08565],"s":[0.1250025,0.1250017,0.1250025],"c":[1,0.8380952,0.6666666]}]},{"b":250,"c":[[-0.022,-0.818,-1.303,44,2,39,3],[-0.248,-0.318,-0.462,22,21,43,10],[0.125,-0.226,-0.567,21,26,37,26],[0.026,0.077,-0.028,54,2,35,3],[0.135,0.045,-0.025,28,27,37,19],[-0.171,0.079,-0.02,29,21,40,11],[-0.183,-0.167,-0.012,38,15,42,10],[0.16,-0.075,-0.034,39,18,36,26],[0.131,-0.069,-0.022,13,12,52,36],[-0.502,-1.206,0.323,1,8,52,3],[-0.415,-0.891,-0.207,2,49,12,37],[-0.307,-0.364,-0.221,0,42,20,35],[0.216,-0.246,-0.156,12,37,17,43],[0.292,-0.79,-0.152,18,30,20,47],[0.405,-1.078,0.393,11,8,48,3],[-0.272,-0.134,-0.029,4,23,45,27],[-0.213,-0.562,-0.152,7,28,45,27],[0.225,-0.365,0.041,16,21,44,36],[-0.42,-0.543,0.047,8,44,13,41],[0.009,-0.19,-0.033,34,2,43,3],[0.352,-0.672,0.303,15,44,10,49],[0.359,-0.7,0.24,10,48,13,41],[0.209,-0.732,-0.402,32,13,44,25],[-0.33,-0.892,-0.535,31,9,47,17],[-0.432,-0.943,-0.174,5,36,19,43],[0.127,-0.074,-0.232,14,6,55,33],[-0.141,0.104,0.104,24,2,47,3],[-0.171,0.056,-0.232,3,20,51,24],[-0.291,-0.223,-0.163,6,24,48,24]],"s":[{"p":[-0.1053753,-0.0006566197,-0.1165159],"r":[333.1217,20.67156,68.82665],"s":[0.2400029,0.07229487,0.1265619],"c":[0,0,0]}]}]}