{"n":"upperarm","v":7,"a":[12],"p":[{"b":180,"i":[{"t":"5c020ae70c7e4e63ff0b4fca","p":[0.01937343,0.003746883,0.1812518],"r":[86.24574,203.0722,99.14952]}],"s":[{"p":[0,0,0],"r":[0,0,0],"s":[0.05092272,0.05647523,0.1000898],"c":[1,0.5142855,0],"b":["when starts then face nearest handpart"]}]}]}