{"v":7,"a":[7],"p":[{"a":[1],"s":[{"p":[0,0,0],"r":[0,0,0],"s":[9.775932,0.01817492,17.14154],"c":[1,1,1]}]}]}