{"v":7,"a":[1],"p":[{"b":5,"s":[{"p":[0,0,0],"r":[0,0,0],"s":[0.009656176,0.009656206,0.009656198],"c":[0.7777778,0,0.2666667],"b":["when touches hand then is area.gerard = 1","when touches hand then become 2 in 0.5s"]},{"p":[0,0,0],"r":[0,0,0],"s":[0.009656176,0.009656206,0.0006561971],"c":[0.7777778,0,0.2666667],"b":["when touches hand then is area.gerard = 0","when touches hand then become 1 in 0.5s"]}]},{"s":[{"p":[-0.001004285,0.0003226865,-0.004496392],"r":[51.84847,276.1475,271.1746],"s":[0.03357279,0.006438703,0.03357281],"c":[0.111111,0.111111,0.111111]}]}]}