{"v":7,"p":[{"s":[{"p":[0,0,0],"r":[0,0,0],"s":[0.175,0.09835943,0.1750001],"c":[1,1,1]}]},{"b":10,"a":[36],"s":[{"p":[-0.003003627,0.05945967,0.009522606],"r":[347.171,0.8124544,1.885361],"s":[0.03571649,0.05191333,0.02395068],"c":[1,0,0],"b":["when touches hand then become next"]},{"p":[-0.003003627,0.05945967,0.009522606],"r":[347.171,0.8124545,1.885361],"s":[0.03571649,0.05191333,0.02395068],"c":[0,0.2285712,1],"b":["when touches hand then become next in 2","when starts then send one nearby to current"]}]}]}