{"v":7,"a":[1,2,16,17,20],"p":[{"b":166,"s":[{"p":[0,0,0],"r":[0,0,4.268868E-07],"s":[0.0300001,0.01769628,0.03000018],"c":[0.4444443,0.3358023,0.09876534]}]}]}