{"v":7,"a":[7,18],"p":[{"b":68,"s":[{"p":[0,0,0],"r":[0,0,0],"s":[0.2212928,0.107578,0.134604],"c":[1,1,1]}]},{"b":68,"s":[{"p":[2.356246E-07,-0.01339459,-0.1511664],"r":[0,0,0],"s":[0.1635912,0.0946967,0.2202114],"c":[1,1,1]}]}]}