{"v":7,"p":[{"s":[{"p":[0,0,0],"r":[0,0,0],"s":[1.489319,0.04966348,0.6376124],"c":[1,1,1]}]}]}