{"v":7,"a":[1,7,18],"p":[{"a":[31],"su":[{"i":"5bfa944fda0c362e408a854d","t":"5c01713f75b22a64fb6e037e","p":[1.585058,-1.583981,-14.04323],"r":[1.001792E-05,90,1.001791E-05]},{"i":"5bfa95fada0c362e408a8558","t":"5bfa96b31171b26459736912","p":[1.475902,-1.14794,-13.51056],"r":[0,90,270]},{"i":"5c0baefada0c360cbc1eb115","t":"5c0baf31525b89055c86605a","p":[0.4501977,-2.489731,-18.14787],"r":[0,1.001791E-05,1.001791E-05]}],"s":[{"p":[0,0,0],"r":[0,0,0],"s":[0.09683421,0.04997235,0.1199342],"c":[1,1,1],"b":["when touched then become next in 2"]},{"p":[0.004681743,3.276881,0.5050338],"r":[-1.001792E-05,8.757943E-13,-1.001791E-05],"s":[0.0968883,0.04997707,0.1199876],"c":[1,1,1],"b":["when touched then become next in 2"]}]}]}