{"v":7,"a":[2,9,17,21],"p":[{"b":3,"a":[29],"pr":1,"t1":4,"s":[{"p":[0.003173613,-0.007255381,-0.01427669],"r":[0.4134924,0.9690198,0.02331065],"s":[0.03091556,0.03091558,0.03091547],"c":[1,0.8571429,0],"b":["when touches hit1 then tell any 1, become next in 0s","when touches hit2 then tell any 2, become next in 0s"],"t1":{"c":[0.3333333,0.1386243,0.03703704],"x":0.17,"y":0.17,"a":0.69625,"m":0.5,"n":0.5,"r":0,"g":0,"o":0.5,"t":0.5,"e":0.5},"pr":{"c":[1,0.6857142,0],"m":0.25,"a":0.25,"s":0.15,"z":0.25,"g":0.5,"h":0.25}},{"p":[0,0,0],"r":[0,0,1.067217E-06],"s":[0.03091553,0.03091556,0.03091546],"c":[1,0,0],"b":["when starts then destroy all parts"],"t1":{"c":[0,0,0],"x":0.17,"y":0.17,"a":0.69625,"m":0.5,"n":0.5,"r":0,"g":0,"o":0.5,"t":0.5,"e":0.5},"pr":{"c":[1,0.6857142,0],"m":0.25,"a":0.25,"s":0.15,"z":0.25,"g":0.5,"h":0.25}}]}]}