{"v":7,"p":[{"b":9,"s":[{"p":[0,0,0],"r":[0,0,8.537737E-07],"s":[0.125,0.7490004,0.125],"c":[1,1,1]}]},{"b":3,"s":[{"p":[-0.07213371,-0.5993184,-0.0618543],"r":[13.18665,21.16095,19.64686],"s":[0.1250003,0.1250001,0.1250003],"c":[1,1,1]}]},{"b":3,"s":[{"p":[0.1066165,-0.5876971,0.005531639],"r":[27.75377,6.340683,353.891],"s":[0.1250002,0.125,0.1250002],"c":[1,1,1]}]}]}