{"v":7,"a":[36],"p":[{"c":[[-0.498,13.388,-0.463,5,6,7]],"s":[{"p":[0,0,0],"r":[0,0,0],"s":[1.943344,0.003160669,1.453042],"c":[1,1,1]}]}]}