{"v":7,"a":[1,2,4,49],"p":[{"b":17,"s":[{"p":[0.05232657,0.1771377,-0.117984],"r":[18.64672,350.9271,47.27095],"s":[0.06000006,0.06000002,0.06000004],"c":[1,1,1]}]},{"s":[{"p":[-0.1424253,0.02273148,-0.02245702],"r":[47.53476,320.8937,23.60201],"s":[0.1750002,0.175,0.1750001],"c":[1,1,1]}]}]}