{"n":"balance","v":7,"a":[7,18,31],"p":[{"b":10,"s":[{"p":[0,0,0],"r":[0,0,0],"s":[0.02662472,0.02662377,0.02662314],"c":[1,1,1]}]}]}