{"v":7,"p":[{"i":[{"t":"5c12cf048b6b590550446646","p":[0.005996121,-0.03270235,-0.07458062],"r":[8.328865,200.9572,75.04057]},{"t":"5c12cd65638de76f667e8ba9","p":[-0.102702,-0.08274889,-0.3506046],"r":[1.731348,200.6594,91.62811]},{"t":"5c12cd8bfbec9a3178ec631d","p":[-0.5173421,-0.05590326,-0.5791427],"r":[280.1616,125.2216,310.8287]}],"s":[{"p":[0,0,0],"r":[0,0,0],"s":[0.1750004,0.1750002,0.1750001],"c":[1,1,1]}]}]}