{"v":7,"a":[7,18],"p":[{"s":[{"p":[0,0,0],"r":[0,0,0],"s":[0.006757632,0.1079851,0.175001],"c":[1,1,1]}]}]}