{"v":7,"p":[{"b":3,"t":12,"s":[{"p":[0,0,0],"r":[0,0,-3.415095E-06],"s":[0.07283248,0.07400534,0.07272299],"c":[1,0.5142855,0]}]},{"b":5,"t":12,"s":[{"p":[-0.0751668,-0.0002033934,-0.01236611],"r":[3.234185,260.982,80.39359],"s":[0.009826499,0.01038344,0.02162856],"c":[0,0,0]}]},{"b":59,"t":12,"s":[{"p":[-0.102084,0.002123535,-0.01125677],"r":[78.0724,316.1376,146.365],"s":[0.02449319,0.08522064,0.02023242],"c":[0,0,0]}]}]}