{"v":7,"p":[{"a":[12,31,36],"i":[{"t":"5c12ea71c97b2a05475cc514","p":[-0.3419247,0.4124816,0.05323921],"r":[5.443474,4.328393,17.00488]}],"s":[{"p":[0.278717,-0.5175794,0.06221685],"r":[353.7454,358.5697,339.3389],"s":[0.175,0.1750001,0.1750001],"c":[1,1,1],"b":["when told rotate then become 2 in 1s"]},{"p":[0.278717,-0.5175794,0.06221685],"r":[353.7454,358.5697,69.33883],"s":[0.175,0.1750001,0.1750001],"c":[1,1,1],"b":["when starts then become next in 5"]},{"p":[0.278717,-0.5175794,0.06221685],"r":[353.7454,358.5697,69.33883],"s":[0.175,0.1750001,0.1750001],"c":[1,1,1],"b":["when starts then become 1 in 1s"]}]}]}