{"v":7,"a":[21],"p":[{"b":9,"s":[{"p":[-0.05176907,-0.03819412,-0.1119432],"r":[353.1129,23.21529,9.859671],"s":[0.01767404,0.02059755,0.06795135],"c":[1,1,1]}]},{"b":9,"s":[{"p":[-0.05605096,-0.05117387,-0.2180337],"r":[356.8359,342.8002,19.25502],"s":[0.01767398,0.02059762,0.06795145],"c":[1,1,1]}]}]}