{"v":7,"p":[{"s":[{"p":[0,0,0],"r":[0,0,0],"s":[0.3761477,0.04226173,0.3221875],"c":[1,1,1]}]},{"s":[{"p":[-1.008972,-0.02413617,-0.6377978],"r":[356.2844,359.7147,358.7864],"s":[0.3761483,0.04226176,0.3221881],"c":[1,1,1]}]}]}