{"v":7,"p":[{"a":[1],"s":[{"p":[0,0,0],"r":[0,0,0],"s":[1.081019,0.1141046,0.79325],"c":[1,1,1]}]}]}