{"v":7,"p":[{"s":[{"p":[0,0,0],"r":[0,0,0],"s":[0.1750005,0.1750003,0.03343643],"c":[0,1,0.5714287],"b":["when starts then become next in 1s"]},{"p":[0,0,0],"r":[0,0,0],"s":[0.1750005,0.1750003,0.1626463],"c":[0,0.05714255,1],"b":["when starts then become next in 1s"]}]}]}