{"v":7,"p":[{"b":38,"s":[{"p":[-0.1281821,0.2422478,0.02519717],"r":[18.27178,105.703,96.74995],"s":[0.1250004,0.1250001,0.1250004],"c":[1,1,1]}]}]}