{"v":7,"p":[{"b":3,"s":[{"p":[0,0,0],"r":[0,0,0],"s":[0.125,0.125,0.1249999],"c":[1,1,1]}]},{"b":8,"s":[{"p":[0.005822863,0.05846924,-0.08620167],"r":[11.19009,95.07758,325.3342],"s":[0.04230149,0.0723213,0.0543763],"c":[1,1,1]}]},{"b":57,"s":[{"p":[-0.03482057,0.1021428,-0.02333578],"r":[344.7661,4.170999,17.6514],"s":[0.0118441,0.06271027,0.01246105],"c":[1,1,1]}]},{"b":57,"s":[{"p":[0.06503152,0.08471361,-0.03692],"r":[328.5696,346.3802,336.6105],"s":[0.01184408,0.06271029,0.01246105],"c":[1,1,1]}]}]}