{"v":7,"a":[22,20],"p":[{"im":"911295124773527459/12F2E4D0DF1C8E4F76441C1C86DF53A56AA4D5D6/","s":[{"p":[0,0,0],"r":[0,0,0],"s":[2.714756,1.288369,4.930096],"c":[1,1,1]}]}]}