{"v":7,"a":[22,50],"tp_lp": [1,1,1],"tp_lp": [1,1,1],"tp_lr": [0,1,1],"p":[{"s":[{"p":[0.006930274,0.06472141,0.3582138],"r":[359.8875,180.0588,0.1234238],"s":[0.6793043,0.1937027,0.6775115],"c":[0.5555556,0.4391533,0.1851851]}]},{"b":205,"a":[12],"s":[{"p":[0,0,0],"r":[-5.883021E-10,1.707547E-05,8.840415E-09],"s":[0.04500896,0.04500515,0.04500959],"c":[1,1,1]}]},{"s":[{"p":[0.01537186,-0.01946617,0.7048964],"r":[270,180,0],"s":[0.09080175,0.0154526,0.175013],"c":[1,1,1]}]}]}