{"v":7,"a":[31,49],"p":[{"t":18,"t1":13,"s":[{"p":[0,0,0],"r":[0,0,0],"s":[4.319646,4.319654,4.319653],"c":[0,1,1],"t1":{"c":[0,0.8888889,0.8888889],"x":0.17,"y":1,"a":0.8925,"m":0.5,"n":0.5,"r":0,"g":1,"o":0.5,"t":0.5,"e":0.5}}]}]}