{"v":7,"p":[{"b":23,"t":2,"e":"Is holdable now","s":[{"p":[0,0,0],"r":[0,0,0],"s":[0.00404034,0.004040312,0.004040329],"c":[1,1,1]}]}]}