{"v":7,"a":[7,31],"p":[{"s":[{"p":[0,0,0],"r":[0,0,0],"s":[0.4475217,0.4475165,0.4475526],"c":[1,1,1]}]}]}