{"v":7,"p":[{"b":3,"t":3,"s":[{"p":[0,0,0],"r":[0,0,0],"s":[0.2303941,0.1250006,0.3958525],"c":[1,1,1]}]}]}