{"v":7,"p":[{"s":[{"p":[0,0,0],"r":[0,0,0],"s":[1.019461,0.1107183,0.1750013],"c":[1,1,1]}]}]}