{"v":7,"p":[{"a":[1],"s":[{"p":[0,0,0],"r":[0,0,0],"s":[3.048021,0.1750004,2.208171],"c":[1,1,1]}]}]}