{"v":7,"p":[{"im":"957476932117487557/46B9EEE29987B5E216D337DDE79429BC282671C2/","s":[{"p":[0,0,0],"r":[0,0,0],"s":[0.4325796,0.001,0.4325796],"c":[1,1,1]}]}]}