{"v":7,"a":[7],"p":[{"s":[{"p":[0,0,0],"r":[0,0,0],"s":[38.80099,52.56968,0.3996443],"c":[1,1,1]}]}]}