{"v":7,"a":[48],"p":[{"a":[12],"s":[{"p":[0,0,0],"r":[0,0,0],"s":[0.06120151,0.05973928,0.05834058],"c":[1,1,1],"b":["when touched then send one nearby to deaddead12"]}]},{"a":[12],"s":[{"p":[-0.001962848,0.07680089,-0.004805304],"r":[0.1317707,358.1116,1.042324],"s":[0.06120158,0.05973934,0.05834066],"c":[1,1,1]}]},{"a":[12],"s":[{"p":[0.002911481,-0.07349633,-0.006080307],"r":[2.288734,357.9987,1.285428],"s":[0.06120161,0.05973937,0.05834072],"c":[1,1,1]}]}]}