{"v":7,"a":[5,7,18],"p":[{"t1":13,"t2":75,"s":[{"p":[0,0,0],"r":[0,0,0],"s":[0.1750127,2500,473.538],"c":[1,1,1],"t1":{"c":[0.3086419,0.4074072,0.5555556],"x":0.1677789,"y":0.17,"a":0.8925,"m":0.5,"n":0.5,"r":0,"g":0,"o":0.5,"t":0.5,"e":0.5},"t2":{"c":[0.2222221,0.3999997,0.6666667],"x":0.1199312,"y":0.6603537,"a":0.8925,"m":0,"n":0,"r":0,"g":0,"o":0.5,"t":0.5,"e":0.5}}]}]}