{"v":7,"p":[{"b":3,"t1":36,"t2":59,"s":[{"p":[0,0,0],"r":[0,0,3.415095E-06],"s":[0.1250001,0.1282487,0.1758097],"c":[0.3333332,0.3174602,0.2222221],"t1":{"c":[0.1111111,0.09876538,0.02469136],"x":0.5,"y":0.5,"a":0.8925,"m":0,"n":0,"r":0,"g":0,"o":0.5,"t":0.5,"e":0.5},"t2":{"c":[0.1111111,0.1040564,0.06172835],"x":0.5,"y":0.5,"a":0.8925,"m":0,"n":0,"r":0,"g":0,"o":0.5,"t":0.5,"e":0.5}}]}]}