{"v":7,"a":[1,2,14],"p":[{"b":5,"s":[{"p":[0.005492395,0.0510225,-0.3204867],"r":[20.24599,357.524,353.3059],"s":[0.02996433,0.02580599,0.1516481],"c":[0.2222221,0.3333332,0.3333332]}]},{"b":3,"s":[{"p":[-0.009124651,0.01452203,0.01650916],"r":[1.089017,358.1264,18.80393],"s":[0.1647969,0.1591903,0.3196889],"c":[0.148148,0.2222221,0.2222221]}]},{"b":3,"s":[{"p":[0.003196955,0.1568922,-0.5214034],"r":[31.53494,359.9035,12.66396],"s":[0.1647969,0.1093789,0.2379195],"c":[0.148148,0.2222221,0.2222221]}]}]}