{"v":7,"p":[{"b":166,"s":[{"p":[0.002313114,-0.01975738,0.002562667],"r":[358.3714,358.8324,349.3026],"s":[0.03000022,0.03000022,0.03000021],"c":[1,1,1]}]},{"b":166,"s":[{"p":[-0.000402756,-0.2108828,-0.00938458],"r":[348.8543,0.9386654,307.0112],"s":[0.02999993,0.01212946,0.02999983],"c":[1,1,1]}]},{"b":166,"s":[{"p":[-0.06833432,-0.19189,0.01198749],"r":[7.516469,1.998248,18.68436],"s":[0.03000009,0.01212952,0.03000003],"c":[1,1,1]}]},{"b":18,"e":"PUT THIS ON YOUR  BODY","s":[{"p":[-0.08560495,0.1492177,0.004741621],"r":[4.905211,1.211712,60.89095],"s":[0.004894152,0.004894156,0.004894154],"c":[1,1,1]}]}]}