{"v":7,"a":[7],"p":[{"b":5,"t":1,"s":[{"p":[0,0,0],"r":[0,0,0],"s":[0.03207707,0.03232547,0.03087986],"c":[0.5555556,0.5555556,0.5555556]}]},{"b":69,"t":1,"s":[{"p":[0.0001550916,0.004445643,0.0007804937],"r":[90,-1.448902E-05,0],"s":[0.01536363,0.01292635,0.01287301],"c":[0.6666667,0.6666667,0.6666667]}]}]}