{"v":7,"a":[7],"p":[{"b":5,"t1":168,"s":[{"p":[0,0,0],"r":[0,0,0],"s":[1.43564,1.310513,0.3952401],"c":[0,0,0],"t1":{"c":[1,0.3428571,0],"a":0.05}}]}]}