{"v":7,"p":[{"b":6,"s":[{"p":[-0.02545561,-0.00214985,0.1279951],"r":[12.46753,341.7621,355.3057],"s":[0.001000013,0.04800581,0.2662738],"c":[1,1,1]}]},{"b":6,"s":[{"p":[0.02100206,0.1522757,0.02135142],"r":[276.3027,43.20324,300.6003],"s":[0.001000013,0.04800595,0.2662744],"c":[1,1,1]}]}]}