{"n":"energy shot","v":7,"a":[1,2,12,14,16,31,38],"tp_m": 0,"p":[{"b":180,"t":20,"a":[5,18],"pr":52,"t1":10,"s":[{"p":[0,0,0],"r":[0,0,0],"s":[0.06261168,0.06261142,0.08583012],"c":[0,0.5714284,1],"b":["when touched then add crumbles","when touched then become 2"],"t1":{"c":[0,0.7428566,1],"a":0.1900328},"pr":{"c":[1,1,1],"m":1,"a":0.2380151,"s":0,"z":0.9674108,"g":0.4830306,"h":0}},{"p":[0,0,0],"r":[0,0,0],"s":[0.1689669,0.1689669,0.1689669],"c":[0,0.5714284,1],"b":["when starts then play laser shot with very-high-pitch, destroy all parts"],"t1":{"c":[0,0.7428566,1],"a":0.1900328},"pr":{"c":[1,1,1],"m":0.25,"a":0.25,"s":0.15,"z":0.25,"g":0.5,"h":0}}]}]}