{"n":"tttt","v":7,"p":[{"b":250,"s":[{"p":[-0.02072743,0.1568001,0.1489744],"r":[336.7646,349.153,3.935803],"s":[0.2400007,0.2400007,0.2400006],"c":[1,1,1]}]},{"b":250,"s":[{"p":[0.3318735,0.1248708,-0.09183429],"r":[349.0653,48.50513,10.11267],"s":[0.2400008,0.240001,0.2400007],"c":[1,1,1]}]},{"b":250,"s":[{"p":[0.1009555,0.0595495,0.04396202],"r":[349.1041,7.012396,7.512956],"s":[0.2400008,0.2400011,0.2400007],"c":[1,1,1]}]},{"b":250,"s":[{"p":[0.4104673,-0.07862507,-0.122191],"r":[7.0613,57.97873,19.15104],"s":[0.240001,0.2400014,0.2400008],"c":[1,1,1]}]}]}