{"v":7,"p":[{"b":5,"t":1,"t1":75,"t2":44,"s":[{"p":[0,0,0],"r":[0,0,0],"s":[0.07180142,0.06822279,2.993814],"c":[0.9714286,1,0],"t1":{"c":[0.2158729,0.2222221,0],"x":0.5,"y":0.5896194,"a":0.8925,"m":0,"n":0,"r":0,"g":0,"o":0.5,"t":0.5,"e":0.5},"t2":{"c":[0.9714286,1,0],"x":0.5,"y":0.6906567,"a":0.8925,"m":0,"n":0,"r":0,"g":0,"o":0.5,"t":0.5,"e":0.5}}]}]}