{"v":7,"p":[{"b":16,"t":9,"s":[{"p":[0,0,0],"r":[0,0,0],"s":[0.04413468,0.06244619,0.0373042],"c":[1,0.1714285,0],"b":["when touched then tell nearby m "]}]}]}