{"v":7,"a":[21],"p":[{"b":73,"t1":5,"s":[{"p":[-0.3168732,0.04125164,0.01706584],"r":[270,337.5,0],"s":[4.641733,4.641787,4.641851],"c":[0.7777778,0.7037037,0.2592591],"t1":{"c":[1,0,0.3428573],"x":0.17,"y":0.08280127,"a":0.69625,"m":0.5,"n":0.5,"r":0,"g":0,"o":0.5,"t":0.5,"e":0.5}}]},{"b":57,"t":7,"s":[{"p":[-0.3317623,0.3590484,0.02259636],"r":[9.39151E-06,-1.536793E-05,-3.415096E-06],"s":[3.220031,0.02063009,3.051607],"c":[0.0617283,0.5132272,0.5555556]}]}]}