{"v":7,"a":[48],"p":[{"b":15,"i":[{"t":"5c22b39ade19833185810459","p":[-0.2574089,-0.2754541,0.2919733],"r":[45.1245,86.82285,167.14]}],"s":[{"p":[0,0,0],"r":[0,0,-8.537734E-07],"s":[0.05154001,0.0484279,0.1250001],"c":[1,1,1],"b":["when told by nearby m then become 2 in 1s"]},{"p":[-1.185904,-1.235352,-0.4984645],"r":[4.960384,346.948,176.5244],"s":[0.05154065,0.04842837,0.1250013],"c":[1,1,1],"b":["when told by nearby m then become 1 in 1s"]}]}]}