{"v":7,"p":[{"s":[{"p":[-0.2336836,0.02526727,0.02274073],"r":[349.132,358.2318,351.2976],"s":[0.03623255,0.06858183,0.210754],"c":[0.7777778,0,0.2666667]}]},{"s":[{"p":[0.01411986,-0.01601623,0.02279973],"r":[350.537,358.8936,357.379],"s":[0.04367164,0.0685817,0.2107537],"c":[0.7777778,0,0.2666667]}]},{"b":37,"s":[{"p":[-0.1943604,0.008488536,-0.1548306],"r":[11.39186,218.7894,12.74258],"s":[0.1250004,0.1250002,0.1250003],"c":[0.7777778,0,0.2666667]}]},{"b":37,"s":[{"p":[-0.0344726,-0.00935632,-0.1618615],"r":[358.0734,241.1854,6.344583],"s":[0.1249999,0.1249999,0.125],"c":[0.7777778,0,0.2666667]}]}]}