{"v":7,"a":[31,48],"p":[{"b":9,"t":3,"s":[{"p":[0,0,0],"r":[0,0,0],"s":[1.264085,1.264085,1.264085],"c":[1,1,1]}]}]}