{"v":7,"p":[{"b":183,"s":[{"p":[0,0,0],"r":[1.707547E-06,-1.908333E-14,-1.28066E-06],"s":[0.05999999,0.05999999,0.05999999],"c":[1,1,1]}]},{"b":174,"s":[{"p":[-0.003431138,0.1534567,-0.01237136],"r":[356.3619,351.6868,1.161224],"s":[0.045,0.04500001,0.04500002],"c":[1,1,1]}]},{"b":167,"s":[{"p":[0.0002838182,0.02284454,0.007929441],"r":[15.04925,12.28931,18.74969],"s":[0.04500002,0.04500005,0.04500004],"c":[1,1,1]}]},{"b":151,"s":[{"p":[-0.1193575,-0.118828,-0.1918367],"r":[302.7906,357.9268,6.221363],"s":[0.06,0.05999999,0.05999999],"c":[1,1,1]}]}]}