{"v":7,"p":[{"b":9,"s":[{"p":[0,0,0],"r":[0,0,-5.602889E-07],"s":[0.1250001,0.1250001,0.125],"c":[1,1,1]}]},{"b":9,"s":[{"p":[-0.2191706,0.2902503,-0.3543634],"r":[304.2314,252.9061,136.2718],"s":[0.1250002,0.1250001,0.1250001],"c":[1,1,1]}]},{"b":14,"s":[{"p":[-0.1129342,0.1409481,-0.1977402],"r":[320.4137,205.1291,167.9343],"s":[0.06000005,0.06000004,0.06000005],"c":[1,1,1]}]},{"b":3,"s":[{"p":[-0.2287592,0.1182211,-0.1524514],"r":[347.8103,280.1771,131.1072],"s":[0.1250001,0.1250001,0.1250001],"c":[1,1,1]}]}]}