{"n":"bouncy ball","v":7,"a":[2,9],"p":[{"b":3,"s":[{"p":[0,0,0],"r":[0,0,0],"s":[0.07773499,0.06942604,0.07006146],"c":[1,0,0]}]}]}