{"v":7,"p":[{"b":152,"t":3,"s":[{"p":[0,0,0],"r":[0,0,4.268869E-07],"s":[0.04000005,0.04000014,0.04000008],"c":[1,1,1]}]}]}