{"v":7,"a":[7],"p":[{"b":129,"t":2,"e":"Prototype Area","s":[{"p":[0.1231118,0.309854,0.06333697],"r":[0,270,270],"s":[0.01157791,0.01157807,0.01157797],"c":[1,1,1]}]},{"t":1,"s":[{"p":[0.1022138,-0.04571583,0.0009456873],"r":[0,0,-8.537737E-06],"s":[0.03344641,0.8914255,0.1766919],"c":[0.2222221,0.2222221,0.2222221]}]}]}