{"v":7,"p":[{"s":[{"p":[0,0,0],"r":[0,0,0],"s":[0.175001,0.2520368,0.6539358],"c":[1,1,1]}]},{"s":[{"p":[-0.4335544,-0.5282182,0.0640319],"r":[358.2737,4.903347,353.9255],"s":[0.1750014,0.2520371,0.6539376],"c":[1,1,1]}]},{"s":[{"p":[-0.7106712,-1.062349,0.1711599],"r":[353.9742,5.458943,355.7744],"s":[0.1750012,0.2520369,0.6539374],"c":[1,1,1]}]},{"s":[{"p":[-1.005456,-1.617541,0.4090512],"r":[20.99245,188.1794,187.678],"s":[0.1750013,0.252037,0.6539372],"c":[1,1,1]}]}]}