{"n":"sing hole","v":7,"a":[2],"p":[{"s":[{"p":[0.3692355,0.41468,0.4789467],"r":[351.5205,3.654668,84.54137],"s":[0.4239972,0.03875238,0.2340888],"c":[0.4444443,0.388007,0.0493826]}]},{"b":97,"e":"\"WHERE IS EVERYTHING?\"","s":[{"p":[0.3271229,0.2827423,0.5994664],"r":[5.275787,93.86781,80.67747],"s":[0.002516733,0.002516729,0.00251673],"c":[1,1,1]}]},{"b":97,"e":"\"IT FELL IN THE HOLE.\"","s":[{"p":[0.3216448,0.2548707,0.49209],"r":[6.413953,90.39241,78.9685],"s":[0.003000007,0.003000007,0.003000008],"c":[1,1,1]}]},{"s":[{"p":[0.3783113,0.3926307,0.3880613],"r":[352.4984,1.208474,84.50289],"s":[0.03781257,0.04272234,0.5861893],"c":[0.4444443,0.388007,0.04938262]}]}]}