{"v":7,"p":[{"b":17,"s":[{"p":[0,0,0],"r":[0,0,0],"s":[0.06000044,0.06000052,0.06000049],"c":[1,1,1]}]}]}