{"v":7,"a":[22,18,21],"p":[{"b":86,"t":1,"a":[37],"i":[{"t":"5c27ddd8285ab86f59fd65de","p":[-0.001599549,0.01141626,0.0003070232],"r":[0,270,90]}],"c":[[0.013,-0.915,-0.022,122]],"s":[{"p":[0,0,0],"r":[0,0,0],"s":[0.004629318,0.02444626,0.004730185],"c":[0.6666667,0.6666667,0.6666667]}]},{"b":60,"t":1,"s":[{"p":[-0.0002491479,-0.01804193,0.01135135],"r":[292.5,180,270],"s":[0.1250303,0.07582031,0.007478465],"c":[0.6666667,0.6666667,0.6666667]}]}]}