{"n":"ground","v":7,"a":[4],"p":[{"b":17,"s":[{"p":[0,0,0],"r":[0,0,0],"s":[3.363346,0.11062,3.152927],"c":[0.9019608,0.8509804,0.7215686],"b":["when starts then5\" "]},{"p":[0,0,0],"r":[0,0,0],"s":[3.363346,0.11062,3.152927],"c":[0.9019608,0.8509804,0.7215686]}]}]}