{"n":"snow pile","v":7,"p":[{"b":10,"t":10,"s":[{"p":[0.02521982,0.003634097,0.003867455],"r":[350.8016,356.261,351.6996],"s":[0.1036026,0.02702775,0.04605487],"c":[0.8888889,0.8888889,0.8888889]}]},{"b":10,"t":10,"s":[{"p":[-0.09514354,-0.0198391,0.001787321],"r":[353.6107,354.0268,18.72916],"s":[0.1036031,0.02702776,0.04605509],"c":[0.8888889,0.8888889,0.8888889]}]},{"b":10,"t":10,"s":[{"p":[0.02522528,-0.1287217,-0.6040391],"r":[355.4191,356.1413,18.66106],"s":[0.1036035,0.02702778,0.04605532],"c":[0.8888889,0.8888889,0.8888889]}]},{"b":10,"t":10,"s":[{"p":[0.1299403,-0.1237992,-0.5920743],"r":[22.5456,26.36467,324.5794],"s":[0.03618064,0.02702778,0.04605539],"c":[0.8888889,0.8888889,0.8888889]}]}]}