{"v":7,"a":[1,2,45],"p":[{"b":97,"e":"FUCK","s":[{"p":[-0.01274584,0.2672111,0.06857421],"r":[359.959,90.51351,0.3610075],"s":[0.006959983,0.006959973,0.00695998],"c":[1,1,1]}]},{"b":60,"s":[{"p":[0.01956601,0.02038474,-0.01682362],"r":[1.622743,7.458158,3.588744],"s":[0.02542944,0.4905743,0.02231261],"c":[0,0,0]}]}]}