{"v":7,"p":[{"b":5,"t":1,"s":[{"p":[0,0,0],"r":[-3.308373E-06,-6.162325E-14,2.134434E-06],"s":[0.01448436,0.01570683,0.374593],"c":[0.2222221,0.2222221,0.2222221]}]},{"b":5,"t":1,"s":[{"p":[-0.0008034706,0.003079206,0.1247723],"r":[356.7174,181.6667,129.7308],"s":[0.02027438,0.01973489,0.08050541],"c":[0.2222221,0.2222221,0.2222221]}]},{"b":5,"t":3,"s":[{"p":[-0.001119953,0.001725268,0.1272066],"r":[357.0407,183.0812,143.0704],"s":[0.01674009,0.01537256,0.08050553],"c":[1,1,1]}]}]}