{"v":7,"p":[{"b":68,"s":[{"p":[-0.3945516,2.873577,-8.389968],"r":[344.5,302.375,4.429984E-07],"s":[0.1,0.1,0.1],"c":[1,1,1]}]}]}