{"v":7,"p":[{"pr":4,"t1":10,"s":[{"p":[0,0,0],"r":[0,0,0],"s":[0.2505145,0.3001413,0.1750007],"c":[1,1,1],"t1":{"c":[0.8444445,1,0.2222221],"a":0},"pr":{"c":[1,1,1],"m":0.25,"a":0.25,"s":0.15,"z":0.25,"g":0.5,"h":0.25}}]}]}