{"v":7,"p":[{"s":[{"p":[-0.2794049,0.3519037,-0.7557051],"r":[13.51654,353.666,297.7547],"s":[0.1750001,0.1750002,0.6408229],"c":[1,1,1]}]},{"s":[{"p":[-0.2795684,-0.0723723,0.0175246],"r":[354.218,323.1425,329.1203],"s":[0.1750003,0.1750008,0.1750007],"c":[1,1,1]}]},{"s":[{"p":[1.099112,-0.6448243,-0.7492915],"r":[19.14935,358.7893,189.663],"s":[0.1750004,0.175001,1.354853],"c":[1,1,1]}]},{"s":[{"p":[-1.361881,-0.05037749,-0.8789196],"r":[7.356326,358.7802,125.0137],"s":[0.1750011,0.1750015,1.022169],"c":[1,1,1]}]}]}