{"n":"sheet","v":7,"a":[7,21],"p":[{"b":9,"c":[[-0.854,1.196,0.19,28,16,97,3,47,1],[0.217,1.346,0.264,40,103,2,3,29,3],[-0.34,0.742,0.378,43,64,2,3,74,3],[-1.096,0.836,0.431,59,129,2,3,43,1],[-0.47,1.188,0.341,54,88,36,16,45],[0.232,1.013,0.371,56,123,2,3,43,1],[0.733,1.216,0.173,25,16,91,3,47,1],[1.209,0.827,0.217,37,97,2,3,29,3],[0.989,0.745,0.32,51,82,36,16,45],[-0.563,1.143,0.627,55,167,3,8,2,3],[0.293,0.498,1.111,58,139,2,3,29,3],[0.863,0.919,0.592,52,161,3,8,2,3],[-0.278,0.947,-0.039,29,69,2,3,43,1],[-0.851,1.143,0.005,27,15,28,27,16],[0.204,1.233,-0.006,24,15,49,16,45],[1.09,0.934,-0.032,26,63,2,3,43,1],[-0.467,1.031,-0.19,13,58,2,3,20,3],[0.16,1.364,-0.203,10,4,73,3,11,1],[0.916,1.193,-0.277,7,4,67,3,11,1],[1.13,0.485,-0.062,21,15,43,16,45],[0.545,0.403,-0.169,2,3,60,1,8,1],[0.02,0.908,0.083,4,13,52,3,38,1],[-0.116,1.285,-0.611,0,6,3,3,65],[1.1,0.359,0.436,53,117,2,3,43,1],[1.477,0.236,0.343,22,16,85,3,47,1],[1.358,0.227,0.685,49,155,3,8,2,3],[1.274,0.271,-0.173,23,57,2,3,43,1],[0.8,-0.16,-0.217,1,7,52,3,20,1],[1.597,-0.431,-0.06,18,15,28,25,45],[1.484,-0.429,0.315,34,91,2,3,29,3],[1.401,0.111,0.439,48,76,36,16,45],[1.469,-0.549,0.48,50,111,2,3,43,1],[1.112,0.05,0.562,19,16,79,3,47,1],[1.062,0.377,0.114,20,42,2,3,52,1],[0.864,0.669,0.566,31,85,2,3,29,3],[1.027,-0.069,0.786,45,70,36,16,45],[1.214,-0.265,0.829,46,149,3,8,2,3],[0.695,0.75,1.07,196,9,9,9,9],[0.557,0.462,0.841,47,105,2,3,43,1],[-0.366,0.709,0.531,57,49,52,29,16],[0.665,0.601,0.482,16,16,73,3,47,1],[0.69,0.623,0.334,3,12,15,38,54]],"s":[{"p":[0,0,0],"r":[0,0,0],"s":[0.1439872,0.1439874,0.1439876],"c":[1,1,1]}]},{"b":9,"c":[[0.215,2.102,0.808,54,88,36,16,45],[-0.487,1.762,0.846,59,129,2,3,43,1],[-1.381,1.361,0.874,58,139,2,3,29,3],[-1.534,0.449,1.427,47,105,2,3,43,1],[-1.163,1.189,0.679,57,49,52,29,16],[-1.393,0.569,1.984,46,149,3,8,2,3],[-1.48,0.148,1.758,45,70,36,16,45],[-1.438,0.629,0.852,16,16,73,3,47,1],[-1.533,0.153,1.281,31,85,2,3,29,3],[-1.139,1.092,0.302,43,64,2,3,74,3],[-1.122,0.211,0.776,3,12,15,38,54],[-0.282,-0.026,-0.433,2,3,60,1,8,1],[-0.855,0.65,0.388,4,13,52,3,38,1],[-0.538,0.671,0.08,27,15,28,27,16],[-0.319,1.322,0.44,28,16,97,3,47,1],[-0.26,1.004,-0.126,29,69,2,3,43,1],[0.365,1.023,-0.564,24,15,49,16,45],[0.814,0.245,-1.358,10,4,73,3,11,1],[0.074,0.363,-0.469,13,58,2,3,20,3],[0.763,-0.465,-1.776,0,6,3,3,65],[-0.64,0.159,-0.14,20,42,2,3,52,1],[-0.663,-0.181,-0.063,19,16,79,3,47,1],[-0.7829169,-0.6301721,0.1453099,50,111,2,3,43,1],[-1.302,0.61,1.406,196,9,9,9,9],[-0.075,1.491,1.24,55,167,3,8,2,3],[-0.358,1.203,0.815,52,161,3,8,2,3],[-0.693,-0.047,0.52,49,155,3,8,2,3],[-0.473,-0.212,-0.188,48,76,36,16,45],[-0.283,-0.77,-0.668,34,91,2,3,29,3],[0.349,-1.114,-1.76,18,15,28,25,45],[0.986,-0.978,-2.367,1,7,52,3,20,1],[0.736,0.585,-0.763,26,63,2,3,43,1],[0.096,1.23,-0.137,40,103,2,3,29,3],[0.185,1.112,0.127,56,123,2,3,43,1],[0.1,0.736,0.11,51,82,36,16,45],[-0.09,0.605,0.312,53,117,2,3,43,1],[0.521,1.114,-0.371,25,16,91,3,47,1],[0.599,0.675,-0.325,37,97,2,3,29,3],[0.093,0.076,-0.494,22,16,85,3,47,1],[0.438,-0.108,-0.725,21,15,43,16,45],[0.291,-0.599,-1.058,23,57,2,3,43,1]],"s":[{"p":[0.1186781,0.01482391,-0.3057861],"r":[11.21566,309.4718,265.1536],"s":[0.1439881,0.1439876,0.1439882],"c":[1,1,1]}]},{"b":9,"c":[[-1.464,-0.444,0.182,31,85,2,3,29,3],[-0.767,-0.377,0.089,45,70,36,16,45],[-1.344,-0.366,0.348,47,105,2,3,43,1],[-0.206,-0.417,-0.35,19,16,79,3,47,1],[0.229,-0.615,0.602,50,111,2,3,43,1],[1.614,-0.674,0.353,48,76,36,16,45],[1.812,-0.696,-0.561,34,91,2,3,29,3],[-0.251,-0.179,0.594,46,149,3,8,2,3],[-1.547,-0.399,-0.217,20,42,2,3,52,1],[-1.287,-0.205,-0.142,3,12,15,38,54],[-1.173,-0.06,0.099,16,16,73,3,47,1],[-1.744,-0.73,-1.34,2,3,60,1,8,1],[-1.701,0.042,-1.229,13,58,2,3,20,3],[-1.837,-0.278,-1.791,0,6,3,3,65],[-1.792,-0.304,-2.458,10,4,73,3,11,1],[0.212,0.052,-0.606,7,4,67,3,11,1],[-1.395,0.066,-1.586,29,69,2,3,43,1],[-1.464,-0.179,-0.703,4,13,52,3,38,1],[-1.376,0.23,-1.135,27,15,28,27,16],[-0.852,0.066,-0.056,28,16,97,3,47,1],[-0.613,0.339,0.104,40,103,2,3,29,3],[-0.486,0.189,-0.658,24,15,49,16,45],[-0.117,0.608,-0.2,26,63,2,3,43,1],[-0.114,0.493,0.041,25,16,91,3,47,1],[0.663,-0.24,-0.002,37,97,2,3,29,3],[0.971,0.006,-0.218,21,15,43,16,45],[0.413,0.217,0.338,51,82,36,16,45],[-0.122,0.08,0.31,56,123,2,3,43,1],[-0.571,0.201,0.111,54,88,36,16,45],[-0.837,0.021,0.502,59,129,2,3,43,1],[-1.097,0.023,-0.102,43,64,2,3,74,3],[-0.327,0.24,0.509,55,167,3,8,2,3],[0.087,-0.092,0.39,52,161,3,8,2,3],[0.781,-0.171,0.431,53,117,2,3,43,1],[1.351,-0.328,0.278,22,16,85,3,47,1],[1.701,-0.338,-0.476,23,57,2,3,43,1],[0.057,0.06,0.736,196,9,9,9,9],[-1.101,-0.019,0.449,57,49,52,29,16],[-1.397,-0.721,0.713,58,139,2,3,29,3],[0.28,-0.118,-0.853,1,7,52,3,20,1],[0.307,-0.488,-0.514,18,15,28,25,45]],"s":[{"p":[0.1437192,-0.2704105,0.03997803],"r":[354.0819,358.7298,234.522],"s":[0.1439878,0.1439876,0.1439878],"c":[1,1,1]}]},{"b":9,"c":[[-1.429,0.347,0.764,28,16,97,3,47,1],[-1.876,-0.667,-0.202,43,64,2,3,74,3],[-1.069,0.835,1.221,59,129,2,3,43,1],[-1.365,0.492,0.8,54,88,36,16,45],[-1.007,0.372,0.764,56,123,2,3,43,1],[-0.772,0.664,1.25,55,167,3,8,2,3],[-0.893,0.289,0.768,58,139,2,3,29,3],[-1.258,0.447,0.972,57,49,52,29,16],[-1.492,-0.233,0.515,16,16,73,3,47,1],[-1.358,-0.501,0.23,31,85,2,3,29,3],[-1.819,-0.799,-0.138,4,13,52,3,38,1],[-1.891,-0.761,0.186,3,12,15,38,54],[-2.022,-0.708,-0.922,13,58,2,3,20,3],[-1.957,-0.67,-0.4,27,15,28,27,16],[-1.58,-0.923,-0.068,20,42,2,3,52,1],[-1.827,-0.777,-0.195,2,3,60,1,8,1],[-2.011,-0.841,-1.46,0,6,3,3,65],[-1.745,-0.887,-0.377,1,7,52,3,20,1],[-2.159,-0.953,-2.275,7,4,67,3,11,1],[-1.547,-0.848,-0.4,18,15,28,25,45],[-1.779,-1.092,-0.963,23,57,2,3,43,1],[-1.655,-1.051,-1.617,21,15,43,16,45],[-2.499,-0.443,-0.825,10,4,73,3,11,1],[-2.087,-0.469,-0.421,29,69,2,3,43,1],[-2.667,-0.31,-0.451,24,15,49,16,45],[-1.741,0.693,0.561,40,103,2,3,29,3],[-1.511,-0.003,-0.075,25,16,91,3,47,1],[-1.953,-0.262,-1.102,26,63,2,3,43,1],[-1.006,-0.054,-0.108,37,97,2,3,29,3],[-0.923,0.229,0.464,51,82,36,16,45],[-0.64,-0.247,-0.368,22,16,85,3,47,1],[-0.182,0.066,0.416,53,117,2,3,43,1],[-0.321,0.53,0.993,52,161,3,8,2,3],[-1.064,-0.806,0.182,19,16,79,3,47,1],[-0.89,-0.378,0.328,45,70,36,16,45],[-1.028,-0.37,0.599,47,105,2,3,43,1],[-0.328,-0.149,0.81,46,149,3,8,2,3],[-0.074,-0.454,0.528,50,111,2,3,43,1],[-1.023,-0.84,-0.224,34,91,2,3,29,3]],"s":[{"p":[-0.005626202,-0.3525963,-0.2833061],"r":[-2.87871E-13,90.00001,2.878709E-13],"s":[0.1439748,0.1440149,0.143997],"c":[1,1,1]}]},{"b":9,"c":[[-0.664,0.896,1.589,54,88,36,16,45],[-0.191,0.73,2.124,55,167,3,8,2,3],[0.012,0.649,2.352,52,161,3,8,2,3],[0.156,0.696,2.635,53,117,2,3,43,1],[1.277,0.002,1.237,37,97,2,3,29,3],[1.554,-0.068,-0.197,21,15,43,16,45],[1.325,0.203,0.455,26,63,2,3,43,1],[0.462,0.42,1.654,51,82,36,16,45],[0.655,0.131,1.159,25,16,91,3,47,1],[0.403,0.218,0.6,24,15,49,16,45],[1.488,-0.209,-1,7,4,67,3,11,1],[0.987,0.046,-0.008,10,4,73,3,11,1],[0.033,0.799,1.673,56,123,2,3,43,1],[-0.915,1.12,1.243,40,103,2,3,29,3],[-1.184,1.462,0.863,29,69,2,3,43,1],[-0.956,1.053,1.169,28,16,97,3,47,1],[-1.227,0.801,0.341,27,15,28,27,16],[-1.211,1.214,0.48,13,58,2,3,20,3],[-0.012,0.588,2.02,196,9,9,9,9],[0.344,0.391,1.541,49,155,3,8,2,3],[0.212,0.613,1.403,46,149,3,8,2,3],[-0.181,0.529,1.554,58,139,2,3,29,3],[-0.476,0.732,1.538,59,129,2,3,43,1],[-0.629,0.507,0.558,57,49,52,29,16],[0.264,0.338,1.138,50,111,2,3,43,1],[-0.216,-0.011,0.321,45,70,36,16,45],[0.262,0.074,-0.219,19,16,79,3,47,1],[0.14,0.101,-0.687,20,42,2,3,52,1],[0.292,-0.224,-0.537,18,15,28,25,45],[0.499,-0.144,-0.034,34,91,2,3,29,3],[0.604,0.181,0.634,48,76,36,16,45],[-0.213,-0.053,-0.249,31,85,2,3,29,3],[-0.208,0.476,0.453,47,105,2,3,43,1],[-0.907,0.777,0.32,43,64,2,3,74,3],[-0.335,0.498,-0.18,16,16,73,3,47,1],[-0.398,0.009,-0.578,3,12,15,38,54],[-0.362,0.04,-2.47,2,3,60,1,8,1],[0.213,-0.259,-1.214,1,7,52,3,20,1],[0.823,-0.175,-0.473,23,57,2,3,43,1],[1.367,-0.225,0.605,22,16,85,3,47,1],[-0.522,0.382,-0.77,4,13,52,3,38,1]],"s":[{"p":[0.2686377,-0.2581692,-0.5086327],"r":[0,0,90.00002],