{"v":7,"p":[{"b":14,"s":[{"p":[0,0,0],"r":[0,0,0],"s":[0.06000007,0.0600001,0.06000014],"c":[1,1,1]}]},{"b":9,"s":[{"p":[0.01647723,0.005224317,0.2095692],"r":[345.8073,10.87497,34.10175],"s":[0.125,0.125,0.125],"c":[1,1,1]}]},{"b":2,"s":[{"p":[-0.01218329,0.2567306,0.1639098],"r":[0.7619898,347.5925,100.2886],"s":[0.125,0.125,0.125],"c":[1,1,1]}]},{"s":[{"p":[0.009408262,0.2684937,-0.01150034],"r":[3.494479,351.7733,102.6237],"s":[0.1750001,0.175,0.175],"c":[1,1,1]}]}]}