{"v":7,"p":[{"b":59,"s":[{"p":[0,0,0],"r":[0,0,0],"s":[0.1250001,0.125,0.1250001],"c":[1,1,1]}]},{"b":59,"s":[{"p":[-1.083307,-0.1852079,0.1399299],"r":[0.5311512,162.0496,0.3084153],"s":[0.125,0.125,0.125],"c":[1,1,1]}]},{"b":59,"s":[{"p":[-2.206459,0.2368013,-1.234904],"r":[2.111103,126.3269,6.415477],"s":[0.1250001,0.125,0.125],"c":[1,1,1]}]}]}