{"v":7,"a":[7],"p":[{"b":150,"s":[{"p":[0,0,0],"r":[0,0,0],"s":[0.2887537,0.06000137,0.4762613],"c":[0.5555556,0,0]}]},{"b":150,"s":[{"p":[0.008489673,0.01037883,-0.02665067],"r":[0,0,0],"s":[0.2303596,0.06000266,0.2942271],"c":[1,0,0.3428572]}]}]}