{"n":"one eyed jacks coin","v":7,"a":[2,3,22],"tp_m": 20,"tp_ad": 0.01,"p":[{"b":5,"t":11,"im":"963107882075482382/B2A5F06630A78AF5EC278AF61C50AF920F7C60AC/","imt":1,"s":[{"p":[0,0,0],"r":[0,0,0],"s":[0.0152178,0.01554833,0.002484966],"c":[1,1,1],"b":["when triggered then let go","when touches floor then play getting coins 2"]}]},{"b":5,"t":11,"im":"963107882075482382/B2A5F06630A78AF5EC278AF61C50AF920F7C60AC/","imt":1,"s":[{"p":[-0.01319098,0.01216817,0.003871558],"r":[0,0,0],"s":[0.01522317,0.01555883,0.002486129],"c":[1,1,1]}]}]}