{"v":7,"a":[2,22],"p":[{"im":"963107882075486401/83B234F79696190721481AD623603432389DA69F/","s":[{"p":[0,0,0],"r":[0,0,0],"s":[0.1228541,0.001000118,0.06558745],"c":[1,1,1]}]},{"im":"963107882075489211/335100F2A6E33C9D705F40229B24B457B9B2D7DD/","s":[{"p":[-1.74623E-10,-0.0007753372,0],"r":[0,0,0],"s":[0.1228644,0.001000204,0.06559294],"c":[1,1,1]}]}]}