{"n":"phone","v":7,"a":[2,3],"p":[{"a":[1,4],"s":[{"p":[0,0,0],"r":[0,0,0],"s":[0.1750088,0.01940201,0.09660097],"c":[0,0,0]}]},{"b":3,"s":[{"p":[0.06818655,0.01821518,-0.002712475],"r":[2.145912E-06,270,1.717278E-05],"s":[0.01026915,0.001000308,0.01113115],"c":[0.4444443,0.4444443,0.4444443]}]}]}