{"v":7,"a":[31,32],"p":[{"b":73,"s":[{"p":[0,0,0],"r":[0,0,0],"s":[0.15069,0.1506988,0.1506961],"c":[1,0,0]}]}]}