{"v":7,"a":[31],"p":[{"b":3,"i":[{"t":"5c318e832de6f4054ac6e7be","p":[-0.1277085,-0.08292583,-0.08870336],"r":[345.3637,28.66233,79.21655]}],"s":[{"p":[0,0,0],"r":[0,0,0],"s":[0.01727389,0.01727373,0.01727389],"c":[1,1,1],"b":["when starts then become next in 1"]},{"p":[-0.02260213,0.05218801,0.05599929],"r":[348.853,357.4072,358.0651],"s":[0.01727397,0.01727376,0.01727398],"c":[1,1,1],"b":["when starts then become next in 1"]}]}]}