{"n":"rusty siren","v":7,"a":[22,12,41],"p":[{"b":61,"a":[22],"s":[{"p":[0,0,0],"r":[-6.830189E-06,-3.622255E-06,1.856774E-06],"s":[0.0944888,0.09448418,0.09447989],"c":[1,0.5142855,0]}]},{"b":53,"a":[32],"c":[[-0.4,0.3,0.7,24,3,33],[-0.8,0.3,0,9,19,33],[-0.4,0.3,-0.7,10,1,44],[0.4,0.3,-0.7,12,3,42],[0.8,0.3,0,16,3,39],[0.4,0.3,0.7,20,3,36],[0,-1.9,0,56,-55]],"s":[{"p":[-0.08360387,2.72416E-08,0],"r":[0,0,89.99998],"s":[0.03669884,0.03669795,0.03669073],"c":[0.444444,0.444444,0.444444]}]},{"b":52,"t":2,"a":[32],"s":[{"p":[-0.07604934,2.478002E-08,0],"r":[1.623394E-07,180,270],"s":[0.03091124,0.03091103,0.03091732],"c":[0.2222219,1,1]}]}]}