{"v":7,"a":[22,13,18],"p":[{"s":[{"p":[0,0,0],"r":[0,0,0],"s":[1.444795,0.07188822,5.106144],"c":[1,1,1]}]},{"s":[{"p":[-1.204508,-0.4991636,-1.192093E-07],"r":[0,0,44.99998],"s":[1.444988,0.07189938,5.106603],"c":[1,1,1]}]},{"s":[{"p":[8.49788,-6.723327,-0.2729868],"r":[0,0,315],"s":[2.854421,0.0719534,5.83965],"c":[1,1,1]}]},{"s":[{"p":[0.1884238,-1.944835,-1.192093E-07],"r":[0,0,135],"s":[4.39924,0.07190951,5.808048],"c":[1,1,1]}]}]}