{"v":7,"a":[22],"p":[{"b":14,"i":[{"t":"5c353684ad6b9c6e49e2c8d5","p":[0.3245027,-0.002263851,0.00219357],"r":[0,0,3.073585E-05]}],"s":[{"p":[0,0,0],"r":[0,0,0],"s":[0.02905593,0.01770253,0.06000257],"c":[1,1,1],"b":["when told dooropen2 then become next in 0.5s"]},{"p":[-0.003045483,-0.008087605,-0.00296706],"r":[4.743312E-07,7.098869E-07,292.5],"s":[0.02905817,0.01770348,0.06000921],"c":[1,1,1],"b":["when told dooropen2 then become next in 0.5s"]}]}]}