{"n":"ground","v":7,"a":[1],"p":[{"b":17,"s":[{"p":[0,0,0],"r":[0,0,0],"s":[8.887567,0.11062,7.323688],"c":[0,0.5555556,0.3174603]}]}]}