{"v":7,"a":[1,7],"p":[{"b":9,"s":[{"p":[0,0,0],"r":[0,0,0],"s":[6.487508,5.126825,0.05211858],"c":[0.4317459,0.4444443,0]}]}]}