{"n":"hand proto 3 l","v":7,"a":[7],"p":[{"b":3,"c":[[0.504,0.714,1.259,20],[1.144,-0.247,0.789,34],[1.707,0.441,0.748,37],[1.579,0.622,0.887,46],[0.947,-0.008,0.902,48],[1.218,0.679,0.966,26,24,2,1],[1.041,0.388,1.16,49],[0.856,0.695,1.188,51],[0.751,0.751,0.847,21],[0.588,0.829,1.304,27],[0.403,0.79,1.403,19],[0.798,0.326,1.488,28],[0.963,0.255,1.264,29],[0.372,0.847,0.643,18],[0.914,0.778,0.545,16],[1.202,0.747,0.383,15,30],[0.28,0.912,0.204,17],[0.655,0.871,0.02,14],[1.44,0.595,0.156,13,31],[1.796,0.183,0.796,36],[1.866,-0.662,0.637,35],[1.049,-0.192,0.622,32],[0.886,-0.43,0.338,33],[0.369,-0.391,0.478,31],[0.945,0.045,1.141,30],[0.361,-0.18,1.352,24],[-0.021,0.201,1.545,22],[-0.667,0.825,0.264,12],[-0.187,0.664,1.299,7],[0.133,0.389,1.607,9],[-0.574,-0.458,-0.552,8],[-0.502,-0.78,-0.287,10],[-0.036,-0.418,0.96,23],[0.089,-0.726,0.355,25,16,2,4,7,2],[-0.535,0.013,-0.763,2],[1.959,-0.232,0.551,3,35],[0.597,0.063,-1.072,0],[0.6,-0.463,-0.956,1,38],[-0.453,0.528,-0.884,5],[0.495,0.693,-1.049,4]],"s":[{"p":[0,0,0],"r":[0,0,0],"s":[0.1250028,0.1249999,0.1250028],"c":[0,1,1]}]},{"b":3,"c":[[-2.298,1.072,-0.308,19],[-2.456,1.136,-0.798,12],[-2.758,1.093,-1.25,5],[-2.465,0.517,-1.543,2],[-1.986,-0.44,0.306,7],[-2.108,-0.401,-0.034,9],[-2.457,-0.099,-0.942,8],[-1.979,-0.46,0.303,22],[-2.167,0.95,0.305,20],[-1.699,-0.332,-0.491,10],[-1.359,-0.197,-0.509,23],[-1.847,-0.078,-0.886,6,5,31,13],[-2.659,0.843,-1.602,0],[-2.594,0.96,-1.674,4],[-2.358,1.148,-1.66,14],[-2.08,1.19,-1.032,17],[-2.335,1.08,-1.845,13,31],[-2.214,0.625,-1.93,3,35],[-2.262,0.432,-1.255,1,38],[-1.761,0.493,-1.585,35],[-1.575,0.108,-1.103,40],[-1.39,0.217,-1.096,33],[-1.844,0.772,-1.751,36],[-1.547,0.503,-1.38,34],[-1.389,0.057,-0.935,25,16,2,4,7,2],[-1.194,-0.067,-0.379,31],[-2.048,0.828,0.91,28],[-1.445,-0.553,0.2,24],[-1.456,0.029,0.628,29],[-1.171,0.213,-0.392,32],[-1.838,1.038,0.218,27],[-1.904,1.239,-0.421,18],[-1.693,1.074,-0.927,16],[-1.56,1.062,0.007,21],[-1.49,0.837,0.718,51],[-1.174,0.389,0.707,49],[-1.228,1,0.093,26,24,2,1],[-1.627,0.902,-1.237,15,30],[-1.449,0.789,-1.367,37],[-1.153,0.827,-0.452,46],[-1.031,0.502,-0.303,48],[-1.116,-0.057,0.604,30]],"s":[{"p":[-0.3105984,-0.03907585,0.002193958],"r":[2.003583E-05,180,0],"s":[0.1250098,0.1250012,0.1250096],"c":[0,1,1]}]},{"b":3,"c":[[-0.358,0.069,0.657,28],[-0.237,-0.307,0.544,24],[-0.808,-0.263,0.446,22],[-0.78,-0.001,0.286,9],[-0.725,-0.166,0.278,10],[-0.278,-0.206,0.265,23],[-0.544,0.263,0.289,19],[0.37,0.137,0.726,29],[0.295,0.575,0.705,51],[1.406,0.782,0.761,49],[1.47,0.498,0.705,30],[1.24,1.07,0.649,26,24,2,1],[0.597,0.781,0.506,21],[0.493,0.719,0.388,18],[1.099,0.272,0.554,31],[1.211,1.266,0.302,16],[1.376,0.613,0.467,48],[1.575,0.403,0.48,32],[-0.532,0.379,0.492,27],[-0.478,0.167,0.183,7],[-0.438,0.055,0.133,8],[-0.43,-0.083,0.174,6,5,31,13],[-0.332,-0.141,0.21,25,16,2,4,7,2],[1.296,0.816,0.468,46],[1.468,0.888,0.04,15,30],[0.659,0.22,0.363,33],[-0.018,0.462,0.265,12],[0.325,0.631,0.29,17],[0.092,0.383,0.256,5],[0.537,0.647,0.242,14],[1.494,0.366,0.212,34],[0.619,0.376,0.232,35],[0.852,0.491,0.155,36],[0.84,0.693,0.208,13,31],[1.332,0.687,0.173,37],[0.306,0.13,0.283,40],[0.114,0.145,0.249,1,38],[0.536,0.463,0.222,3,35],[0.236,0.351,0.21,0],[0.024,0.257,0.248,2],[0.462,0.554,0.202,4]],"s":[{"p":[0.2860108,-0.01465602,0.2782035],"r":[284.0134,300.4818,152.4522],"s":[0.1250023,0.1250029,0.125004],"c":[0,1,1]}]},{"b":3,"c":[[0.017,0.393,0.062,28],[0.142,0.097,0.028,24],[-0.087,0.153,-0.327,22],[-0.086,0.341,-0.376,9],[0.153,0.118,-0.332,10],[0.176,0.083,-0.23,23],[0.104,0.636,-0.348,19],[0.867,0.307,0.73,29],[0.714,0.624,0.77,51],[1.615,0.622,0.735,49],[1.319,0.294,0.701,30],[1.543,1.052,0.777,26,24,2,1],[0.597,0.781,0.506,21],[0.603,0.841,0.3,18],[1.207,0.241,0.492,31],[1.07,0.988,0.401,16],[1.376,0.613,0.467,48],[1.393,0.421,0.471,32],[0.068,0.687,-0.103,27],[0.163,0.54,-0.419,7],[0.251,0.309,-0.457,8],[0.332,0.215,-0.424,6,5,31,13],[0.632,0.198,0.016,25,16,2,4,7,2],[1.296,0.816,0.468,46],[1.217,0.891,0.239,15,30],[0.793,0.232,0.052,33],[0.297,0.695,-0.135,12],[0.502,0.75,0.042,17],[0.345,0.599,-0.224,5],[0.658,0.699,0.147,14],[1.225,0.257,0.087,34],[0.785,0.347,0.007,35],[1.022,0.543,0.013,36],[1.109,0.813,0.092,13,31],[1.332,0.687,0.173,37],[0.607,0.358,-0.184,40],[0.579,0.422,-0.267,1,38],[0.65,0.507,0.03,3,35],[0.492,0.576,-0.145,0],[0.404,0.413,-0.396,2],[0.629,0.605,0.093,4],[-0.134,0.358,-0.291,20]],"s":[{"p":[0.07200054,-0.06154056,0.2494688],"r":[2.7614,69.60393,334.718],"s":[0.1250023,0.125003,0.125004],"c":[0,1,1]}]},{"b":3,"c":[[0.136,0.272,-0.144,28],[0.294,0.005,-0.118,24],[0.561,0.215,-0.808,22],[0.626,0.439,-0.699,9],[0.709,0.255,-0.671,10],[0.607,0.093,-0.165,23],[0.549,0.656,-0.275,19],[0.347,0.327,0.623,29],[0.203,0.633,0.612,51],[1.364,0.771,0.752,49],[1.387,0.538,0.715,30],[1.249,0.961,0.69,26,24,2,1],[0.431,0.859,0.473,21],[0.483,0.909,0.334,18],[0.794,0.182,0.22,31],[0.742,0.99,0.372,16],[1.376,0.613,0.467,48],[1.318,0.27,0.344,32],[0.083,0.536,-0.372,27],[0.728,0.524,-0.318,7],[0.808,0.355,-0.32,8],[0.835,0.241,-0.234,6,5,31,13],[0.699,0.162,-0.18,25,16,2,4,7,2],[1.296,0.816,0.468,46],[1.031,1.121,0.241,15,30],[0.886,0.184,0.144,33],[0.623,0.681,-0.107,12],[0.586,0.787,0.156,17],[0.71,0.584,-0.114,5],[0.985,0.905,0.042,14],[1.359,0.441,0.223,34],[0.814,0.336,0.155,35],[1.315,0.52,0.012,36],[1.166,0.704,-0.02,13,31],[1.332,0.687,0.173,37],[0.847,0.246,-0.066,40],[0.814,0.352,-0.079,1,38],[0.78,0.433,0.128,3,35],[0.763,0.457,-0.098,0],[0.809,0.416,-0.206,2],[0.716,0.585,0.116,4],[0.444,0.396,-0.803,20]],"s":[{"p":[0.1464177,-0.03250116,0.314394],"r":[285.832,67.82526,24.02968],"s":[0.1250023,0.125003,0.1250038],"c":[0,1,1]}]},{"b":3,"c":[[0.39,0.234,-0.308,28],[0.66,0.006,-0.11,24],[0.799,0.359,-0.594,22],[0.685,0.569,-0.514,9],[0.848,0.5,-0.52,10],[0.895,0.172,-0.237,23],[0.362,0.689,-0.185,19],[0.439,0.128,0.684,29],[0.295,0.575,0.705,51],[1.364,0.771,0.752,49],[1.387,0.538,0.715,30],[1.249,0.961,0.69,26,24,2,1],[0.597,0.781,0.506,21],[0.445,0.718,0.168,18],[0.94,0.302,0.177,31],[0.941,1.014,0.324,16],[1.376,0.613,0.467,48],[1.393,0.421,0.471,32],[0.191,0.54,-0.004,27],[0.619,0.653,-0.265,7],[0.724,0.602,-0.317,8],[0.861,0.51,-0.335,6,5,31,13],[0.924,0.306,-0.139,25,16,2,4,7,2],[1.296,0.816,0.468,46],[1.167,0.892,0.238,15,30],[0.928,0.359,0.06,33],[0.559,0.753,-0.084,12],[0.56,0.763,0.127,17],[0.696,0.707,-0.055,5],[0.771,0.807,0.08,14],[1.359,0.441,0.223,34],[0.898,0.43,0.057,35],[1.038,0.561,0.056,36],[0.903,0.723,0.079,13,31],[1.332,0.687,0.173,37],[0.949,0.386,-0.048,40],[0.916,0.496,-0.037,1,38],[0.798,0.544,0.109,3,35],[0.82,0.569,-0.011,0],[0.766,0.605,-0.171,2],[0.662,0.679,0.098,4],[0.606,0.51,-0.65,20]],"s":[{"p":[-0.03815267,-0.1137638,0.27597],"r":[333.2337,56.33954,38.76057],"s":[0.1250022,0.1250027,0.1250038],"c":[0,1,1]}]}]}