{"n":"zone1","v":7,"a":[7,12,20,21,31],"p":[{"t1":90,"t2":90,"s":[{"p":[1.00824,0.2528992,-63.89468],"r":[0,0,270],"s":[128.9637,129.0057,129.0071],"c":[0.4444443,0.4444443,0.4444443],"t1":{"c":[1,0,0],"x":0.6351914,"y":0.6353799,"a":1,"m":0,"n":0,"r":0,"g":1,"o":0.5,"t":0.5,"e":0.5},"t2":{"c":[1,0,0],"x":0.6332502,"y":0.6343484,"a":0.5960945,"m":0.1040565,"n":0.1018697,"r":0,"g":0,"o":0.5,"t":0.5,"e":0.5}}]},{"b":4,"a":[12,37],"s":[{"p":[0,0,0],"r":[0,0,0],"s":[10.90841,10.90847,10.90645],"c":[1,1,1]}]}]}