{"v":7,"p":[{"s":[{"p":[0,0,0],"r":[0,0,-8.537737E-07],"s":[0.1750004,0.1750007,0.9520671],"c":[1,1,1]}]}]}