{"n":"ground","v":7,"p":[{"b":5,"t":9,"t1":57,"t2":43,"s":[{"p":[0,0,0],"r":[0,0,-2.668042E-08],"s":[493.3566,2500.003,0.1000005],"c":[0.4599646,0.8888889,0.09876534],"t1":{"c":[0.9714286,1,0],"x":0.02919424,"y":0.003757596,"a":1,"m":0.1024686,"n":0,"r":0.5226016,"g":0.655453,"o":0.5,"t":0.5,"e":0.5},"t2":{"c":[0.5629629,0.6666667,0.1481481],"x":0.1597134,"y":0.1262563,"a":0.8925,"m":0,"n":0,"r":0,"g":0,"o":0.5,"t":0.5,"e":0.5}}]}]}