{"v":7,"a":[21],"p":[{"b":5,"s":[{"p":[0,0,0],"r":[0,0,0],"s":[0.006185155,0.00618492,0.1585318],"c":[1,1,1]}]},{"b":5,"a":[23],"s":[{"p":[0,-7.450581E-09,-0.0509323],"r":[0,0,0],"s":[0.006289048,0.006289022,0.04486792],"c":[1,0.6857142,0]}]},{"b":5,"s":[{"p":[0,-7.450581E-09,-0.05669797],"r":[0,0,-5.008957E-06],"s":[0.0006064881,0.0006064854,0.03067369],"c":[0,0,0]}]}]}