{"n":"bb","v":7,"p":[{"b":10,"s":[{"p":[0,0,0],"r":[0,0,0],"s":[0.1250011,0.1250016,0.125001],"c":[1,1,1]}]},{"b":16,"s":[{"p":[0.9208021,-0.07508954,-0.2874421],"r":[16.96334,353.3836,65.02828],"s":[0.1000003,0.1000005,0.1000003],"c":[1,1,1]}]},{"b":7,"s":[{"p":[0.9688484,-0.2990577,-0.3670675],"r":[0.3543456,255.8956,45.28125],"s":[0.1250005,0.1250008,0.1250006],"c":[1,1,1]}]}]}