{"v":7,"a":[7],"p":[{"i":[{"t":"5c3a0706285ab86f59fd6a8e","p":[0.2640715,-0.004695941,-0.05837369],"r":[90,-9.659345E-06,0]}],"s":[{"p":[0,0,0],"r":[0,0,0],"s":[0.175005,0.1750062,0.1750059],"c":[1,1,1]}]}]}