{"n":"mann co key","v":7,"a":[2,3],"p":[{"b":57,"t":1,"s":[{"p":[0.02703785,0.04215138,0.01967768],"r":[3.103893,5.109562,337.5667],"s":[0.02213616,0.02981111,0.02303305],"c":[1,0.8571429,0],"b":["when triggered then tell any mannceaux"]}]},{"b":5,"t":1,"s":[{"p":[-0.03128643,0.06588654,0.01666414],"r":[23.76097,88.76097,354.482],"s":[0.003756469,0.002947137,0.09815965],"c":[1,0.8571429,0]}]},{"b":5,"t":1,"s":[{"p":[-0.06048862,0.07886225,0.0009537488],"r":[359.7835,1.633587,343.8216],"s":[0.003756469,0.002947139,0.044059],"c":[1,0.8571429,0]}]},{"b":5,"t":1,"s":[{"p":[-0.03542174,0.06753048,0.0004264303],"r":[359.7652,358.8281,322.6518],"s":[0.00375647,0.002947142,0.04405904],"c":[1,0.8571429,0]}]}]}