{"v":7,"p":[{"b":2,"s":[{"p":[0,0,0],"r":[0,0,0],"s":[20.68019,14.56242,0.1250005],"c":[1,1,1]}]},{"b":248,"s":[{"p":[0.1133593,0.0820958,0.9873788],"r":[31.39936,22.64917,7.083261],"s":[0.1900003,0.1900001,0.1900001],"c":[1,1,1]}]}]}