{"v":7,"a":[7],"p":[{"c":[[-0.463,0.4,357.119,5,6,7],[-0.488,0.496,-236.355,1,13,2],[-0.65,0.719,92.04,3,6,8],[-0.5,-0.4,-107,7,8,4]],"s":[{"p":[0,0,0],"r":[0,0,0],"s":[0.7165841,0.7125819,0.001138151],"c":[1,1,1]}]},{"b":225,"c":[[-0.855,0.84,1.043,3,6,8],[0.477,0.696,1.006,2,6,14],[-0.302,0.936,1.085,37,52],[-1.649,0.677,0.274,41,3,55],[0.404,0.88,1.087,32,40,3],[-0.032,0.889,1.09,35,49],[0.123,0.928,1.111,33,41],[-0.1,0.9,2.5,25,15,3],[-1.5,0.7,1.2,1,30,42],[-0.846,0.635,0.548,20,18]],"s":[{"p":[-1.663858,-0.8032991,-0.0460726],"r":[270,90.00001,0],"s":[0.1750061,0.1750045,0.1750074],"c":[1,1,1]}]}]}