{"v":7,"p":[{"b":11,"s":[{"p":[0,0,0],"r":[0,0,0],"s":[1.41288,0.5391616,0.4983006],"c":[0.222222,0.190476,0]}]}]}