{"v":7,"a":[7,18],"p":[{"a":[12],"pr":35,"s":[{"p":[0.02213173,6.556511E-07,-0.03980223],"r":[0,0,-1.001791E-05],"s":[1.004721,0.1193754,0.03003621],"c":[1,1,1],"b":["when told by any door 1 then play steam release","when told by any door 1 then become next in 0.5s"],"pr":{"c":[1,1,1],"m":0,"a":0.25,"s":0.15,"z":0.5,"g":0.5,"h":0.5}},{"p":[0,0,0],"r":[0,0,0],"s":[1.004723,0.1750478,0.001000462],"c":[1,1,1],"b":["when starts then become previous in 0.5s"],"pr":{"c":[1,1,1],"m":0.25,"a":0.25,"s":0.15,"z":0.5,"g":0.5,"h":0.5}}]}]}