{"v":7,"p":[{"b":88,"s":[{"p":[0,0,0],"r":[0,0,0],"s":[12.07675,8.210709,4.264877],"c":[0,0,0]}]}]}