{"v":7,"p":[{"b":3,"s":[{"p":[0,0,0],"r":[0,0,0],"s":[0.02873884,0.03717037,0.03405051],"c":[0.4444442,0.4444442,0.4444442],"b":["when consumed then destroy all parts"]}]}]}