{"v":7,"a":[7,18],"p":[{"b":5,"t":1,"s":[{"p":[-0.002366066,0.001843453,-0.02969837],"r":[90,-9.659345E-06,0],"s":[0.003445854,0.003704451,0.0231402],"c":[0.6666667,0.573545,0.3703702],"b":["when starts then become next in 2","when touched then play bullet shells"]},{"p":[-0.002366066,0.001843453,-0.02969837],"r":[90,-9.659345E-06,0],"s":[0.003445854,0.003704451,0.0231402],"c":[0.6666667,0.573545,0.3703702],"b":["when starts then destroy all parts"]}]},{"b":4,"a":[12],"s":[{"p":[-0.002153158,0.0030756,-0.01852989],"r":[1.001791E-05,-1.001791E-05,-8.757938E-13],"s":[0.002569191,0.002850989,0.007670731],"c":[1,1,1]}]}]}