{"v":7,"a":[1,22,27],"inc":[["thing","5a8518fe820d22c314568781"]],"p":[{"b":160,"t":11,"a":[11],"s":[{"p":[0.01430409,0.01226129,0.03932087],"r":[322.2408,288.7827,321.6691],"s":[0.01470493,0.0147031,0.001977996],"c":[1,1,1],"b":["when starts then become next in 2","when starts then tell body 52643"]},{"p":[0.01202789,0.01223048,0.03434254],"r":[322.2409,288.7827,276.6691],"s":[0.01470319,0.01470176,0.001977928],"c":[1,1,1],"b":["when starts then become next in 2","when starts then tell body 52643"]},{"p":[0.01670874,0.01892141,0.02872068],"r":[322.2408,288.7827,141.6691],"s":[0.01470372,0.01470206,0.001977932],"c":[1,1,1],"b":["when starts then become next in 2","when starts then tell body 52643"]},{"p":[0.01514261,0.03402297,0.03453645],"r":[322.2409,288.7827,231.6691],"s":[0.01470423,0.01470273,0.001977967],"c":[1,1,1],"b":["when starts then become 1 in 2","when starts then tell body 52643"]}]}]}