{"n":"noob head","v":7,"a":[22,18],"p":[{"s":[{"p":[0,0,0],"r":[0,0,0],"s":[0.1750049,0.1750205,0.1750161],"c":[1,1,1]}]},{"s":[{"p":[0.04209425,0.08572149,0.0228715],"r":[-6.990766E-20,-4.071109E-13,-1.967726E-05],"s":[0.0482304,0.04413036,0.06519837],"c":[0,0,0]}]},{"s":[{"p":[-0.04054259,0.08754779,0.02055884],"r":[0,0,-1.484759E-05],"s":[0.04823078,0.04413163,0.0652012],"c":[0,0,0]}]}]}