{"v":7,"a":[7,18],"p":[{"t1":150,"t2":58,"s":[{"p":[0.002255023,0.002268642,-2.381345E-12],"r":[-1.001791E-05,-1.001791E-05,-1.001791E-05],"s":[8.953979,0.1117336,0.6495945],"c":[1,1,1],"t1":{"c":[0.6666667,0.6666667,0.6666667],"x":0.5,"y":0.5,"a":0.8925,"m":0,"n":0,"r":0,"g":0,"o":0.5,"t":0.5,"e":0.5},"t2":{"c":[0.1044091,0.1111111,0.09876538],"x":0.3828523,"y":0.7026806,"a":0.8925,"m":0,"n":0,"r":0,"g":0,"o":0.5,"t":0.5,"e":0.5}}]},{"t1":150,"t2":58,"s":[{"p":[0.001332961,0.003305183,-11.71231],"r":[-1.001791E-05,-1.001791E-05,1.690016E-12],"s":[8.957452,0.1118158,0.6499465],"c":[1,1,1],"t1":{"c":[0.6666667,0.6666667,0.6666667],"x":0.5,"y":0.5,"a":0.8925,"m":0,"n":0,"r":0,"g":0,"o":0.5,"t":0.5,"e":0.5},"t2":{"c":[0.1044091,0.1111111,0.09876538],"x":0.3828523,"y":0.7026806,"a":0.8925,"m":0,"n":0,"r":0,"g":0,"o":0.5,"t":0.5,"e":0.5}}]},{"t1":150,"t2":58,"s":[{"p":[4.153594,0.003797226,-5.858809],"r":[1.001791E-05,89.99999,-1.001791E-05],"s":[11.07845,0.107573,0.6520293],"c":[1,1,1],"t1":{"c":[0.6666667,0.6666667,0.6666667],"x":0.5,"y":0.5,"a":0.8925,"m":0,"n":0,"r":0,"g":0,"o":0.5,"t":0.5,"e":0.5},"t2":{"c":[0.1044091,0.1111111,0.09876538],"x":0.3828523,"y":0.7026806,"a":0.8925,"m":0,"n":0,"r":0,"g":0,"o":0.5,"t":0.5,"e":0.5}}]},{"t1":150,"t2":58,"s":[{"p":[-4.151511,0.0001530049,-5.857017],"r":[1.001791E-05,89.99999,-1.001792E-05],"s":[11.06495,0.1167727,0.6511724],"c":[1,1,1],"t1":{"c":[0.6666667,0.6666667,0.6666667],"x":0.5,"y":0.5,"a":0.9164279,"m":0.08356094,"n":0,"r":0.4029162,"g":0,"o":0.5,"t":0.5,"e":0.5},"t2":{"c":[0.1044091,0.1111111,0.09876538],"x":0.3828523,"y":0.7026806,"a":0.8925,"m":0,"n":0,"r":0,"g":0,"o":0.5,"t":0.5,"e":0.5}}]}]}