{"v":7,"p":[{"t1":58,"t2":34,"s":[{"p":[0,0,0],"r":[0,0,0],"s":[7.717155,0.5573988,11.14608],"c":[0.5555556,0.4656082,0.3703702],"t1":{"c":[0,0,0],"x":0.3384173,"y":0.4327959,"a":0.8925,"m":0,"n":0,"r":0,"g":0,"o":0.5,"t":0.5,"e":0.5},"t2":{"c":[0.3372133,0.4444444,0.2469135],"x":0.5765239,"y":0.3749366,"a":0.8925,"m":0,"n":0,"r":0,"g":0,"o":0.5,"t":0.5,"e":0.5}}]}]}