{"v":7,"p":[{"b":5,"id":"5c3e8cb1e3438d4050d5619e","t1":58,"t2":22,"s":[{"p":[0,0,0],"r":[0,0,0],"s":[0.1000057,0.1000073,2.57347],"c":[0.4444443,0.3950616,0.4204584],"t1":{"c":[0,0,0],"x":0.5,"y":0.5,"a":0.8925,"m":0,"n":0,"r":0,"g":0,"o":0.5,"t":0.5,"e":0.5},"t2":{"c":[0,0,0],"x":0.17,"y":0.17,"a":0.69625,"m":0.5,"n":0.5,"r":0,"g":0,"o":0.5,"t":0.5,"e":0.5}}]},{"b":5,"t1":58,"t2":22,"ac":{"id":"5c3e8cb1e3438d4050d5619e","c":10},"s":[{"p":[1.063996,-1.902574E-07,0],"r":[0,0,-1.024528E-05],"s":[0.1000122,0.1000151,2.573803],"c":[0.4444443,0.3950616,0.4204584],"t1":{"c":[0,0,0],"x":0.5,"y":0.5,"a":0.8925,"m":0,"n":0,"r":0,"g":0,"o":0.5,"t":0.5,"e":0.5},"t2":{"c":[0,0,0],"x":0.17,"y":0.17,"a":0.69625,"m":0.5,"n":0.5,"r":0,"g":0,"o":0.5,"t":0.5,"e":0.5}}]}]}