{"v":7,"a":[7,13,18],"p":[{"b":38,"s":[{"p":[0,0,0],"r":[0,0,0],"s":[0.02205954,0.9885513,0.1602694],"c":[1,1,1]}]},{"b":38,"s":[{"p":[9.536743E-07,0,10.17329],"r":[1.001791E-05,180,1.001791E-05],"s":[0.02206176,0.9885599,0.1602913],"c":[1,1,1]}]},{"b":38,"s":[{"p":[1.47936E-06,3.006569,10.17158],"r":[0,180,180],"s":[0.02207091,0.9890247,0.1603735],"c":[1,1,1]}]},{"b":38,"s":[{"p":[5.247541E-07,3.006569,-0.00782013],"r":[-9.570542E-21,-2.189484E-13,180],"s":[0.02208068,0.9895548,0.160409],"c":[1,1,1]}]}]}