{"v":7,"p":[{"a":[12],"c":[[-0.865,0.423,0.775,3,6,8],[0.813,0.624,0.803,2,6,14],[-0.828,0.396,-0.643,5,6,7],[0.861,0.58,-0.665,4,6,11]],"s":[{"p":[0,0,0],"r":[0,0,0],"s":[0.06163834,0.03904828,0.06539005],"c":[0,1,0.2285714]}]},{"b":3,"s":[{"p":[-4.145969E-05,0.02298773,0.001759043],"r":[359.0128,57.51056,271.6595],"s":[0.002603761,0.01813432,0.01765513],"c":[1,0.3428569,0],"b":["when touched then play tada trumpet"]}]}]}