{"v":7,"p":[{"b":18,"e":"4","s":[{"p":[0,0,0],"r":[0,0,0],"s":[0.006384755,0.006384982,0.006384794],"c":[1,1,1]}]}]}