{"v":7,"a":[5],"p":[{"s":[{"p":[0,0,0],"r":[0,0,-7.656432E-20],"s":[0.2281295,8.554338,17.90051],"c":[0.7777778,0.7358024,0.691358]}]}]}