{"v":7,"a":[31],"p":[{"b":63,"s":[{"p":[0,0,0],"r":[0,0,0],"s":[0.06543831,0.06543829,0.06543833],"c":[1,1,1]}]},{"b":14,"s":[{"p":[0.06996142,-0.009132734,0.0008775592],"r":[356.4211,266.0042,358.8396],"s":[0.01514589,0.01514586,0.0151459],"c":[1,1,1]}]},{"b":131,"e":"when touches hand then send one nearby to previous\n","s":[{"p":[0.1435277,-0.01439617,0.02166688],"r":[86.13245,276.0476,265.7627],"s":[0.003340448,0.003340448,0.003340449],"c":[1,1,1]}]}]}