{"v":7,"p":[{"b":18,"e":"8","s":[{"p":[0,0,0],"r":[0,0,0],"s":[0.006300369,0.00630113,0.006300768],"c":[1,1,1]}]}]}