{"v":7,"a":[7,18],"p":[{"t":7,"a":[5],"t1":21,"s":[{"p":[0,0,0],"r":[0,0,0],"s":[6.569561,10.85765,0.6856428],"c":[0.6049383,0.7333332,0.7777778],"t1":{"c":[0.691358,0.8380951,0.8888889],"x":0.17,"y":0.17,"a":0,"m":0.5,"n":0.5,"r":0,"g":0,"o":0.5,"t":0.5,"e":0.5}}]}]}