{"v":7,"p":[{"a":[1],"s":[{"p":[0,0,0],"r":[0,0,0],"s":[1.008874,0.02701236,0.7447904],"c":[1,1,1]}]}]}