{"v":7,"p":[{"b":118,"e":"by\nMRJAYDANOZ","s":[{"p":[0,0,0],"r":[0,0,0],"s":[0.00300191,0.003000667,0.003001961],"c":[1,1,1]}]}]}