{"n":"black hole","v":7,"a":[31,50],"p":[{"b":3,"t":19,"t1":168,"s":[{"p":[0,0,0],"r":[0,0,0],"s":[0.1250071,0.1250047,0.1250096],"c":[0,0,0],"t1":{"c":[0.2031747,0,0.4444444],"a":0.04055505}}]}]}