{"n":"ground","v":7,"a":[1],"p":[{"b":17,"s":[{"p":[0,0,0],"r":[0,0,0],"s":[55.76046,0.1310152,35.92798],"c":[0,0.6666667,0.1523809]}]}]}