{"n":"m4a1 suppressor","v":7,"a":[2,3,7],"p":[{"b":5,"t":9,"a":[23],"s":[{"p":[9.313226E-10,0,0.007446289],"r":[3.415095E-06,8.537737E-06,-6.830189E-06],"s":[0.02045348,0.02003746,0.2915494],"c":[0.1111109,0.1111109,0.1111109],"b":["when told by any m4s then destroy all parts"]}]},{"b":135,"e":"M4A1 Tactical suppressor","s":[{"p":[0.008333698,0.02926493,0.09701347],"r":[90,90.00001,0],"s":[0.001094003,0.001093964,0.001094002],"c":[0.222222,0.222222,0.222222]}]}]}