{"v":7,"a":[1,12],"p":[{"b":4,"a":[12],"s":[{"p":[0,0,0],"r":[0,0,3.415095E-06],"s":[0.01893321,0.01570999,0.01503804],"c":[1,1,1],"b":["when starts then all parts face nearest 21"]}]},{"b":3,"s":[{"p":[-0.01568429,0.00385952,0.1871398],"r":[50.41449,83.82395,358.7575],"s":[0.1972601,0.04823954,0.04523977],"c":[0.8493827,0.8888889,0.691358]}]},{"b":3,"i":[{"t":"5b00aa6c1318b66188d2d80c","p":[-0.2027716,-0.007367555,0.002611846],"r":[18.23707,11.6305,88.12888],"n":"20"}],"s":[{"p":[-0.01251629,6.735325E-06,0.1874827],"r":[50.41442,83.82391,358.7574],"s":[0.1946005,0.0482395,0.04523972],"c":[0.5467371,0.5555556,0.2469126]}]},{"b":61,"s":[{"p":[-0.03496328,-0.003898203,0.389122],"r":[66.77362,111.7414,109.2075],"s":[0.07150623,0.06798596,0.05866103],"c":[1,1,1]}]}]}