{"v":7,"p":[{"b":18,"e":"13","s":[{"p":[0,0,0],"r":[0,0,0],"s":[0.004346687,0.004345762,0.004346648],"c":[1,1,1]}]}]}