{"v":7,"p":[{"b":18,"e":"15","s":[{"p":[0,0,0],"r":[0,0,0],"s":[0.004958341,0.004956832,0.004958504],"c":[1,1,1]}]}]}