{"v":7,"a":[7,18],"p":[{"t":7,"a":[12,37],"i":[{"t":"5c45193fc7345c254f0fdb71","p":[0.01401067,-2.505303E-09,0],"r":[0,0,0]}],"s":[{"p":[0,0,0],"r":[0,0,0],"s":[0.01367085,0.01366993,0.01366988],"c":[0.2222221,0.2222221,0.2222221]}]}]}