{"v":7,"p":[{"b":5,"s":[{"p":[0,0,0],"r":[0,0,0],"s":[0.04471219,0.0430699,0.3287173],"c":[0.09876532,0.111111,0.1037036]}]}]}