{"v":7,"a":[22],"p":[{"s":[{"p":[0,0,0],"r":[0,0,0],"s":[1.539542,0.4268527,4.959644],"c":[0.7777778,0.7654321,0.691358]}]}]}