{"v":7,"a":[2,22,15,31],"p":[{"b":69,"t":21,"a":[18],"pr":11,"s":[{"p":[0.002244987,0.002258481,-0.05117018],"r":[45.00002,90,270],"s":[0.01811036,0.01811021,0.01810891],"c":[0,1,1],"pr":{"c":[0,0.9142855,1],"m":1,"a":0.25,"s":0.15,"z":0.8677924,"g":0.5,"h":0.02479911}}]},{"b":4,"a":[12],"s":[{"p":[0.004040316,-0.001034158,-0.08732105],"r":[0,0,0],"s":[0.01355604,0.01355189,0.01355568],"c":[1,1,1]}]}]}