{"v":7,"a":[7,18,36,37],"p":[{"s":[{"p":[0,0,0],"r":[0,0,0],"s":[0.1115928,0.8973963,2.670788],"c":[1,1,1]}]}]}