{"v":7,"p":[{"b":131,"e":"PICKLE-ARM\nBY:NICOLAS CAGE","s":[{"p":[-0.1311812,6.115064E-05,0.0368892],"r":[90,-1.001791E-05,0],"s":[0.003000098,0.003000617,0.003000603],"c":[0,0,0]}]},{"t":7,"a":[12],"s":[{"p":[0,0,0],"r":[0,0,0],"s":[0.02242186,0.01265965,0.0178972],"c":[1,1,1]}]}]}