{"n":"punch part","v":7,"a":[7,18],"p":[{"b":52,"t":21,"a":[36],"s":[{"p":[3.224603E-05,0.0005933162,6.024928E-05],"r":[5.984883,3.694077,357.2843],"s":[0.003137242,0.002164856,0.002164883],"c":[0.3333314,1,1],"b":["when told punch then become next in 0.5s"]},{"p":[0.0005344119,0.009833002,0.0009985084],"r":[5.984883,3.694077,357.2843],"s":[0.02642485,0.001000005,0.009607247],"c":[0.3333314,1,1],"b":["when told punchx then become 1 in 0.5s","when told by nearby reset rustybot then become 1"]}]}]}