{"n":"xau","v":7,"a":[31],"p":[{"t":2,"im":"973226846963954337/30265B0FD236D63A872ABFE02A5F1BEE48B64465/","s":[{"p":[0,0,0],"r":[0,0,0],"s":[0.183374,0.001,0.275061],"c":[1,1,1]}]}]}