{"n":"frash","v":7,"p":[{"t":2,"im":"973226846965731770/E804E14791C5B36076EE82DB209434FDDEB93A17/","t1":168,"s":[{"p":[0,0,0],"r":[0,0,0],"s":[0.7479805,0.0009999664,0.420739],"c":[1,1,1],"t1":{"c":[0,0,0],"a":0.03517191}}]}]}