{"n":"minigunammo","v":7,"a":[7,31,32],"p":[{"b":73,"t":3,"s":[{"p":[0,0,0],"r":[90,-9.659345E-06,0],"s":[0.1057069,0.1056992,0.1057066],"c":[0,0.7428566,1]}]},{"t":15,"t1":92,"s":[{"p":[0,0,0],"r":[0,0,-1.366038E-05],"s":[0.1204272,0.120428,0.1204304],"c":[0,0.7428566,1],"b":["when touches minigunreload then destroy all parts"],"t1":{"c":[0,0.7428566,1],"x":0.623291,"y":0.6247253,"a":0.8925,"m":0,"n":0,"r":0,"g":0,"o":0.5,"t":0.5,"e":0.5}}]}]}