{"v":7,"a":[48,49],"p":[{"b":73,"t":3,"s":[{"p":[0,0,0],"r":[0,0,0],"s":[0.05203403,0.05203436,0.05203443],"c":[0.7679012,0.7777778,0.4320986]}]}]}