{"v":7,"p":[{"su":[{"i":"5c394546329ec91528f54a8e","t":"5c4d23a1df16d60195e0db1c","p":[-4.40086,-5.864172,3.043562],"r":[341.4553,310.5231,197.9556]}],"s":[{"p":[0,0,0],"r":[0,0,-8.537735E-07],"s":[0.1750001,0.1750002,0.1750003],"c":[1,1,1]}]}]}