{"n":"rapier","v":7,"a":[1,2],"p":[{"b":86,"t":1,"s":[{"p":[-0.1647586,-0.03905439,0.02485291],"r":[353.2207,349.2291,107.4102],"s":[0.03655154,0.01968385,0.03532061],"c":[0.9714286,1,0]}]},{"b":4,"t":1,"s":[{"p":[0.1359322,0.04245216,0.06024272],"r":[344.8557,83.86378,17.15408],"s":[0.006136137,0.001000003,0.2956993],"c":[0.8888889,0.8888889,0.8888889]}]},{"b":5,"s":[{"p":[-0.2313384,-0.05861261,0.0173311],"r":[343.1443,82.14166,269.0517],"s":[0.01066661,0.009442444,0.2116815],"c":[0.6645502,0.6666667,0.5925926]}]}]}