{"v":7,"p":[{"s":[{"p":[0,0,0],"r":[0,0,-8.537737E-07],"s":[0.1750001,0.1750003,0.1750003],"c":[1,1,1],"b":["when starts then allow invisibility"]}]}]}