{"v":7,"a":[2,7,31,32],"p":[{"b":73,"t":12,"a":[23],"s":[{"p":[0,0,0],"r":[0,0,0],"s":[0.05217343,0.05215922,0.05214789],"c":[1,1,1]}]},{"b":73,"t":21,"pr":8,"s":[{"p":[0,0,0],"r":[270,180,0],"s":[0.0524963,0.05249386,0.05249672],"c":[1,0.342857,0],"b":["when starts then become next in 5"],"pr":{"c":[1,1,1],"a":0.5323868}},{"p":[0,0,0],"r":[270,180,0],"s":[0.0524953,0.05249374,0.05249538],"c":[0,0,0],"pr":{"c":[1,1,1],"a":0}}]}]}