{"v":7,"a":[22,18],"p":[{"b":68,"s":[{"p":[0.01044126,0.7535282,0.001801016],"r":[1.001791E-05,-1.628444E-12,-2.189274E-19],"s":[0.2380068,0.05606608,0.2321967],"c":[1,0,0]}]},{"b":158,"s":[{"p":[0.008305063,-0.03808485,0.01887346],"r":[-1.751587E-12,-1.001791E-05,1.531286E-19],"s":[0.2038441,0.7689329,0.2038433],"c":[1,1,1]}]},{"b":68,"t":1,"s":[{"p":[0.01219259,0.7535281,0.001801016],"r":[0,0,0],"s":[0.2573377,0.04319825,0.2399516],"c":[0.984127,1,0.4444443]}]}]}