{"v":7,"a":[31],"p":[{"b":3,"t":1,"s":[{"p":[0,0,0],"r":[0,0,0],"s":[0.03576149,0.03576149,0.03576149],"c":[0.5555556,0.435626,0.3086419]}]}]}