{"n":"telephone pole","v":7,"a":[1],"p":[{"b":5,"s":[{"p":[0,0,0],"r":[0,0,0],"s":[0.008078665,0.008079097,0.2420738],"c":[0.3333332,0.2285713,0]}]},{"b":5,"s":[{"p":[0,-7.450581E-09,0.08705927],"r":[1.931869E-05,90.00001,1.628444E-12],"s":[0.00433975,0.004339747,0.08550294],"c":[0.3333332,0.2285713,0]}]},{"b":5,"s":[{"p":[0,-7.450581E-09,0.0628512],"r":[1.931869E-05,90.00001,1.628444E-12],"s":[0.004339814,0.004339792,0.07796209],"c":[0.3333332,0.2285713,0]}]},{"s":[{"p":[3.164542E-09,0.009049531,0.04250336],"r":[90,-2.003583E-05,0],"s":[0.01716818,0.02685639,0.006254592],"c":[0.5555556,0.5555556,0.5555556]}]}]}