{"v":7,"a":[22,20],"p":[{"t":1,"a":[36],"t1":161,"s":[{"p":[-0.6318209,-0.09970284,-0.03739822],"r":[0,0,3.415094E-06],"s":[2.926484,0.07491878,0.001000158],"c":[0.4444443,0.4444443,0.4444443],"b":["when told by any closed then become 2 in 0.2s"],"t1":{"c":[0.7777778,0.7777778,0.7777778],"x":0.5,"y":0.5,"a":0.8925,"m":0,"n":0,"r":0,"g":0,"o":0.5,"t":0.5,"e":0.5}},{"p":[-0.7326363,-0.1471164,0.6766777],"r":[0,0,6.830188E-06],"s":[2.764105,0.07495686,1.466242],"c":[0.444444,0.444444,0.444444],"b":["when told by any open then become next in 0.2s","when touches hand then play hitting metal"],"t1":{"c":[0.7777778,0.7777778,0.7777778],"x":0.5,"y":0.0894084,"a":0.8925,"m":0,"n":1,"r":0,"g":0,"o":0.5,"t":0.5,"e":0.5}}]}]}