{"v":7,"p":[{"b":3,"t":7,"s":[{"p":[0,0,0],"r":[0,0,-8.537737E-07],"s":[0.01782451,0.01782455,0.01782456],"c":[0.285714,1,0]}]},{"b":18,"e":"EXTRA","s":[{"p":[-0.01279409,0.02419217,-0.01006013],"r":[51.81417,344.0302,359.8112],"s":[0.001000001,0.001,0.001000001],"c":[1,1,1]}]}]}