{"v":7,"a":[7,18],"p":[{"t":19,"s":[{"p":[0,0,0],"r":[0,0,0],"s":[1.087705,1.497468,3.353647],"c":[0,0,0]}]}]}