{"v":7,"a":[2,3],"inc":[["testerman13545","5c5644403edb123fdb280b7e"]],"p":[{"b":57,"s":[{"p":[-0.03321614,0.009067846,-0.01854401],"r":[1.317859,334.1136,1.498192],"s":[0.02443327,0.03550897,0.008935895],"c":[0.5555556,0.5555556,0.5555556]}]},{"s":[{"p":[0.003635175,0.01193354,-0.004403638],"r":[0.7525452,13.98304,356.5982],"s":[0.09282275,0.02954493,0.0379531],"c":[0.5555556,0.5555556,0.5555556]}]},{"s":[{"p":[-0.05794123,0.01330932,-0.03453662],"r":[2.204637,201.7017,5.157779],"s":[0.03927529,0.02954485,0.1285511],"c":[0.5555556,0.5555556,0.5555556],"b":["when triggered then emit testerman13545 with 20"]}]}]}