{"v":7,"p":[{"s":[{"p":[-0.07467219,1.330401,0.5738561],"r":[313.3332,193.3917,181.7542],"s":[0.1750012,0.175001,0.1750008],"c":[1,1,1]}]},{"b":7,"s":[{"p":[-0.2176936,1.300336,0.5568594],"r":[18.36567,318.9831,120.9457],"s":[0.1250002,0.1250001,0.1250002],"c":[1,1,1]}]}]}