{"v":7,"p":[{"b":14,"s":[{"p":[0,0,0],"r":[0,0,0],"s":[0.06000027,0.06000013,0.06000017],"c":[1,1,1]}]}]}