{"v":7,"a":[7,18],"p":[{"a":[15],"t1":110,"t2":38,"s":[{"p":[0,0,0],"r":[0,0,0],"s":[1.292791,0.05059909,8.179655],"c":[0.2222218,0.1248673,0.07407375],"t1":{"c":[0.5555556,0.3756613,0.1851851],"x":0.5,"y":0.6426466,"a":0.8925,"m":0,"n":0,"r":0,"g":0,"o":0.5,"t":0.5,"e":0.5},"t2":{"c":[1,1,1],"x":0.4150639,"y":0.6926239,"a":0.6262627,"m":0,"n":0.03007865,"r":0.25,"g":0,"o":0.5,"t":0.5,"e":0.5}}]}]}