{"v":7,"a":[22,31],"p":[{"b":16,"t":17,"s":[{"p":[0.006671743,-0.002877587,-0.01996881],"r":[90,180,0],"s":[0.06438792,0.06439754,0.06440165],"c":[1,0,0.3428572],"b":["when starts then all parts face up"]}]},{"b":4,"a":[12],"s":[{"p":[0,0,0],"r":[0,0,0],"s":[0.02434591,0.02434829,0.02434831],"c":[1,1,1]}]}]}