{"n":"willpower","v":7,"a":[20],"p":[{"b":62,"t":21,"c":[[0.06,0.317,0.007,21,11,37,15],[0.06,0.317,0.10709,9,11,50,8],[0.06,0.21691,0.10709,3,5,63,2],[0.06,0.21691,0.007,2,31,35,22],[-0.04400001,-0.4800451,0.09895499,37,3,19,28],[-0.32109,0.06895499,0.01504504,41,5,12,37],[-0.339045,0.07595499,0.01400003,34,13,10,35],[-0.215955,0.2220002,0.08295497,35,1,20,29],[-0.051,0.442,-0.03,29,9,16,35],[-0.451,0.079,0.053,18,13,34,17]],"s":[{"p":[-0.02085027,0.0007336428,-0.0409957],"r":[315.531,354.1289,346.833],"s":[0.1250033,0.05107065,0.1250045],"c":[1,0.6857142,0]}]},{"b":18,"e":"O","s":[{"p":[-0.05531771,0.06228875,-0.01245451],"r":[54.00707,353.9395,358.4218],"s":[0.006391417,0.006391417,0.006391424],"c":[0,0,0]}]}]}