{"v":7,"a":[7,31],"p":[{"b":199,"s":[{"p":[0.009924904,0.1141325,0.1717885],"r":[-3.415095E-06,180,1.024528E-05],"s":[0.04172018,0.001000363,0.08003571],"c":[1,1,1]}]},{"b":64,"s":[{"p":[0.01108361,0.04688543,0.001970291],"r":[0,0,-1.024528E-05],"s":[0.1250333,0.1250242,0.3385407],"c":[0.7280424,0.5925926,0.8888889]}]}]}