{"v":7,"a":[22],"p":[{"t":7,"t1":105,"s":[{"p":[0,0,0],"r":[0,0,0],"s":[0.0596911,3.828997,4.813744],"c":[0,0,0],"t1":{"c":[1,1,1],"x":0.5,"y":0.5,"a":0.8925,"m":0,"n":0,"r":0,"g":0,"o":0.5,"t":0.5,"e":0.5}}]}]}