{"v":7,"a":[5,48],"p":[{"b":201,"a":[12],"s":[{"p":[0,0,0],"r":[0,0,6.157171E-14],"s":[5.745759,10.40111,5.745757],"c":[1,1,1]}]}]}