{"v":7,"a":[1],"p":[{"b":150,"s":[{"p":[0,0,0],"r":[0,0,0],"s":[0.1852006,0.06000016,0.06000011],"c":[0.4444442,0.3724867,0.2962961]}]}]}