{"v":7,"a":[5,22],"p":[{"a":[36],"id":"5c5b35bbe3438d2620ce0cce","t1":5,"s":[{"p":[0.06295015,-0.004279608,-0.003427506],"r":[-7.818159E-07,-1.17007E-06,292.5],"s":[0.02038814,0.1753324,5.029242],"c":[0.3333331,0.2518516,0.07407389],"t1":{"c":[0,0,0],"x":0.17,"y":0.17,"a":0.69625,"m":0.5,"n":0.5,"r":0,"g":0,"o":0.5,"t":0.5,"e":0.5}},{"p":[0.07480796,7.450581E-09,-0.00784576],"r":[-7.818155E-07,-1.17007E-06,292.5],"s":[0.020379,0.1751421,5.024445],"c":[0,0,0],"t1":{"c":[0,0,0],"x":0.17,"y":0.17,"a":0.69625,"m":0.5,"n":0.5,"r":0,"g":0,"o":0.5,"t":0.5,"e":0.5}}]},{"a":[36],"t1":5,"ac":{"id":"5c5b35bbe3438d2620ce0cce","c":20},"s":[{"p":[0.06116756,-0.09007596,-0.08206774],"r":[-2.003236E-07,4.836238E-07,45],"s":[0.02038991,0.001,3.673055],"c":[0,0,0],"b":["when told by any blind then become next in 0.5s"],"t1":{"c":[0,0,0],"x":0.17,"y":0.17,"a":0.69625,"m":0.5,"n":0.5,"r":0,"g":0,"o":0.5,"t":0.5,"e":0.5}},{"p":[0.2251678,0.06171229,7.450581E-09],"r":[-7.818159E-07,-1.17007E-06,292.5],"s":[0.02041868,0.1756909,5.041417],"c":[0.3333331,0.2518516,0.07407389],"b":["when told by any blind then become 1 in 0.5s"],"t1":{"c":[0,0,0],"x":0.17,"y":0.17,"a":0.69625,"m":0.5,"n":0.5,"r":0,"g":0,"o":0.5,"t":0.5,"e":0.5}}]}]}