{"v":7,"a":[2,9,17],"tp_m": 0.2,"tp_d": 15,"p":[{"b":3,"s":[{"p":[0,0,0],"r":[0,0,-4.268868E-07],"s":[0.2045792,0.2280189,0.1982884],"c":[1,1,1]}]}]}