{"v":7,"a":[22,48],"p":[{"s":[{"p":[0,0,0],"r":[0,0,0],"s":[3.057458,0.001000125,2.158316],"c":[1,1,1]}]}]}