{"v":7,"p":[{"b":46,"s":[{"p":[0,0,0],"r":[0,0,0],"s":[0.125,0.125,0.125],"c":[0.2857141,0,1]}]},{"b":5,"s":[{"p":[0.07250202,0.01180203,0.1509179],"r":[350.168,28.74044,19.18776],"s":[0.03543703,0.03516708,0.2220286],"c":[0.2857141,0,1]}]}]}