{"v":7,"a":[2,4,29],"p":[{"b":7,"s":[{"p":[0.1770167,-0.2724983,-0.07272337],"r":[277.2743,73.06013,319.1255],"s":[0.125,0.125,0.125],"c":[1,1,1]}]},{"b":16,"s":[{"p":[0.3020093,-0.5147289,-0.5929211],"r":[58.04554,98.51715,313.7476],"s":[0.1000001,0.09999996,0.09999999],"c":[1,1,1]}]},{"b":2,"s":[{"p":[0.1859643,-0.1677118,-0.07002565],"r":[278.9958,69.58898,322.0806],"s":[0.08202194,0.07822144,0.1250001],"c":[1,1,1]}]}]}