{"v":7,"a":[1],"p":[{"s":[{"p":[0,0,0],"r":[0,0,0],"s":[0.1750001,0.175,0.04572181],"c":[0.07407401,0.1079361,0.6666667]}]},{"s":[{"p":[-0.002243923,0.004848763,0.03846379],"r":[0.02458483,0.7548372,0.6522884],"s":[0.08935118,0.0904939,0.04572188],"c":[1,0,0.3428572],"b":["when touched then become next in 1s","when touched then play button click","when touched then tell any off"]},{"p":[-0.00139967,0.002306478,0.004651607],"r":[1.475685,0.6909805,359.9929],"s":[0.08935133,0.09049405,0.04572196],"c":[1,0,0.3428572],"b":["when starts then become next in 1s"]}]},{"b":139,"e":"OFF","s":[{"p":[0.02910822,-0.04751138,0.03113312],"r":[1.269622,179.9165,357.0023],"s":[0.003,0.002999999,0.002999998],"c":[1,1,1]}]}]}