{"v":7,"a":[1,2,3,12],"inc":[["thing","5c5f8750821080055581ad66"]],"p":[{"b":5,"t":1,"a":[37],"s":[{"p":[0,0,0],"r":[0,0,0],"s":[0.01198862,0.01128324,0.4935237],"c":[0.111111,0.111111,0.111111],"b":["when triggered then emit gravity-free thing with 5"]}]}]}