{"v":7,"p":[{"s":[{"p":[0,0,0],"r":[0,0,0],"s":[0.07085299,0.07340422,0.1750003],"c":[1,1,1]}]},{"s":[{"p":[0.04341413,0.01073512,0.1426781],"r":[356.6094,34.16785,0.8482993],"s":[0.0708532,0.07340433,0.1750007],"c":[1,1,1]}]},{"s":[{"p":[0.1517127,0.02575999,0.2148037],"r":[357.518,76.18849,359.4014],"s":[0.07085329,0.07340443,0.1750011],"c":[1,1,1]}]},{"s":[{"p":[0.2871991,0.02657926,0.1991583],"r":[0.9446286,116.6435,359.0117],"s":[0.07085334,0.07340451,0.1750013],"c":[1,1,1]}]}]}