{"v":7,"p":[{"b":10,"s":[{"p":[0,0,0],"r":[0,0,0],"s":[0.1250001,0.125,0.125],"c":[1,1,1],"b":["when hears gay then become 2 in 1s"]},{"p":[0,0,0],"r":[0,0,0],"s":[0.4007365,0.3651198,0.422932],"c":[0,0.9142855,1],"b":["when hears no then become previous in 1s"]}]}]}