{"n":"lighthouse news","v":7,"a":[2,3],"p":[{"b":12,"im":"959733479648338412/49FAEFBAEAC5D985EC80F93066341E71CDB9D126/","s":[{"p":[0,0,0],"r":[0,0,0],"s":[0.07988124,0.004366154,0.1012891],"c":[1,1,1]}]},{"b":12,"im":"959733479648338412/49FAEFBAEAC5D985EC80F93066341E71CDB9D126/","s":[{"p":[0,0.001666546,-2.913881E-10],"r":[1.585114E-19,1.001791E-05,-1.813159E-12],"s":[0.07987879,0.004365941,0.1012873],"c":[1,1,1]}]}]}