{"v":7,"a":[20],"p":[{"b":15,"id":"5c5f7440e3438d4de0fe39a7","t1":45,"s":[{"p":[0,0,0],"r":[0,0,0],"s":[1.625793,1.562206,7.070315],"c":[1,1,1],"t1":{"c":[0.5555556,0.5555556,0.5555556],"x":0.5,"y":0.5,"a":0.8925,"m":0,"n":0,"r":0,"g":0,"o":0.5,"t":0.5,"e":0.5}}]},{"b":15,"t1":45,"ac":{"id":"5c5f7440e3438d4de0fe39a7","c":34,"w":13,"rp":[33,23,0],"rr":[2,2,2],"rs":[1,1,1]},"s":[{"p":[-1.499927E-06,-4.487794,-3.751836],"r":[8.964156E-08,-8.964157E-08,90],"s":[1.627427,1.56361,14.76966],"c":[1,1,1],"t1":{"c":[0.5555556,0.5555556,0.5555556],"x":0.5,"y":0.5,"a":0.8925,"m":0,"n":0,"r":0,"g":0,"o":0.5,"t":0.5,"e":0.5}}]}]}