{"n":"rightupperarm","v":7,"a":[31],"p":[{"b":4,"a":[12,37],"s":[{"p":[0.006611821,-0.03795666,-0.2660393],"r":[22.50001,-1.155147E-05,22.49999],"s":[0.05461828,0.05461987,0.05459646],"c":[1,1,1],"b":["when starts then all parts face nearest rightelbow"]}]},{"b":69,"s":[{"p":[0.01435756,-0.03371075,-0.2292071],"r":[31.37239,91.3824,94.91981],"s":[0.04889372,0.06287053,0.04886737],"c":[0.8888889,0.6490299,0.3950615]}]}]}