{"n":"rightforearm","v":7,"a":[31],"p":[{"b":61,"s":[{"p":[0.1686219,-0.2240255,-0.2885611],"r":[90,315,0],"s":[0.1106055,0.1106132,0.1105565],"c":[0.8888889,0.6490299,0.3950616]}]},{"b":4,"a":[12,37],"s":[{"p":[0.1824893,-0.228253,-0.2954989],"r":[-4.268868E-06,315,22.5],"s":[0.04646861,0.04646152,0.04644587],"c":[1,1,1],"b":["when starts then all parts face nearest rightwrist"]}]},{"b":69,"s":[{"p":[0.06712622,-0.2208778,-0.192178],"r":[90,315,0],"s":[0.04895718,0.04826143,0.04892097],"c":[0.8888889,0.6490299,0.3950616]}]}]}