{"n":"bowl thing","v":7,"a":[2],"p":[{"b":86,"s":[{"p":[-4.86122,2.901753,1.198043],"r":[349.25,167,0],"s":[0.075,0.075,0.075],"c":[1,1,1]}]}]}