{"v":7,"p":[{"b":10,"s":[{"p":[0,0,0],"r":[0,0,0],"s":[0.04687919,0.05695111,0.05296235],"c":[1,1,1],"b":["when starts then project with 1000 default, show line with 0.1 width"]}]}]}