{"v":7,"a":[22],"p":[{"b":153,"id":"5c649eb3e3438d0f5c4ebfac","t1":43,"t2":59,"s":[{"p":[0,0,0],"r":[0,0,0],"s":[0.0400168,0.03809024,0.6870711],"c":[0.2222221,0.160141,0.02469136],"t1":{"c":[0,0,0],"x":0.5,"y":0.5,"a":0.8925,"m":0,"n":0,"r":0,"g":0,"o":0.5,"t":0.5,"e":0.5},"t2":{"c":[0.06172834,0.5555556,0.2592592],"x":0.5,"y":0.5,"a":0.8925,"m":0,"n":0,"r":0,"g":0,"o":0.5,"t":0.5,"e":0.5},"pr":{"c":[0.2222221,0.1679012,0.04938267],"m":0.25,"a":0.25,"s":0.15,"z":0.25,"g":0.5,"h":0.25}}]},{"b":153,"t1":43,"t2":59,"ac":{"id":"5c649eb3e3438d0f5c4ebfac","c":18,"rr":[4,4,4],"rs":[1,1,1]},"s":[{"p":[1.071862,0.44398,0],"r":[0,0,1.195283E-05],"s":[0.04002146,0.03810917,0.6873174],"c":[0.2222221,0.160141,0.02469136],"t1":{"c":[0,0,0],"x":0.5,"y":0.5,"a":0.8925,"m":0,"n":0,"r":0,"g":0,"o":0.5,"t":0.5,"e":0.5},"t2":{"c":[0.06172834,0.5555556,0.2592592],"x":0.5,"y":0.5,"a":0.8925,"m":0,"n":0,"r":0,"g":0,"o":0.5,"t":0.5,"e":0.5}}]}]}