{"v":7,"a":[31,48],"p":[{"pr":21,"s":[{"p":[0,0,0],"r":[0,0,7.656432E-20],"s":[0.6451851,0.6450881,0.6451367],"c":[1,1,1],"b":["when neared then play water pool splash"],"pr":{"c":[1,1,1],"m":0.2227325,"a":0.2602463,"s":0,"z":0.6194763,"g":0.6105347,"h":0.25}}]}]}