{"v":7,"inc":[["thing","5c646e635acf820a85be6d7c"]],"p":[{"t1":44,"s":[{"p":[0,0,0],"r":[0,0,0],"s":[1.000367,0.04159641,0.1750018],"c":[0.7777778,0.7160494,0.3456789],"b":["when touches axe then tell break","when touches axe then become untweened next","when starts then play chopping wood"],"t1":{"c":[0.6666667,0.6137567,0.2962962],"x":0.5,"y":0.8030577,"a":0.8925,"m":0,"n":0,"r":0,"g":0,"o":0.5,"t":0.5,"e":0.5}},{"p":[0,0,0],"r":[0,0,0],"s":[1.000367,0.04159641,0.1750018],"c":[0.7777778,0.7160494,0.3456789],"b":["when starts then destroy all parts","when starts then play chopping wood"],"t1":{"c":[0.6666667,0.6137567,0.2962962],"x":0.5,"y":0.8030577,"a":0.8925,"m":0,"n":0,"r":0,"g":0,"o":0.5,"t":0.5,"e":0.5}}]},{"b":4,"a":[12],"s":[{"p":[-0.2253703,-0.005411153,0.01752259],"r":[2.092239,178.3612,121.3645],"s":[0.125002,0.1250018,0.1250015],"c":[1,1,1],"b":["when told break then emit thing with 0"]}]},{"b":4,"a":[12],"s":[{"p":[0.2083976,-0.01257835,0.03124408],"r":[358.0327,179.9086,52.49675],"s":[0.1250014,0.1250012,0.125001],"c":[1,1,1],"b":["when told break then emit thing with 0"]}]}]}