{"v":7,"a":[7,31],"p":[{"s":[{"p":[0,0,0],"r":[0,0,0],"s":[0.1750106,0.02436519,0.1750132],"c":[1,1,1]}]},{"b":9,"t":2,"s":[{"p":[4.06513E-05,0.01070374,-0.003055215],"r":[0,0,270],"s":[0.01499606,0.07036765,0.07037061],"c":[1,1,1],"b":["when touches hand then send one nearby onto spawn"]}]},{"b":129,"t":2,"e":"SPAWN","s":[{"p":[-0.04098935,0.004418597,0.1138237],"r":[90,-5.757418E-13,0],"s":[0.003001275,0.00300039,0.00300129],"c":[1,1,1]}]}]}