{"v":7,"a":[2],"p":[{"a":[5],"s":[{"p":[0,0,0],"r":[0,0,0],"s":[0.1750004,0.1750005,0.1750005],"c":[1,1,1]}]}]}