{"n":"ground","v":7,"a":[1,22],"p":[{"s":[{"p":[0,0,0],"r":[0,0,0],"s":[211.8604,0.1750056,636.7291],"c":[0,0.5555556,0.2222221]}]}]}