{"v":7,"a":[2,3,22,18],"inc":[["thing","5c676c6e81e464055e68a95b"],["thing 2","5c677e0b055f1e3cb38d7492"]],"p":[{"b":26,"s":[{"p":[-0.4628471,-0.07528703,-0.007603973],"r":[-5.122642E-06,270,270],"s":[0.326675,0.3266784,0.3267848],"c":[0.2222221,0.2222221,0.2222221]}]},{"b":139,"e":"BIG BICH","s":[{"p":[-0.1818525,0.06002082,-0.1311576],"r":[-1.001791E-05,8.757938E-13,-1.001791E-05],"s":[0.008517211,0.008515656,0.008517286],"c":[1,1,1]}]},{"b":205,"a":[12],"s":[{"p":[0.4342477,0.0005996643,-0.009605333],"r":[1.001791E-05,90,-1.001791E-05],"s":[0.04502422,0.04500933,0.04502232],"c":[1,1,1],"b":["when triggered then emit thing 2 with 50 , play bell c 2"]}]},{"b":144,"t":1,"s":[{"p":[0.003576413,0.009312431,0.009614706],"r":[337.5,3.625445E-06,-7.211456E-07],"s":[0.4568185,0.09004624,0.09004234],"c":[0,0.05714255,1]}]}]}