{"v":7,"p":[{"s":[{"p":[0,0,0],"r":[0,0,0],"s":[0.1750001,0.1750002,0.1750002],"c":[1,1,1]}]},{"b":139,"e":"E","s":[{"p":[-0.06745806,0.08719565,0.1477059],"r":[89.3682,153.1242,152.2892],"s":[0.01978583,0.01978583,0.01978584],"c":[0,0,0]}]}]}