{"v":7,"p":[{"b":162,"s":[{"p":[-0.2881154,0.2367708,0.05753515],"r":[74.99578,198.7693,84.32621],"s":[0.1000003,0.1000004,0.1000004],"c":[0,1,0.7428571]}]},{"b":179,"s":[{"p":[-0.3114614,0.02906499,0.01267181],"r":[10.84945,348.8459,263.4077],"s":[0.2150023,0.2150021,0.2150004],"c":[0.1142857,0,1]}]}]}