{"n":"orb of destruction","v":7,"p":[{"b":9,"t":2,"pr":20,"t1":10,"s":[{"p":[0,0,0],"r":[0,0,0],"s":[0.1250002,0.1250001,0.125],"c":[1,0,0],"b":["when starts then become next in 1s","when starts then allow any destruction","when starts then allow emitted transporting"],"t1":{"c":[1,0,0],"a":0},"pr":{"c":[1,0,0],"m":0.4734859,"a":0.08424473,"s":0.1781783,"z":0.24334,"g":0.5,"h":0.3552685}},{"p":[0.004459041,-0.003366616,-0.05547135],"r":[1.212081,0.7011372,359.9543],"s":[0.1250004,0.1250001,0.1250001],"c":[0.6666667,0,0],"b":["when starts then become next in 1s"],"t1":{"c":[0.3333333,0.1111111,0.1111111],"a":0},"pr":{"c":[1,0,0],"m":0.25,"a":0.25,"s":0.15,"z":0.5,"g":0.5,"h":0.3518472}}]}]}