{"n":"ground","v":7,"a":[1],"p":[{"b":17,"s":[{"p":[0,0,0],"r":[0,0,0],"s":[3.691894,0.11062,3.556344],"c":[0.9019608,0.8509804,0.7215686]}]},{"b":156,"s":[{"p":[0.1653287,-0.6668218,-0.2769021],"r":[0.4308789,60.13864,180.1651],"s":[3.558865,1.700224,3.5624],"c":[0.9019608,0.8509804,0.7215686]}]}]}