{"n":"cube black","v":7,"p":[{"t":12,"s":[{"p":[0,0,0],"r":[0,0,8.004127E-08],"s":[1.321453,0.8315529,1.031825],"c":[0.1851851,0.5238094,0.5555556]}]}]}