{"v":7,"p":[{"b":18,"e":"abc","s":[{"p":[0,0,0],"r":[0,0,1.067217E-07],"s":[0.003000001,0.003,0.003],"c":[1,1,1]},{"p":[0.05793948,-0.4831282,0.07712061],"r":[37.79306,9.64982,353.2616],"s":[0.003000001,0.003000002,0.003000003],"c":[1,1,1]}]},{"b":90,"e":"I AM THE KING","s":[{"p":[-0.03985712,-0.05834505,0.04179521],"r":[0.0477135,8.416241,356.292],"s":[0.003000001,0.003000002,0.003000002],"c":[1,1,1]}]}]}