{"v":7,"p":[{"t":2,"im":"955230575072925215/69725D6582396CF1300E108F26E45AD15B5D246C/","s":[{"p":[0,0,0],"r":[0,0,0],"s":[0.08197191,0.001000055,0.1137388],"c":[1,1,1]}]},{"t":2,"s":[{"p":[2.328306E-10,0.001737863,0],"r":[0,0,0],"s":[0.08197623,0.003340403,0.1137448],"c":[0,0,0]}]}]}