{"n":"nearby range","v":7,"a":[1,6,7,12,13,18,23,36,37,38,39,48],"p":[{"b":202,"a":[14,17,18,24,39],"s":[{"p":[0.1198521,0.07106017,0.05480957],"r":[90,0,0],"s":[0.7367259,0.134293,0.7367169],"c":[0.6476188,0,0.6666667]}]},{"b":205,"s":[{"p":[0,0,0],"r":[2.390566E-05,-1.055179E-12,-1.792837E-07],"s":[0.04501297,0.04500668,0.04501301],"c":[1,1,1]}]},{"s":[{"p":[0.07701399,0.08555126,8.133597],"r":[90,90,0],"s":[0.1753211,0.2445762,0.1754399],"c":[1,1,1],"b":["when starts then become next in 0.3s"]},{"p":[0.07701399,0.08555126,8.133595],"r":[90,90,0],"s":[0.1753211,0.2445762,0.1754399],"c":[1,1,1],"b":["when starts then tell nearby one, then become previous"]}]}]}