{"v":7,"p":[{"t":7,"a":[17,24],"s":[{"p":[0,0,0],"r":[0,0,0],"s":[0.01045082,0.01372958,32.32695],"c":[1,0,0]}]}]}