{"v":7,"a":[2,7,18,21],"p":[{"b":68,"t":1,"c":[[-0.9,0,-0.7,168,-50],[-0.8,0,-0.8,167,-50,-43,42,-41],[-0.9,0,-0.5,169,-47],[-1,0,0,144,26,-24,27],[-0.9,0,0.5,143,-47,-2,-1],[-0.9,0,0,97,26],[-0.9,0,-0.4,120],[-0.9,0,-0.6,119],[-0.8,0,-0.1,95,26],[-0.7,0,0,4,67],[-0.7,0,-0.3,68],[-0.7,0,-0.5,65],[-0.6,0,-0.8,62,-2,-1,17,-20,1,58,-62,24,37],[-0.7,0,-0.9,124],[-0.9,0,0.7,142],[-0.9,0,0.6,98],[-0.6,0,-0.2,69],[-0.5,0,-0.1,0,72],[-0.7,0,0.4,3,2],[-0.5,0,-0.5,66,-3],[-0.6,0,-0.9,125],[-0.5,0,0.2,2],[-0.4,0,0.3,9],[-0.5,0,0.3,6],[-0.3,0,0.4,12],[0,0,-0.1,1,6,3,3,3,3,3,3,3,3,3,3,3,3,3,3,3,3,3,3,3,3,3,3,-49,2],[-0.1,0,-0.6,54,-4,28],[0.1,0,-0.5,51],[0.2,0,-0.4,48],[0.2,0,-0.2,45,-3,-3],[-0.2,0,-0.9,126],[0.1,0,-0.8,113],[0.2,0,-0.6,47],[0.2,0,-0.7,79],[-0.6,0,0.4,8],[-0.8,0,0.8,141],[-0.8,0,0.7,99],[-0.7,0,0.7,92],[-0.7,0,0.9,140],[-0.7,0,0.8,100],[-0.6,0,0.7,91],[-0.5,0,0.5,11],[-0.1,0,0.3,15],[-0.3,0,0.5,14],[-0.5,0,0.8,90,11],[-0.5,0,0.9,139],[0.2,0,0.2,18,5,63,-56,-1],[-0.1,0,0.5,17],[-0.2,0,0.7,89],[0.2,0,0,21,6,6],[0.3,0,0.3,20],[0.2,0,0.6,88],[-0.1,0,0.8,102],[-0.2,0,0.9,138],[0.1,0,0.8,103],[0.2,0,0.9,137],[0.4,0,0.4,87],[0.1,0,0.1,85,-53],[0.4,0,0.6,104],[0.5,0,0.8,136],[0.1,0,-0.9,127],[0.3,0,-0.8,112,-1,17],[0.3,0,-0.1,36],[0.6,0,0.5,105],[0.7,0,0.7,135],[0.3,0,-0.6,44],[0.4,0,-0.6,80],[0.5,0,-0.5,41],[0.5,0,-0.6,81],[0.5,0,-0.3,38],[0.6,0,0,35,48],[0.6,0,0.1,84],[0.7,0,-0.3,82],[0.6,0,-0.6,110],[0.5,0,-0.7,129],[0.7,0,-0.7,130],[0.8,0,-0.3,109,22],[0.8,0,-0.1,108],[0.9,0,-0.1,132],[0.8,0,0.2,107],[0.7,0,0.4,106],[0.9,0,0.3,133],[0.8,0,0.5,134],[-1.033,0.004,-1,164]],"sa":76,"cx":0,"s":[{"p":[1.862645E-09,-0.01646793,0],"r":[0,0,0],"s":[0.0005852106,0.02179663,0.02633028],"c":[0.111111,0.111111,0.111111]}]},{"b":5,"t":1,"s":[{"p":[-0.0006308551,-0.005029798,-0.003263474],"r":[1.024528E-05,270,90],"s":[0.004043049,0.004041996,0.0005851844],"c":[0.2222218,0.2222218,0.2222218]}]}]}