{"v":7,"a":[22,48],"p":[{"s":[{"p":[0,0,0],"r":[0,0,0],"s":[1.843578,0.04563393,10.60907],"c":[1,1,1]}]}]}