{"v":7,"a":[7,18],"p":[{"t1":25,"s":[{"p":[0,0,0],"r":[0,0,0],"s":[18.95335,14.58803,0.2995566],"c":[0.2222221,0.2222221,0.2222221],"t1":{"c":[0,0,0],"x":0.5,"y":0.5,"a":0.8925,"m":0,"n":0,"r":0,"g":0,"o":0.5,"t":0.5,"e":0.5}}]}]}