{"n":"rightupperarm","v":7,"a":[12],"p":[{"b":4,"a":[12,37],"s":[{"p":[0,0,0],"r":[3.415095E-06,-1.28066E-06,2.219812E-05],"s":[0.0546222,0.05462168,0.0545987],"c":[1,1,1]}]},{"b":69,"t":1,"a":[36],"i":[{"t":"5c6f310a62a5662a9fba1502","p":[0.005913461,0.1733027,-0.004988804],"r":[4.360191,203.6341,53.82452]}],"s":[{"p":[-0.00510106,0.00779549,0.1055338],"r":[60.52753,85.22092,84.61458],"s":[0.04889393,0.07957305,0.04886761],"c":[0.111111,0.1051145,0.09876534],"b":["when starts then all parts face nearest rightelbow","when told armor then become 2 in 0.5s"]},{"p":[-0.00510106,0.00779549,0.1055338],"r":[60.52753,85.22092,84.61458],"s":[0.04889393,0.07957305,0.04886761],"c":[1,0.1714285,0],"b":["when told armoroff then become 1 in 0.5s"]}]}]}