{"n":"vigo the carpathian","v":7,"d":"\"DEATH IS BUT A DOOR. TIME IS BUT A WINDOW. I'LL BE BACK.\"","a":[1],"p":[{"t":2,"im":"943961859819616908/E9B5AA6D8AC24E516B12FDE206D008915F467140/","s":[{"p":[0,0,0],"r":[0,0,0],"s":[1.709135,2.71833,0.02868524],"c":[0.6666667,0.6666667,0.6666667]}]},{"s":[{"p":[-2.406442E-07,-1.14758E-07,0.02545834],"r":[-1.001791E-05,-6.157171E-14,1.001791E-05],"s":[1.768466,2.774969,0.05648375],"c":[0.6666667,0.6349207,0.4444443]}]},{"s":[{"p":[-3.590244E-09,-1.120288E-07,0.0410676],"r":[0,0,0],"s":[1.903185,2.897753,0.05650137],"c":[0.5555556,0.5291005,0.3703702]}]}]}