{"n":"wall","v":7,"a":[7,18],"p":[{"a":[36],"t1":136,"s":[{"p":[-4.768372E-07,-2.384186E-07,-3.433411],"r":[0,0,1.024528E-05],"s":[2.557955,0.17503,8.265317],"c":[0.5555556,0.5555556,0.5555556],"b":["when touches hand then play brewing machine with 200 stretch, then play steam machine, then become next in 5s"],"t1":{"c":[1,0.8571429,0],"x":0.5,"y":0.710108,"a":0.6189986,"m":0.09410405,"n":0,"r":0.1661811,"g":0,"o":0.5,"t":0.5,"e":0.5}},{"p":[4.768372E-07,0,-6.185658],"r":[0,0,1.024528E-05],"s":[2.558124,0.1750363,8.26603],"c":[0.5555556,0.5555556,0.5555556],"b":["when starts then is area.secrets ++"],"t1":{"c":[1,0.8571429,0],"x":0.5,"y":0.710108,"a":0.6189986,"m":0.09410405,"n":0,"r":0.1661811,"g":0,"o":0.5,"t":0.5,"e":0.5}}]}]}