{"n":"wall","v":7,"a":[22,20,34],"p":[{"t1":138,"s":[{"p":[0,0,0],"r":[0,0,-2.035555E-13],"s":[1.157133,5.599277,0.8767169],"c":[0.6666667,0.6666667,0.6666667],"t1":{"c":[0.6666667,0.6666667,0.6666667],"x":0.5,"y":0.5,"a":0.8925,"m":0,"n":0,"r":0,"g":0,"o":0.5,"t":0.5,"e":0.5}}]}]}