{"n":"wall","v":7,"a":[7,18,20],"p":[{"t1":6,"s":[{"p":[0,0,0],"r":[0,0,0],"s":[2.375624,0.5343444,8.354879],"c":[0.3333332,0.1851851,0.1851851],"b":["when touches hand then play male pain grunt 3 with 200 -.2 octaves"],"t1":{"c":[0,0,0],"x":0.17,"y":0.17,"a":0.69625,"m":0.5,"n":0.5,"r":0,"g":0,"o":0.5,"t":0.25,"e":0.5}}]}]}