{"v":7,"a":[22,20],"p":[{"s":[{"p":[0,0,0],"r":[0,0,0],"s":[7.912807,14.65793,16.47383],"c":[0.3333332,0.1851851,0.1851851]}]}]}