{"v":7,"a":[27],"p":[{"b":3,"t":19,"s":[{"p":[0,0,0],"r":[0,0,0],"s":[0.04962996,0.0326436,0.06524175],"c":[0.6049383,0.7777778,0.7777778]}]}]}