{"v":7,"a":[22,18],"p":[{"t1":57,"s":[{"p":[0,0,0],"r":[0,0,0],"s":[5.064974,0.1750265,2.11066],"c":[0.5555556,0.5555556,0.5555556],"t1":{"c":[0.4444444,0.4444444,0.4444444],"x":0.1471124,"y":0.5,"a":0.8925,"m":0,"n":0,"r":0,"g":0,"o":0.5,"t":0.5,"e":0.5}}]}]}