{"v":7,"a":[7,13,18],"p":[{"b":5,"t":1,"t1":45,"s":[{"p":[-5.960464E-08,0,1.781566],"r":[0,0,0],"s":[0.02547035,0.03051995,11.07748],"c":[0.6518518,0.6666667,0.148148],"b":["when grabbed then tell any firepole1"],"t1":{"c":[1,0.8571429,0],"x":0.5,"y":0.5801584,"a":0.5812017,"m":0,"n":0,"r":0,"g":0,"o":0.5,"t":0.5,"e":0.5}}]}]}