{"n":"one","v":7,"a":[7,48,49],"p":[{"i":[{"t":"5c70c1ef2ce82e0e83d11669","p":[-0.1643954,0.07607231,3.34841],"r":[270.4424,239.5416,301.1237]}],"s":[{"p":[0.003915286,0.0009539044,-0.005248158],"r":[359.334,179.7757,269.6212],"s":[0.1750185,0.1750083,0.1750094],"c":[1,1,1]}]}]}