{"v":7,"a":[22,18],"p":[{"t1":47,"s":[{"p":[0,0,0],"r":[0,0,0],"s":[24.33953,3.332653,0.2225791],"c":[0.6666667,0.6666667,0.6666667],"t1":{"c":[0.6666667,0.6666667,0.6666667],"x":0.5,"y":0.5,"a":0.8925,"m":0,"n":0,"r":0,"g":0,"o":0.5,"t":0.5,"e":0.5}}]},{"t1":47,"s":[{"p":[-11.57032,2.665498,-0.02472358],"r":[270,180,0],"s":[1.190273,0.1673424,2.107992],"c":[0.6666667,0.6666667,0.6666667],"t1":{"c":[0.6666667,0.6666667,0.6666667],"x":0.7746296,"y":0.6704016,"a":0.8925,"m":0,"n":0,"r":0,"g":0,"o":0.5,"t":0.5,"e":0.5}}]},{"t1":47,"s":[{"p":[-3.103992E-06,4.065789,0.002058272],"r":[-3.763252E-13,3.289939E-20,-1.001791E-05],"s":[24.33953,0.7810256,0.2225791],"c":[0.6666667,0.6666667,0.6666667],"t1":{"c":[0.6666667,0.6666667,0.6666667],"x":0.5,"y":0.725729,"a":0.8925,"m":0,"n":0,"r":0,"g":0,"o":0.5,"t":0.5,"e":0.5}}]},{"t1":47,"s":[{"p":[1.630665,2.665495,-0.02472338],"r":[270,180,0],"s":[3.87483,0.1673424,2.107992],"c":[0.6666667,0.6666667,0.6666667],"t1":{"c":[0.6666667,0.6666667,0.6666667],"x":0.6759024,"y":0.6364317,"a":0.8925,"m":0,"n":0,"r":0,"g":0,"o":0.5,"t":0.5,"e":0.5}}]}]}