{"n":"wall","v":7,"a":[7,18,20],"p":[{"t1":28,"s":[{"p":[0,0,0],"r":[0,0,0],"s":[44.44803,1.898665,2.089397],"c":[0.8888889,0.8888889,0.8888889],"t1":{"c":[0,0,0],"x":0.05700773,"y":0.2563607,"a":0.7775109,"m":0,"n":0,"r":0.5204716,"g":0,"o":0.5,"t":0.5,"e":0.5}}]}]}