{"v":7,"a":[31],"p":[{"s":[{"p":[0,0,0],"r":[0,0,0],"s":[0.1750007,0.05189816,0.1750006],"c":[0.3333332,0.3333332,0.3333332]}]},{"b":15,"t":2,"s":[{"p":[-0.0005369192,0.03458357,-0.005489356],"r":[271.4025,163.663,179.0204],"s":[0.03755982,0.03755987,0.03755984],"c":[0.9714285,0,1],"b":["when touches hand then send one nearby to current"]}]}]}