{"v":7,"a":[7,18,48],"p":[{"b":11,"s":[{"p":[0,0,0],"r":[0,0,0],"s":[17.55558,0.8871566,0.090153],"c":[1,1,1]}]}]}