{"n":"wall","v":7,"a":[22,18],"p":[{"t1":138,"s":[{"p":[0,0,0],"r":[0,0,0],"s":[2.231449,0.1607649,10.08762],"c":[0.7777778,0.7777778,0.7777778],"t1":{"c":[0.6666667,0.6666667,0.6666667],"x":0.5,"y":0.5,"a":0.8925,"m":0,"n":0,"r":0,"g":0,"o":0.5,"t":0.5,"e":0.5}}]}]}