{"v":7,"a":[1,2,14,21],"p":[{"b":69,"s":[{"p":[0,0,0],"r":[0,0,1.707547E-06],"s":[0.00619673,0.006196732,0.00619673],"c":[0.09876534,0.2793649,0.8888889],"b":["when touches face then say nigga you tried to eat the blue pill?"]}]},{"b":59,"s":[{"p":[-7.985927E-06,0.0003486254,5.641897E-05],"r":[355.9228,334.4861,179.1678],"s":[0.006339321,0.01032793,0.006356291],"c":[0,0,0]}]},{"b":131,"e":"Blue Slime's pill","s":[{"p":[0.005725409,0.009918035,-0.004135043],"r":[359.3384,321.1597,269.663],"s":[0.0002478705,0.0002478698,0.0002478702],"c":[0,0.9142855,1]}]}]}