{"n":"telepad","v":7,"a":[7,18],"p":[{"b":15,"t1":57,"s":[{"p":[0,0,0],"r":[0,0,0],"s":[0.7443532,0.7819985,0.4314702],"c":[0.6666667,0.6666667,0.6666667],"b":["when told by nearby shotgun then play gun cock 2, then tell nearby happy","when is person.sgununlocked = 1 then play gun cock 2 with 200"],"t1":{"c":[0,0,0],"x":0.5196533,"y":0.6771154,"a":0.8925,"m":0,"n":0,"r":0,"g":0,"o":0.5,"t":0.5,"e":0.5}}]},{"a":[12,37],"pr":34,"s":[{"p":[0.026165,-0.02755737,0.8738022],"r":[1.162598E-06,90,1.162598E-06],"s":[1.083797,0.5451934,1.027681],"c":[1,1,1],"b":["when told by any telepad then become next"],"pr":{"c":[0,1,0.4],"m":0,"a":0.25,"s":0,"z":0,"g":0.5,"h":0.25}},{"p":[0.026165,-0.02755737,0.8738022],"r":[1.162598E-06,90,1.162598E-06],"s":[1.083797,0.5451934,1.027681],"c":[1,1,1],"b":["when starts then become previous in 2s"],"pr":{"c":[0,1,0.4],"m":0.25,"a":0.25,"s":0,"z":0.6086292,"g":0.5,"h":0.25}}]}]}