{"v":7,"a":[5,7,18],"p":[{"b":5,"t":1,"s":[{"p":[0,1.490116E-08,-0.1112051],"r":[0,0,0],"s":[0.01708306,0.01709172,3.945549],"c":[0.4444443,0.4444443,0.4444443]}]},{"b":5,"t":1,"s":[{"p":[-7.095148E-08,-0.4057952,-0.1112052],"r":[0,0,-1.001791E-05],"s":[0.01707662,0.01709966,3.946473],"c":[0.4444443,0.4444443,0.4444443]}]},{"b":5,"t":1,"id":"5c7105e32205482c0430563e","s":[{"p":[-3.310387E-08,-0.1893319,-1.205182],"r":[90,270,0],"s":[0.01383581,0.01272569,0.5234948],"c":[0.4444443,0.4444443,0.4444443]}]},{"b":5,"t":1,"ac":{"id":"5c7105e32205482c0430563e","c":7},"s":[{"p":[-3.310387E-08,-0.1893319,-0.8963195],"r":[90,270,0],"s":[0.0138372,0.01272744,0.523519],"c":[0.4444443,0.4444443,0.4444443]}]}]}