{"n":"spinnie","v":7,"a":[7,18,31,48,49],"p":[{"b":205,"a":[12,37],"s":[{"p":[0,0,0],"r":[0,0,90.00001],"s":[0.04500126,0.04500186,0.04500148],"c":[1,1,1],"b":["when starts then become unsoftened next in 1.5"]},{"p":[0,0,0],"r":[0,0,0],"s":[0.04500084,0.04500031,0.04500045],"c":[1,1,1],"b":["when starts then become unsoftened next in 1.5"]},{"p":[0,0,0],"r":[-1.162598E-06,-1.162598E-06,270],"s":[0.04500555,0.04500331,0.04500422],"c":[1,1,1],"b":["when starts then become unsoftened next in 1.5"]},{"p":[0,0,0],"r":[-1.707547E-06,1.272222E-13,180],"s":[0.0450107,0.04500626,0.04500677],"c":[1,1,1],"b":["when starts then become unsoftened next in 1.5"]}]}]}