{"n":"sun","v":7,"a":[1,21],"p":[{"b":73,"t":3,"a":[17,24],"s":[{"p":[0,0,0],"r":[0,0,0],"s":[0.4615015,0.4614959,0.4615023],"c":[1,0.8571429,0]}]},{"b":9,"s":[{"p":[0.1781817,0.1274849,-0.06211984],"r":[33.76442,41.99827,318.0159],"s":[0.0296485,0.02964842,0.02964854],"c":[0,0,0]}]},{"b":9,"s":[{"p":[0.06503883,0.006942529,-0.2182547],"r":[37.61705,48.37555,317.4905],"s":[0.02964855,0.02964847,0.02964861],"c":[0,0,0]}]},{"b":46,"s":[{"p":[0.06017032,0.1299254,-0.1409223],"r":[329.6987,31.50013,168.8181],"s":[0.16612,0.1042545,0.1042547],"c":[0,0,0]}]}]}