{"v":7,"a":[5,7],"p":[{"sa":36,"s":[{"p":[-0.186451,-0.1029897,0.1024904],"r":[356.3802,0.2734407,0.9546801],"s":[0.0274632,0.1281425,0.06745017],"c":[1,1,1]}]},{"b":112,"e":"HYPO-KINETIC\nSOUND JUNCTIONS","s":[{"p":[-0.2020931,-0.159059,0.1258626],"r":[359.4748,91.52917,84.65487],"s":[0.001312779,0.001312755,0.00131278],"c":[0,0,0]}]},{"sa":90,"s":[{"p":[-0.003739357,-0.002609015,0.04695892],"r":[0,0,1.024528E-05],"s":[0.3900575,0.3712329,0.2266852],"c":[0.7777778,0.7037037,0.259259]}]}]}