{"v":7,"a":[22],"p":[{"b":90,"t":2,"a":[19],"e":"RUSTYBOT","s":[{"p":[0,0,0],"r":[0,0,0],"s":[0.01331946,0.01331894,0.01331954],"c":[1,1,1]}]}]}