{"v":7,"p":[{"b":3,"a":[12],"s":[{"p":[0,0,0],"r":[0,0,0],"s":[0.4804338,0.4696061,0.1250031],"c":[1,1,1],"b":["when touches hand then tell any helloworld, then tell any godown"]}]},{"b":3,"a":[12],"s":[{"p":[-0.5627522,-0.02364433,-0.03266193],"r":[351.1136,359.7566,342.5058],"s":[0.2026629,0.2157865,0.1250036],"c":[1,1,1],"b":["when touches hand then tell any helloworld, then tell any godown"]}]}]}