{"n":"planet kingdoms","v":7,"a":[20,21,31,36,37],"p":[{"b":9,"t1":4,"s":[{"p":[-0.004053699,0.004670641,-0.01678134],"r":[0.4871101,358.6282,0.2516039],"s":[0.1642547,0.1642536,0.1642547],"c":[0.4691358,0.7777778,0.3456789],"b":["when any part touches hand then send one nearby to hello legends"],"t1":{"c":[0.2857142,1,0],"x":0.17,"y":0.17,"a":0.69625,"m":0.5,"n":0.5,"r":0,"g":0,"o":0.5,"t":0.5,"e":0.5}}]}]}