{"v":7,"a":[7,18],"p":[{"b":3,"t":7,"c":[[-0.72,-8.899,-2.478,5],[-2.147,-6.282,0.11,7],[0.131,-0.119,1.188,19],[-0.224,-3.461,3.318,20],[-0.261,0.577,1.11,28],[2.436,-10.792,1.263,29],[2.642,-11.984,0.412,30],[2.451,-10.674,-0.455,48],[2.385,-11.544,-1.055,37],[2.343,-12.915,-2.061,36],[1.137,-5.559,-2.311,3,35],[-1.185,-20.278,-1.957,0],[0.431,-8.531,-1.067,4],[0.177,-6.326,0.483,21],[-0.206,-0.248,0.316,22],[-0.498,-0.638,0.291,27],[-0.611,1.96,0.614,9]],"s":[{"p":[-1.490116E-08,-0.05665874,-0.107422],"r":[0,0,0],"s":[0.01303505,0.001,0.01555714],"c":[0.1142855,1,0]}]},{"b":3,"t":18,"c":[[-1.187,-13.274,-2.095,5],[-2.44,4.861,-0.71,7],[-2.177,6.619,0.602,19],[-0.818,12.543,2.025,20],[0.685,11.642,2.287,28],[1.656,2.09,1.764,29],[2.463,-5.76,0.687,30],[2.503,15.097,-0.334,48],[2.385,-11.544,-1.055,37],[1.898,-23.644,-2.051,36],[0.572,0.667,-2.178,3,35],[-0.243,-17.303,-2.369,0]],"s":[{"p":[0,-0.07958782,0],"r":[1.001791E-05,0,0],"s":[0.1250098,0.001000001,0.1250084],"c":[0.8,0,1]}]},{"b":20,"e":"APPLE","s":[{"p":[-0.01225282,-0.05365586,-0.1048643],"r":[90,-9.659345E-06,0],"s":[0.001608562,0.001608658,0.001608604],"c":[1,1,1]}]},{"b":18,"t":2,"e":"MILKY WAY","s":[{"p":[-0.1796379,-0.06353462,0.05202325],"r":[90,-9.659345E-06,0],"s":[0.006163595,0.0061638,0.006163684],"c":[1,1,1]}]}]}