{"v":7,"a":[1,2],"p":[{"a":[1,4],"s":[{"p":[-0.6811616,0.6004212,-0.07026285],"r":[349.866,359.5376,253.5536],"s":[0.7341432,0.097762,0.5521016],"c":[0.7777778,0.7777778,0.7777778]}]},{"s":[{"p":[-0.6879636,0.6003125,-0.07348233],"r":[349.8661,359.5376,253.5536],"s":[0.7811106,0.09773358,0.6010144],"c":[0.3333332,0.3333332,0.3333332]}]},{"b":2,"s":[{"p":[-0.8940093,0.6668611,-0.06374609],"r":[343.8173,266.5643,190.5567],"s":[0.290388,0.3782751,0.3805631],"c":[0.4444443,0.4444443,0.4444443]}]},{"s":[{"p":[-0.7331264,0.225667,-0.2540079],"r":[16.18268,86.56438,259.4434],"s":[0.08478373,0.0774445,0.05134954],"c":[0,0,0]}]}]}