{"v":7,"p":[{"a":[12],"s":[{"p":[0,0,0],"r":[0,0,-2.401239E-07],"s":[0.7806846,0.09085049,0.4571384],"c":[1,1,1],"b":["when touches hand then tell any godown, then tell any cervtech"]}]}]}