{"n":"soda planet","v":7,"a":[1,31,50],"p":[{"b":17,"s":[{"p":[0,0,0],"r":[0,0,0],"s":[0.06000037,0.06000039,0.06000043],"c":[1,0.936508,0.5555556]}]},{"b":17,"s":[{"p":[-0.002855889,-0.0006327761,0.0002439851],"r":[10.73212,14.58681,345.5421],"s":[0.06000039,0.0600004,0.06000046],"c":[0.2962962,0.406349,0.4444443]}]},{"b":14,"s":[{"p":[-0.007554535,0.08893234,-0.002552697],"r":[280.05,253.409,127.7432],"s":[0.003889531,0.003889446,0.003889543],"c":[0.4444443,0.4444443,0.4444443]}]},{"b":3,"t":7,"s":[{"p":[0,0,0],"r":[356.5722,317.9579,252.9161],"s":[0.1110245,0.1110232,0.1110244],"c":[0.4444442,0.4444442,0.4444442],"b":["when touched then send one nearby to valarous"]}]}]}