{"v":7,"a":[2,31],"p":[{"a":[1,4],"im":"949601667134803365/356D2216E5E533DE0E98BD6AC586F64CAC8208A6/","s":[{"p":[0,0,0],"r":[0,0,0],"s":[0.1169006,0.05523893,0.1750009],"c":[1,1,1],"b":["when let go then become next in 0.2s","when let go then show video [youtube: ZqNpXJwgO8o]"]},{"p":[0,0,0],"r":[0,0,0],"s":[0.3570378,0.4147258,0.5344877],"c":[1,1,1],"b":["when starts then become next in 7"]},{"p":[0,0,0],"r":[0,0,0],"s":[0.1169006,0.05523893,0.1750009],"c":[1,1,1],"b":["when starts then destroy all parts"]}]}]}