{"v":7,"p":[{"b":17,"s":[{"p":[0,0,0],"r":[0,0,0],"s":[0.06000003,0.06000031,0.06000035],"c":[1,1,1]}]},{"b":3,"s":[{"p":[-0.4596552,0.05333607,-0.1941774],"r":[352.9597,340.4661,314.5993],"s":[0.1249996,0.1250003,0.1250004],"c":[1,1,1]}]},{"b":3,"s":[{"p":[-0.1805255,-0.1028545,0.006998241],"r":[357.0341,334.414,15.82949],"s":[0.1250003,0.1250006,0.1250008],"c":[1,1,1]}]}]}