{"v":7,"a":[31],"p":[{"b":9,"t":20,"s":[{"p":[0,0,0],"r":[0,0,0],"s":[0.4397494,0.05747614,0.03931287],"c":[0,0,0]}]},{"b":14,"t":20,"s":[{"p":[0.4880629,0.003231406,0.007160187],"r":[357.9836,89.31775,349.5286],"s":[0.04810574,0.04810561,0.04810575],"c":[0.9714285,0,1]}]}]}