{"v":7,"a":[7,13,18],"p":[{"s":[{"p":[-0.1397872,-1.636329,-16.98613],"r":[0,0,7.656432E-20],"s":[11.21602,0.1039363,9.584652],"c":[0.1111106,0.1111106,0.1111106],"pr":{"c":[1,1,1],"m":0.25,"a":0.25,"s":0.15,"z":0.25,"g":0.5,"h":0.25}}]},{"s":[{"p":[-0.1736621,-0.6789097,2.701491],"r":[1.628444E-12,1.001791E-05,-1.690015E-12],"s":[11.54468,0.04845398,5.061254],"c":[0.1111106,0.1111106,0.1111106],"pr":{"c":[1,1,1],"m":0.25,"a":0.25,"s":0.15,"z":0.25,"g":0.5,"h":0.25}}]},{"s":[{"p":[-0.1753005,-0.6789098,2.525396],"r":[-1.001791E-05,1.001791E-05,-1.001791E-05],"s":[11.54494,0.06239033,5.061011],"c":[0.1111106,0.1111106,0.1111106],"pr":{"c":[1,1,1],"m":0.25,"a":0.25,"s":0.15,"z":0.25,"g":0.5,"h":0.25}}]},{"s":[{"p":[-0.1745424,-1.21873,2.120438E-06],"r":[0,0,-1.001791E-05],"s":[11.54409,1.13923,0.1750091],"c":[0.1111106,0.1111106,0.1111106],"pr":{"c":[1,1,1],"m":0.25,"a":0.25,"s":0.15,"z":0.25,"g":0.5,"h":0.25}}]}]}