{"v":7,"a":[2,9],"p":[{"s":[{"p":[0,0,0],"r":[0,0,-1.067217E-06],"s":[0.04647793,1.041288,0.0461081],"c":[1,1,1]}]}]}