{"v":7,"a":[5,22,21],"p":[{"t":22,"im":"949601667139089381/F9B38EC7BF2D1339DF14F87E06528D920821F107/","s":[{"p":[0,0,0],"r":[0,0,0],"s":[0.2879351,0.0006312714,0.4967438],"c":[1,1,1]}]}]}