{"v":7,"a":[5,7,13,18],"p":[{"t":1,"s":[{"p":[0,2.384186E-07,-2.051313],"r":[0,0,1.001791E-05],"s":[2.144909,0.6452072,0.175043],"c":[0.3333332,0.2751321,0.148148]}]},{"t":1,"s":[{"p":[0,-1.490116E-08,0.1049193],"r":[0,0,1.001791E-05],"s":[2.144916,0.6453396,0.1750791],"c":[0.3333332,0.2751321,0.148148]}]},{"t":1,"s":[{"p":[-0.9736328,-0.008277774,-0.9460621],"r":[0,90,0],"s":[2.145071,0.6454598,0.1751151],"c":[0.3333332,0.2751321,0.148148]}]},{"t":1,"s":[{"p":[0.9737282,-0.009811282,-0.9460618],"r":[0,90.00001,0],"s":[2.144945,0.6454268,0.1751083],"c":[0.3333332,0.2751321,0.148148]}]}]}