{"v":7,"a":[22,31],"p":[{"b":9,"t":3,"t1":167,"s":[{"p":[-0.03021793,0.07502557,0.117905],"r":[321.5632,29.27263,329.1779],"s":[0.407602,0.4076016,0.4076017],"c":[0.326984,0.111111,0.3333332],"t1":{"c":[0.9714285,0,1],"a":0.9887056}}]},{"b":3,"t":19,"a":[23],"s":[{"p":[-0.01191339,0.0574064,0.01615057],"r":[311.8095,293.2849,54.67546],"s":[0.3495602,0.3495585,0.3495599],"c":[0,0,0],"b":["when starts then all parts face view","when touches hand then send one nearby to outer space"]}]},{"b":205,"s":[{"p":[0,0,0],"r":[1.707548E-06,3.201651E-06,2.561321E-06],"s":[0.04500628,0.04501319,0.04502071],"c":[1,1,1]}]}]}