{"v":7,"a":[5,22],"p":[{"t":22,"im":"949601667139041639/7A8B101153F6DEEAA8FD567B2D9AAF5B1F610833/","s":[{"p":[0,0,0],"r":[0,0,0],"s":[0.7868938,0.001,0.3439259],"c":[1,1,1]}]}]}