{"n":"babel ring 1","v":7,"a":[7,21,32],"p":[{"b":202,"t":1,"s":[{"p":[0,0,0],"r":[0,0,0],"s":[0.1123775,0.002937675,0.1123639],"c":[1,0.936508,0.5555556]}]}]}