{"v":7,"a":[5],"p":[{"t":1,"s":[{"p":[0,0,0],"r":[0,0,0],"s":[4.529022,2.468511,0.1754274],"c":[0,0,0]}]}]}