{"n":"ground","v":7,"a":[7,18],"p":[{"t":1,"s":[{"p":[0,0,0],"r":[0,0,0],"s":[53.41653,0.1750111,360.7134],"c":[0,0.4444442,0.4444442]}]},{"b":5,"t":1,"s":[{"p":[-2.634566E-05,2.372306E-05,157.4976],"r":[270.0198,-1.001791E-05,0],"s":[25.33171,27.71121,0.2217576],"c":[0,0.444444,0.444444]}]}]}