{"v":7,"a":[7],"p":[{"s":[{"p":[0,0,0],"r":[0,0,0],"s":[14.23264,2.551233,4.969244],"c":[1,1,1]}]}]}