{"v":7,"a":[7],"p":[{"s":[{"p":[0.0226247,-0.06613255,-0.325551],"r":[0,0,0],"s":[0.3998305,1.350664,0.5700337],"c":[0.09876534,0.6857139,0.8888889]}]},{"s":[{"p":[-0.07000911,0.9642215,1.114123],"r":[0,180,270],"s":[3.074179,0.6134906,2.779106],"c":[0.7777778,0.9428571,1]}]}]}