{"v":7,"a":[7],"p":[{"t1":43,"s":[{"p":[0,0,0],"r":[0,0,0],"s":[16.15818,17.07335,0.4949273],"c":[0.222222,0.222222,0.222222],"t1":{"c":[1,1,1],"x":0.09685159,"y":0.1211517,"a":0.8925,"m":0,"n":0,"r":0,"g":0,"o":0.5,"t":0.5,"e":0.5}}]}]}