{"v":7,"a":[22],"p":[{"b":64,"s":[{"p":[0,0,0],"r":[0,0,0],"s":[0.3608034,0.03530646,0.3562184],"c":[0.6666667,0.6666667,0.6666667]}]}]}