{"n":"outsidepanel","v":7,"a":[7,48],"p":[{"b":7,"s":[{"p":[0,0,0],"r":[0,0,0],"s":[0.7062174,0.4675854,0.06930824],"c":[1,1,1]}]}]}