{"v":7,"a":[7],"p":[{"b":82,"s":[{"p":[0,0,0],"r":[0,0,0],"s":[0.3191988,0.6178147,0.3208717],"c":[0.6666667,0.374603,0.2222221]}]}]}