{"n":"skybox","v":7,"p":[{"b":73,"a":[29],"i":[{"t":"5c78706269098a3a62a0e8f9","p":[0.08105761,0.197275,-0.01101476],"r":[352.8438,206.9226,2.874285]}],"t1":59,"c":[[-0.472,0.096,-0.177,431]],"s":[{"p":[0,0,0],"r":[0,0,0],"s":[0.225,0.2249999,0.2249999],"c":[0,0,0],"b":["when starts then become unsoftened next in 2400s"],"t1":{"c":[1,1,1],"x":0.5,"y":0.5,"a":0.8925,"m":0,"n":0,"r":0,"g":0.01120734,"o":0.5,"t":0.5,"e":0.5}},{"p":[0,0,0],"r":[0,0,0],"s":[0.225,0.2249999,0.2249999],"c":[0,0,0],"b":["when starts then become untweened next in 0.001s"],"t1":{"c":[1,1,1],"x":0.5,"y":0.5,"a":0.8925,"m":1,"n":0,"r":0,"g":0,"o":0.5,"t":0.5,"e":0.5}}]}]}