{"n":"skybox txt","v":7,"a":[7,18],"p":[{"b":18,"e":"SKYBOX","s":[{"p":[0,0,0],"r":[0,0,0],"s":[0.003002072,0.003000323,0.003002089],"c":[1,1,1],"b":["when starts then become next in 1s"]},{"p":[-0.0005999506,0.04995911,-0.0008895717],"r":[358.9678,1.020761,0.669564],"s":[0.003002185,0.00300044,0.003002142],"c":[1,1,1],"b":["when starts then become next in 1s"]}]}]}