{"n":"orange automation chair","v":7,"a":[7,29],"p":[{"a":[12,31],"i":[{"t":"5c78c9ca847e3f6b56a19d18","p":[0.1465187,-0.8433952,0.5009724],"r":[0,0,90]}],"s":[{"p":[0,0,0],"r":[0,0,0],"s":[0.1750058,0.175005,0.1750061],"c":[1,1,1],"b":["when starts then become next in 2s"]},{"p":[0,0,0.03006172],"r":[0,0,0],"s":[0.1750111,0.1750105,0.1750113],"c":[1,1,1],"b":["when starts then become next in 2s"]}]}]}