{"n":"resgan","v":7,"a":[2,3,14,31],"p":[{"b":9,"t":3,"pr":12,"s":[{"p":[0,0,0],"r":[0,0,0],"s":[0.05857989,0.05857986,0.05857989],"c":[0,0.9142855,1],"pr":{"c":[0,0.8126982,0.8888889],"m":0.4452963,"a":0.5560305,"s":0.1273471,"z":0.1425659,"g":0.5,"h":0}}]},{"b":9,"t":3,"pr":12,"s":[{"p":[0.003451959,0.0003853528,0.01067076],"r":[31.42168,304.9688,98.29102],"s":[0.05857993,0.05857992,0.05857991],"c":[0,0.9142855,1],"pr":{"c":[0,0.8126982,0.8888889],"m":0.4452963,"a":0.5560305,"s":0.1273471,"z":0.1425659,"g":0.5,"h":0}}]},{"b":9,"t":3,"pr":27,"s":[{"p":[0.004647367,-0.003538755,0.005266515],"r":[4.489399,340.9416,58.17105],"s":[0.05858,0.05857989,0.05858],"c":[0,0.9142855,1],"pr":{"c":[0,0.8126982,0.8888889],"a":0.25}}]}]}