{"v":7,"a":[7,18],"p":[{"t":19,"s":[{"p":[0,0,0],"r":[0,0,0],"s":[0.003270448,0.207428,0.09814116],"c":[0.296296,0.8888889,0.5333333]}]},{"b":18,"t":2,"e":"WARP","s":[{"p":[-0.002704643,-0.08542825,0.03766443],"r":[1.366038E-05,90.00002,90],"s":[0.005883971,0.005881607,0.005883993],"c":[1,1,1],"b":["when touches hand then tell any tpb"]}]}]}