{"n":"ground","v":7,"a":[1],"p":[{"b":17,"i":[{"t":"000000000000000000000001","p":[0,0,0],"r":[2.668042E-08,-8.735653E-19,-2.033927E-28]}],"s":[{"p":[0,0,0],"r":[0,0,0],"s":[8.835319,0.11062,22.86141],"c":[0.9019608,0.8509804,0.7215686]}]}]}