{"v":7,"a":[7],"p":[{"s":[{"p":[0,0,0],"r":[0,0,0],"s":[0.8205748,0.1750187,2.209289],"c":[0.3333332,0.2285713,0]}]},{"s":[{"p":[0.00383842,0.02436125,0.04538012],"r":[0,0,8.537737E-06],"s":[0.7412691,0.1373954,2.006595],"c":[1,1,1]}]},{"b":73,"t":1,"s":[{"p":[-0.3163669,0.1132281,-0.02112007],"r":[0,0,8.537737E-06],"s":[0.06965999,0.06964692,0.06965991],"c":[1,1,1]}]}]}