{"v":7,"a":[2,22,14,16,31,32],"p":[{"b":180,"t":19,"a":[5],"pr":8,"t1":168,"s":[{"p":[0,0,0],"r":[-8.757938E-13,-1.001791E-05,-5.008957E-06],"s":[0.007146414,0.007146461,0.007146492],"c":[0,0,0],"b":["when starts then become next in 0.5s","when starts then loop hum 2"],"t1":{"c":[0.9714285,0,1],"a":0.007911682},"pr":{"c":[0,0,0],"a":0.25}},{"p":[0,0,0],"r":[-8.757938E-13,-1.001791E-05,-5.008957E-06],"s":[0.05729285,0.05729289,0.05729292],"c":[0,0,0],"b":["when starts then set attract 1000","when starts then become soft start next in 20"],"t1":{"c":[0.9714285,0,1],"a":0.007911682},"pr":{"c":[0,0,0],"a":0.25}},{"p":[0,0,0],"r":[-8.757938E-13,-1.001791E-05,-5.008957E-06],"s":[0.001,0.001,0.001],"c":[0,0,0],"b":["when starts then destroy all parts"],"t1":{"c":[0,0,0],"a":0},"pr":{"c":[0,0,0],"a":1}}]}]}