{"n":"bed","v":7,"a":[7,18],"p":[{"s":[{"p":[0,0,0],"r":[0,0,0],"s":[2.574449,0.5909485,1.134073],"c":[0.1111109,0.1111109,0.1111109]}]},{"s":[{"p":[5.496351E-08,-0.7348863,1.788139E-07],"r":[0,0,-5.008957E-06],"s":[2.574648,1.194492,1.134118],"c":[0.1111109,0.1111109,0.1111109]}]}]}