{"n":"blanket","v":7,"a":[7,21],"p":[{"b":172,"s":[{"p":[0.08012861,-0.005119147,-0.01087593],"r":[3.763252E-13,3.289939E-20,1.001791E-05],"s":[0.2954727,0.006091282,0.2883208],"c":[1,1,1]}]},{"b":170,"s":[{"p":[0.01884544,0.008036251,-0.02431202],"r":[3.763252E-13,3.289939E-20,1.001791E-05],"s":[0.2741407,0.01185183,0.274141],"c":[0.8,0,1]}]},{"b":142,"e":"W","s":[{"p":[0.2837044,0.02725437,0.1453992],"r":[90,89.99998,0],"s":[0.05930339,0.05930066,0.05930214],"c":[0.9714286,1,0]}]}]}