{"v":7,"a":[22],"p":[{"b":4,"t":4,"s":[{"p":[0,0,0],"r":[0,0,0],"s":[0.1249973,0.1250199,0.1250081],"c":[0.691358,0.8888889,0.8719577],"b":["when starts then set light range 100","when starts then set light cone size 100"]}]}]}