{"v":7,"p":[{"b":61,"t":7,"s":[{"p":[0,0,0],"r":[0,0,0],"s":[0.1250001,0.1250003,0.1250003],"c":[0.07619032,0.6666667,0],"b":["when starts then become next in 3s"]},{"p":[-0.006441871,0.008852467,0.1278009],"r":[356.1859,2.038794,356.8394],"s":[0.1250002,0.1250004,0.1250004],"c":[0.07619021,0.6666667,0],"b":["when starts then become next in 3s"]}]},{"b":61,"t":2,"s":[{"p":[1.30141E-05,0.0008408769,-0.004323169],"r":[0.7895145,2.443816,358.7516],"s":[0.1070671,0.1056112,0.1080347],"c":[0.1142855,1,0],"b":["when starts then become next in 3s"]},{"p":[-0.01124,0.007726923,0.1260301],"r":[355.4146,3.173507,355.2855],"s":[0.1070673,0.1056113,0.1080348],"c":[0.1142854,1,0],"b":["when starts then become next in 3s"]}]}]}