{"v":7,"p":[{"b":14,"t":7,"s":[{"p":[-0.000124392,-0.002975056,0.003484161],"r":[359.0032,359.2257,355.844],"s":[0.06000103,0.06000067,0.04440247],"c":[0.0761903,0.6666667,0],"b":["when starts then become next in 3s"]},{"p":[-0.004689927,0.00274086,0.2915733],"r":[357.7684,358.1261,1.467052],"s":[0.06000125,0.0600008,0.04440256],"c":[0.07619017,0.6666667,0],"b":["when starts then become next in 3s"]}]},{"b":14,"t":2,"s":[{"p":[-0.0009643122,-0.006381364,0.00115343],"r":[356.998,359.4154,177.8278],"s":[0.03572456,0.02710333,0.03759173],"c":[0.1142855,1,0],"b":["when starts then become next in 3s"]},{"p":[-0.006182131,0.003592223,0.286252],"r":[358.3072,358.8391,181.2455],"s":[0.03572461,0.02710337,0.0375918],"c":[0.1142854,1,0],"b":["when starts then become next in 3s"]}]}]}