{"v":7,"p":[{"b":131,"e":"GRAB TRIGGER EAT SHAKE INSERT","s":[{"p":[0,0,0],"r":[0,0,0],"s":[0.003000003,0.003000003,0.003000006],"c":[1,1,1]}]}]}