{"v":7,"a":[7,13,18],"p":[{"s":[{"p":[1.291691E-09,8.742273E-09,0.04999995],"r":[0,0,0],"s":[0.5758364,0.5781488,1.363063],"c":[0.1111108,0.1111108,0.1111108]}]},{"s":[{"p":[0.7660267,-0.1872036,0.06172301],"r":[5.008957E-06,180,90.00001],"s":[0.1134045,1.018764,1.347245],"c":[0.1111109,0.1111109,0.1111109]}]}]}