{"v":7,"a":[7,18],"p":[{"a":[12],"i":[{"t":"5c7ca33e08d672055d61e6bc","p":[-0.2305596,-0.007270813,0.01957959],"r":[87.824,179.3471,100.9388]}],"s":[{"p":[0,0,0],"r":[0,0,0],"s":[0.01430576,0.01430594,0.01430635],"c":[1,1,1],"b":["when starts then become next in 15"]},{"p":[0,0,0],"r":[0,0,-1.024528E-05],"s":[0.014307,0.01430737,0.01431216],"c":[1,1,1],"b":["when starts then become next in 0.5s"]},{"p":[0.01588011,-2.793968E-09,-0.002157152],"r":[0,0,0],"s":[0.01430578,0.01430571,0.01430714],"c":[1,1,1],"b":["when starts then become next in 0.5s"]},{"p":[-0.01522565,2.793968E-09,-0.002695739],"r":[0,0,0],"s":[0.01430578,0.01430571,0.01430714],"c":[1,1,1],"b":["when starts then become next in 0.5s"]}]}]}