{"v":7,"a":[7,18],"p":[{"t":1,"s":[{"p":[0,0,0],"r":[0,0,0],"s":[0.2303113,0.2040897,0.2872815],"c":[1,1,1]}]},{"b":5,"t":1,"s":[{"p":[0.0005152076,0.06199825,0.03280663],"r":[270,270,0],"s":[0.06203709,0.06254537,0.1000082],"c":[0,0,0]}]}]}