{"v":7,"p":[{"s":[{"p":[0,0,0],"r":[0,0,0],"s":[0.1749997,0.1749998,0.1749998],"c":[1,1,1],"b":["when told by nearby qwerty then become 2"]},{"p":[0,0,0],"r":[0,0,0],"s":[0.1749997,0.1749998,0.1749998],"c":[0.1142855,1,0],"b":["when told by nearby qwerty then become 1"]}]}]}