{"v":7,"a":[1,2,3,7,31],"inc":[["thing","5c7c79ab8f04f7537db43447"]],"p":[{"b":5,"s":[{"p":[0,0,0],"r":[0,0,0],"s":[0.0033461,0.01553846,0.09840683],"c":[0,0,0]}]},{"s":[{"p":[0.0005879402,-0.06063628,0.05953026],"r":[0,0,90],"s":[0.1750096,0.05338884,0.05331248],"c":[0,0,0]}]},{"b":4,"s":[{"p":[0.002313852,-0.1710566,0.05868387],"r":[90,180,0],"s":[0.02626907,0.02631822,0.02617776],"c":[0,0,0],"b":["when triggered then emit gravity-free thing"]}]}]}