{"n":"rick wrist","v":7,"p":[{"b":147,"s":[{"p":[0.06926105,0.001327161,-0.002893133],"r":[20.17969,276.8422,328.5451],"s":[0.01225619,0.02041628,0.02033601],"c":[0.8888889,0.8578483,0.7901235]}]},{"b":147,"s":[{"p":[0.0006600482,-0.002298198,-0.005429691],"r":[1.123525,357.1911,3.42595],"s":[0.09000141,0.02438108,0.02217824],"c":[0.5555556,0.8857141,1]}]}]}