{"v":7,"a":[22,18],"p":[{"b":23,"e":"ANYWATER AQUARIUM","s":[{"p":[0.05645541,-0.1173191,-0.2117114],"r":[0,0,1.001791E-05],"s":[0.006927588,0.006925144,0.006928232],"c":[0,1,1]}]},{"b":23,"e":"ANYWATER AQUARIUM","s":[{"p":[0.05645541,-0.1173191,-0.217825],"r":[0,0,1.001791E-05],"s":[0.006927866,0.006925232,0.006928601],"c":[0,1,1]}]},{"b":23,"e":"ANYWATER AQUARIUM","s":[{"p":[0.05645517,-0.1173191,-0.2144623],"r":[0,0,1.001791E-05],"s":[0.00692786,0.006925253,0.006928432],"c":[0,1,1]}]},{"b":23,"e":"ANYWATER AQUARIUM","s":[{"p":[0.05645541,-0.1173191,-0.2200761],"r":[0,0,1.001791E-05],"s":[0.006927995,0.006925198,0.006928673],"c":[1,1,1]}]}]}