{"v":7,"p":[{"b":14,"a":[12],"s":[{"p":[0,0,0],"r":[0,0,2.134434E-07],"s":[0.06000006,0.06000004,0.06000002],"c":[0.1142857,0,1],"b":["when starts then become 2 in 0.5s","when starts then trail start with thick-start"]},{"p":[0.6905114,0.2064793,-0.07634629],"r":[357.1504,1.693149,17.0697],"s":[0.06000013,0.06000008,0.06000006],"c":[0.2857141,1,0],"b":["when starts then become next in 0.5s","when starts then trail start with thick-start","when starts "]},{"p":[0.1954766,0.1246401,-0.7728683],"r":[9.401239,18.14667,24.70768],"s":[0.06000009,0.06000007,0.06000004],"c":[1,0.1714285,0],"b":["when starts then trail start with thick-start","when starts then become 1 in 0.5s"]}]}]}