{"n":"ktbody","v":7,"a":[2,7,16,18],"p":[{"t":1,"s":[{"p":[0,0,0],"r":[0,0,0],"s":[0.1515922,0.1641173,0.06495939],"c":[0,0.9142855,1]}]},{"b":15,"t":1,"i":[{"t":"5c7dabe2a2c2ba725a3a18cc","p":[-0.06542254,0.004849985,0.0976859],"r":[6.830189E-06,270,90.00001]}],"s":[{"p":[0.004961567,0.007132553,0.07655624],"r":[0,0,270],"s":[0.007340087,0.008020123,0.2206298],"c":[0.1975306,0.2201055,0.222222]}]},{"b":7,"t":1,"s":[{"p":[-0.0002235174,0.001004793,-0.07044031],"r":[0,0,1.001791E-05],"s":[0.1164275,0.1250054,0.1250071],"c":[0.1975306,0.2201055,0.222222]}]}]}