{"v":7,"p":[{"b":137,"e":"RESTART YOUR GAME","s":[{"p":[-0.1745439,0.08248619,0.03582232],"r":[86.80267,333.9717,334.649],"s":[0.006525484,0.00652549,0.00652549],"c":[0,0,0]}]},{"s":[{"p":[0.08984386,0.05377465,0.01040155],"r":[0.3761634,0.4146638,359.2619],"s":[0.5654523,0.01295216,0.1750003],"c":[1,1,1]}]}]}