{"n":"21","v":7,"a":[7],"p":[{"a":[1],"s":[{"p":[0,0,0],"r":[0,0,0],"s":[1.390379,0.02147501,1.123718],"c":[1,1,1]}]}]}