{"v":7,"p":[{"s":[{"p":[0,0,0],"r":[0,0,0],"s":[2.230622,0.175,1.968311],"c":[1,1,1]}]}]}