{"v":7,"p":[{"s":[{"p":[0,0,0],"r":[0,0,0],"s":[0.1867213,0.1997498,0.7453755],"c":[1,1,1]}]},{"s":[{"p":[0.001413859,0.2089792,-0.1617515],"r":[0.6126088,0.8843046,359.5931],"s":[0.1827155,0.1750001,0.5948936],"c":[1,1,1]}]},{"s":[{"p":[0.01698081,0.3204203,-0.451926],"r":[359.5951,3.114073,5.295637],"s":[0.1750002,0.1750003,0.7746029],"c":[1,1,1]}]}]}