{"v":7,"p":[{"b":9,"s":[{"p":[0.02342704,-0.2017058,0.09275488],"r":[355.6406,10.25859,16.90821],"s":[0.1250003,0.1250002,0.1250002],"c":[1,1,1]}]},{"b":80,"s":[{"p":[-0.1174677,0.3145881,0.1988783],"r":[33.43746,282.9749,115.1772],"s":[0.07500004,0.07500005,0.07500003],"c":[1,1,1]}]}]}