{"v":7,"a":[22],"p":[{"s":[{"p":[0,0,0],"r":[0,0,0],"s":[31.91014,5.673804,0.1750377],"c":[1,1,1]}]}]}