{"v":7,"p":[{"s":[{"p":[-0.6399885,-0.04825872,-0.003695146],"r":[353.1464,348.3482,75.04743],"s":[0.9693322,0.06344151,0.05359786],"c":[0.4444443,0.2285713,0]}]},{"s":[{"p":[0.2351426,-0.2497387,0.2343208],"r":[354.4988,347.4635,75.40815],"s":[0.9693371,0.06344182,0.05359789],"c":[0.4444443,0.2285713,0]}]}]}