{"v":7,"a":[2],"p":[{"b":14,"s":[{"p":[0,0,0],"r":[0,0,0],"s":[0.06000007,0.0600001,0.06000018],"c":[0.4444443,0.2285713,0]}]},{"b":174,"t":3,"s":[{"p":[0.0006378666,0.006980896,0.1622062],"r":[82.43537,265.5443,268.6286],"s":[0.02418192,0.04500009,0.02062671],"c":[0.8888889,0.7760141,0.09876534]}]}]}