{"v":7,"a":[2,15],"p":[{"b":174,"t":3,"s":[{"p":[0.0006378666,0.006980896,0.1622062],"r":[82.43537,265.5443,268.6286],"s":[0.02418192,0.04500009,0.02062671],"c":[0.8888889,0.7760141,0.09876534]}]},{"b":14,"s":[{"p":[-0.01002969,0.01903062,0.0004166234],"r":[1.266108,357.2198,0.5989107],"s":[0.06000024,0.06000023,0.06000022],"c":[0.4444443,0.2285713,0]}]}]}