{"n":"ground","v":7,"a":[1,21,30],"p":[{"b":17,"t":10,"s":[{"p":[0,0,0],"r":[0,0,0],"s":[12.30124,0.4045863,11.70785],"c":[0,0,0],"pr":{"c":[1,1,1],"m":0.25,"a":0.25,"s":0.15,"z":0.25,"g":0.5,"h":0.25}}]}]}