{"v":7,"p":[{"b":18,"e":"RULES IF YOU ARE\nSEEING THIS PUT YOUR\nNAME HERE","s":[{"p":[-0.1876674,-0.02141035,0.2068212],"r":[81.35069,197.9297,204.6181],"s":[0.003000004,0.003000004,0.003000007],"c":[0.4416224,0.4444443,0.3456789]}]},{"b":168,"t":2,"t1":12,"t2":58,"s":[{"p":[0.02785876,-0.01422085,-0.1742821],"r":[6.412355,357.1079,358.9936],"s":[0.07237352,0.04500021,0.2656038],"c":[0.5555556,0.4656082,0.3703701],"t1":{"c":[0,0,0],"x":0.17,"y":0.17,"a":0.8925,"m":0.5,"n":0.5,"r":0,"g":0,"o":0.5,"t":0.5,"e":0.5},"t2":{"c":[0,0,0],"x":0.5,"y":0.5,"a":0.8925,"m":0,"n":0,"r":0,"g":0,"o":0.5,"t":0.5,"e":0.5}}]}]}