{"v":7,"a":[7,18],"p":[{"im":"1001394007105654115/6E7F484FBA8D51439BBBE989F979004FC6B2E86F/","s":[{"p":[0,0,0],"r":[0,0,0],"s":[0.03166705,0.001,0.03156288],"c":[1,1,1],"b":["when is state = 3 and is q = 5 then turn visible","when is state != 3 then turn invisible"]}]}]}