{"v":7,"a":[7,18,21],"p":[{"im":"1001394007105649755/E91BBEFBD28A6473F18CF02FAD544C33D3D6BACB/","s":[{"p":[0,0,0],"r":[0,0,0],"s":[0.03187313,0.0001821297,0.03187313],"c":[1,1,1],"b":["when is state = 6 and is q = 5 then turn visible","when is state != 6 then turn invisible"]}]}]}