{"v":7,"a":[7,18],"p":[{"s":[{"p":[0,0,0],"r":[0,0,0],"s":[3.354686,0.1075254,3.444995],"c":[0.8888889,0.8888889,0.8888889]}]},{"s":[{"p":[-6.153879,0.0005064011,-1.192675E-07],"r":[0,0,180],"s":[8.984394,0.1075255,3.444997],"c":[0.8888889,0.8888889,0.8888889]}]},{"s":[{"p":[-12.29954,-0.0008039456,0.01772452],"r":[0,0,0],"s":[3.354686,0.1075255,3.444997],"c":[0.8888889,0.8888889,0.8888889]}]},{"s":[{"p":[-7.394097,0.04577458,1.367321],"r":[90,180,0],"s":[24.60274,0.1827909,0.0243977],"c":[0.5555556,0.5555556,0.5555556]}]}]}