{"v":7,"a":[7,18],"p":[{"im":"1001394007105652638/53CA92ACD7A021587C4B62EC19889ADDD4BADD9F/","s":[{"p":[0,0,0],"r":[0,0,0],"s":[0.03166705,0.001,0.03166705],"c":[1,1,1],"b":["when is state = 3 and is q = 2 then turn visible","when is state != 3 then turn invisible"]}]}]}