{"v":7,"a":[7,18],"p":[{"im":"1001394007105651701/EB5B5CA6045B086549C2A3DFE7B55E192A14864A/","s":[{"p":[0,0,0],"r":[0,0,0],"s":[0.03216935,0.001000057,0.03216935],"c":[1,1,1],"b":["when is state = 2 and is q = 3 then turn visible","when is state != 2 then turn invisible"]}]}]}