{"v":7,"a":[7,18],"p":[{"s":[{"p":[0,0,0],"r":[0,0,3.828216E-20],"s":[9.85001,4.475425,0.06991699],"c":[0.222222,0.222222,0.222222]}]},{"s":[{"p":[-5.784217,-0.7025988,5.345074E-07],"r":[-1.001791E-05,1.252119E-12,6.157169E-14],"s":[1.72764,1.530664,0.06992771],"c":[0.2222219,0.2222219,0.2222219]}]},{"s":[{"p":[-6.149391,1.135609,5.983566E-07],"r":[-1.001791E-05,1.001791E-05,0],"s":[0.1942074,2.174052,0.06993733],"c":[0.2222219,0.2222219,0.2222219]}]}]}