{"v":7,"a":[7,18],"p":[{"im":"1001394007105650769/49174ABC138A76F66C0F6C2968891CBEB110C99B/","s":[{"p":[0.03787333,0.0001220704,-0.0002233982],"r":[0,0,5.336085E-08],"s":[0.03260624,0.001,0.03260624],"c":[1,1,1],"b":["when is state = 1 and is q = 4 then turn visible","when is state != 1 then turn invisible"]}]}]}