{"v":7,"a":[7,18,21],"p":[{"im":"1001394007102595796/4EB7D3E52006BEB000C77414E17D6821673DDF8A/","s":[{"p":[0,0,0],"r":[0,0,0],"s":[0.03197527,0.0001827171,0.03197527],"c":[1,1,1],"b":["when is state = 4 and is q = 1 then turn visible","when is state != 4 then turn invisible"]}]}]}