{"n":"zcreen","v":7,"a":[7],"p":[{"a":[1],"s":[{"p":[0,0,0],"r":[-3.416762E-06,0,0],"s":[2.755546,0.001,2.242221],"c":[1,1,1]}]}]}