{"v":7,"p":[{"t":7,"pr":4,"s":[{"p":[-0.04293998,0.01839248,-0.2211881],"r":[12.84283,340.8315,352.0204],"s":[0.1750001,0.1750007,0.1750003],"c":[0.148148,0.6666667,0.2666665],"pr":{"c":[0.1975308,0.2370366,0.8888889],"m":0.8773205,"a":0.25,"s":0.2458,"z":0.25,"g":0.4712236,"h":0.6705863}}]},{"t":7,"pr":4,"s":[{"p":[0.0009887964,0.01293824,0.2071189],"r":[7.826899,357.3596,41.2248],"s":[0.1750003,0.1750015,0.1750011],"c":[0.1481479,0.6666667,0.2666665],"pr":{"c":[0.1975308,0.2370366,0.8888889],"m":0.8773205,"a":0.25,"s":0.2458,"z":0.25,"g":0.4712236,"h":0.6705863}}]},{"b":9,"t":7,"pr":44,"s":[{"p":[0.2641851,0.3445355,-1.119815],"r":[84.98776,240.0513,202.0738],"s":[0.6644483,0.475807,0.1194046],"c":[0.1975307,0.2370366,0.8888889],"pr":{"c":[0.1728395,0.2074071,0.7777778],"m":0.25,"a":0.25,"s":0.15,"z":0.5,"g":0.5,"h":0.5}}]}]}