{"v":7,"a":[22,12,31],"inc":[["lazer","5c5cf43ee3784505559fac28"]],"p":[{"b":4,"a":[36],"s":[{"p":[0,0,0.1299999],"r":[0,0,6.830188E-06],"s":[0.01225066,0.01224671,0.0122462],"c":[1,1,1],"b":["when told by any repulsor116 then become 2 in 0.2s"]},{"p":[0,0,0.1599998],"r":[0,0,-1.707547E-06],"s":[0.01225066,0.01224671,0.0122462],"c":[1,1,1],"b":["when told by body hand triggered right then emit gravity-free lazer with 50","when told by any repulsor117 then become 1 in 0.2s","when told by body hand triggered right then play laser fire"]}]}]}