{"v":7,"a":[22],"p":[{"s":[{"p":[0,0,0],"r":[0,0,0],"s":[0.1750592,20.00561,8.529159],"c":[1,1,1]}]}]}