{"v":7,"p":[{"b":3,"s":[{"p":[0,0,0],"r":[0,0,0],"s":[0.125,0.125,0.1250001],"c":[0.4444443,0.320282,0.04938262]}]},{"b":3,"s":[{"p":[0.148609,0.01367218,0.004816503],"r":[14.34576,358.997,24.84856],"s":[0.125,0.125,0.125],"c":[0.4444443,0.320282,0.04938262]}]},{"b":14,"s":[{"p":[0.06971757,0.03522515,0.1509607],"r":[335.617,354.5366,14.0553],"s":[0.06000004,0.06000008,0.06000006],"c":[0.4444443,0.320282,0.04938262]}]}]}