{"n":"slime key hole","v":7,"a":[7],"p":[{"s":[{"p":[0,0,0],"r":[0,0,0],"s":[0.1750185,0.01503087,0.2068909],"c":[0,1,0.2285714]}]},{"b":5,"s":[{"p":[2.801522E-05,0.01176071,0.02082133],"r":[270,1.001791E-05,0],"s":[0.02200299,0.02198653,0.02199296],"c":[0,0,0]}]},{"b":203,"s":[{"p":[0.001451554,0.01812363,-0.02903569],"r":[3.415095E-06,90,90.00001],"s":[0.0010002,0.02539862,0.02540343],"c":[0,0,0]},{"p":[0.001451554,0.01812363,-0.02903569],"r":[3.415095E-06,90,90.00001],"s":[0.0010002,0.02539862,0.02540343],"c":[0,0,0]}]}]}