{"n":"tele-proj","v":7,"a":[7,12,48,49],"inc":[["tele-tgt","5c84ebaa30fd373068655f56"],["tele-tgt 2","5c84f15467172c0d899f4d74"]],"p":[{"t":7,"a":[37],"s":[{"p":[0.001292974,-0.003644943,-0.02286094],"r":[-3.415098E-06,1.707547E-05,180],"s":[0.1472494,0.1472197,0.01122918],"c":[1,0,0]}]},{"b":205,"t":7,"s":[{"p":[-6.258488E-07,-0.003089905,0.999616],"r":[3.415096E-06,180,180],"s":[0.0451178,0.04506601,0.04513925],"c":[1,1,1],"b":["when told teleport then become next"]},{"p":[-6.258488E-07,-0.003089905,0.999616],"r":[0,180,180],"s":[0.04511819,0.04506842,0.04513993],"c":[1,1,1],"b":["when starts then become next in 12, emit gravity-free tele-tgt 2"]}]},{"b":205,"t":7,"a":[37],"s":[{"p":[0,0,0],"r":[0,0,0],"s":[0.04512326,0.04507434,0.045147],"c":[1,1,1],"b":["when starts then all parts face up"]}]}]}