{"v":7,"a":[7,31],"p":[{"a":[12],"s":[{"p":[0,0,0],"r":[0,0,0],"s":[0.02743034,0.02743462,0.02743583],"c":[1,1,1]}]},{"b":4,"t":2,"a":[12],"s":[{"p":[-0.0003063651,0.001081461,0.03106308],"r":[1.001791E-05,-8.450078E-13,-7.387293E-20],"s":[0.02770388,0.02772236,0.02772678],"c":[1,0,0],"b":["when starts then project with 90% reach","when triggered then turn visible"]}]}]}