{"v":7,"a":[7,12,48],"p":[{"b":4,"a":[8],"s":[{"p":[0,0,0],"r":[0,0,0],"s":[0.1250004,0.1250046,0.1250048],"c":[1,1,1],"b":["when starts then stream to mirror"]}]}]}