{"n":"rouge cap","v":7,"a":[22],"p":[{"b":202,"c":[[0,-0.1,1.8,96,45],[0,0.3,2,28,83],[0,-0.6,1.8,68,72],[0.5,0.3,2,26,69],[-0.4,0.3,1.9,31,79]],"s":[{"p":[0,0,0],"r":[0,0,7.656432E-20],"s":[0.06000026,0.02278657,0.06000046],"c":[1,0,0]}]},{"b":198,"s":[{"p":[-0.006488804,-0.02180955,0.1241665],"r":[337.5,1.416747E-05,180],"s":[0.03206301,0.02644881,0.009019062],"c":[1,0,0]}]}]}