{"v":7,"p":[{"s":[{"p":[0,0,0],"r":[0,0,-1.28066E-06],"s":[0.1750001,0.1750001,0.1750001],"c":[1,1,1]}]},{"s":[{"p":[-0.01826763,-0.01004152,-0.0127954],"r":[0.9428446,356.5792,2.501172],"s":[0.5088981,0.2943847,0.5111409],"c":[0,0.05714257,1]}]}]}