{"v":7,"p":[{"b":3,"s":[{"p":[-0.3382006,0.1674642,0.1808249],"r":[334.1669,6.022612,309.0306],"s":[0.1250003,0.1250003,0.1250002],"c":[1,1,1]}]},{"b":14,"s":[{"p":[-0.3024293,0.1326872,-0.02304262],"r":[12.27832,177.4822,27.72209],"s":[0.06000013,0.06000008,0.06000015],"c":[1,1,1]}]},{"b":3,"s":[{"p":[-0.3010873,0.1120359,-0.1984748],"r":[359.2451,346.0937,324.6621],"s":[0.125,0.1250003,0.1250003],"c":[1,1,1]}]},{"b":14,"s":[{"p":[-0.297637,0.132641,0.001242429],"r":[348.4826,358.563,289.1357],"s":[0.06000011,0.0600001,0.06000011],"c":[1,1,1]}]}]}