{"v":7,"p":[{"b":14,"s":[{"p":[0.04013859,0.09059107,-0.116553],"r":[47.78271,335.209,58.13845],"s":[0.06000004,0.06000005,0.06000001],"c":[1,1,1]}]},{"b":10,"s":[{"p":[0.01435319,0.0189504,-0.02506028],"r":[356.438,12.42366,352.9252],"s":[0.1250004,0.1250004,0.125],"c":[1,1,1]}]}]}