{"n":"door button","v":7,"a":[7,18,31],"p":[{"b":5,"s":[{"p":[0,0,0],"r":[0,0,0],"s":[0.09999953,0.1000044,0.1000073],"c":[1,1,1]}]},{"b":5,"s":[{"p":[1.042161E-14,5.215406E-08,0.04786218],"r":[0,0,-1.001791E-05],"s":[0.08586842,0.08587431,0.0858781],"c":[0.3333332,0.2402115,0.03703704],"b":["when touches hand then play knocking on wooden door","when touches hand then become 2 in 0.2s"]},{"p":[2.084322E-14,1.15484E-07,0.02937699],"r":[0,0,-1.001791E-05],"s":[0.08586826,0.08587413,0.08587844],"c":[1,1,1],"b":["when starts then become 1 in 0.2s"]}]}]}