{"n":"teleport","v":7,"a":[7],"p":[{"t1":15,"s":[{"p":[0,0,0],"r":[0,0,3.828216E-20],"s":[0.9091496,0.1752641,0.8317249],"c":[0.111111,0.111111,0.111111],"t1":{"c":[1,1,1],"x":0.17,"y":0.17,"a":0.8925,"m":0.5,"n":0.5,"r":0,"g":0,"o":0.5,"t":0.5,"e":0.5}}]}]}