{"v":7,"a":[22,13],"p":[{"s":[{"p":[0.0001247525,0.1696175,0.4768942],"r":[90,-9.659346E-06,0],"s":[0.4061201,0.02511644,0.7283546],"c":[0.4444443,0.3245148,0.1975307]}]}]}