{"n":"ground","v":8,"a":[1,7],"p":[{"b":17,"s":[{"p":[0,0,0],"r":[0,0,0],"s":[12.35211,0.1106242,9.56406],"c":[0.9019608,0.8509804,0.7215686]}]}]}