{"n":"road","v":9,"a":[22],"p":[{"b":150,"t1":60,"s":[{"p":[0,0,0],"r":[0,0,0],"s":[3.450387,0.06000162,0.4095767],"c":[0.6666667,0.6137567,0.2962962],"t1":{"c":[0.4444444,0.409171,0.1975308],"x":0.008717775,"y":0.2310849,"a":0.8925,"m":0,"n":0,"r":0,"g":0,"o":0.5,"t":0.5,"e":0.5}}]}]}