{"n":"passtion keystone","v":9,"a":[22,21],"p":[{"b":10,"t":7,"c":[[0,0,2.3,29,1,5,1,1,1],[1.3,0,2,0],[-1.3,0,1.9,15,7]],"s":[{"p":[0,0,0],"r":[0,0,0],"s":[0.07159355,0.0715913,0.07159308],"c":[1,0.5142855,0]}]},{"b":10,"t":7,"v":0,"s":[{"p":[0,0,0],"r":[0,0,1.001791E-05],"s":[0.05760213,0.05759851,0.0575997],"c":[1,0.1714285,0]}]}]}