{"v":9,"a":[7,18],"p":[{"t":1,"s":[{"p":[-1.397631,1.092105,0.03204346],"r":[0,0,0],"s":[1.399806,4.993181,0.09148341],"c":[0.5555556,0.5555556,0.5555556]}]},{"b":5,"t":2,"s":[{"p":[0.02123737,-0.003959078,-0.04681349],"r":[0,0,270],"s":[0.04125684,0.04127102,0.03507106],"c":[1,1,1]}]},{"t":1,"s":[{"p":[-0.03524882,1.106111E-07,-2.384186E-07],"r":[0,0,0],"s":[1.46622,1.107598,0.0914423],"c":[0.6666667,0.6666667,0.6666667]}]}]}