{"v":9,"a":[7],"p":[{"a":[1],"s":[{"p":[-1.131106,1.745344,-0.9539709],"r":[90,89.99999,0],"s":[0.8596388,0.001000674,0.9916527],"c":[1,1,1],"b":["when starts then show web valiant-singer-1.glitch.me?mp3=3"]}]},{"s":[{"p":[-1.197502,1.913575,-0.09795066],"r":[90,-1.001791E-05,0],"s":[0.1750333,0.1750052,0.1750256],"c":[0,1,0.3999999],"b":["when touched then tell web play, become next"]},{"p":[-1.197502,1.913575,-0.09795066],"r":[89.98022,5.008957E-06,0],"s":[0.1751304,0.1750768,0.1751254],"c":[1,0,0.3428572],"b":["when touched then tell web pause, become next"]}]}]}