{"v":9,"a":[2,3],"p":[{"s":[{"p":[0,0,0],"r":[0,0,0],"s":[0.04775486,0.02040855,0.4343413],"c":[1,0.7206349,0.111111],"b":["when touches hand then play whip crack","when touches then play whip crack"]}]}]}