{"n":"Midi Emitter","v":9,"p":[{"s":[{"p":[-0.01607824,-0.006267934,-0.0467701],"r":[22.18005,358.756,359.3366],"s":[0.1750756,0.1750301,0.1750587],"c":[1,0,0],"b":["when told by any mididrumnoteon1 then tell any mididrumnoteon1","when told by any  mididrumnoteon1 then become next"]},{"p":[0,0,0],"r":[0,0,0],"s":[0.1750696,0.1750263,0.175044],"c":[0,1,1],"b":["when starts then become previous in 0.2s"]}]}]}