{"v":9,"a":[7,18,32],"p":[{"t":1,"s":[{"p":[0,0,0],"r":[0,0,0],"s":[0.06108261,0.2738494,2.277763],"c":[0.6666667,0.6666667,0.6666667]}]}]}