{"v":9,"a":[7,18],"p":[{"s":[{"p":[0,0,0],"r":[0,0,0],"s":[4.431214,1.312263,0.1750709],"c":[1,0.8571429,0]}]}]}