{"v":9,"p":[{"b":5,"t":1,"s":[{"p":[0,0,0],"r":[0,0,-2.401239E-07],"s":[0.05117041,0.01793282,0.1850897],"c":[0.1851846,0.2698407,0.5555556]}]}]}