{"v":9,"p":[{"b":18,"a":[19],"e":"I DON'T CARE IF THESE ARE BROKEN\nJUST DON'T BREAK THEM HERE.","s":[{"p":[-0.05811319,-0.2044378,0.2610438],"r":[2.263874,0.2146074,12.91088],"s":[0.002999999,0.003000001,0.003],"c":[1,1,1]}]},{"s":[{"p":[-0.04126422,-0.2471393,0.3519254],"r":[283.4166,282.4903,77.76208],"s":[0.7559909,0.1750004,0.1750004],"c":[0,0,0]}]}]}