{"v":9,"a":[2,3],"p":[{"b":5,"t":19,"s":[{"p":[-0.06105731,0.01156697,-0.2823092],"r":[2.223386,1.413999,349.0528],"s":[0.009995234,0.009611134,0.5295646],"c":[0,0,0]}]},{"b":5,"s":[{"p":[-0.05444232,0.004255898,-0.06812663],"r":[358.1759,182.8524,97.7438],"s":[0.01178165,0.01293224,0.02363604],"c":[1,1,1]}]},{"b":36,"t":19,"s":[{"p":[0.001711529,0.009717019,-0.01027939],"r":[3.374429,359.843,9.657103],"s":[0.1250003,0.1250012,0.1250018],"c":[0,0,0]}]}]}