{"v":9,"a":[22,31],"p":[{"b":4,"a":[12],"s":[{"p":[0,0,0],"r":[-3.415095E-06,3.415095E-06,-1.707547E-06],"s":[0.04126162,0.04125528,0.0412593],"c":[1,1,1]}]},{"b":69,"i":[{"t":"5c94f4c0aedcfb7b5572d7f9","p":[0.007558812,-0.1332488,0.005682424],"r":[90,180,0]}],"s":[{"p":[0.001100548,-0.002333779,0.0998769],"r":[90,180,0],"s":[0.07500429,0.07500281,0.07500512],"c":[1,1,1],"b":["when starts then all parts face nearest plee3"]}]}]}