{"v":9,"p":[{"s":[{"p":[-1.111975,0.07003212,-0.3618109],"r":[0.1685465,0.1786208,354.3122],"s":[0.4503143,0.1565353,3.41006],"c":[0.8888889,0.6095237,0]}]},{"s":[{"p":[0.02298054,-0.03265076,-0.02905692],"r":[358.4284,359.3082,357.6559],"s":[0.2194307,0.1565355,2.979331],"c":[0.8888889,0.6095237,0]}]}]}