{"v":9,"a":[7,18],"p":[{"t":7,"a":[12],"s":[{"p":[0,0,0],"r":[0,0,0],"s":[0.09028239,0.01864852,0.05490359],"c":[0,0,0],"b":["when told by any 12345 then become 2 in 0.0s"]},{"p":[1.042161E-14,-959.9243,0.0001677193],"r":[1.001792E-05,270,2.003583E-05],"s":[0.001,0.001,0.001],"c":[0,0,0]}]}]}