{"v":9,"p":[{"t":7,"a":[5],"s":[{"p":[0,0,0],"r":[0,0,5.736291E-07],"s":[0.3661523,0.3791741,0.3001997],"c":[0,0,0]}]}]}