{"v":9,"a":[1,2,3,22],"p":[{"a":[12],"i":[{"t":"5c955454b4c10226e3981bba","p":[0.0002039751,0.07877237,0.04134104],"r":[22.50001,-4.62059E-06,270]}],"s":[{"p":[-0.08494234,-0.007112607,-0.01127672],"r":[1.707547E-06,22.50001,270],"s":[0.03955167,0.06537628,0.101357],"c":[1,1,1]}]},{"a":[12,36],"i":[{"t":"5c954df7667024055da86532","p":[-0.09074414,-0.003049835,-0.008420229],"r":[0,0,0],"a":[2]}],"s":[{"p":[0,0,0],"r":[0,0,0],"s":[0.04992948,0.01650656,0.04539104],"c":[1,1,1],"b":["when triggered then become next","when starts then end loop"]},{"p":[0,0,0],"r":[0,0,0],"s":[0.04992948,0.01650656,0.04539104],"c":[1,1,1],"b":["when shaken then become next","when trigger let go then become 1"]},{"p":[0,0,0],"r":[0,0,0],"s":[0.04992948,0.01650656,0.04539104],"c":[1,1,1],"b":["when starts then set constant rotation to  0 1000 0","when trigger let go then become 1","when starts then tell hammerdown","when trigger let go then set constant rotation to 0 0 0"]}]}]}