{"v":9,"p":[{"s":[{"p":[0,0,0],"r":[0,0,0],"s":[0.01025631,0.001,0.0437661],"c":[1,1,1]}]}]}