{"n":"crystal ball","v":9,"a":[1,7,12,18,31],"p":[{"b":73,"t":17,"pr":2,"s":[{"p":[0,0,0],"r":[0,0,0],"s":[0.2249977,0.2249974,0.2250016],"c":[0.5555556,0.8095238,1],"pr":{"c":[1,1,1],"m":0.1374419,"a":0.25,"s":0,"z":0.25,"g":0.5,"h":0.25}}]},{"b":68,"c":[[0.8,0.1,-0.9,160]],"s":[{"p":[0,0,-0.1282207],"r":[90,-1.931869E-05,0],"s":[0.1232961,0.03771796,0.1232973],"c":[0.6666667,0,0.5714284]}]},{"b":73,"t":17,"s":[{"p":[0,0,0],"r":[0,0,0],"s":[0.205683,0.2056849,0.2056912],"c":[0.5555556,0.8095238,1]}]}]}