{"v":9,"a":[30],"p":[{"s":[{"p":[3.72529E-09,0.01553059,0.005929351],"r":[0,0,-8.537737E-06],"s":[0.002086011,0.1990243,0.02093546],"c":[0,0,0]}]},{"i":[{"t":"5c9642cced5f8c4e09191217","p":[0.01411683,0.08120336,5.401968E-05],"r":[359.7346,180.0979,179.9427]}],"s":[{"p":[0.001653048,0.01032495,0.005197048],"r":[359.7704,0.02262856,359.8466],"s":[0.002086952,0.1705783,0.008118285],"c":[1,1,1]}]}]}