{"v":9,"a":[1,2,3,4,12,48,49],"p":[{"b":9,"s":[{"p":[0,0,0],"r":[1.067217E-07,-4.124782E-15,-4.428951E-06],"s":[0.1250001,0.125,0.125],"c":[1,1,1]}]}]}