{"v":9,"a":[7,12,21],"p":[{"a":[1,12],"s":[{"p":[0,0,0],"r":[270,179.9999,0],"s":[0.1636756,0.0004075472,0.1236933],"c":[1,1,1]}]},{"b":205,"a":[8,12,37],"s":[{"p":[0,0,0],"r":[-3.050849E-05,-5.46415E-05,-1.366036E-05],"s":[0.0183437,0.01834383,0.01834418],"c":[1,1,1],"b":["when starts then all parts face someone","when starts then stream to nearest"]}]}]}