{"v":9,"a":[2,9],"p":[{"b":10,"s":[{"p":[0,0,0],"r":[0,0,0],"s":[0.1250002,0.1250003,0.1250005],"c":[1,0.5555556,0.9365079]}]},{"b":10,"s":[{"p":[-0.1141734,0.3661267,-0.6175771],"r":[44.47346,206.6122,247.4948],"s":[0.125,0.1250001,0.1250001],"c":[1,0,0.3428572]}]},{"b":10,"s":[{"p":[-0.01910009,0.202119,-0.4093733],"r":[69.85305,195.3638,259.5114],"s":[0.1250001,0.1250001,0.1250001],"c":[1,0,0.3428572]}]}]}