{"v":9,"tp_lp": [0,0,1],"p":[{"b":136,"e":"WHAT THE FUCK ","s":[{"p":[-0.4685638,0.02342434,0.07592615],"r":[28.84735,355.0938,339.5648],"s":[0.003000006,0.003000001,0.003000005],"c":[1,1,1]},{"p":[-0.5705748,0.00305241,-0.0005047321],"r":[28.10999,345.2155,354.7188],"s":[0.003000004,0.003,0.003000003],"c":[1,1,1]}]},{"b":136,"e":"WHAT THE FUCK ","s":[{"p":[-0.5022212,-0.004032549,-0.04920352],"r":[18.03879,349.3763,347.1805],"s":[0.003000009,0.003000001,0.003000008],"c":[1,1,1]}]}]}