{"v":9,"a":[7],"p":[{"su":[{"i":"5c97209310e77d37e4f65990","t":"5c73575ac72f895b72b49ebe","p":[-0.01665735,-3.51754,-1.038104],"r":[1.207417E-06,-1.207417E-06,90.00002]}],"s":[{"p":[0,0,0],"r":[0,0,0],"s":[0.1750016,0.1750019,0.175002],"c":[1,1,1]}]}]}