{"v":9,"a":[7,18],"p":[{"s":[{"p":[0,0,0],"r":[0,0,0],"s":[1.543993,0.0148164,1.614833],"c":[0.5555556,0.8857141,1]}]}]}