{"n":"icecream sighn","v":9,"a":[22],"p":[{"b":64,"t":13,"t1":10,"c":[[1.5,0.5,3.631,28,26,4],[-1.5,0.5,3.631,6,49,4],[-1.5,-0.5,3.631,7,34,15],[1.5,-0.5,3.631,29,13,15]],"s":[{"p":[-0.003234955,0.01423609,-0.2793118],"r":[2.354743,0.5824675,358.8556],"s":[0.1250002,0.1249999,0.1250016],"c":[0,1,1],"t1":{"c":[1,1,1],"a":0.309449}}]},{"b":69,"t":13,"s":[{"p":[-0.001657353,0.002672628,0.2547895],"r":[87.38214,206.5123,205.9063],"s":[0.05948491,0.1349053,0.001000006],"c":[0.3333332,0.2285713,0]}]}]}