{"n":"torso","v":9,"p":[{"b":140,"e":"#21","s":[{"p":[0.1015177,0.07545471,0.1994331],"r":[3.415095E-06,270,270],"s":[0.009084871,0.009084036,0.009084141],"c":[1,0,0]}]},{"b":140,"e":"#21","s":[{"p":[-0.1053886,-0.07905769,0.1314927],"r":[0,90,90],"s":[0.009085927,0.009084497,0.009085447],"c":[1,0,0]}]},{"b":68,"t":1,"i":[{"t":"5c9443a58b922f3db21496ac","p":[-0.09880733,-0.07581902,0.1532099],"r":[356.897,283.0325,51.18735]}],"s":[{"p":[-6.866455E-05,-0.01650429,0.05204588],"r":[0,0,8.537737E-06],"s":[0.1000295,0.1594568,0.2537164],"c":[0.1851843,0.2698404,0.5555556]}]}]}