{"v":9,"p":[{"b":5,"a":[5],"i":[{"t":"5c9a70573a06974a41cc6f2c","p":[0.1948257,-0.2866837,-0.0563365],"r":[31.88633,43.92264,179.1217]}],"c":[[0.748,1.616,-1.49,14,32],[0.764,-0.263,-1.5,1,42],[0.326,-1.184,-1.568,11,42],[-0.595,-0.924,-1.373,30,20],[-1.189,-0.248,-1.325,26,15],[-1.062,0.61,-1.15,22,16]],"s":[{"p":[0,0,0],"r":[0,0,0],"s":[0.1,0.1,0.09999999],"c":[1,1,1]},{"p":[0.04323133,0.2082712,0.3060546],"r":[353.1079,56.81073,339.6803],"s":[0.1000012,0.1000012,0.1000006],"c":[1,1,1]}]}]}