{"v":9,"a":[1,2,7],"p":[{"b":5,"c":[[0,9.555,-0.384,16,20],[1.385169,8.175563,-0.3839916,1,42],[1.386043,8.176065,0.4150783,0,72],[1.27214,8.724414,0.415077,3,66,5],[1.271217,8.723941,-0.3839918,2,46],[0.9801651,9.15572,-0.3839876,6,41],[0.980576,9.156536,0.4150456,7,61],[0.5371464,9.448431,-0.383996,14,32],[0.5380816,9.449232,0.4151105,15,52],[9.17527E-05,9.555976,0.4151453,17,49],[-0.565957,9.437654,0.4151077,19,46],[-0.5653213,9.436745,-0.3839956,18,17],[-0.9805557,9.156068,-0.3839878,20,17],[-0.9808736,9.156965,0.4150464,21,43],[-1.29303,8.672165,-0.383992,22,16],[-1.386767,8.176066,0.4150795,25,36],[-1.385905,8.175565,-0.3839918,24,15],[-1.29477,8.670485,0.4150795,23,40,14]],"s":[{"p":[-0.002329707,-1.085306E-10,-0.00295043],"r":[0,0,7.656432E-20],"s":[0.01158576,0.0152407,0.02415812],"c":[0.5555556,0.4585538,0.2469133]}]},{"b":64,"t":23,"a":[36],"t1":168,"c":[[-1.5,0.5,3.655,6,49,4],[1.5,0.5,3.655,28,26,4],[1.5,-0.5,3.655,29,13,15],[-1.5,-0.5,3.655,7,34,15]],"s":[{"p":[-0.00174996,0.1871136,-0.002716813],"r":[89.98022,180,0],"s":[0.03035665,0.03084029,0.03526517],"c":[0,0.7428569,1],"b":["when consumed then become untweened next","when consumed then play bite 2","when consumed then add crumbles","when touches fire then become next in 3s"],"t1":{"c":[1,1,1],"a":0.05}},{"p":[-0.001749972,0.1162697,-0.0027168],"r":[90,180,0],"s":[0.001,0.001,0.001000009],"c":[1,1,1],"t1":{"c":[1,1,1],"a":0}}]}]}