{"n":"grass","v":9,"tp_ad": 45,"p":[{"b":150,"t1":115,"s":[{"p":[0,0,0],"r":[0,0,0],"s":[9.839025,0.06000005,9.262602],"c":[0,1,0.2285714],"t1":{"c":[0,0.5555556,0.1269841],"x":0.08206487,"y":0.1126759,"a":0.8925,"m":0.4553311,"n":0,"r":0.1472166,"g":0,"o":0.5,"t":0.5,"e":0.5}}]}]}