{"n":"elevator","v":9,"a":[7],"p":[{"b":61,"a":[36],"s":[{"p":[0,0,0],"r":[0,0,0],"s":[0.8328778,0.2411644,0.8328796],"c":[1,1,1]}]}]}