{"v":9,"a":[7],"p":[{"id":"5bf836f6da0c360838a4a87c","im":"965356118735579215/24D201BB82C5E78911F4CC772441D47EE1A15FA0/","s":[{"p":[0,0,0],"r":[0,0,0],"s":[1.209609,0.02592124,0.805393],"c":[1,1,1]}]},{"ac":{"id":"5bf836f6da0c360838a4a87c","c":11,"w":4},"s":[{"p":[-0.005161285,-0.003378361,0.2020495],"r":[0,0,1.001791E-05],"s":[1.209669,0.02593282,0.1750789],"c":[1,1,1]}]}]}