{"v":9,"a":[7],"p":[{"im":"965356118735579215/24D201BB82C5E78911F4CC772441D47EE1A15FA0/","s":[{"p":[0,0,0],"r":[0,0,0],"s":[22.97294,0.009523811,15.29605],"c":[1,1,1]}]}]}