{"v":9,"a":[7],"p":[{"pr":33,"s":[{"p":[0,0,0],"r":[0,0,0],"s":[0.02026278,0.01838776,0.001],"c":[1,1,1],"pr":{"c":[1,0.1714285,0],"m":1,"a":0.2500079,"s":0.3434106,"z":0.7219244,"g":0.448604,"h":0}}]},{"b":179,"pr":33,"s":[{"p":[0.04735106,0.7670069,2.417209],"r":[0,180,180],"s":[0.001000133,0.0678657,0.1978284],"c":[1,1,1],"pr":{"c":[1,0.1714285,0],"m":1,"a":1,"s":0.15,"z":0.25,"g":0.1531444,"h":0}}]}]}