{"v":9,"a":[7],"p":[{"b":4,"t":2,"s":[{"p":[0,0,0],"r":[0,0,0],"s":[0.02117295,0.003682715,0.02117297],"c":[1,0.4444443,0.4444443]}]},{"b":18,"t":2,"e":"N","s":[{"p":[-0.01141977,-0.001508711,-0.02976131],"r":[90,-9.659346E-06,0],"s":[0.003000381,0.003000025,0.003000395],"c":[1,0.4444443,0.4444443]}]}]}