{"v":9,"a":[20],"p":[{"s":[{"p":[0,0,0],"r":[0,0,0],"s":[0.1750002,0.1750001,0.1750002],"c":[1,1,1],"b":["when starts then is x = random(1 25)","when starts then become next in 2"]},{"p":[0,0,0],"r":[0,0,0],"s":[0.1750002,0.1750001,0.1750002],"c":[1,1,1],"b":["when starts then become previous"]}]},{"s":[{"p":[0.2024231,0.01509852,-0.02063955],"r":[2.175992,3.897125,2.231833],"s":[0.1750003,0.175,0.1750003],"c":[1,1,1],"b":["when is x = 5 then play deep distant explosion 2 with surround -0.3 octaves 500%","when is x = 5 then play distant thump 2 with surround 500%","when is x = 5 then play fireworks 2 with surround -1.0 octaves","when is x = 1 then play fireworks 2 with surround -1.0 octaves"]}]}]}