{"n":"arm","v":9,"a":[22,31],"p":[{"b":69,"s":[{"p":[0.008107603,-0.003888607,0.0789426],"r":[315,90.00001,90],"s":[0.07500426,0.07500279,0.07500477],"c":[1,0.952381,0.6666666],"b":["when starts then all parts face nearest pelp2"]}]},{"b":4,"a":[12],"s":[{"p":[-5.960464E-08,0,0],"r":[-5.122641E-06,5.122643E-06,-1.366038E-05],"s":[0.07204427,0.07204328,0.07204185],"c":[1,1,1]}]}]}