{"v":9,"p":[{"b":91,"e":"TAVERN","s":[{"p":[0,0,0],"r":[0,0,-1.334021E-08],"s":[0.003000001,0.003,0.003],"c":[0,0,0]}]}]}