{"v":9,"p":[{"b":36,"s":[{"p":[0,0,0],"r":[0,0,0],"s":[0.08533683,0.06026395,0.1250006],"c":[0.3333332,0.3333332,0.3333332]}]},{"b":36,"s":[{"p":[0.1576519,0.312415,-0.7762789],"r":[9.056471,10.83909,334.4475],"s":[0.08533652,0.06026383,0.1250004],"c":[0.3333332,0.3333332,0.3333332]}]}]}