{"v":9,"a":[12,31,32],"p":[{"b":73,"t":12,"i":[{"t":"5ca04fb626a81f3b2cd0b20f","p":[-5.960487E-09,2.980243E-09,0.05000019],"r":[-3.415094E-06,-6.830189E-06,180]}],"s":[{"p":[0,0,0],"r":[1.707547E-06,180,-8.537737E-06],"s":[0.07082687,0.07082795,0.07082792],"c":[1,1,1]}]},{"b":145,"t":11,"s":[{"p":[0,0,0],"r":[90,270,0],"s":[0.01026865,0.02469732,0.02469694],"c":[1,1,1]}]},{"b":4,"a":[12,37],"s":[{"p":[0,0,0],"r":[-3.415095E-06,0,0],"s":[0.03945166,0.03945338,0.03945302],"c":[1,1,1],"b":["when starts then all parts face nearest trailaim"]}]}]}