{"n":"d 2","v":9,"a":[2,7,15,18],"p":[{"b":145,"t":2,"t1":10,"s":[{"p":[0,0,0],"r":[0,0,0],"s":[0.003791177,0.01292136,0.0129268],"c":[0.6285716,0,1],"b":["when destroyed then tell first of any roll2"],"t1":{"c":[0.4444444,0.2285713,0],"a":0}}]}]}