{"n":"d 20","v":9,"a":[2,22,12,15,31],"p":[{"b":247,"t":2,"t1":10,"s":[{"p":[0,0,0],"r":[0,0,0],"s":[0.04833936,0.0483894,0.04833702],"c":[1,0,0],"b":["when destroyed then tell first of any roll20"],"t1":{"c":[0.1142856,1,0],"a":0.3112835}}]}]}