{"v":9,"p":[{"b":2,"s":[{"p":[0,0,0],"r":[0,0,0],"s":[0.2972482,0.3266289,0.1250001],"c":[1,0.8730159,0.111111]}]}]}