{"v":9,"a":[22,13],"p":[{"t1":53,"s":[{"p":[-0.4951048,-0.1734219,0.3982277],"r":[0,0,0],"s":[2.535693,0.0725572,0.1751942],"c":[0.2222221,0.2222221,0.2222221],"t1":{"c":[0.4444444,0.4444444,0.4444444],"x":0.5,"y":0.5,"a":0.8925,"m":0,"n":0,"r":0,"g":0,"o":0.5,"t":0.5,"e":0.5}}]},{"t1":45,"s":[{"p":[1.221422,0.4830456,-0.05112517],"r":[-4.531263E-07,45,3.508781E-06],"s":[1.389272,1.388151,0.1184159],"c":[0.2222221,0.2222221,0.2222221],"t1":{"c":[0.4444444,0.4444444,0.4444444],"x":0.5,"y":0.5,"a":0.8925,"m":0,"n":0,"r":0,"g":0,"o":0.5,"t":0.5,"e":0.5}}]},{"t1":53,"s":[{"p":[2.053013,1.628072,-0.1519141],"r":[44.99999,45,90],"s":[1.522942,0.07272473,0.1759797],"c":[0.222222,0.222222,0.222222],"t1":{"c":[0.4444444,0.4444444,0.4444444],"x":0.5,"y":0.5,"a":0.8925,"m":0,"n":0,"r":0,"g":0,"o":0.5,"t":0.5,"e":0.5}}]}]}