{"v":9,"a":[2,7,14,24,27],"bod":{},"tp_lr": [0,1,0],"p":[{"s":[{"p":[-0.03684281,0.04672249,-0.2694461],"r":[10.71137,3.038835,4.182857],"s":[0.1353674,0.1751051,0.3361702],"c":[0.111111,0.9238093,1]}]},{"s":[{"p":[-0.02822791,0.02628104,-0.02034811],"r":[10.71136,3.038846,4.182858],"s":[0.09949943,0.09852875,0.3000425],"c":[1,0.952381,0.6666666]}]}]}