{"n":"card 8","v":9,"a":[2,3,22,15,18],"p":[{"t":2,"s":[{"p":[0.001435872,-0.003470242,0.004333855],"r":[0,0,-6.830188E-06],"s":[0.1498569,0.01087738,0.08373779],"c":[0.1142857,0,1]}]},{"t":2,"s":[{"p":[-0.06356121,0.00863233,0.003538605],"r":[0,0,0],"s":[0.01897503,0.0108808,0.08375411],"c":[0,1,0.3999999]}]},{"t":2,"s":[{"p":[0.06697156,0.00576237,0.003483297],"r":[0,0,-6.830188E-06],"s":[0.01898383,0.01088418,0.08376843],"c":[0,1,0.3999999]}]},{"b":18,"t":2,"e":"KEYCARD \nFOR ROOM","s":[{"p":[-0.03785391,0.004348107,0.03020084],"r":[90,-1.207418E-05,0],"s":[0.001660624,0.001657885,0.00166069],"c":[0,0,0]}]}]}