{"n":"side","v":9,"a":[7,18],"p":[{"b":205,"s":[{"p":[0,0,0],"r":[0,0,0],"s":[0.04500226,0.0450071,0.04500155],"c":[1,0,0]}]}]}