{"v":9,"a":[31,50],"p":[{"b":3,"i":[{"t":"5ca2a607713c7577cd3841e1","p":[0.3054282,0.1732275,-0.1475892],"r":[356.3484,79.03474,157.7632],"n":"moomoo3","a":[48]},{"t":"5ca2a66fa89f1d054e0449ea","p":[-0.005375009,-0.007410035,-0.01997387],"r":[24.29361,57.54345,165.1213],"n":"moomoo4"}],"s":[{"p":[0,0,0],"r":[0,0,0],"s":[0.08846425,0.08846375,0.08846429],"c":[1,0.8253968,0.4444441]}]}]}