{"v":9,"p":[{"b":3,"t":3,"a":[12],"s":[{"p":[0,0,0],"r":[0,0,-8.537735E-07],"s":[0.1250003,0.1250004,0.1250001],"c":[1,1,1]}]}]}