{"v":9,"p":[{"b":18,"t":2,"e":"20","s":[{"p":[0,0,0],"r":[0,0,0],"s":[0.004285165,0.004285222,0.004285292],"c":[1,1,1]}]}]}