{"v":9,"p":[{"b":118,"t":2,"e":"by\nLYNK WYLAND","s":[{"p":[0,0,0],"r":[0,0,0],"s":[0.003000458,0.003000237,0.003000622],"c":[1,1,1]}]}]}