{"v":9,"a":[48],"p":[{"b":3,"t":3,"s":[{"p":[0,0,0],"r":[0,0,0],"s":[0.4342401,0.4029213,0.5110125],"c":[0.9714286,1,0]}]},{"b":3,"t":3,"s":[{"p":[-1.87605,0.9937463,-3.325162],"r":[4.390591,354.9705,124.0416],"s":[0.1250002,0.1250003,0.1250004],"c":[0.9714286,1,0]}]},{"b":3,"t":3,"s":[{"p":[-4.53885,1.146506,1.142099],"r":[41.01505,289.7175,115.5217],"s":[0.1250003,0.1250003,0.1250004],"c":[0.9714286,1,0]}]}]}