{"v":9,"a":[2,3,7],"inc":[["thing","5b6070993dac890ba1986e7c"]],"p":[{"b":5,"s":[{"p":[0.001657943,-0.0692656,-0.06448365],"r":[1.001791E-05,90,1.001791E-05],"s":[0.006793815,0.04164247,0.03826001],"c":[1,1,1]}]},{"s":[{"p":[0.003811838,-0.01142705,0.0291195],"r":[1.001791E-05,90.00001,2.035555E-12],"s":[0.1750124,0.01258761,0.01912328],"c":[1,1,1],"b":["when triggered then emit thing with 100","when triggered then play gun shot"]}]},{"s":[{"p":[0.005309584,-0.01292586,0.01500702],"r":[270,270,0],"s":[0.1750812,0.06008438,0.05152327],"c":[1,1,1],"b":["when starts then become 1 in 0.2s"]},{"p":[0.01350403,-0.00638235,-0.02196694],"r":[270,270,0],"s":[0.1750784,0.06008447,0.05152425],"c":[1,1,1],"b":["when starts then become 1 in 0.2s"]}]}]}