{"v":9,"p":[{"im":"986759034491836690/2DE47B51402DE0033784F81D399D08E01A3B2E7F/","imt":1,"s":[{"p":[0,0,0],"r":[0,0,0],"s":[1.435082,1.435082,0.001],"c":[1,1,1]}]},{"s":[{"p":[0.01796321,0.00787117,0.1069721],"r":[270.0198,0,0],"s":[1.560738,0.1750742,1.532261],"c":[0.4444443,0.4134037,0.3456789]}]}]}