{"n":"n2","v":9,"a":[7,12,31,32],"p":[{"b":3,"s":[{"p":[0,0,0],"r":[0,0,0],"s":[0.0170441,0.01704256,0.01704451],"c":[1,1,1]}]}]}