{"n":"lamp","v":9,"a":[30],"p":[{"b":73,"t":3,"s":[{"p":[0,0,0],"r":[0,0,0],"s":[0.3562497,0.3562497,0.3562496],"c":[1,0.6176345,0.7667136]}]}]}