{"v":9,"a":[22,21,32],"p":[{"b":202,"s":[{"p":[0,0,0],"r":[0,0,-4.378969E-13],"s":[0.03892979,0.01094572,0.03892965],"c":[0.3333332,0.3333332,0.3333332]}]},{"b":5,"s":[{"p":[0,-1.405581E-08,-0.08038983],"r":[0,0,247.5],"s":[0.005587724,0.005588354,0.01731049],"c":[0.3333332,0.3333332,0.3333332]}]},{"b":5,"s":[{"p":[0,1.405581E-08,0.08038983],"r":[0,0,247.5],"s":[0.005587834,0.005588714,0.01731232],"c":[0.3333332,0.3333332,0.3333332]}]}]}