{"v":9,"a":[7,48,49],"p":[{"b":5,"i":[{"t":"5ca5c0490293c70aa76771dd","p":[-1.822173,-0.003574289,0.01295074],"r":[270,334.5854,0]}],"s":[{"p":[0,0,0],"r":[0,0,0],"s":[1.199494,1.199476,0.001],"c":[1,1,1],"b":["when starts then set constant rotation to 0 0 50"]}]}]}