{"n":"tyl","v":9,"a":[2,3,7,12,18],"inc":[["thing","5ca595390293c70aa76771d8"],["thing 2","5ca5990167bc7b32ef0ec04a"],["thing 3","5ca599604a7d79055c676758"],["bty","5ca5999678ffa40aa0f3e752"],["thing 4","5ca599a89e547a0aa63b81eb"]],"p":[{"a":[42],"s":[{"p":[-0.02788211,0.02424701,-1.906962],"r":[1.264861,2.337124,359.1173],"s":[0.1290753,0.07953431,0.1876481],"c":[1,1,1]}]},{"b":4,"a":[37],"s":[{"p":[-0.02579883,0.01616941,-0.9489441],"r":[-4.717514E-05,-4.364632E-05,270],"s":[0.001,0.06291872,0.04499468],"c":[1,1,1]}]},{"b":3,"a":[42],"s":[{"p":[0,0,0],"r":[3.415093E-06,-3.232971E-05,5.122644E-06],"s":[0.04975367,0.02813355,0.04812906],"c":[1,1,1],"b":["when triggered then emit bty with 0","when triggered then emit thing 4 with 0"]}]}]}