{"v":9,"a":[22,18],"p":[{"b":12,"s":[{"p":[0,0,0],"r":[0,0,-4.07111E-13],"s":[2.176438,0.05999982,1.86036],"c":[0.4691358,0.7777778,0.3456789]}]}]}