{"v":9,"a":[31],"p":[{"a":[8],"s":[{"p":[1.992941,1.419819,-2.030093],"r":[5.25,10.125,0],"s":[0.175,0.175,0.175],"c":[1,1,1],"b":["when consumed then play drink sip"]},{"p":[1.992941,1.419819,-2.030093],"r":[5.250001,10.125,0],"s":[0.03609689,0.03609689,0.03609689],"c":[1,1,1]},{"p":[1.992941,1.419819,-2.030093],"r":[5.250001,10.125,0],"s":[0.03609689,0.03609689,0.03609689],"c":[1,1,1]}]}]}