{"v":9,"p":[{"b":10,"s":[{"p":[0,0,0],"r":[0,0,1.334021E-07],"s":[0.01616027,0.00353798,0.01468743],"c":[1,1,1]}]}]}