{"v":9,"p":[{"s":[{"p":[0.9319457,1.038572,0.1471198],"r":[21.25001,356.75,1.71761E-07],"s":[0.175,0.175,0.175],"c":[1,1,1]}]}]}