{"v":9,"a":[1,2,9,14,16,20,50],"p":[{"b":7,"s":[{"p":[1.031074,1.609868,1.404337],"r":[19.5,245.375,4.528622E-06],"s":[0.125,0.125,0.125],"c":[1,1,1]}]},{"b":9,"s":[{"p":[1.031074,1.609868,1.404337],"r":[19.5,245.375,4.528622E-06],"s":[0.125,0.125,0.125],"c":[1,1,1],"b":["when touched then play doorbell"]}]},{"b":2,"s":[{"p":[1.031074,1.609868,1.404337],"r":[19.5,245.375,4.528622E-06],"s":[0.125,0.125,0.125],"c":[1,1,1]}]}]}