{"v":9,"p":[{"b":10,"t":7,"s":[{"p":[0,0,0],"r":[0,0,0],"s":[0.02683927,0.02036899,0.02322904],"c":[0.285714,1,0],"b":["when state 2 then emit gravity-free [lightning bolt spell]","when hears spell off then become previous in 1s","when hears spell then become next in 1s"]},{"p":[0.0218987,0.01489937,-0.04064452],"r":[346.9032,3.582797,355.148],"s":[0.02683931,0.02036899,0.02322907],"c":[0.8,1,0],"b":["when hears bolt then ","when hears spell then become previous in 1s"]}]}]}