{"n":"wanted sign pierre","v":9,"a":[2,21],"p":[{"im":"921424381011622554/54018456CFA4ED7ED24FCC8D16D1BE1EC94CF42A/","s":[{"p":[0,0,0],"r":[1.067217E-07,1.987846E-16,2.134434E-07],"s":[0.1922449,0.007333318,0.2719335],"c":[1,1,1]}]}]}