{"v":9,"a":[31],"p":[{"b":2,"a":[12,37],"s":[{"p":[0,0,0],"r":[0,0,0],"s":[0.01469357,0.01469357,0.01469357],"c":[1,1,1],"b":["when starts then all parts face nearest el"]}]},{"b":2,"t":19,"a":[12,37],"i":[{"t":"5ca7bf959ce1c670ad1af4d3","p":[0,0,0],"r":[45.63866,5.392814,2.743154]}],"s":[{"p":[-2.980232E-08,-4.283769E-08,0.245003],"r":[0,0,0],"s":[0.01469431,0.01469524,0.01469451],"c":[0,0.05714206,1],"b":["when starts then show line"]}]}]}