{"n":"flat grass ground","v":9,"a":[7],"p":[{"t1":7,"s":[{"p":[0,0,0],"r":[0,0,0],"s":[50.00294,2.323725,50.00133],"c":[0.4285713,0.6,0.3599999],"t1":{"c":[0.9777778,1,0.2222221],"x":0.17,"y":0.17,"a":0.8925,"m":0.5,"n":0.5,"r":0,"g":0,"o":0.5,"t":0.5,"e":0.5}}]}]}