{"v":9,"a":[1,22,18],"p":[{"b":5,"t":21,"t1":13,"c":[[-1.55,-0.045,0.15,25,36],[-1.544138,-0.0285024,-0.4860711,24,15],[-1.699,0.193,0.155,23,40,14],[-1.69726,0.1966794,-0.555071,22,16],[-1.743,0.483,0.142,21,43],[-1.738682,0.4861026,-0.4860345,20,17],[-1.57,0.762,0.138,19,46],[-1.571364,0.755091,-0.5231031,18,17],[-1.042,1.228,0.161,17,49],[-1.046092,1.234025,-0.4801452,16,20],[-0.458,1.378,0.151,15,52],[-0.4609352,1.380199,-0.4091063,14,32],[0.655,1.136,0.143,7,61],[0.6555891,1.138184,-0.4910332,6,41],[1.169,0.696,0.158,3,66,5],[1.174077,0.6945268,-0.4620691,2,46],[1.601,-0.006,0.153,0,72],[1.600126,-0.003501884,-0.5250704,1,42],[-1.142,-1.282,0.151,29,30],[-1.129223,-1.26163,-0.5210382,28,14,9],[-0.859,-2.04,0.159,31,27],[-0.8581286,-2.031865,-0.5351144,30,20],[-0.008,-0.008,1.244,55,20,-2,3,-14,16],[-1.289,-0.559,0.179,27,33],[1.721,-0.355,0.149,4,67],[1.720888,-0.3525887,-0.6500721,5,39]],"s":[{"p":[0,0,0],"r":[0,0,0],"s":[0.9391199,0.6620038,0.1000733],"c":[0,0,0],"t1":{"c":[0.7679012,0.7777778,0.4320987],"x":0.5033534,"y":0.0165323,"a":0.8434706,"m":0.4917343,"n":0.5,"r":0.03369462,"g":0,"o":0.5,"t":0.5,"e":0.5}}]}]}