{"v":9,"a":[27],"p":[{"s":[{"p":[-0.01885637,0.00110178,-0.002724345],"r":[278.912,67.09354,114.4473],"s":[0.02345136,0.0256884,0.0196826],"c":[1,1,1],"b":["when told by body hand triggered right then become next in 1s","when told by body hand trigger let go right then become previous"]},{"p":[-0.02373591,0.03324754,-0.05388091],"r":[276.2253,61.22748,119.7057],"s":[0.02345135,0.1857822,0.01968258],"c":[1,1,1],"b":["when told by body hand trigger let go right then become previous in 1s"]},{"p":[-0.02373591,0.03324754,-0.05388091],"r":[276.2253,61.22749,119.7057],"s":[0.02345135,0.1857822,0.01968258],"c":[1,1,1]}]},{"s":[{"p":[-0.04164323,-0.0002179861,0.01783011],"r":[6.503828,1.529968,353.6267],"s":[0.1056539,0.1151588,0.1105822],"c":[1,1,1]}]}]}