{"n":"sky","v":9,"a":[37,51],"p":[{"t":2,"a":[29],"im":"938329658119838898/DE298D7190FA0964910F8350B9D12D9A62588555/","imt":1,"s":[{"p":[0,0,0],"r":[0,0,0],"s":[1.172802,0.6983255,0.586401],"c":[1,1,1]}]}]}