{"v":9,"a":[31,38],"inc":[["thing","5ca92d94dc834a0560cd11a0"],["thing 2","5ca92ef30d820c7d8a9ad404"],["thing 3","5ca92f4524a1d92f91de5dc5"],["thing 4","5ca93016a46d045b678c6c19"]],"p":[{"s":[{"p":[-0.006963193,0.008325249,-0.1327657],"r":[27.56568,338.9905,337.9391],"s":[0.02588381,0.02588384,0.02588383],"c":[1,1,1],"b":["when starts then become next in 0.2s"]},{"p":[-0.006963193,0.008325249,-0.1327657],"r":[27.56568,338.9905,337.9391],"s":[0.02588381,0.02588384,0.02588383],"c":[0.7777778,1,1],"b":["when starts then become next in 0.2s","when starts then tell bl"]}]},{"b":4,"s":[{"p":[0.02608294,-0.008360114,-0.03767236],"r":[15.02058,35.38995,14.99698],"s":[0.02011798,0.02011806,0.02011801],"c":[1,1,1],"b":["when touches hand then become next"]},{"p":[0.02984932,-0.01546126,-0.0473276],"r":[7.956586,48.13686,271.0947],"s":[0.020118,0.02011801,0.02011799],"c":[1,0,0],"b":["when told bl then emit thing 4 with 1.5","when touches hand then become next"]}]}]}