{"n":"100 variant edition","v":9,"a":[1,7,18],"p":[{"im":"93851170782740737/F815038E7443728928BF337865B280CCB1B37A4C/","s":[{"p":[0,0,0],"r":[0,0,0],"s":[1.753311,0.01,1.169239],"c":[0,0,0]}]}]}