{"n":"gn","v":9,"a":[31],"p":[{"b":3,"t":2,"s":[{"p":[0.1617759,0.07623983,-0.03017831],"r":[3.869079,21.85681,18.51567],"s":[0.4048053,0.4048052,0.4048053],"c":[0.9714286,1,0],"b":["when starts then destroy all parts"]}]}]}