{"n":"gn","v":9,"a":[31],"p":[{"b":3,"t":2,"s":[{"p":[0,0,0],"r":[0,0,0],"s":[0.3617265,0.3617264,0.3617264],"c":[0.9714286,1,0],"b":["when starts then become next in 0.2s"]},{"p":[0,0,0],"r":[0,0,0],"s":[0.3617265,0.3617264,0.3617264],"c":[0.9714286,1,0],"b":["when starts then destroy all parts"]}]}]}