{"n":"battery","v":9,"a":[2,7,31,32],"p":[{"b":144,"t":11,"t1":162,"s":[{"p":[-0.06249995,-7.450581E-09,0],"r":[0,1.001791E-05,0],"s":[0.07344119,0.02963143,0.02963458],"c":[0.6666667,0.6666667,0.6666667],"b":["when touches sell then tell sold","when told sold then is person.cash += (person.vip + 1) * (person.rebirth + 1) * 15","when told sold then play coin","when told sold then destroy all parts with self-uncollidable burst 0 force 5 shrink 3 disappear","when consumed then is person.badbattery += 1","when consumed then destroy all parts "],"t1":{"c":[1,0,0],"x":0.5,"y":0.5,"a":0.5607771,"m":0,"n":0,"r":0,"g":0,"o":0.5,"t":0.5,"e":0.5}}]},{"b":144,"t":11,"s":[{"p":[-0.03749997,-3.72529E-09,0],"r":[0,0,0],"s":[0.0330721,0.03006242,0.03006614],"c":[1,1,1]}]},{"b":144,"t":11,"s":[{"p":[-0.09999998,-1.490116E-08,0],"r":[0,0,0],"s":[0.03307486,0.03006515,0.03007028],"c":[1,1,1]}]},{"b":144,"t":11,"s":[{"p":[-0.125,-1.490116E-08,0],"r":[0,1.001791E-05,0],"s":[0.01444686,0.0114371,0.0114419],"c":[1,1,1]}]}]}