{"n":"ghost head","v":9,"a":[24,49],"bod":{"h": {"p":[0.01505436,-0.01254526,0.09213497],"r":[271.9738,276.9536,260.8014]},"al": {"i":"5ca945656040515b6de8f957","p":[-0.04097123,-0.0354894,-0.09227441],"r":[353.418,159.6391,295.8494]},"ar": {"i":"5ca945516040515b6de8f956","p":[0.03123295,-0.03243585,-0.09537441],"r":[358.2873,198.3162,65.69507]},"ut": {"i":"5caa17056040515b6de8f9c1","p":[0.002844686,-0.05607766,-0.009763196],"r":[274.3131,24.22898,161.353]}},"p":[{"b":51,"t":7,"s":[{"p":[0.0187155,0.09915258,0.001011714],"r":[0,0,270],"s":[0.1250043,0.1250051,0.125006],"c":[0,0,0]}]},{"b":180,"t":7,"s":[{"p":[0.01462318,0,0],"r":[0,0,0],"s":[0.1250013,0.1250001,0.155586],"c":[1,1,1],"b":["when touches fist then become next in 0.2s","when touches fist then play punch"]},{"p":[0.01462318,0,0],"r":[0,0,0],"s":[0.1250013,0.1250001,0.155586],"c":[0.7777778,0.5185185,0.5185185],"b":["when starts then become next in 1s"]}]},{"b":51,"t":7,"s":[{"p":[0.01240684,0.1011314,0.001011729],"r":[3.415095E-06,270,270],"s":[0.12501,0.1250069,0.0896752],"c":[0,0,0]}]}]}