{"v":9,"a":[7,18],"p":[{"s":[{"p":[0,0,0],"r":[0,0,0],"s":[4.166347,1.72952,0.01200509],"c":[0,0,0]}]}]}