{"n":"button","v":9,"a":[1],"p":[{"b":7,"t":2,"s":[{"p":[0,0,0],"r":[0,0,0],"s":[0.03787359,0.03787331,0.03787333],"c":[1,0,0],"b":["when touches hand then play button click power socket with 200%, tell first of any secretdoor1"]}]},{"b":60,"t":2,"s":[{"p":[-0.0009651193,-0.002738949,-0.02610809],"r":[90,-2.003582E-05,0],"s":[0.1045467,0.03123788,0.1045455],"c":[0.4444443,0.4444443,0.4444443]}]}]}