{"n":"spkthand2","v":9,"a":[31],"p":[{"b":3,"s":[{"p":[0,0,0],"r":[0,0,0],"s":[0.04436031,0.04436034,0.04436041],"c":[1,1,1]}]}]}