{"v":9,"a":[7,18],"p":[{"t1":58,"t2":22,"s":[{"p":[0,0,0],"r":[0,0,0],"s":[8.54093,0.1753439,1.319333],"c":[0.7777778,0.691358,0.7358024],"t1":{"c":[0,0,0],"x":0.224865,"y":0.3440323,"a":0.8925,"m":0,"n":0,"r":0,"g":0,"o":0.5,"t":0.5,"e":0.5},"t2":{"c":[0,0,0],"x":0.17,"y":0.17,"a":0.69625,"m":0.5,"n":0.5,"r":0,"g":0,"o":0.5,"t":0.5,"e":0.5}}]},{"t1":58,"t2":22,"s":[{"p":[-1.430507E-06,2.56896E-05,0.6978875],"r":[0,0,0],"s":[8.53987,0.1754652,0.08339401],"c":[0.4444443,0.3245148,0.1975307],"t1":{"c":[0,0,0],"x":0.224865,"y":0.3440323,"a":0.8925,"m":0,"n":0,"r":0,"g":0,"o":0.5,"t":0.5,"e":0.5},"t2":{"c":[0,0,0],"x":0.17,"y":0.17,"a":0.69625,"m":0.5,"n":0.5,"r":0,"g":0,"o":0.5,"t":0.5,"e":0.5}}]}]}