{"v":9,"a":[7,31,32],"p":[{"b":9,"t":12,"a":[37],"t1":168,"s":[{"p":[0,0,0],"r":[0,0,0],"s":[0.1506522,0.1506509,0.1506523],"c":[0.8,0,1],"b":["when starts then become untweened next in 0"],"t1":{"c":[0.8,0,1],"a":0.05}},{"p":[0,0,0],"r":[0,0,0],"s":[0.1497749,0.1497736,0.149775],"c":[0.8,0,1],"b":["when starts then become untweened next in 0"],"t1":{"c":[0.8,0,1],"a":0.05}}]},{"b":10,"t":2,"a":[12],"s":[{"p":[0,0,0],"r":[270,9.659345E-06,0],"s":[0.1582309,0.1582309,0.1582305],"c":[0.8,0,1],"b":["when starts then trail start with thick-end 0.5","when hit then tell hit"]}]}]}