{"v":9,"a":[31],"inc":[["magic","5caa9e4b1d2748056c31369f"]],"p":[{"b":9,"t":12,"s":[{"p":[0,0,0],"r":[0,0,0],"s":[0.04719489,0.04719038,0.04719494],"c":[0.6285716,0,1],"b":["when touches hand then emit magic with 0","when touches hand then destroy all parts with 120s restore"]}]}]}