{"n":"arm","v":9,"a":[22],"p":[{"b":4,"a":[12,37],"s":[{"p":[0,0,0],"r":[-7.421844E-13,-6.830189E-06,1.208591E-06],"s":[0.07109563,0.07375791,0.02881885],"c":[1,1,1],"b":["when starts then all parts face nearest spkthand2"]}]},{"b":68,"t":19,"s":[{"p":[0.01085061,-0.009159328,-0.00403499],"r":[-4.783663E-06,112.5,3.833908E-06],"s":[0.05757916,0.04033058,0.04069909],"c":[1,1,1]}]}]}