{"v":9,"p":[{"t1":58,"t2":22,"s":[{"p":[0,0,0],"r":[0,0,0],"s":[11.64034,0.1819211,1.294806],"c":[0.7777778,0.691358,0.7358024],"t1":{"c":[0,0,0],"x":0.5,"y":0.5,"a":0.8925,"m":0,"n":0,"r":0,"g":0,"o":0.5,"t":0.5,"e":0.5},"t2":{"c":[0,0,0],"x":0.17,"y":0.17,"a":0.69625,"m":0.5,"n":0.5,"r":0,"g":0,"o":0.5,"t":0.5,"e":0.5}}]},{"t1":58,"t2":22,"s":[{"p":[-7.152557E-07,-0.0007567406,0.6883242],"r":[0,0,8.537737E-06],"s":[11.64349,0.1819824,0.08485378],"c":[0.4444443,0.3245148,0.1975307],"t1":{"c":[0,0,0],"x":0.5,"y":0.5,"a":0.8925,"m":0,"n":0,"r":0,"g":0,"o":0.5,"t":0.5,"e":0.5},"t2":{"c":[0,0,0],"x":0.17,"y":0.17,"a":0.69625,"m":0.5,"n":0.5,"r":0,"g":0,"o":0.5,"t":0.5,"e":0.5}}]}]}