{"n":"pad","v":9,"a":[2,16],"p":[{"b":5,"s":[{"p":[0,0,0],"r":[0,0,0],"s":[0.01013523,0.0117028,0.001000001],"c":[1,1,1]}]}]}