{"n":"mannyhead","v":9,"a":[7,18],"p":[{"b":13,"i":[{"t":"5cacd4a34404cd28945d71d4","p":[0,0,0.5],"r":[0,0,0]}],"s":[{"p":[0,0,0],"r":[0,0,0],"s":[0.1746785,0.1747035,0.01855661],"c":[1,1,1]}]}]}