{"v":9,"p":[{"t":3,"im":"965355694148481723/34E8269D843FEF5FA105EF6D11C9BD493C828E6B/","t1":168,"t2":43,"s":[{"p":[0,0,0],"r":[0,0,0],"s":[0.4673582,0.002539887,0.3114943],"c":[1,1,1],"t1":{"c":[0.2857142,1,0],"a":0.1562236},"t2":{"c":[0,0.9142855,1],"x":0.7286262,"y":0.7229803,"a":1,"m":0.1462653,"n":0.08025861,"r":0.1290894,"g":0.2045619,"o":0.5,"t":0.5,"e":0.5}}]}]}