{"n":"tateleport","v":9,"a":[22],"p":[{"b":5,"a":[12,37],"s":[{"p":[0.001648788,-0.06289593,-0.02817512],"r":[270,247.5,0],"s":[0.1000536,0.1000432,0.1000364],"c":[1,1,1]}]},{"b":4,"a":[12,37],"s":[{"p":[0,0,0],"r":[-4.885332E-12,1.707547E-06,-6.106665E-13],"s":[0.1249991,0.001000059,0.125007],"c":[1,1,1]}]}]}