{"n":"keyboardlaserpoint","v":9,"a":[31],"p":[{"b":3,"a":[12,37],"s":[{"p":[0,0,0],"r":[0,0,0],"s":[0.01777564,0.0177754,0.01777549],"c":[1,1,1]}]}]}