{"n":"people","v":9,"a":[2,21,44],"p":[{"b":168,"a":[23],"s":[{"p":[4.220055E-09,-0.01683607,1.899898E-07],"r":[-8.537737E-06,180,-3.415096E-06],"s":[0.1124981,0.11252,0.1125336],"c":[0.3333332,0.3333332,0.3333332]}]},{"b":168,"a":[23],"s":[{"p":[0,0,0],"r":[-1.707547E-06,-1.707547E-06,-3.415095E-06],"s":[0.1124898,0.112485,0.1124939],"c":[0.3333332,0.3333332,0.3333332]}]},{"b":23,"a":[19],"e":"[people count]","s":[{"p":[-0.3183463,0.03682882,-7.636845E-08],"r":[90,270,0],"s":[0.003523579,0.003523201,0.00352365],"c":[1,1,1]}]},{"b":23,"a":[19],"e":"[people names]","s":[{"p":[-0.289847,0.03682908,2.514571E-07],"r":[90,270,0],"s":[0.004188907,0.004188584,0.004188944],"c":[1,1,1]}]}]}