{"v":9,"p":[{"s":[{"p":[0,0,0],"r":[0,0,0],"s":[0.7854808,0.03234161,0.2783732],"c":[1,1,1]}]},{"b":142,"e":"Do not blo w up the drone ","s":[{"p":[-0.0787834,0.08062493,0.01519183],"r":[76.97162,157.362,157.7271],"s":[0.003000001,0.003000001,0.003],"c":[1,1,1]}]}]}