{"v":9,"p":[{"b":73,"t":9,"pr":4,"s":[{"p":[0,0,0],"r":[0,0,0],"s":[0.337608,0.3376089,0.3376081],"c":[1,0.8571429,0],"pr":{"c":[0.3527337,0.1975308,0.4444444],"m":0.25,"a":0.25,"s":0.15,"z":0.25,"g":0.5,"h":0.25}}]}]}