{"v":9,"a":[7],"p":[{"b":5,"s":[{"p":[0,0,0],"r":[0,0,0],"s":[0.100001,0.1000035,0.1000033],"c":[0,0,0]}]},{"b":5,"i":[{"t":"5cb28ec806d666056aa8c1b3","p":[-0.01915312,0.007151484,0.01646566],"r":[90,-1.151484E-12,0]}],"s":[{"p":[-2.709618E-13,-1.557171E-06,0.05200017],"r":[0,0,0],"s":[0.09000099,0.09500356,0.04500335],"c":[1,1,1],"b":["when touches hand then become next in 0.2s, play button click 5"]},{"p":[-0.0006809243,-0.004759315,0.02955234],"r":[0,0,0],"s":[0.09000217,0.09500947,0.04500534],"c":[1,1,1],"b":["when starts then become previous in 0.2s, then say can we get an f in chat"]}]}]}