{"v":9,"a":[41],"p":[{"s":[{"p":[0,0,0],"r":[0,0,-5.008957E-06],"s":[0.001000178,0.1750135,0.1750139],"c":[1,1,1]}]},{"b":68,"a":[32],"s":[{"p":[-0.2411948,-0.250391,0.03162077],"r":[23.04264,12.03648,358.3571],"s":[0.04845314,0.04038915,0.1437215],"c":[1,1,1],"b":["when starts then all parts face nearest j1"]}]}]}