{"v":9,"tp_m": 999,"p":[{"s":[{"p":[0,0,0],"r":[0,0,0],"s":[0.5819795,20.35335,45.01664],"c":[0.2539681,0,0.8888889]}]}]}