{"n":"mj2","v":9,"p":[{"b":73,"s":[{"p":[0,0,0],"r":[0,0,0],"s":[0.04885291,0.04885317,0.0488533],"c":[1,1,1]}]}]}