{"v":9,"p":[{"b":73,"s":[{"p":[0.00244346,0.02381106,0.05411128],"r":[69.14827,244.4421,229.341],"s":[0.1249246,0.1249241,0.1249244],"c":[1,1,1],"b":["when starts then all parts face nearest face"]}]},{"b":205,"a":[12,37],"s":[{"p":[0,0,0],"r":[5.336085E-08,4.268868E-07,1.987847E-16],"s":[0.04500015,0.04500009,0.04500013],"c":[1,1,1]}]},{"b":78,"s":[{"p":[0.002203483,0.03940442,0.09597202],"r":[79.16672,329.9446,324.3533],"s":[0.01138497,0.02889615,0.01501608],"c":[1,1,1]}]},{"b":69,"t":11,"s":[{"p":[0.004983433,0.04400061,0.1229085],"r":[281.1659,145.1118,35.53693],"s":[0.0120871,0.004975097,0.01657723],"c":[0,1,1]}]}]}