{"n":"lj1","v":9,"p":[{"b":60,"s":[{"p":[0,0,0],"r":[0,0,0],"s":[0.0465252,0.04199268,0.04308674],"c":[1,1,1]}]}]}