{"v":9,"p":[{"b":68,"t":11,"a":[42],"s":[{"p":[0.005203746,-0.03220743,0.02791507],"r":[9.058705,358.3065,354.9726],"s":[0.04365915,0.04316141,0.1973273],"c":[1,0.9269841,0.8888889],"b":["when starts then all parts face nearest ej1"]}]},{"b":40,"t":12,"s":[{"p":[-0.03058652,-0.08021484,0.1004453],"r":[303.7239,266.8477,93.46893],"s":[0.06564773,0.08940271,0.05348407],"c":[0.4444443,0.1523808,0]}]},{"b":40,"t":12,"s":[{"p":[0.02936717,-0.09489326,0.1013517],"r":[27.63973,268.0505,89.88016],"s":[0.0801077,0.08940273,0.06295084],"c":[0.4444443,0.1523808,0]}]}]}