{"v":9,"a":[7,13,18],"p":[{"s":[{"p":[0,0,0],"r":[0,0,0],"s":[3.301694,0.1442777,3.039978],"c":[0,0.2285711,1]}]},{"s":[{"p":[6.969827,-7.69465E-07,0],"r":[0,0,0],"s":[3.302618,0.1442993,3.04047],"c":[0,0.228571,1]}]},{"s":[{"p":[3.526005,0.003669582,-0.09995914],"r":[270,180,0],"s":[0.3708156,2.842422,0.1375548],"c":[0,0.2285709,1]}]}]}