{"v":9,"a":[2,7,14,16,31,32],"p":[{"b":3,"t":21,"a":[18],"pr":49,"t1":168,"t2":168,"s":[{"p":[0,0,0],"r":[0,0,0],"s":[0.02336949,0.02336601,0.02336993],"c":[0.2857137,1,0],"b":["when starts then trail start with 0.5s","when starts then multiply speed 50","when touched then become next"],"t1":{"c":[0,0,0],"a":0.02794909},"t2":{"c":[0.2857142,1,0],"a":0.02675824},"pr":{"c":[0.2857141,1,0],"m":1,"a":1,"s":0.15,"z":1,"g":0.5,"h":0.25}},{"p":[0,0,0],"r":[0,0,0],"s":[0.3387294,0.3387259,0.3387299],"c":[0.2857136,1,0],"b":["when starts then become next"],"t1":{"c":[0,0,0],"a":0.02794909},"t2":{"c":[0.2857142,1,0],"a":0.02675824},"pr":{"c":[0.2857141,1,0],"m":1,"a":0.25,"s":0.15,"z":1,"g":0.5,"h":0.25}},{"p":[-0.001000002,1.74846E-10,-1.164153E-10],"r":[0,354.375,0],"s":[0.03725214,0.03725214,0.03725214],"c":[0.2857136,1,0],"b":["when starts then destroy all parts"],"t1":{"c":[0,0,0],"a":0.02794909},"t2":{"c":[0.2857142,1,0],"a":0.02675824},"pr":{"c":[0.2857141,1,0],"m":1,"a":0.25,"s":0.15,"z":1,"g":0.5,"h":0.25}}]}]}