{"n":"hole","v":9,"a":[1],"p":[{"b":73,"s":[{"p":[0,0,0],"r":[0,0,-8.537737E-07],"s":[0.3533005,0.3532997,0.3533003],"c":[0.111111,0.111111,0.111111]}]}]}