{"v":9,"a":[7,12,32],"p":[{"b":3,"i":[{"t":"5cb810eb981488266be4bd69","p":[0.01249996,0.01249986,0.4],"r":[340.4474,50.01773,14.60073]}],"s":[{"p":[0,0,0],"r":[0,0,7.118155E-20],"s":[0.0846351,0.0846362,0.08463522],"c":[1,1,1],"b":["when starts then all parts face nearest x"]}]},{"b":5,"s":[{"p":[5.530564E-15,3.278354E-08,0.1875],"r":[-1.001791E-05,2.035555E-12,89.99999],"s":[0.04019491,0.04019468,0.3476638],"c":[1,1,1]}]},{"b":3,"s":[{"p":[1.142983E-14,6.775266E-08,0.3875],"r":[1.001791E-05,90,-1.001791E-05],"s":[0.08463898,0.08463637,0.08463853],"c":[1,1,1]}]}]}