{"n":"1r","v":9,"a":[22],"p":[{"a":[42],"i":[{"t":"5cb8df39364a29481c936e21","p":[-0.02060754,0.007131078,-0.1257778],"r":[280.6159,276.165,161.6718]},{"t":"5cb8df1b8c8147055fc7f648","p":[-0.1316362,0.01958051,-0.5571588],"r":[280.6233,259.0715,216.1048]},{"t":"5cb8df29346d3c790675d5a2","p":[-0.07937047,0.01367962,-0.355664],"r":[292.5,292.5,157.5]}],"s":[{"p":[0,0,0],"r":[0,0,0],"s":[0.08587912,0.06112153,0.1687798],"c":[1,1,1]}]}]}