{"v":9,"p":[{"b":3,"s":[{"p":[0.03709599,-0.02609287,-0.006811946],"r":[353.8775,5.847035,6.312543],"s":[0.139022,0.1250009,0.1410778],"c":[1,1,1]}]},{"b":37,"s":[{"p":[0.02859389,0.06860315,-0.0147798],"r":[309.5566,98.90858,256.1079],"s":[0.1057408,0.1052927,0.1143335],"c":[0,0,0]}]},{"b":37,"s":[{"p":[0.03014557,0.0663917,-0.01593237],"r":[310.9431,353.8449,278.2086],"s":[0.1057409,0.1052921,0.1143328],"c":[0,0,0]}]}]}