{"v":9,"a":[7],"p":[{"t":1,"s":[{"p":[0,0,0],"r":[0,0,0],"s":[2.81082,0.06718087,2.774629],"c":[1,0,0]}]}]}