{"v":9,"a":[7,31],"p":[{"b":4,"t":11,"a":[42],"s":[{"p":[0,0,0],"r":[0,0,0],"s":[0.1250041,0.001000032,0.1250055],"c":[0.9714286,1,0],"b":["when starts then play party noise maker","when starts then loop glimmer"]}]},{"b":4,"t":11,"s":[{"p":[0.000885725,-0.01896858,0.006662369],"r":[0,0,0],"s":[0.1440259,0.02001598,0.1440263],"c":[0,0,0]}]},{"b":118,"t":2,"e":"GOLD SPIKE AWARD","s":[{"p":[-0.1550949,0.01216865,-0.003638029],"r":[90,-9.659346E-06,0],"s":[0.003659214,0.003658505,0.003659349],"c":[1,1,1]}]}]}