{"n":"knob","v":9,"a":[7,18],"p":[{"b":69,"s":[{"p":[0.003946185,0.01200283,0.1250935],"r":[90,180,0],"s":[0.002192641,0.0152096,0.003173389],"c":[1,1,1]}]},{"b":3,"s":[{"p":[-0.004112899,0.01478004,0.09423518],"r":[-2.544444E-13,-8.537737E-06,-3.415095E-06],"s":[0.03284166,0.03284213,0.03284124],"c":[1,1,1]}]},{"s":[{"p":[0.06686586,-0.3337541,0.1571579],"r":[0,90,270],"s":[0.8459059,0.03792121,1.777363],"c":[1,1,1],"b":["when walked into then destroy"]}]}]}