{"v":9,"a":[1],"p":[{"s":[{"p":[-0.002194809,-0.03235131,0.174346],"r":[359.8526,1.539773,356.0191],"s":[0.6211625,0.1750002,0.5598472],"c":[1,0,0.3428572]}]},{"b":18,"e":"[hour] [minute] [second] [millisecond]","s":[{"p":[-0.2327489,0.10549,-0.06735788],"r":[83.2891,282.8606,16.82888],"s":[0.005284197,0.005284197,0.005284198],"c":[1,1,1]}]}]}