{"v":9,"a":[27],"p":[{"b":73,"t":7,"s":[{"p":[0,0,0],"r":[0,0,0],"s":[0.01392221,0.01392224,0.01392224],"c":[0,0,0]}]}]}