{"v":9,"a":[22],"p":[{"b":4,"a":[12],"pr":7,"s":[{"p":[0,0,0],"r":[0,0,-4.268868E-07],"s":[0.6454486,0.1691019,1.642434],"c":[1,1,1],"pr":{"c":[1,1,1],"a":0.08096325}}]}]}