{"v":9,"p":[{"b":14,"s":[{"p":[-0.1118314,-0.02235626,-0.1097967],"r":[356.8119,8.852957,23.94375],"s":[0.06000007,0.01256104,0.1022984],"c":[0.4444443,0.4444443,0.4444443]}]},{"s":[{"p":[-0.06797108,-0.005912483,0.1697604],"r":[0.3843426,6.431119,22.75455],"s":[0.04418996,0.01316139,0.1750004],"c":[0.09876534,0.111111,0.1100528]}]},{"b":14,"s":[{"p":[-0.07265481,-0.006102867,0.1076971],"r":[23.82506,275.5125,358.6243],"s":[0.0600002,0.01676131,0.02843252],"c":[0.09876534,0.111111,0.1100528]}]}]}