{"v":9,"p":[{"b":20,"t":2,"e":"WELCOME\nIN MY WORLD","s":[{"p":[0,0,0],"r":[0,0,0],"s":[0.04124408,0.0412441,0.0412441],"c":[1,1,1],"b":["when touched then become next in 1s"]},{"p":[0,0,0],"r":[0,0,0],"s":[0.04124408,0.0412441,0.0412441],"c":[0,0.05714257,1],"b":["when touched then become next in 1s"]},{"p":[0,0,0],"r":[0,0,0],"s":[0.04124408,0.0412441,0.0412441],"c":[0.9714286,1,0],"b":["when touched then become next in 1s"]},{"p":[0,0,0],"r":[0,0,0],"s":[0.04124408,0.0412441,0.0412441],"c":[1,0,0.8571426],"b":["when touched then become next in 1s"]}]}]}