{"n":"ground","v":9,"a":[1],"p":[{"b":17,"s":[{"p":[0,0,0],"r":[0,0,-3.73526E-07],"s":[3.363352,0.11062,3.201105],"c":[0.9019608,0.8509804,0.7215686]}]}]}