{"v":9,"p":[{"b":73,"s":[{"p":[0,0,0],"r":[0,0,0],"s":[0.0139098,0.01390974,0.01390979],"c":[1,1,1]}]}]}