{"v":9,"a":[7],"p":[{"b":3,"t":2,"s":[{"p":[0,0,0],"r":[0,0,0],"s":[0.2399224,0.2399269,0.005547337],"c":[1,0,0]}]},{"t":2,"s":[{"p":[-0.1048665,0.1301622,-0.2598193],"r":[0,0,90],"s":[0.03304069,0.0335319,0.5223655],"c":[1,0,0]}]},{"t":2,"s":[{"p":[0.2311654,0.01403427,-0.2583813],"r":[0,0,180],"s":[0.0330425,0.03352997,0.522338],"c":[1,0,0]}]},{"t":2,"s":[{"p":[-0.05420065,-0.1368885,-0.2576081],"r":[0,0,90],"s":[0.03303949,0.03352705,0.5222742],"c":[1,0,0]}]}]}