{"v":9,"a":[2,7,18],"p":[{"b":73,"t1":16,"s":[{"p":[-1.571402,2.258304,-0.2745858],"r":[1.195283E-05,89.99999,270],"s":[0.2250397,0.2250219,0.2250306],"c":[0,0,0],"b":["when starts then trail start"],"t1":{"c":[1,1,1],"x":0,"y":0,"a":1,"m":0.5,"n":0.5,"r":0.8058353,"g":1,"o":1,"t":1,"e":1}}]}]}