{"n":"tables","v":9,"a":[22,13],"p":[{"t1":38,"s":[{"p":[0,0,0],"r":[0,0,0],"s":[0.9275503,0.9677004,0.02774468],"c":[1,1,1],"t1":{"c":[0.1111111,0.03809524,0],"x":0.5,"y":0.5,"a":0.8925,"m":0,"n":0,"r":0,"g":0,"o":0.5,"t":0.5,"e":0.5}}]},{"t1":38,"s":[{"p":[-0.0180619,2.243852,0.0004637241],"r":[0,0,1.967726E-05],"s":[0.9276987,0.9684015,0.02776348],"c":[1,1,1],"t1":{"c":[0.1111111,0.03809524,0],"x":0.5,"y":0.5,"a":0.8925,"m":0,"n":0,"r":0,"g":0,"o":0.5,"t":0.5,"e":0.5}}]}]}