{"v":9,"a":[2,7,18],"p":[{"b":61,"t":7,"t1":167,"t2":168,"c":[[0.507,-0.296,0.317,3,5,63,2],[0.28,0.121,-0.011,22,17,14,33],[-0.221,-0.212,-0.559,41,5,12,37],[-0.312,0.283,-0.417,37,3,19,28],[-0.539,0.27,0.188,18,13,34,17],[-0.13,0.506,0.198,25,3,27,26],[0.463,0.326,-0.241,21,11,37,15],[-0.142,-0.285,0.352,6,9,47,14],[0.108,-0.396,-0.178,1,43,16,31],[0.417,-0.237,-0.267,2,31,35,22],[0.238,-0.099,0.531,4,7,37,26],[0.188,0.11,0.438,10,17,22,31]],"s":[{"p":[0,0,0],"r":[0,0,0],"s":[0.0731761,0.04817159,0.0819048],"c":[0,0,0],"t1":{"c":[0,0,0],"a":0.9665139},"t2":{"c":[0,0,0],"a":0}}]}]}