{"v":9,"a":[21],"p":[{"b":3,"t":9,"s":[{"p":[0.01731089,-0.00831916,-0.0003568353],"r":[1.772888,1.069802,2.134933],"s":[0.03000924,0.03082468,0.001982853],"c":[0,0.133333,0.3333332]}]},{"b":3,"t":16,"s":[{"p":[0.01664024,-0.007341737,-0.003418481],"r":[0.05204354,1.432567,355.3361],"s":[0.04422726,0.03962561,0.001982862],"c":[0,0.1333329,0.3333331]}]}]}