{"v":9,"a":[22,18],"p":[{"b":128,"e":"XAU","s":[{"p":[0,0,0],"r":[0,0,0],"s":[0.003001093,0.003001032,0.00300088],"c":[0,0,0]}]}]}