{"v":9,"a":[22],"p":[{"b":3,"t":9,"s":[{"p":[0.00278757,-0.001284715,0.03857327],"r":[0,0,-1.024529E-05],"s":[0.003652892,0.004920122,0.01116706],"c":[0,0.2666662,0.6666667]}]},{"b":3,"t":9,"s":[{"p":[0.00274836,-0.0006367359,0.0305109],"r":[44.99999,-3.622254E-06,337.5],"s":[0.005709688,0.005844352,0.00480311],"c":[0,0.2666661,0.6666667]}]},{"b":3,"t":9,"s":[{"p":[-0.00128028,0.01886925,-0.1642902],"r":[45,270,180],"s":[0.001000007,0.03065741,0.03710097],"c":[0,0.1333329,0.3333331]}]},{"b":3,"t":16,"s":[{"p":[-0.004129854,0.01570795,-0.1648829],"r":[67.49999,270,180],"s":[0.001000136,0.04253399,0.06230211],"c":[0,0.2666661,0.6666667]}]}]}