{"v":9,"p":[{"b":128,"e":"dA","s":[{"p":[0,0,0],"r":[0,0,0],"s":[0.00389836,0.003898373,0.003898367],"c":[0,0,0]}]}]}