{"v":9,"a":[2,7,18],"p":[{"b":4,"a":[18],"pr":39,"s":[{"p":[0,0,0],"r":[0,0,0],"s":[0.125005,0.1250056,0.1250037],"c":[1,1,1],"pr":{"c":[1,1,1],"m":1,"a":1,"s":0.485366,"z":0.102495,"g":0.4932717,"h":0.6}}]}]}