{"v":9,"p":[{"b":116,"e":"KHHJK","s":[{"p":[0,0,0],"r":[0,0,0],"s":[0.003000015,0.003000002,0.003000015],"c":[1,1,1]}]},{"b":116,"e":"KHHJK","s":[{"p":[-0.6763989,0.1839513,0.009048343],"r":[354.8267,332.4333,15.02379],"s":[0.02866773,0.02866765,0.02866774],"c":[1,1,1]}]}]}