{"n":"csb","v":9,"a":[7,48],"p":[{"s":[{"p":[0,0,0],"r":[0,0,0],"s":[0.1750004,0.1750014,0.1750018],"c":[1,1,1]}]}]}