{"n":"tt home","v":9,"a":[7,18],"p":[{"t":7,"a":[12],"s":[{"p":[0,0,0],"r":[0,0,0],"s":[0.1750003,0.1750017,0.1750024],"c":[0,0,0]}]}]}