{"v":9,"a":[31],"p":[{"s":[{"p":[0,0,-0.9019715],"r":[-1.162598E-06,-1.162598E-06,270],"s":[0.003027017,0.07601906,0.1340318],"c":[1,1,1]}]},{"s":[{"p":[-0.07864761,0.04718494,-0.6098996],"r":[0,0,8.537737E-06],"s":[0.006067091,0.07604393,0.1470623],"c":[0.6666667,0.5502645,0.2962962]}]},{"b":61,"t":1,"s":[{"p":[-0.07402897,0.01951027,-0.5979898],"r":[4.033691,264.4099,174.3168],"s":[0.01069817,0.01069818,0.01069815],"c":[0.8888889,0.7901235,0.1975307]}]}]}