{"v":9,"p":[{"b":5,"s":[{"p":[0.1429386,0.04975601,-0.08854672],"r":[33.79287,61.53265,22.42455],"s":[0.06840217,0.07402332,0.1055159],"c":[1,1,1]}]},{"b":9,"s":[{"p":[0.2808037,-0.05523756,-0.03449131],"r":[3.399075,156.7377,197.7984],"s":[0.1876457,0.1864514,0.1427081],"c":[0,0.05714216,1]}]},{"s":[{"p":[-0.09146221,0.2440446,-0.2055696],"r":[316.4745,12.45092,129.1268],"s":[0.6438783,0.08166899,0.06761776],"c":[1,1,1]}]}]}