{"n":"log","v":9,"a":[1,21,29],"p":[{"b":15,"t1":12,"s":[{"p":[0,0,0],"r":[0,0,0],"s":[0.3358363,0.3358378,4.809337],"c":[0.4444443,0.3047618,0],"t1":{"c":[0.2222221,0.1523809,0],"x":0.17,"y":0.17,"a":0.8925,"m":0.5,"n":0.5,"r":0,"g":0,"o":0.5,"t":0.5,"e":0.5}}]},{"b":15,"s":[{"p":[0.03904336,-0.008643474,0.02415209],"r":[4.07111E-13,1.366038E-05,-3.415095E-06],"s":[0.2635584,0.2725451,4.982895],"c":[0.5555556,0.3809522,0]}]}]}