{"v":9,"p":[{"b":10,"t":9,"s":[{"p":[0,0,0],"r":[0,0,0],"s":[1.688988,0.001000001,1.784042],"c":[0.4571425,1,0]}]}]}