{"v":9,"a":[1,31],"p":[{"s":[{"p":[0,0,0],"r":[0,0,0],"s":[0.1676524,0.05193647,0.1750001],"c":[0.3333332,0.3333332,0.3333332]}]},{"b":53,"s":[{"p":[-0.0008033602,0.05336008,0.007158311],"r":[1.093489,274.7139,355.4357],"s":[0.06090393,0.06090381,0.06090402],"c":[0.3333332,0.07407398,0.07407398],"b":["when touches hand then become next","when touches hand then tell button1","when touches hand then play button click"]},{"p":[-7.039052E-06,0.009082318,0.008287932],"r":[359.1244,274.3463,0.2784778],"s":[0.06090408,0.06090383,0.06090416],"c":[0.7777778,0.08641965,0.08641965],"b":["when starts then become previous in 0.2s"]}]}]}