{"v":9,"p":[{"b":4,"t":4,"a":[12],"s":[{"p":[0,0,0],"r":[0,0,0],"s":[0.205567,0.2846838,0.2662759],"c":[1,1,1]}]}]}