{"v":9,"p":[{"s":[{"p":[0,0,0],"r":[0,0,0],"s":[0.490422,0.2374343,0.04663098],"c":[1,1,1]}]},{"b":14,"s":[{"p":[-0.1979528,-0.07673448,-0.1825393],"r":[318.2318,0.6392213,291.5521],"s":[0.03813775,0.04383906,0.07561598],"c":[1,1,1]}]},{"b":14,"s":[{"p":[0.1676026,-0.08527628,-0.1605023],"r":[315.6188,2.657338,351.092],"s":[0.03813776,0.04383906,0.07561594],"c":[1,1,1]}]}]}