{"v":9,"p":[{"b":60,"s":[{"p":[0,0,0],"r":[0,0,0],"s":[0.2439231,0.7831676,0.2267348],"c":[0.4938272,0.5555556,0.5555556]}]}]}