{"v":9,"a":[1,7,18,27],"p":[{"b":61,"s":[{"p":[0,0,0],"r":[359.9802,-1.811126E-06,-5.61204E-06],"s":[0.08559111,0.08559014,0.08559068],"c":[0.7432099,0.6049383,0.7777778]}]},{"b":61,"s":[{"p":[0,0,0],"r":[359.9802,0,0],"s":[0.09360284,0.05358234,0.05358212],"c":[0.5432098,0.4938272,0.5555556]}]},{"b":61,"s":[{"p":[0,0,0],"r":[359.9802,-8.337632E-10,270],"s":[0.09360509,0.05358683,0.05358484],"c":[0.5432098,0.4938272,0.5555556]}]},{"b":61,"s":[{"p":[0,0,0],"r":[270,269.9802,0],"s":[0.09360565,0.05358785,0.05358519],"c":[0.5432098,0.4938272,0.5555556]}]}]}