{"v":9,"a":[1,27,31],"p":[{"b":73,"i":[{"t":"5cc5402d617a41054a5caeb2","p":[0.01242799,0.1608574,-0.02498709],"r":[319.7097,321.6044,274.8414]}],"s":[{"p":[0,0,0],"r":[0,0,0],"s":[0.09660064,0.09660048,0.09660067],"c":[1,0.895238,0.6666666],"b":["when starts then become next in 2"]},{"p":[0.03544039,0.03179894,-0.006601714],"r":[359.1434,359.0888,353.8929],"s":[0.09660073,0.09660049,0.09660072],"c":[1,0.895238,0.6666666],"b":["when starts then become next in 2"]}]}]}