{"v":9,"a":[7,18,20],"p":[{"b":150,"t1":109,"t2":27,"s":[{"p":[0,0,0],"r":[0,0,0],"s":[1.128398,0.3771035,1.012355],"c":[0.2962962,0.3301586,0.3333332],"t1":{"c":[0.8888889,0.9904762,1],"x":0.5853767,"y":0.6398869,"a":0.6529789,"m":0.2470517,"n":0.2184381,"r":0.5017296,"g":0,"o":0.5,"t":0.5,"e":0.5},"t2":{"c":[0,0,0],"x":0.3079505,"y":0.5,"a":0,"m":0,"n":0,"r":0,"g":0,"o":0.5,"t":0.5,"e":0.5}}]}]}