{"n":"ship wall hall end facade","v":9,"a":[7,18],"p":[{"t1":126,"s":[{"p":[0,0,0],"r":[0,0,0],"s":[0.6675189,0.1302914,3.043773],"c":[0.5555556,0.5555556,0.5555556],"t1":{"c":[0.3333333,0.3333333,0.3333333],"x":0.1605341,"y":0.1608181,"a":0.8925,"m":0,"n":0,"r":0,"g":0,"o":0.5,"t":0.5,"e":0.5}}]}]}