{"v":9,"p":[{"b":76,"s":[{"p":[0,0,0],"r":[0,0,0],"s":[0.09371108,0.04594031,0.1066165],"c":[0.4444443,0.4444443,0.4444443]}]}]}