{"v":9,"p":[{"b":5,"s":[{"p":[0,0,0],"r":[0,0,8.537737E-07],"s":[0.005989188,0.007812077,0.7078168],"c":[0.5555556,0.2857141,0]}]}]}