{"v":9,"a":[7],"p":[{"t1":5,"s":[{"p":[0,0,0],"r":[0,0,0],"s":[0.4042646,0.1750053,0.4244177],"c":[1,1,1],"t1":{"c":[1,0.5142856,0],"x":0.17,"y":0.17,"a":0.69625,"m":0.5,"n":0.5,"r":0,"g":0,"o":0.5,"t":0.5,"e":0.5}}]}]}