{"n":"rustybot","v":9,"a":[1,22,31,49],"p":[{"a":[12],"i":[{"t":"5cccf1599416ad6b01eb80ea","p":[0,0,0],"r":[90,0,0]}],"s":[{"p":[0,0,0],"r":[0,0,0],"s":[0.09247497,0.09247468,0.09247664],"c":[1,1,1]}]},{"a":[12],"i":[{"t":"5ccce8fac468b3176ef89625","p":[0,0,0],"r":[270,180,0]}],"s":[{"p":[0,0,-0.3],"r":[0,0,-2.390566E-05],"s":[0.09247737,0.09247572,0.09248056],"c":[1,1,1]}]},{"a":[12],"i":[{"t":"5ccceb7ca397673aa0965da3","p":[0,0,0],"r":[-3.415095E-06,180,-6.830189E-06]}],"s":[{"p":[0.1999998,-2.980232E-08,-0.5],"r":[0,0,0],"s":[0.09247867,0.0924774,0.0924832],"c":[1,1,1]}]},{"a":[12],"i":[{"t":"5cccf1884773413aad2ed4f7","p":[0,0,0],"r":[-1.707547E-06,180,-2.27491E-21]}],"s":[{"p":[-0.1999998,5.960464E-08,-0.5],"r":[0,0,-1.024528E-05],"s":[0.09247884,0.09247731,0.09248505],"c":[1,1,1]}]}]}