{"v":9,"a":[7],"p":[{"b":142,"e":"FIND THE CORRECT ","s":[{"p":[0,0,0],"r":[0,0,0],"s":[0.01701737,0.01701321,0.01701738],"c":[0,0,0]}]}]}