{"n":"floor buffer","v":9,"a":[7,18],"p":[{"s":[{"p":[0,0,0],"r":[0,0,0],"s":[0.1750388,7.028793,0.8056381],"c":[0,0,0]}]}]}