{"v":9,"a":[21],"p":[{"t":12,"s":[{"p":[0.06385453,-1.116468E-08,0.06629116],"r":[1.927328E-05,67.50002,6.184232E-06],"s":[0.06610294,0.0005833564,0.1935021],"c":[0.6666667,0.5820107,0.07407383]}]},{"t":12,"s":[{"p":[0.005263023,-9.202161E-10,-0.01270606],"r":[1.001791E-05,-8.757935E-13,-1.001791E-05],"s":[0.03801709,0.0005833547,0.1292687],"c":[0.6666667,0.5820107,0.07407383]}]},{"t":12,"s":[{"p":[0.05467471,-9.55963E-09,-0.005459084],"r":[9.255349E-06,67.50002,-3.833692E-06],"s":[0.00759155,0.0005833558,0.08845571],"c":[0.6666667,0.5820107,0.07407383]}]},{"t":12,"s":[{"p":[0.1108529,-1.938214E-08,0.0506321],"r":[3.833698E-06,22.5,7.625688E-07],"s":[0.007591692,0.0005833553,0.08845659],"c":[0.6666667,0.5820107,0.07407383]}]}]}