{"v":9,"a":[7,18],"p":[{"b":80,"t":1,"s":[{"p":[-9.349849E-10,-0.00534749,0],"r":[0,0,-7.656432E-20],"s":[0.3404296,0.1361318,0.1275155],"c":[0.3005289,0.3333332,0.2962962]}]},{"b":5,"t":3,"a":[33],"s":[{"p":[0.03086557,0.02899831,-0.08657836],"r":[-1.001791E-05,270,1.001792E-05],"s":[0.01501499,0.01498541,1.199629],"c":[1,1,1]}]},{"b":5,"t":3,"a":[33],"s":[{"p":[0.02357507,0.03002059,0.002285008],"r":[-1.001791E-05,270,1.001792E-05],"s":[0.01499019,0.01498336,1.197697],"c":[1,1,1]}]}]}