{"n":"arced small ceiling","v":9,"a":[7,18],"p":[{"b":43,"s":[{"p":[0,0,0],"r":[0,0,0],"s":[1.204325,11.49407,4.02051],"c":[0.5555556,0.5555556,0.5555556]}]}]}