{"v":9,"a":[7,18],"p":[{"b":144,"t":1,"s":[{"p":[0,0,0],"r":[0,0,0],"s":[0.5937252,0.09495659,0.09000738],"c":[0.6666667,0.6666667,0.6666667]}]},{"b":144,"t":2,"a":[5],"s":[{"p":[-0.4072074,-2.980232E-08,0],"r":[0,0,0],"s":[0.01262311,0.09496167,0.09001046],"c":[1,0,0]}]},{"b":133,"t":2,"e":"TRASH","s":[{"p":[0.240364,0.1393212,-0.07448435],"r":[90,180,0],"s":[0.01897067,0.01897012,0.01897097],"c":[1,0,0]}]}]}