{"v":9,"a":[5,7,21],"p":[{"b":144,"t1":150,"s":[{"p":[0,0,0],"r":[0,0,0],"s":[2.985528,4.524666,4.524018],"c":[0.5555556,0.4391533,0.1851851],"t1":{"c":[0.4444444,0.3358023,0.09876538],"x":0.5,"y":0.5,"a":0.8925,"m":0,"n":0,"r":0,"g":0,"o":0.5,"t":0.5,"e":0.5}}]}]}