{"v":9,"a":[7,18],"p":[{"b":60,"t":1,"s":[{"p":[0,0,0],"r":[0,0,0],"s":[0.02336502,0.2180268,0.5684987],"c":[0.7777778,0.7777778,0.7777778]}]},{"b":60,"t":1,"s":[{"p":[0,5.960464E-08,-0.6995866],"r":[0,0,0],"s":[0.02336499,0.07552219,0.8505848],"c":[0.7777778,0.7777778,0.7777778]}]}]}