{"v":9,"a":[7,20],"p":[{"t":1,"s":[{"p":[0,0,0],"r":[0,0,4.378969E-13],"s":[3.71876,5.241665,0.05302044],"c":[1,1,1]}]}]}