{"v":9,"p":[{"b":169,"t":1,"s":[{"p":[0,0,0],"r":[0,0,0],"s":[0.04500002,0.06437822,0.02319734],"c":[1,0.8571429,0]}]}]}