{"v":9,"a":[22,31],"p":[{"b":69,"i":[{"t":"5cd0f1bb148dd1055d6336c0","p":[-0.00680592,0.1292369,0.003096193],"r":[270,270,0]}],"s":[{"p":[-0.001422603,0.009113957,0.1285954],"r":[22.50005,89.99999,90],"s":[0.0750019,0.07500507,0.07500672],"c":[0.50582,0.3703701,0.6666667],"b":["when starts then all parts face nearest po1"]}]},{"b":205,"a":[12],"s":[{"p":[0,0,0],"r":[-1.628444E-12,-6.830189E-06,-1.628444E-12],"s":[0.03235092,0.03234952,0.0323502],"c":[1,1,1]}]}]}