{"n":"bulkhead pillar","v":9,"a":[7,13,18],"p":[{"b":11,"t":1,"t1":24,"s":[{"p":[0.2481385,0.5343165,-1.431229],"r":[0,0,0],"s":[0.5576454,0.2645561,0.4656896],"c":[0.8888889,0.8888889,0.8888889],"t1":{"c":[0.4444444,0.4444444,0.4444444],"x":0.5,"y":0.5,"a":0.8925,"m":0,"n":0,"r":0,"g":0,"o":0.5,"t":0.5,"e":0.5}}]},{"b":11,"t":1,"t1":24,"s":[{"p":[0.1804181,0.5343139,1.434173],"r":[0,180,5.008957E-06],"s":[0.489699,0.2645888,0.4664788],"c":[0.8888889,0.8888889,0.8888889],"t1":{"c":[0.4444444,0.4444444,0.4444444],"x":0.5,"y":0.5,"a":0.8925,"m":0,"n":0,"r":0,"g":0,"o":0.5,"t":0.5,"e":0.5}}]},{"t":1,"t1":24,"s":[{"p":[0.3003941,-0.1509736,3.129244E-07],"r":[0,0,1.001791E-05],"s":[1.219442,1.098879,3.549925],"c":[0.8888889,0.8888889,0.8888889],"t1":{"c":[0.4444444,0.4444444,0.4444444],"x":0.5,"y":0.5,"a":0.8925,"m":0,"n":0,"r":0,"g":0,"o":0.5,"t":0.5,"e":0.5}}]}]}