{"n":"square bulkhead","v":9,"a":[7,18],"p":[{"b":5,"s":[{"p":[0.3523622,-0.2923479,-0.2894424],"r":[0,270,270],"s":[0.007275761,0.002784272,8.480373],"c":[0,0,0]}]},{"b":5,"s":[{"p":[0.3523622,0.2965279,-0.2910491],"r":[6.830189E-06,270,270],"s":[0.007272633,0.002784097,8.476995],"c":[0,0,0]}]},{"t":1,"t1":24,"s":[{"p":[0.2014228,0,-4.768372E-07],"r":[0,0,8.537737E-06],"s":[7.749481,0.6781489,0.5834687],"c":[0.6666667,0.6666667,0.6666667],"t1":{"c":[0.3333333,0.3333333,0.3333333],"x":0.5,"y":0.5,"a":0.8925,"m":0,"n":0,"r":0,"g":0,"o":0.5,"t":0.5,"e":0.5}}]}]}