{"v":9,"a":[21],"p":[{"b":69,"s":[{"p":[0,0,0],"r":[0,0,0],"s":[0.06212333,0.08891991,0.06058032],"c":[0.4444441,0.3978833,0.296296]}]},{"b":69,"s":[{"p":[-0.05521963,0.1765962,-0.0331101],"r":[340.126,350.9961,41.74229],"s":[0.0553392,0.05832133,0.03828063],"c":[0.4444441,0.3978833,0.296296]}]},{"b":69,"s":[{"p":[-0.1079082,0.2700272,-0.07880828],"r":[337.0899,349.1836,43.39861],"s":[0.02483835,0.01504812,0.02233955],"c":[0.4444441,0.3978833,0.296296]}]},{"b":69,"s":[{"p":[-0.1391811,0.2452007,-0.07531811],"r":[335.1895,349.8669,40.78111],"s":[0.02483835,0.01504812,0.02233954],"c":[0.4444441,0.3978833,0.296296]}]}]}