{"v":9,"p":[{"b":140,"t":2,"e":"YOU ARENT SUPPOSED TO BE HERE [closest person]","s":[{"p":[0,0,0],"r":[0,0,0],"s":[0.003373699,0.003373687,0.003373697],"c":[1,1,1]}]}]}