{"v":9,"a":[7],"p":[{"t1":59,"t2":148,"s":[{"p":[0,0,0],"r":[0,0,7.656432E-20],"s":[1467.694,0.001000015,2500.036],"c":[1,0.952381,0.6666666],"t1":{"c":[0,0,0],"x":0,"y":0,"a":1,"m":0,"n":0,"r":0,"g":0,"o":0.5,"t":0.5,"e":0.5},"t2":{"c":[0,1,0.2285715],"x":0.001759946,"y":0.001465797,"a":0.6294559,"m":0,"n":0,"r":0,"g":0,"o":0.5,"t":0.5,"e":0.5}}]}]}