{"v":9,"a":[2,48,49],"p":[{"b":84,"s":[{"p":[-0.01712567,-0.2296236,-0.2560763],"r":[45.00537,83.03123,178.4893],"s":[0.07500007,0.07500019,0.07500008],"c":[1,1,1]}]},{"b":84,"s":[{"p":[0.02901751,0.4778442,-0.4536848],"r":[294.1735,44.91811,216.0827],"s":[0.07500038,0.07500038,0.07500027],"c":[1,1,1]}]}]}