{"v":9,"a":[21],"p":[{"b":4,"t":21,"s":[{"p":[0,0,0],"r":[2.544444E-14,-1.707547E-06,1.707547E-06],"s":[0.02465703,0.02465707,0.02465702],"c":[0.9714286,1,0],"b":["when starts then project with 100% reach","when starts then show line with 0.01 width","when starts then all parts face nearest 1"]}]}]}