{"n":"vr business club shirt","v":9,"p":[{"b":219,"c":[[-0.565,0.412,0.451,29,3,40],[-0.586,-0.513,0.45,16,12,3],[-0.017,0.412,0.401,25,39],[-0.006,-0.479,0.417,8,16],[0.635,0.469,0.401,22,32,3],[0.597,-0.506,0.426,1,20,34],[0.538,0.499,0.142,52,6],[-0.543,0.512,0.143,33,40],[-0.474,0.377,-0.208,35,39],[-0.481,0.421,-0.492,37,4,34],[0.484,0.395,-0.51,46,5,11],[0.502,-0.353,-0.487,6,41,3],[0.51,-0.499,-0.155,4,45],[-0.468,-0.435,-0.443,19,17,4],[0.485,0.504,-0.149,48,12]],"sa":110,"s":[{"p":[0.1856666,-0.06226748,-0.1402259],"r":[352.7849,14.58603,15.67274],"s":[0.4392306,0.1750012,0.5827988],"c":[0,0,0]}]},{"im":"799864258473101176/E314F591EBA365686EC1F1881067F47382804486/","s":[{"p":[0.1752979,0.03479081,-0.07371691],"r":[354.3907,15.36889,14.7268],"s":[0.2532583,0.001000004,0.03806487],"c":[1,1,1]}]}]}