{"v":9,"a":[22],"p":[{"b":83,"c":[[1.446,-0.005,0.795,2,36,21],[0.897,-0.658,0.657,1,38,12],[-1.458,0.308,0.751,3,32,33],[-1.087,-0.462,0.792,0,34,8],[0.035,0.769,0.606,19,48],[-0.035,-1.188,0.567,18,32],[-0.203,0.449,0.608,21,48],[-0.345,-0.702,0.59,20,29],[0.269,0.404,0.613,17,49],[0.343,-0.74,0.584,16,36],[0.505,0.384,0.482,15,50],[0.748,0.399,0.18,11,1,52],[0.866,0.38,-0.079,9,54],[0.971,0.397,-0.373,7,55],[0.958,0.384,-0.681,4,57,22],[1.159,0.297,-0.639,41,19,20],[1.084,-0.399,-0.739,5,53,24],[-0.652,0.454,0.455,23,47],[-0.871,0.411,0.183,25,1,45],[-1.012,0.369,-0.12,29,43],[-1.112,0.294,-0.564,31,42],[-1.255,0.423,-0.712,33,42,3],[-1.327,-0.349,-0.667,32,12,35],[-0.111,-1.368,-0.126,30,15],[-1.591,-0.678,-0.641,37,6,33],[-0.539,-0.666,0.392,22,26],[-0.381,-1.021,0.256,24,3,20],[0.42,-0.812,0.404,14,39],[0.27,-1.01,0.249,10,3,41],[0.213,-1.156,0.062,8,47],[-0.037,-1.357,-0.118,6,50],[-0.318,-1.188,0.06,28,18]],"s":[{"p":[0,0,0],"r":[0,0,-1.017778E-13],"s":[0.1250091,0.1250092,0.1250128],"c":[1,1,1]}]},{"b":83,"c":[[1.446,-0.005,0.795,2,36,21],[0.897,-0.658,0.657,1,38,12],[-1.458,0.308,0.751,3,32,33],[-1.087,-0.462,0.792,0,34,8],[0.035,0.769,0.606,19,48],[-0.035,-1.188,0.567,18,32],[-0.203,0.449,0.608,21,48],[-0.345,-0.702,0.59,20,29],[0.269,0.404,0.613,17,49],[0.343,-0.74,0.584,16,36],[0.505,0.384,0.482,15,50],[0.748,0.399,0.18,11,1,52],[0.866,0.38,-0.079,9,54],[0.971,0.397,-0.373,7,55],[1.008,0.381,-0.702,4,57,22],[1.241,0.466,-0.674,41,19,20],[1.084,-0.399,-0.739,5,53,24],[-0.652,0.454,0.455,23,47],[-0.871,0.411,0.183,25,1,45],[-1.012,0.369,-0.12,29,43],[-1.112,0.294,-0.564,31,42],[-1.217,0.348,-0.743,33,42,3],[-1.125,-0.4,-0.722,32,12,35],[-0.111,-1.368,-0.126,30,15],[-1.746,-0.549,-0.674,37,6,33],[-0.539,-0.666,0.392,22,26],[-0.381,-1.021,0.256,24,3,20],[0.42,-0.812,0.404,14,39],[0.27,-1.01,0.249,10,3,41],[0.213,-1.156,0.062,8,47],[-0.037,-1.357,-0.118,6,50],[-0.318,-1.188,0.06,28,18],[-1.402,0.27,-0.646,36,38,3]],"s":[{"p":[-0.03184516,0.004379755,-0.1763682],"r":[-1.112779E-12,180,1.001791E-05],"s":[0.1250785,0.1250235,0.1250833],"c":[1,1,1]}]}]}