{"v":9,"a":[2,3],"inc":[["thing","5ce0232d9ed3230e31080e1b"],["thing 2","5ce0237ae8f6c6055c942a5f"],["thing 3","5ce02393d62b6a0e3de29afd"],["thing 4","5ce023aedb3a9b31f4214fa1"],["thing 5","5ce023e19ed3230e31080e1d"],["thing 6","5ce0dd5904545a31e7184667"],["thing 7","5ce0ddb140b0e00554f3af12"],["thing 8","5ce0ddddb66fa60561f96c6b"]],"p":[{"b":2,"s":[{"p":[0,0,0],"r":[0,0,0],"s":[0.1215686,0.1250006,0.1250003],"c":[1,1,1],"b":["when triggered then emit gravity-free thing 8 with 100"]}]}]}