{"v":9,"p":[{"b":166,"c":[[-0.02,-2.038,-0.276,2,48],[-0.271,-2.071,0.266,1,46],[-0.194,-1.52,0.199,3,49,26],[0.01,-2.098,0.297,7,74],[-0.001,-1.58,-0.049,5,72],[0.5,-2.06,0.146,11,93],[0.333,-2.059,0.155,9,74,22],[-0.081,-2.049,0.159,4,8,32],[-0.088,-2.035,0.112,0,43],[-0.135,-1.759,-0.253,6,7],[-0.081,-1.808,0.124,10,9,88],[-0.078,-1.016,0.17,8,9],[0.468,-1.97,0.423,76],[0.048,-2.038,-0.373,82,24],[0.289,-1.97,-0.253,48],[-0.107,-2.003,0.074,49],[0.241,-1.889,-0.061,51,28],[-0.45,-1.861,0.033,80,31],[0.201,-2.072,0.212,18,90],[-0.153,-1.97,0.031,103],[-0.183,-2.043,-0.134,22,24],[-0.279,-2.148,0.249,14],[-0.003,-1.65,0.121,15,30],[-0.146,-1.924,0.045,16,98],[-0.189,-1.44,-0.379,21],[0.078,-1.82,-0.724,54]],"s":[{"p":[0.09320888,-0.03138073,0.1790041],"r":[74.95564,153.8702,281.1388],"s":[0.0300001,0.03000017,0.03000014],"c":[1,0.8571429,0]}]},{"b":10,"c":[[0.399,0.558,-0.033,5],[0.147,0.379,-0.517,6],[0.128,0.46,-0.65,14],[-0.296,-0.012,-0.545,17,8],[-0.171,0.374,-0.545,13],[0.061,0.058,-0.807,7],[0.446,0.072,-0.16,0],[0.453,-0.079,0.491,1],[-0.066,0.586,0.595,10],[0.237,0.341,0.42,4],[0.007,0.718,0.102,9],[-0.315,0.675,0.137,12],[-0.472,-0.112,-0.287,15,7],[-0.293,-0.267,-0.038,21],[-0.278,-0.263,-0.476,24],[0.047,-0.48,-0.615,26],[0.046,-0.589,0.086,18],[-0.355,-0.188,0.52,19],[-0.367,-0.207,0.349,20],[-0.21,-0.39,0.387,16,7],[-0.265,-0.236,0.476,3]],"cx":0,"s":[{"p":[0.009568319,-0.02033828,0.1070745],"r":[359.8964,17.22911,3.342491],"s":[0.125,0.125,0.1250001],"c":[1,0.8571429,0]}]},{"b":14,"c":[[-0.219,0.09,1.889,0,22,5,16],[0.032,0.161,1.779,5,7,12,6],[0.008,0.066,2.241,26,2,12,10],[0.092,0.074,2.165,13,16],[-0.076,-0.423,2.022,8,13,21,6],[-0.159,-0.155,1.928,18,23],[0.017,0.106,2.198,1,24],[0.114,-0.292,2.119,11,6,14,20],[0.018,-0.39,2.14,7,42]],"s":[{"p":[-0.04642778,-0.009355247,0.1172259],"r":[348.7986,338.2087,354.2231],"s":[0.05999999,0.06000001,0.06000003],"c":[1,0.8571429,0]}]},{"b":166,"c":[[0.911,-0.257,0.119,60,28],[-0.038,-2.83,0.237,1,46],[0.099,-2.589,0.19,5,72],[0.073,-2.522,0.197,4,8,32],[0.544,-2.578,-0.119,3,49,26],[0.264,-2.361,-0.121,0,43],[0.156,-2.529,0.163,2,48],[0.265,-3.414,0.192,11,93],[0.443,-2.9,-0.155,7,74],[-0.097,-2.66,-0.062,9,74,22],[0.251,-2.912,-0.028,10,9,88],[-0.034,-2.979,0.149,6,7],[0.55,-2.255,-0.181,8,9],[0.61,-3.691,-0.003,51,28],[0.561,-4.069,0.058,82,24],[0.191,-3.879,-0.171,76],[0.678,-3.889,-0.2,49],[0.535,-4.179,-0.017,22,24],[0.633,-4.189,0.373,103]],"s":[{"p":[0.05382201,-0.02066471,0.226862],"r":[319.5469,292.5682,91.83855],"s":[0.03000011,0.03000017,0.03000008],"c":[1,0.8571429,0]}]},{"b":166,"c":[[0.276,-3.074,-0.002,76],[0.284,-3.291,0.203,80,31],[0.326,-4.554,0.193,7,74],[-0.15,-3.386,0.548,103],[0.169,-3.353,0.521,82,24],[-0.129,-4.765,-0.327,0,43],[0.479,-3.459,-0.228,51,28],[0.242,-3.376,-0.354,48],[0.561,-3.357,-0.448,49]],"s":[{"p":[-0.02004871,0.00217852,0.1631087],"r":[29.3898,278.9654,119.7719],"s":[0.03000006,0.03000012,0.03000007],"c":[1,0.8571429,0]}]},{"b":166,"c":[[0.381,-3.31,0.392,82,24],[0.45,-3.431,0.251,80,31],[0.212,-3.302,0.656,103],[-0.312,-3.211,0.266,18,90],[0.539,-3.404,0.22,76],[0.571,-3.325,0.024,51,28],[0.614,-3.244,-0.205,49],[0.255,-3.323,-0.493,48],[0.006,-3.201,-0.218,22,24],[0.07,-4.384,-0.201,2,48],[0.177,-4.895,-0.445,5,72],[0.245,-1.538,-0.293,54],[-0.224,-1.467,-0.21,23,30],[-0.318,-1.63,-0.422,55],[0.704,-1.229,-0.521,21],[0.19,-5.005,0.019,1,46],[0.158,-5.115,-0.174,9,74,22],[0.301,-5.073,-0.08,3,49,26]],"s":[{"p":[0.02162351,0.002952754,0.2092183],"r":[355.2885,275.1432,103.4219],"s":[0.03000005,0.03000014,0.03000006],"c":[1,0.8571429,0]}]},{"b":10,"i":[{"t":"5cdb999846f2d60554e798c0","p":[0.1090195,-0.0322583,0.1711388],"r":[332.2067,234.264,257.072]},{"t":"5cdb999196010b604ee59a71","p":[0.02833017,0.05230531,0.1155579],"r":[351.4033,188.6114,23.15275]},{"t":"5cdb99b446d93b054ece4880","p":[0.05019586,0.01651109,0.1525495],"r":[342.8049,179.3634,216.5587]},{"t":"5cdb99ba7e89af31eee54a32","p":[0.02012124,0.02837396,0.1592627],"r":[340.8797,175.7485,195.9232]},{"t":"5cdb99ba7e89af31eee54a32","p":[0.02101122,0.03868186,0.1662131],"r":[340.058,178.3971,203.1607]},{"t":"5cdb99a8db3a9b31f4214e97","p":[-0.008423452,0.0621313,0.1618249],"r":[349.7202,173.9702,15.53786]}],"c":[[-0.022,0.563,-0.032,9],[-0.041,0.468,-0.655,14],[0.294,0.42,-0.059,5],[0.371,0.232,-0.521,6],[0.325,-0.144,-0.53,7],[0.497,-0.127,-0.152,0],[0.321,0.355,0.435,4],[0.479,-0.132,0.479,1],[-0.076,0.482,0.505,10],[-0.05,-0.207,0.677,29,1,5,1,1,1],[-0.497,-0.156,0.625,16,7],[-0.296,0.472,0.479,11],[-0.662,-0.206,-0.154,15,7],[-0.492,0.486,-0.143,12],[-0.021,0.072,-0.634,27,1,3,1,1,1],[-0.611,0,-0.583,17,8],[-0.494,0.43,-0.489,13],[0.513,-0.636,-0.086,3],[0.414,-0.526,0.536,2],[-0.08,-0.615,0.674,19],[-0.476,-0.509,0.574,20],[-0.634,-0.62,-0.025,21],[0.024,-0.737,-0.079,18]],"s":[{"p":[0.0002250893,0.01043227,0.01079605],"r":[2.978655,1.696375,0.8418969],"s":[0.1250005,0.1250002,0.1250004],"c":[1,0.8571429,0]}]}]}