{"v":9,"p":[{"s":[{"p":[0,0,0],"r":[0,0,0],"s":[0.7529332,0.6535423,2.166317],"c":[0,1,1]}]}]}