{"v":9,"a":[7,18],"p":[{"s":[{"p":[0,0,0],"r":[0,0,-3.828216E-20],"s":[1.927833,1.726878,0.03386442],"c":[1,1,1]}]}]}