{"v":9,"a":[1,7,18],"tp_lr": [1,0,0],"p":[{"s":[{"p":[0,0,0],"r":[0,0,0],"s":[5.187176,20.95502,0.03408072],"c":[1,1,1]}]}]}