{"n":"spawni","v":9,"a":[7,18],"p":[{"b":4,"a":[12,37],"s":[{"p":[0,0,0],"r":[0,0,0],"s":[0.1250015,0.1250327,0.1250293],"c":[0,1,1]}]}]}