{"n":"home","v":9,"a":[7,18],"p":[{"s":[{"p":[0,0,0],"r":[0,0,-1.28066E-06],"s":[0.1750001,0.1750001,0.1750001],"c":[1,1,1]}]}]}