{"n":"cupcake owo","v":9,"a":[20],"p":[{"b":4,"a":[12,36],"i":[{"t":"5ce284dd9ed3230e31080f2d","p":[0.6834661,-0.4757636,-0.8065712],"r":[20.6773,89.91135,87.86465]}],"s":[{"p":[0,0,0],"r":[0,0,0],"s":[0.050956,0.03933745,0.07655294],"c":[1,1,1],"b":["when told by any cstand then become untweened 2 in 0s"]},{"p":[-7.882455,20.28172,1.962291],"r":[2.10076,353.689,336.5069],"s":[0.05095613,0.03933752,0.07655308],"c":[1,1,1],"b":["when told by any cstandno then become untweened 1 in 0s"]}]}]}