{"v":9,"a":[1,7,12],"p":[{"b":5,"id":"5ce36445188adf103c91af5c","s":[{"p":[0.001947523,0.003937483,0.06425762],"r":[0,0,89.99999],"s":[0.1000145,0.1000147,0.1000117],"c":[1,1,1]}]},{"b":5,"ac":{"id":"5ce36445188adf103c91af5c","c":3},"s":[{"p":[0.003287376,0.003078699,0.06080437],"r":[0,0,270],"s":[0.1001179,0.1001484,0.1001074],"c":[1,1,1],"b":["when starts then project 25%"]}]}]}