{"n":"bonnie","v":9,"a":[1,20,49],"p":[{"b":54,"t1":26,"s":[{"p":[-0.1029498,-0.1420084,1.043367],"r":[340.9784,151.9147,132.0528],"s":[0.06706049,0.2848621,0.06489333],"c":[0.5851852,0.2592589,0.7777778],"t1":{"c":[0,0,0],"x":0.5,"y":0.5,"a":0.8925,"m":0,"n":0,"r":0,"g":0,"o":0.5,"t":0.5,"e":0.5}}]},{"b":5,"t":9,"s":[{"p":[-0.1167535,-0.1356792,1.036683],"r":[39.82828,77.01059,140.1932],"s":[0.01450652,0.01570716,0.4224799],"c":[0.8888889,0.8888889,0.8888889]}]}]}