{"n":"undierleb","v":9,"a":[7,12,13,18],"p":[{"t":1,"s":[{"p":[0,0,0],"r":[0,0,0],"s":[17.7916,0.3002351,14.11113],"c":[0.3333332,0.3333332,0.3333332]}]},{"t":1,"a":[32],"s":[{"p":[-8.861242,3.510242,0.007339478],"r":[0,0,270],"s":[7.413134,0.3005756,14.12512],"c":[0.4444442,0.4444442,0.4444442]}]},{"t":1,"a":[33],"s":[{"p":[-0.02436624,3.510242,6.92096],"r":[2.049057E-05,90,270],"s":[7.431217,0.3014017,17.89731],"c":[0.4444443,0.4444443,0.4444443]}]},{"t":1,"s":[{"p":[7.101783E-07,6.788936,-1.187016E-06],"r":[-2.204186E-12,2.024888E-26,-1.052702E-12],"s":[17.80282,0.300292,14.12116],"c":[0.3333331,0.3333331,0.3333331]}]}]}