{"v":9,"a":[7],"p":[{"s":[{"p":[0.001151276,-0.002552033,-0.0006462132],"r":[-8.14222E-13,-7.118155E-20,1.001791E-05],"s":[0.1383712,0.03022544,0.7771161],"c":[0.8888889,0.8888889,0.8888889]}]},{"b":11,"s":[{"p":[-0.03165058,-0.00227356,0.4530487],"r":[0.03939326,-0.003510718,269.9217],"s":[0.01521497,0.06906247,0.08907163],"c":[0.8888889,0.8888889,0.8888889]}]}]}