{"v":9,"a":[5,7,18],"p":[{"s":[{"p":[-7.576309E-06,-0.02111542,-4.837802E-05],"r":[1.228634E-05,1.237972E-05,8.964625E-06],"s":[2499.985,0.2616563,69.64933],"c":[0.3333332,0.3333332,0.3333332]}]},{"t":7,"a":[5,12],"s":[{"p":[0,0,0],"r":[4.802477E-07,2.134434E-06,-4.268868E-07],"s":[2500.821,0.2616757,69.67767],"c":[0.3333331,0.3333331,0.3333331]}]}]}