{"v":9,"p":[{"b":5,"t":10,"s":[{"p":[0,0,0],"r":[0,0,-8.537735E-07],"s":[0.05324283,0.03608577,4.08758],"c":[0,0,0]}]}]}