{"v":9,"p":[{"b":6,"t":2,"s":[{"p":[0,0,0],"r":[-6.830188E-06,0,0],"s":[0.1286216,0.05926586,0.03416249],"c":[0.713933,0.691358,0.8888889]}]}]}