{"v":9,"p":[{"b":5,"t":10,"s":[{"p":[0,0,0],"r":[0,0,-8.537735E-07],"s":[0.05324283,0.04194023,5.422504],"c":[0,0,0]}]}]}