{"n":"eye of reading spoon","v":9,"a":[22,21,49],"p":[{"b":54,"c":[[-0.379,0.471,-0.169,66,25,193],[-0.441,0.465,0.042,72,17],[-0.404,0.458,0.202,74,3],[-0.295,0.458,0.291,9,67],[-0.109,0.152,0.139,191],[-0.136,0.475,0.286,10,75,108],[0.011,0.458,0.234,16,174],[0.086,0.445,0.218,21,175],[0.175,0.466,0.254,25,175],[0.267,0.382,0.132,29,174,25],[0.401,0.469,0.106,35,194],[0.425,0.458,-0.015,44,189],[0.711,0.453,-0.272,42],[0.38,0.455,-0.145,43,197],[0.296,0.52,-0.227,48,195,25],[0.07,0.522,-0.198,54,215],[-0.222,0.406,-0.281,65,215],[-0.032,0.458,-0.22,273],[-1.015,0.39,0.009,3],[-0.892,0.367,0.366,2],[-0.688,0.384,0.711,6],[-0.386,0.399,0.899,13],[0.034,0.386,0.995,18],[0.425,0.35,0.865,23],[0.729,0.378,0.647,27],[0.962,0.382,0.382,33],[0.947,0.415,0.074,38],[0.885,0.395,-0.372,41],[0.684,0.414,-0.661,46],[0.352,0.339,-0.934,52],[-0.004,0.284,-1.217,56,243],[0.02,0.342,-0.989,57],[-0.385,0.318,-0.93,59],[-0.705,0.357,-0.718,62],[-0.924,0.39,-0.359,69],[-1.185,0.297,-0.075,0,178],[-1.132,0.32,0.478,1,176],[-0.9,0.315,0.895,7],[-0.466,0.289,1.094,14,203],[-0.053,0.273,1.206,19,197],[0.458,0.29,1.124,22,200],[0.865,0.271,0.809,26],[1.106,0.289,0.455,32,224],[1.157,0.211,0.031,37,220],[1.097,0.303,-0.476,40,222],[0.819,0.319,-0.808,45],[0.466,0.307,-1.088,51,247],[-0.415,0.266,-1.093,60,244],[-0.858,0.254,-0.878,63],[-1.095,0.287,-0.477,70,119],[-1.27,0.14,-0.506,73,114],[-1.322,0.167,0.004,176],[-1.243,0.161,0.578,11,164],[-0.925,0.117,0.969,12,169,29],[-0.499,0.092,1.219,17,192],[0.049,0.071,1.311,215],[0.542,0.13,1.271,31,190],[1,0.108,0.946,30,195,24],[1.263,0.117,0.568,36,214],[1.35,0.168,0.019,255],[1.235,0.179,-0.503,50,211],[0.955,0.169,-0.964,49,216,26],[0.506,0.16,-1.299,55,237],[0.003,0.16,-1.41,297],[-0.508,0.119,-1.264,67,236],[-0.98,0.156,-0.987,68,120,119],[-0.182,0.201,-0.297,281],[0.023,0.17,-0.314,272],[0.268,0.147,-0.216,242,25],[0.194,0.107,-0.316,266],[0.359,0.052,-0.198,239],[0.288,0.131,-0.006,226],[0.298,0.031,-0.079,232],[0.069,0.214,0.133,199],[0.244,0.126,0.092,202,25],[-0.198,0.039,0.064,86,106],[-0.275,0.035,0.044,80],[-0.382,0.083,-0.043,79],[-0.331,0.049,-0.272,90,195]],"s":[{"p":[0.002056103,0.04600525,0.001300815],"r":[0,0,2.414836E-05],"s":[0.02242174,0.02241462,0.02241583],"c":[0.5555556,1,0.8095239]}]},{"b":10,"s":[{"p":[0.001422858,0.05741883,0.001724251],"r":[20.70482,9.007246,339.1487],"s":[0.003439685,0.003438602,0.003439524],"c":[0,0,0]}]},{"b":10,"s":[{"p":[0.025753,0.05064394,0.001466759],"r":[292.5,90,0],"s":[0.002803895,0.01598836,0.004533785],"c":[0.8412699,1,0.7777778]}]},{"b":10,"s":[{"p":[0.002258279,0.05113221,0.02238084],"r":[292.5,-4.780569E-05,5.609111E-05],"s":[0.002804636,0.01599181,0.004532844],"c":[0.8412699,1,0.7777778]}]},{"b":10,"s":[{"p":[0.002201058,0.05221558,-0.02043723],"r":[292.5,180.0001,179.9999],"s":[0.002804828,0.01600338,0.004535128],"c":[0.8412699,1,0.7777778]}]},{"b":10,"s":[{"p":[-0.01940539,0.05136108,-1.906604E-05],"r":[292.5,270,180],"s":[0.002805736,0.01601689,0.004533909],"c":[0.8412699,1,0.7777778]}]},{"b":10,"s":[{"p":[0.01681898,0.05105592,0.01650811],"r":[301.3997,42.73413,357.7343],"s":[0.002806434,0.01601518,0.00453685],"c":[0.8412699,1,0.7777778]}]},{"b":10,"s":[{"p":[-0.01397326,0.05062866,-0.01633071],"r":[301.3997,222.7342,177.7342],"s":[0.002809808,0.01601673,0.004541327],"c":[0.8412699,1,0.7777778]}]},{"b":10,"s":[{"p":[-0.01323702,0.05079651,0.01895715],"r":[301.3997,317.2658,2.265785],"s":[0.002809345,0.01601756,0.004539522],"c":[0.8412699,1,0.7777778]}]},{"b":10,"s":[{"p":[0.01860426,0.05104066,-0.01587104],"r":[315,90,225],"s":[0.002809441,0.01601398,0.004540879],"c":[0.8412699,1,0.7777778]}]},{"b":10,"s":[{"p":[0.01107786,0.05064394,-0.02041053],"r":[292.5,157.4999,0.0001137819],"s":[0.002803894,0.01598835,0.004533779],"c":[0.8412699,1,0.7777778]}]},{"b":10,"s":[{"p":[0.02140424,0.05114748,0.009300239],"r":[292.5,67.49991,7.139263E-05],"s":[0.00280464,0.01599184,0.004532852],"c":[0.8412699,1,0.7777778]}]},{"b":10,"s":[{"p":[-0.01816943,0.05221558,-0.007032387],"r":[292.5001,247.4998,180.0002],"s":[0.002804831,0.01600339,0.004535131],"c":[0.8412699,1,0.7777778]}]},{"b":10,"s":[{"p":[-0.00757601,0.05136108,0.02074242],"r":[292.5,337.4999,180.0001],"s":[0.002805732,0.01601686,0.004533908],"c":[0.8412699,1,0.7777778]}]},{"b":10,"s":[{"p":[0.02155683,0.05107118,-0.006399147],"r":[301.3997,110.2342,357.7342],"s":[0.002806435,0.01601518,0.004536856],"c":[0.8412699,1,0.7777778]}]},{"b":10,"s":[{"p":[-0.02056887,0.05062866,0.00947953],"r":[301.3997,290.2341,177.7342],"s":[0.002809809,0.01601673,0.004541331],"c":[0.8412699,1,0.7777778]}]},{"b":10,"s":[{"p":[0.01231382,0.05079652,0.02230645],"r":[301.3997,24.76589,2.265761],"s":[0.002809348,0.01601757,0.004539523],"c":[0.8412699,1,0.7777778]}]},{"b":10,"s":[{"p":[-0.007675192,0.05104065,-0.02043914],"r":[315,157.5,225],"s":[0.002809441,0.016014,0.00454088],"c":[0.8412699,1,0.7777778]}]},{"b":10,"s":[{"p":[0.01797102,0.05020143,-0.01620673],"r":[292.5,135.0001,-6.24684E-05],"s":[0.002803894,0.01598835,0.004533779],"c":[0.8412699,1,0.7777778]}]},{"b":10,"s":[{"p":[0.01614378,0.05070497,0.01519776],"r":[292.5,44.99996,5.800637E-05],"s":[0.002804636,0.01599178,0.004532838],"c":[0.8412699,1,0.7777778]}]},{"b":10,"s":[{"p":[-0.01417544,0.05178833,-0.01503944],"r":[292.5001,224.9999,180],"s":[0.002804832,0.01600339,0.004535134],"c":[0.8412699,1,0.7777778]}]},{"b":10,"s":[{"p":[-0.01501467,0.05093384,0.01467515],"r":[292.5,315.0001,179.9999],"s":[0.002805748,0.01601691,0.004533935],"c":[0.8412699,1,0.7777778]}]},{"b":10,"s":[{"p":[0.02228926,0.05064394,0.0007457808],"r":[301.3997,87.73425,357.7341],"s":[0.002806437,0.0160152,0.004536862],"c":[0.8412699,1,0.7777778]}]},{"b":10,"s":[{"p":[-0.0227051,0.05020141,-0.0007018968],"r":[301.3997,267.7343,177.7342],"s":[0.002809812,0.01601676,0.004541335],"c":[0.8412699,1,0.7777778]}]},{"b":10,"s":[{"p":[0.002769449,0.05036927,0.02373315],"r":[301.3997,2.26582,2.265759],"s":[0.002809345,0.01601753,0.004539515],"c":[0.8412699,1,0.7777778]}]},{"b":10,"s":[{"p":[0.0006522919,0.05061341,-0.02340698],"r":[315,135,225],"s":[0.002809439,0.01601398,0.004540873],"c":[0.8412699,1,0.7777778]}]},{"b":10,"t":2,"c":[[-0.231,0.128,0.198,15,7],[-0.562,-0.017,-0.786,17,8],[-0.698,0.588,-0.359,13],[-0.581,-0.531,0.053,21],[-0.451,-0.502,0.554,20],[-0.61,0.011,0.722,16,7],[-0.616,0.626,0.007,12]],"s":[{"p":[0.001113869,0.05381776,0.001640327],"r":[-1.207418E-06,-1.207418E-06,270],"s":[0.01322936,0.01516335,0.01634971],"c":[1,1,1]}]},{"b":29,"t":19,"s":[{"p":[-0.06843949,0.01109311,0.0192318],"r":[1.207417E-06,1.207417E-06,270],"s":[0.02159732,0.02159714,0.02159761],"c":[1,0.6666666,0.9523807]}]},{"b":29,"t":19,"s":[{"p":[-0.06841279,0.01104734,-0.002357482],"r":[270.2676,202.7855,67.17937],"s":[0.02160001,0.02159923,0.0216009],"c":[1,0.6666666,0.9523807]}]},{"b":5,"t":19,"s":[{"p":[-0.06796646,-0.0026398,0.008001328],"r":[-2.65632E-05,90,2.414838E-06],"s":[0.003857235,0.00385776,0.0114293],"c":[0.5555556,0.2469135,0.5114635]}]},{"t":19,"s":[{"p":[-0.06787872,-0.002853422,-0.002758027],"r":[-2.414838E-06,180,90],"s":[0.003191181,0.005905247,0.006208166],"c":[0.5555556,0.2469135,0.5114635]}]},{"t":19,"s":[{"p":[-0.06787872,-0.002700835,0.01968575],"r":[-2.414838E-06,180,90],"s":[0.003191669,0.005906236,0.006208985],"c":[0.5555556,0.2469135,0.5114635]}]},{"b":202,"t":19,"s":[{"p":[-0.0679245,-0.002624542,0.008300782],"r":[-2.414838E-06,180,90],"s":[0.008011539,0.00460611,0.002941266],"c":[1,0.6666666,0.9523807]}]},{"b":29,"t":19,"s":[{"p":[-0.01057813,-0.07043459,0.01747512],"r":[0,0,2.414836E-05],"s":[0.02159731,0.02159719,0.02159764],"c":[1,0.6666666,0.9523807]}]},{"b":29,"t":19,"s":[{"p":[-0.01052853,-0.07038881,-0.004114158],"r":[0.1039367,269.7526,359.9651],"s":[0.02159998,0.0215992,0.02160082],"c":[1,0.6666666,0.9523807]}]},{"b":5,"t":19,"s":[{"p":[0.003170043,-0.0699463,0.006244652],"r":[270,90,0],"s":[0.003857246,0.003857773,0.01142936],"c":[0.5555556,0.2469135,0.5114635]}]},{"t":19,