{"n":"silent spoon","v":9,"a":[2,3,31],"inc":[["george","5ce9162f7e89af31eee54dca"],["george 2","5ce916b76f04f40621f788d8"],["george 3","5ce9182cd62b6a0e3de29daa"]],"p":[{"b":9,"pr":58,"c":[[0.02,-0.079,0.617,55,167,3,8,2,3],[0.06,-0.138,-0.113,54,88,36,16,45],[-0.473,0.152,-0.37,28,16,97,3,47,1],[0.33,0.376,-0.301,40,103,2,3,29,3],[-0.483,-0.277,0.16,59,129,2,3,43,1],[0.465,0.021,0.137,56,123,2,3,43,1],[-0.973,0.404,-0.448,4,13,52,3,38,1],[-0.639,0.637,-0.626,13,58,2,3,20,3],[-0.071,0.867,-0.638,10,4,73,3,11,1],[0.567,0.888,-0.364,26,63,2,3,43,1],[-1.095,0.041,0.189,16,16,73,3,47,1],[-0.781,-0.248,0.735,47,105,2,3,43,1],[-0.932,0.001,0.416,57,49,52,29,16],[-0.368,-0.092,1.016,46,149,3,8,2,3],[0.795,0.774,0.138,37,97,2,3,29,3],[0.759,0.421,0.697,53,117,2,3,43,1],[0.264,0.021,1.078,49,155,3,8,2,3],[0.107,-0.341,-0.29,18,15,28,25,45],[-0.003,-0.08,-0.748,1,7,52,3,20,1],[-0.186,0.447,-0.718,0,6,3,3,65],[0.351,-0.047,-0.298,23,57,2,3,43,1],[0.301,0.459,-0.521,7,4,67,3,11,1],[0.561,0.235,-0.295,21,15,43,16,45],[0.512,-0.007,0.015,22,16,85,3,47,1],[0.343,-0.359,0.116,34,91,2,3,29,3],[-0.39,-0.184,-0.647,2,3,60,1,8,1],[-0.234,-0.413,-0.335,20,42,2,3,52,1],[-0.64,-0.34,-0.361,3,12,15,38,54],[-0.131,-0.635,0.091,19,16,79,3,47,1],[0.498,-0.171,0.43,48,76,36,16,45],[0.231,-0.365,0.634,50,111,2,3,43,1],[-0.238,-0.6,0.482,45,70,36,16,45],[-0.59,-0.454,0.116,31,85,2,3,29,3]],"s":[{"p":[0,0,0],"r":[0,0,0],"s":[0.1250007,0.1250008,0.1250007],"c":[1,1,1],"b":["when touched then become next in 1s"],"pr":{"c":[1,1,1],"m":0.25,"a":0,"s":0.15,"z":0,"g":0.5,"h":1}},{"p":[0,0,0],"r":[0,0,0],"s":[0.1250007,0.1250008,0.1250007],"c":[1,1,1],"b":["when touched then become next in 10s"],"pr":{"c":[1,1,1],"m":0.25,"a":1,"s":0.15,"z":1,"g":0.5,"h":1}}]},{"b":14,"c":[[-1.209,-2.803,7.759,26,2,12,10],[-1.178,1.726,6.598,0,22,5,16],[1.936,3.008,10.796,5,7,12,6],[0.054,3.579,9.292,1,24],[-0.976,0.335,5.759,18,23],[-0.667,-0.364,5.242,8,13,21,6],[-0.289,-1.783,5.206,11,6,14,20],[-0.651,-1.155,4.702,7,42],[-0.859,1.374,4.602,3,20,12,12],[-0.746,0.732,4.525,19,26],[-0.596,0.148,3.828,9,11,24,10],[-0.438,-0.695,3.205,6,47],[0.133,-1.111,2.88,10,6,23,16],[-0.468,2.387,6.206,2,31],[0.422,2.772,6.563,4,11,19,2],[-0.142,1.043,3.295,32,6,8,6],[0.135,0.948,3.385,14,23],[0.698,0.36,3.714,13,16]],"s":[{"p":[-0.2219445,-0.04132928,0.06532216],"r":[354.3217,105.7801,296.9854],"s":[0.02086597,0.01922275,0.01535475],"c":[1,1,1]}]},{"b":15,"pr":53,"c":[[2.853,-0.36,0.516,4,30,13],[2.02,-1.63,0.516,22,15,28],[3.388,-0.275,0.336,0,43],[0.969,1.07,-0.02,2,30,17],[0.026,1.508,-0.045,7,20,23],[-0.908,1.118,-0.032,8,18,29],[-1.119,0.255,-0.117,13,12,31],[-0.463,0.824,0.239,11,30,17],[0.136,0.936,0.253,10,26,17],[0.448,-0.681,0.263,17,22,25],[1.519,-0.291,-0.075,1,30,11],[2.678,-1.789,0.461,19,25],[2.646,-3.188,0.732,20,43],[-1.773,-1.64,0.163,16,24,19],[0.279,-0.168,0.544,33],[-0.449,-0.502,-0.036,15,45],[-1.659,-1.407,-0.006,14,15,32],[-0.232,-0.921,-0.099,21,7,34]],"s":[{"p":[-0.288331,-0.09838254,0.08972348],"r":[317.6908,14.04917,34.21104],"s":[0.0571329,0.02344748,0.08422975],"c":[1,1,1],"pr":{"c":[1,1,1],"a":0.6490822}}]},{"b":2,"a":[12,37],"s":[{"p":[-0.04471541,0.1486421,0.0633354],"r":[300.6265,325.34,238.834],"s":[0.01158118,0.01158654,0.01158211],"c":[1,1,1],"b":["when triggered then emit gravity-free george 3 with 0","when triggered then become next in 5s"]},{"p":[-0.03561626,0.0940502,0.04875093],"r":[300.5916,328.672,235.4092],"s":[0.01158116,0.01158653,0.0115821],"c":[1,1,1],"b":["when starts then become previous"]}]}]}