{"v":9,"p":[{"b":63,"t":19,"s":[{"p":[0,0,0],"r":[0,0,-2.134434E-07],"s":[4.843777,0.3880928,25.33669],"c":[0,0,0]}]}]}