{"v":9,"p":[{"b":129,"e":"HIS HANDS CLOSE!","s":[{"p":[0,0,0],"r":[0,0,6.403302E-07],"s":[0.005648261,0.005648264,0.005648259],"c":[0,1,1]}]}]}