{"v":9,"p":[{"b":129,"e":"HE TALKS!","s":[{"p":[-0.03132976,-0.02743293,0.02878206],"r":[2.260634,357.8506,11.22913],"s":[0.005317624,0.005317627,0.005317623],"c":[0,1,1]}]}]}