{"v":9,"a":[7],"p":[{"t":7,"a":[1],"s":[{"p":[0,0,0],"r":[0,0,0],"s":[0.5498939,0.05732067,0.5753007],"c":[0,0,0]}]},{"b":129,"e":"SCREEN","s":[{"p":[-0.1936235,-0.005711094,0.0991403],"r":[90,5.008957E-06,0],"s":[0.01647752,0.01647882,0.01647728],"c":[1,0,0]}]}]}