{"v":9,"a":[7],"p":[{"s":[{"p":[0,0,0],"r":[0,0,0],"s":[1.36524,0.1575864,2.043774],"c":[1,1,1]}]}]}