{"v":9,"p":[{"b":250,"s":[{"p":[0,0,0],"r":[0,0,9.171396E-08],"s":[0.2400001,0.2400001,0.24],"c":[0.111111,0.1619042,1]}]}]}