{"v":9,"a":[7],"p":[{"b":5,"s":[{"p":[0,0,0],"r":[0,0,-6.157171E-14],"s":[0.01954613,0.02213924,0.1000002],"c":[1,1,1]}]},{"b":5,"s":[{"p":[0.003324521,0.03310656,-0.03730965],"r":[-1.690016E-12,-1.001791E-05,-1.001791E-05],"s":[0.010661,0.03118612,0.01027873],"c":[1,1,1]}]}]}