{"v":9,"a":[7,18],"p":[{"t":7,"a":[5],"s":[{"p":[9.442436,-2.11054,-1.058626],"r":[1.001791E-05,-8.450078E-13,-7.387293E-20],"s":[12.7478,1.923253,3.447449],"c":[0.7777778,1,1],"b":["when touched then play water pool splash","when starts then become next in 3s"]},{"p":[9.442436,-2.140187,-1.058626],"r":[0,0,0],"s":[12.74815,1.923419,3.44758],"c":[0.7777778,1,1],"b":["when starts then become next in 3s"]}]},{"t":7,"a":[5],"s":[{"p":[-1.467514E-08,-2.090683E-07,-0.1678638],"r":[0,0,0],"s":[6.139184,6.140388,5.711136],"c":[0.7777778,1,1],"b":["when touched then play water pool splash","when starts then become next in 3s"]},{"p":[-9.708916E-07,-0.02907893,-0.1678638],"r":[0,0,0],"s":[6.139182,6.140631,5.711167],"c":[0.7777778,1,1],"b":["when starts then become next in 3s"]}]}]}