{"v":9,"a":[50],"p":[{"b":3,"i":[{"t":"5cd0f1d3a591680563e4350d","p":[-0.02573682,-0.01907273,-0.05560122],"r":[26.3975,350.3284,7.990334],"a":[48]},{"t":"5cd0f1cd5e735b6e8d476528","p":[-0.1121567,-0.07495305,-0.2310832],"r":[33.96934,295.2245,333.6665],"a":[48]}],"t1":147,"s":[{"p":[0,0,0],"r":[0,0,1.707547E-06],"s":[0.07856308,0.07856311,0.07856316],"c":[1,0.6222221,0.2222218],"t1":{"c":[0.2469135,0.5291005,0.5555556],"x":0.5,"y":0.7010692,"a":0.8925,"m":0,"n":0,"r":0,"g":0,"o":0.5,"t":0.5,"e":0.5}}]}]}