{"v":9,"p":[{"b":13,"s":[{"p":[0,0,0],"r":[0,0,0],"s":[0.06000004,0.06000003,0.06000004],"c":[1,1,1]}]},{"b":12,"s":[{"p":[0.187214,0.09934461,-0.2788432],"r":[79.09573,54.6446,90.65739],"s":[0.06,0.06,0.06000001],"c":[1,1,1]}]}]}