{"v":9,"a":[27,31,48],"p":[{"s":[{"p":[0,0,0],"r":[0,0,0],"s":[0.07953743,0.0795375,0.07953752],"c":[1,1,1]}]}]}