{"v":9,"a":[7,12,18],"p":[{"b":2,"a":[3,12],"s":[{"p":[0,0,0],"r":[0,0,0],"s":[0.005401917,0.005402131,0.0054],"c":[1,1,1],"b":["when starts then all parts face up","when let go then stop all parts face up"]}]},{"b":57,"t":1,"a":[3,37],"s":[{"p":[0,0,-0.01496887],"r":[0,0,270],"s":[0.01456318,0.01456641,0.01456751],"c":[0.8888889,0.8888889,0.8888889]}]}]}