{"v":9,"a":[7],"p":[{"b":60,"t":11,"s":[{"p":[0,0,0],"r":[0,0,0],"s":[0.5553696,0.09138008,0.008659939],"c":[0.8888889,0.8888889,0.8888889]}]}]}