{"v":9,"a":[7,12],"p":[{"t1":3,"s":[{"p":[-0.7876259,0.06414157,-0.1001164],"r":[-1.526666E-13,1.024528E-05,1.707547E-06],"s":[0.09669133,0.09482308,0.8915415],"c":[0.6666667,0.6433861,0.5925926],"t1":{"c":[0,0,0],"x":0.17,"y":0.17,"a":0.65,"m":0.5,"n":0.5,"r":0,"g":0,"o":0.5,"t":0.5,"e":0.2}}]}]}