{"v":9,"a":[7],"p":[{"t":7,"s":[{"p":[0,0,0],"r":[0,0,0],"s":[0.7706573,0.008032419,1.645383],"c":[1,1,1]}]}]}