{"v":9,"a":[7,12,18,37],"p":[{"t1":29,"s":[{"p":[-1.16102,-0.001097023,-0.8011571],"r":[-3.415095E-06,0,180],"s":[1.344079,0.01891483,0.665938],"c":[0.8888889,0.8268077,0.691358],"t1":{"c":[0.8888889,0.6095237,0],"x":0.5,"y":0.5,"a":0.653806,"m":0,"n":0,"r":0.1142898,"g":0,"o":0.5,"t":0.5,"e":0.5}}]},{"t1":29,"s":[{"p":[-1.784714,-0.002368599,0.4813738],"r":[5.902629E-06,90.00002,1.072957E-06],"s":[1.929358,0.01893228,0.08657131],"c":[0.8888889,0.8268077,0.691358],"t1":{"c":[0.8888889,0.6095237,0],"x":0.5,"y":0.5,"a":0.653806,"m":0,"n":0,"r":0.1142898,"g":0,"o":0.5,"t":0.5,"e":0.5}}]},{"t1":29,"s":[{"p":[0.01410154,-2.561137E-09,-0.001976848],"r":[0,0,0],"s":[1.007449,0.01891099,2.876797],"c":[0.8888889,0.8268077,0.691358],"t1":{"c":[0.8888889,0.6095237,0],"x":0.5,"y":0.5,"a":0.653806,"m":0,"n":0,"r":0.1142898,"g":0,"o":0.5,"t":0.5,"e":0.5}}]},{"t1":29,"s":[{"p":[-1.16602,-0.001699924,1.495145],"r":[-3.415095E-06,0,180],"s":[1.364457,0.01892171,0.6660519],"c":[0.8888889,0.8268077,0.691358],"t1":{"c":[0.8888889,0.6095237,0],"x":0.5,"y":0.5,"a":0.653806,"m":0,"n":0,"r":0.1142898,"g":0,"o":0.5,"t":0.5,"e":0.5}}]}]}