{"n":"ground","v":9,"a":[7,18],"p":[{"s":[{"p":[0,0,0],"r":[0,0,0],"s":[44.8939,29.74408,0.0552469],"c":[1,1,1]}]}]}