{"v":9,"a":[2,3],"inc":[["thing","5cf12958fa13c10631db4c9a"],["thing 2","5cf129a3fa13c10631db4c9d"],["thing 3","5cf141b8212ebb062cfcb6e0"],["thing 4","5cf14217fe005406206859e5"],["thing 5","5cf15976406cca063646a262"],["thing 6","5cf15ca3a3c1c9062a4595a9"],["thing 7","5cf15d53a3c1c9062a4595ac"],["thing 8","5cf15d93406cca063646a274"],["thing 9","5cf15ddb935c73062b9890f8"]],"p":[{"b":4,"a":[3],"s":[{"p":[0,0,0],"r":[0,0,0],"s":[0.05166505,0.05166516,0.05166511],"c":[1,1,1],"b":["when triggered then emit gravity-free thing 9"]}]},{"b":4,"a":[3],"s":[{"p":[-0.001820378,0.002124257,-0.07898158],"r":[2.282444,1.303484,11.22527],"s":[0.05166507,0.05166519,0.05166515],"c":[1,1,1]}]}]}