{"n":"shotty mk1 back","v":9,"a":[22,18],"p":[{"b":60,"s":[{"p":[0.00104141,0.06643403,0.004041187],"r":[0,0,90],"s":[0.078634,0.01136935,0.01110714],"c":[0.2222221,0.2222221,0.2222221],"b":["when told shot by cqb shotty mk1 then become next in 0s"]},{"p":[0.001041412,0.01643409,0.004041193],"r":[0,0,90],"s":[0.078634,0.01136935,0.01110714],"c":[0.222222,0.222222,0.222222],"b":["when starts then become previous in 0.1s"]}]},{"b":62,"c":[[0,0.1,0,30,13,23,22],[0,-8.999556E-05,0,13,29,25,27],[0,0.1,0.10009,18,13,34,17],[0,-8.999556E-05,0.10009,12,7,45,11]],"s":[{"p":[0.001081939,0.109923,0.003990874],"r":[0,90.00001,270],"s":[0.0224169,0.0249109,0.02356778],"c":[0.2222221,0.2222221,0.2222221],"b":["when told shot by cqb shotty mk1 then become next in 0s"]},{"p":[0.001081941,0.05992318,0.003990881],"r":[0,90.00001,270],"s":[0.0224169,0.0249109,0.02356778],"c":[0.222222,0.222222,0.222222],"b":["when starts then become previous in 0.1s"]}]}]}