{"v":9,"a":[21,51],"p":[{"b":14,"t":3,"s":[{"p":[-0.00261959,0.004858145,-0.007731681],"r":[0.220088,0.2018377,356.4717],"s":[0.0298542,0.02985428,0.02985433],"c":[1,1,1]}]},{"b":14,"t":7,"s":[{"p":[-0.001904223,0.004582989,-0.001514949],"r":[1.477811,358.4219,357.7993],"s":[0.04281285,0.04281284,0.04281283],"c":[1,1,1]}]}]}