{"v":9,"a":[7],"p":[{"b":12,"s":[{"p":[0,0,0],"r":[0,0,0],"s":[27.67817,0.001000037,32.71051],"c":[0.5555556,0.3756613,0.1851851]}]}]}