{"v":9,"a":[7,18,20,31],"p":[{"b":157,"t1":13,"s":[{"p":[0,0,0],"r":[0,0,0],"s":[0.1123895,0.09997861,0.125163],"c":[0.6666667,0.5968254,0.4444441],"t1":{"c":[0.2222221,0.1911816,0.1234567],"x":0.1993943,"y":0.4652225,"a":0.7900078,"m":0.5,"n":0.5,"r":0,"g":0,"o":0.5,"t":0.5,"e":0.5}}]},{"b":157,"t1":13,"s":[{"p":[0,0.09126949,-1.595807E-08],"r":[-1.001791E-05,-8.757938E-13,1.001791E-05],"s":[0.06268589,0.06535283,0.07141465],"c":[0.6666667,0.5968254,0.4444441],"t1":{"c":[0.2222221,0.1911816,0.1234567],"x":0.1993943,"y":0.4652225,"a":0.7900078,"m":0.5,"n":0.5,"r":0,"g":0,"o":0.5,"t":0.5,"e":0.5}}]},{"b":157,"t1":13,"s":[{"p":[-8.265816E-09,-0.04727495,8.265817E-09],"r":[-2.204186E-12,2.024888E-26,-1.052702E-12],"s":[0.1456589,0.07040501,0.1583873],"c":[0.6666667,0.5968254,0.4444441],"t1":{"c":[0.2222221,0.1911816,0.1234567],"x":0.1993943,"y":0.4652225,"a":0.7900078,"m":0.5,"n":0.5,"r":0,"g":0,"o":0.5,"t":0.5,"e":0.5}}]}]}