{"v":9,"a":[7,18],"p":[{"s":[{"p":[0.3422976,-2.996262E-07,0],"r":[0,0,-8.537737E-06],"s":[0.3569727,0.05625468,0.4523195],"c":[1,1,1]}]}]}