{"v":9,"p":[{"b":48,"s":[{"p":[0.004547179,-0.04174808,-0.1275638],"r":[332.6089,170.872,113.359],"s":[0.1250002,0.1250002,0.1250004],"c":[1,1,1]}]},{"b":16,"s":[{"p":[0.02295923,0.02270076,-0.1927186],"r":[354.6315,52.6496,336.4532],"s":[0.02725849,0.0272585,0.02725848],"c":[1,1,1]}]},{"b":10,"s":[{"p":[-0.0002392083,-0.03511514,0.0008655023],"r":[6.220135,353.4228,1.60455],"s":[0.09894487,0.07841539,0.06106159],"c":[1,1,1]}]}]}