{"v":9,"a":[1,2,4,12,14,45,49,50],"tp_d": 50,"p":[{"s":[{"p":[0,0,0],"r":[0,0,2.134434E-07],"s":[0.8206279,0.2445834,1.244967],"c":[1,1,1],"b":["when touches person"]},{"p":[0,0,0],"r":[0,0,2.134434E-07],"s":[0.8206279,0.2445834,1.244967],"c":[1,1,1]}]}]}