{"v":9,"a":[22,18,48],"inc":[["thing","5cf599c6c841a60635de4b78"]],"p":[{"b":4,"s":[{"p":[0,0,0],"r":[0,0,0],"s":[0.1250019,0.1250062,0.1250022],"c":[1,1,1],"b":["when told by any boato then emit thing with 1"]}]}]}