{"v":9,"a":[22,18],"p":[{"b":61,"s":[{"p":[-0.08075523,0,0],"r":[0,0,-1.024528E-05],"s":[0.02841381,0.02841342,0.02841328],"c":[0.5555556,0.5555556,0.5555556]}]},{"b":5,"s":[{"p":[-0.04751778,0,0],"r":[9.659347E-06,90,0],"s":[0.005362,0.005362002,0.1036344],"c":[0.7777778,0.7777778,0.7777778]}]}]}