{"v":9,"a":[7,18],"p":[{"t":7,"s":[{"p":[-4.196167E-05,-1.454353E-05,-0.394856],"r":[0,0,1.024528E-05],"s":[1139.135,1118.24,4.478394],"c":[0.2469129,0.3174599,0.5555556]}]},{"t":18,"s":[{"p":[-3.814697E-05,-8.821487E-06,-0.3223214],"r":[0,0,1.024528E-05],"s":[783.9319,784.4963,4.477318],"c":[0.1234561,0.2222214,0.5555556],"b":["when starts then become unsoftened next in 15"]},{"p":[-2.288818E-05,-9.775162E-06,-0.004636288],"r":[0,0,1.024528E-05],"s":[783.9235,784.0909,4.477687],"c":[0.1234564,0.2222217,0.5555556],"b":["when starts then become untweened 1 in 0"]}]}]}