{"v":9,"a":[7,12,18,21],"p":[{"t":1,"s":[{"p":[-0.004807003,-9.649953E-05,0.04999734],"r":[-1.866933E-05,180,1.525424E-05],"s":[0.05249429,0.04225401,0.09450548],"c":[0.333333,0.333333,0.333333]}]},{"t":1,"i":[{"t":"5cfadb2697fc54647839ec56","p":[-0.00517178,0.002675305,-0.03475559],"r":[-1.866933E-05,180,-1.206652E-05]}],"s":[{"p":[-0.004807011,-9.649953E-05,0.1273692],"r":[-1.866933E-05,180,-1.206652E-05],"s":[0.06148018,0.05259169,0.09450763],"c":[0.333333,0.333333,0.333333]}]},{"b":4,"a":[12,37],"s":[{"p":[0,0,0],"r":[0,0,0],"s":[0.02344186,0.02344057,0.02343212],"c":[1,1,1],"b":["when starts then all parts face nearest ebj"]}]}]}