{"v":9,"a":[7,18],"p":[{"s":[{"p":[0,0,0],"r":[0,0,0],"s":[30.4621,0.1946258,78.98399],"c":[0.25679,0.4444443,0.09876534]}]}]}