{"n":"hjb","v":9,"a":[7,18,31,48,49],"p":[{"s":[{"p":[0,0,0],"r":[0,0,0],"s":[0.0535215,0.05353056,0.0535308],"c":[1,1,1]}]}]}