{"v":9,"inc":[["wood","5cfadf82a1c03825240c9da2"]],"p":[{"b":4,"s":[{"p":[0,0,0],"r":[0,0,0],"s":[0.1250001,0.1250004,0.1250003],"c":[1,1,1],"b":["when starts then become next in 10s"]},{"p":[0,0,0],"r":[0,0,0],"s":[0.1250001,0.1250004,0.1250003],"c":[1,1,1],"b":["when starts then emit wood with 0","when starts then become next in 10s"]}]}]}