{"v":9,"a":[31],"p":[{"b":18,"e":"EQUIP THIS ON LEG NODE","s":[{"p":[0,0,0],"r":[0,0,0],"s":[0.004708813,0.004708391,0.004708757],"c":[0,0,0]}]}]}