{"n":"ref","v":9,"a":[7,18],"p":[{"a":[1],"s":[{"p":[0,0,0],"r":[0,0,0],"s":[0.4424558,0.03667501,0.6071162],"c":[1,1,1]}]}]}