{"v":9,"a":[7,18],"p":[{"b":198,"s":[{"p":[0.0007894039,-0.04033661,-0.0002251863],"r":[0,0,180],"s":[0.002063198,0.001203923,0.001000001],"c":[0,0,0]}]},{"b":69,"s":[{"p":[0,-0.02465248,0],"r":[1.526666E-13,1.024528E-05,-1.707547E-06],"s":[0.001,0.008615579,0.001000001],"c":[0,0,0]}]}]}