{"v":9,"a":[1,22,18,27],"p":[{"b":69,"s":[{"p":[-0.1340459,0.02034822,-0.04295042],"r":[1.542178,69.28737,345.9241],"s":[0.01413309,0.02150466,0.01413497],"c":[0.4938272,0.8888889,0.584127]}]},{"b":69,"s":[{"p":[-0.1427121,-0.01616047,-0.02138068],"r":[1.542178,69.28735,300.9241],"s":[0.0141331,0.01690726,0.01413225],"c":[0.4938272,0.8888889,0.584127]}]}]}