{"v":9,"a":[7,18,21,31],"p":[{"b":4,"a":[12],"s":[{"p":[-5.184991E-08,-1.130172E-08,4.099099E-08],"r":[-1.280662E-06,1.958343E-05,9.818397E-06],"s":[0.03906973,0.03571086,0.01711345],"c":[1,1,1],"b":["when starts then all parts face nearest handr"]}]},{"s":[{"p":[0.00365236,6.708875E-05,0.1208229],"r":[88.5038,73.26893,161.6915],"s":[0.2624625,0.08168513,0.02972357],"c":[0,0.1269839,0.5555556]}]}]}