{"v":9,"p":[{"a":[12,37],"i":[{"t":"5cfd892bee91e4251e5a5935","p":[-0.02756835,-0.1435909,0.02125073],"r":[1.315402,126.1712,95.21523]}],"s":[{"p":[0.003478528,-0.0009393655,-0.02552838],"r":[0.08643327,355.512,359.6152],"s":[0.1750231,0.1750102,0.1750106],"c":[1,1,1],"b":["when starts then become 2 in 5"]},{"p":[0.0003652573,-0.002236366,-0.005490899],"r":[0.4586653,2.361075,0.1743346],"s":[0.1750026,0.1750013,0.1750009],"c":[1,1,1],"b":["when starts then become 1 in 5"]}]}]}