{"n":"bowstring","v":9,"p":[{"s":[{"p":[0,0,0],"r":[0,0,0],"s":[0.03771347,0.01124428,0.01124406],"c":[1,1,1]}]}]}