{"v":9,"a":[7,31],"p":[{"b":76,"t1":150,"s":[{"p":[0,0,0],"r":[0,0,0],"s":[0.06349975,0.08439384,0.06349975],"c":[0.4550262,0.5555556,0.3703702],"t1":{"c":[0.3915343,0.5555556,0.3703703],"x":0.5,"y":0.5,"a":0.8925,"m":0,"n":0,"r":0,"g":0,"o":0.5,"t":0.5,"e":0.5}}]},{"b":12,"t":9,"c":[[0.854,-0.24,-1.353,30,310,5],[0.867,-0.38,-1.357,339,7,122,5],[0.748,-0.295,-1.281,33,25,278,5],[0.659,-0.463,-1.359,61,32,239,5],[0.981,-0.118,-1.442,335,7,122,5],[0.494,-0.051,-1.302,331,7,122,5],[0.379,-0.209,-1.491,90,6,232,5],[0.716,0.045,-1.64,459,7,118,5],[0.51,0.179,-1.62,579,7,134,29],[0.725,0.188,-1.555,463,7,118,5],[0.418,0.272,-1.319,583,7,99,30],[0.512,0.373,-1.343,587,7,67,27],[0.848,0.13,-1.296,467,7,118,5],[0.611,0.163,-1.19,591,7,62],[0.817,0.062,-1.109,471,7,118,5],[0.869,0.098,-1.213,595,7,54,3],[0.767,0.455,-1.328,657,1,26,3],[1.15,0.125,-1.237,343,7,122,5],[1.165,0.198,-1.154,475,7,118,5],[1.349,0.381,-0.899,599,7,46,3],[-1.176,-0.088,-1.312,310,4,121,6],[-1.299,0.316,-1.225,562,4,309],[-1.181,0.243,-1.379,438,4,117,6],[-1.366,0.128,-1.18,434,3,118,5],[-1.416,0.498,-1.156,558,3,310,1],[-0.872,0.309,-1.608,439,7,118,5],[-0.956,0.614,-1.485,563,7,273,31],[-1.022,0.128,-1.646,311,7,122,5],[-1.082,-0.128,-1.509,246,61,6],[-1.383,0.07,-1.165,242,3,58,5],[-1.34,-0.118,-1.186,306,3,122,5],[-1.167,-0.18,-0.964,238,3,58,5],[-1.397,-0.081,-1.083,302,3,122,5],[-1.343,0.195,-1.073,430,3,118,5],[-1.281,0.4,-1.049,554,3,310,1],[-1.51,0.499,-0.717,550,3,310,1],[-1.491,0.395,-0.195,422,3,118,5],[-1.375,0.544,0.542,542,3,310,1],[-1.24,0.475,0.612,414,127,310,1],[-0.831,0.008,1.467,404,3,124,5],[-1.484,0.161,0.936,408,3,124],[-1.202,0.383,0.834,413,125,309,1],[-1.269,0.128,1.199,534,3,307],[-0.607,-0.01,1.332,400,3,124,5],[-0.583,0.156,1.505,530,3,279,33],[-0.741,0.658,1.489,526,3,255,29],[-0.599,0.022,1.652,396,3,124,5],[-1.639,-0.426,-0.452,234,3,58,5],[-1.468,-0.237,-0.676,298,3,122,5],[-1.582,-0.405,-0.21,230,3,58,5],[-1.522,0.244,-0.755,426,3,118,5],[-1.651,0.245,0.227,418,3,118,5],[-1.672,0.026,-0.054,290,3,122,5],[-1.577,0.056,-0.427,294,3,122,5],[-0.891,-0.186,-1.441,214,29,69,5],[-1.233,-0.277,-1.024,210,3,26,5],[-1.21,-0.333,-0.971,206,3,26,5],[-1.322,0.288,-1.253,839,1,30,3],[-0.842,0.202,-1.541,567,7,237,31],[-0.959,0.043,-1.495,443,7,118,5],[-0.824,-0.15,-1.451,315,7,122,5],[-0.746,-0.285,-1.496,190,21,105,5],[-0.9,-0.256,-1.309,186,3,18,5],[-0.633,0.298,-1.682,571,7,205,27],[-0.579,0.06,-1.631,447,7,118,5],[-0.484,-0.124,-1.698,319,7,122,5],[-0.496,-0.305,-1.684,156,31,133,5],[-0.342,-0.23,-1.676,323,7,122,5],[-0.312,-0.313,-1.609,92,61,171,5],[-0.249,0.073,-1.698,451,7,118,5],[0.167,-0.167,-1.782,327,7,122,5],[0.943,-0.349,-1.274,29,3,22,5],[0.596,-0.37,-1.254,26,5,313,5],[0.791,-0.457,-1.321,57,3,26,8],[0.985,0.077,-1.118,347,7,122,5],[0.933,-0.257,-1.053,22,5,321,5],[1.166,-0.467,-1.029,25,3,22,5],[1.369,-0.249,-0.771,351,7,122,5],[1.26,-0.419,-0.703,16,7,329,5],[1.506,-0.468,-0.363,12,5,339,5],[1.657,-0.283,-0.287,355,7,122,5],[1.587,-0.062,-0.516,479,7,118,5],[1.876,0.179,-0.343,603,7,35,6],[1.691,0.25,-0.226,607,7,27,3],[1.493,0.159,-0.681,483,7,118,5],[1.728,0.392,-0.388,611,7,19,3],[1.553,0.125,-0.377,487,7,118,5],[1.481,-0.201,-0.572,359,7,122,5],[1.236,-0.496,-0.334,8,5,347,5],[1.296,-0.48,-0.002,363,129,5],[1.417,-0.499,0.164,4,5,355],[1.807,0.239,0.409,491,7,118,5],[1.642,0.234,0.342,615,7,11,3],[1.237,0.239,0.183,634,1,33,3],[1.4,0.541,0.984,647,26,27,3],[1.103,-0.059,1.088,375,124,5,120],[0.744,-0.154,1.481,1,247,122],[1.049,0.018,1.417,249,120,5,126],[1.115,-0.07,1.17,495,7,118,5],[1.196,0.447,1.507,505,118,5],[1.06,0.348,1.231,619,7,3,3],[1.118,-0.192,1.212,0,5,363,3],[1.068,0.174,1.397,367,5,124,5],[0.709,-0.202,1.63,2,33,212,5],[1.042,-0.252,1.128,3,3,28,5],[1.104,0.24,1.563,250,3,120,5],[0.767,0.091,1.375,376,3,124,5],[1.043,0.029,1.499,506,3,118,36],[1.078,0.405,1.246,630,1,33,3],[1.025,0.619,1.392,510,3,149,29],[0.848,0.241,1.47,380,3,124,5],[0.82,-0.049,1.541,36,27,188,5],[0.712,-0.111,1.436,254,3,120,5],[1.091,-0.444,1.044,7,3,28,5],[1.166,-0.288,1.163,37,3,22,5],[0.601,-0.331,1.399,64,34,157,5],[0.348,-0.498,1.28,65,3,29,5],[0.38,0.033,1.651,384,3,124,5],[0.272,-0.128,1.67,258,3,120,5],[0.288,0.115,1.694,514,3,173,32],[0.128,0.056,1.785,388,3,124,5],[-0.039,0.227,1.776,518,3,200,33],[-0.2,0.225,1.751,522,3,228,32],[0.418,-0.202,1.569,262,3,120,5],[0.266,-0.504,1.576,99,25,135,5],[-0.078,-0.479,1.556,125,138,5],[-0.161,-0.298,1.696,266,3,120,5],[-0.232,-0.312,1.691,392,3,124,5],[-0.531,-0.406,1.475,270,3,120,5],[-0.313,-0.339,1.489,127,34,106,5],[-0.616,-0.423,1.581,274,3,120,5],[-0.61,-0.537,1.477,162,54,55,5],[-0.836,-0.357,1.497,278,3,120,5],[-0.892,-0.621,1.247,217,58,5],[-1.067,0.221,1.373,815,1,30,3],[-1.623,0.465,-0.018,546,3,310,1],[-1.105,-0.378,1.067,218,3,58,5],[-1.366,-0.202,1.106,282,3,120,5],[-0.935,-0.499,1.28,163,30,22,5],[-0.947,-0.523,1.346,128,31,33],[-1.137,-0.487,0.926,222,3,58,5],[-1.328,-0.269,0.907,286,3,120,7],[-1.235,-0.498,0.887,173,21,25,5],[-1.569,0.049,0.908,412,5,123],[-1.551,-0.427,0.641,226,3,58,5]],"s":[{"p":[-0.001165867,0.03913254,0.001555436],"r":[-1.001791E-05,0,0],"s":[0.06400331,0.06399746,0.0640033],"c":[0.6666667,0.573545,0.3703701]}]}]}