{"v":9,"a":[22],"p":[{"t1":150,"s":[{"p":[0,0,0],"r":[0,0,0],"s":[0.1389406,0.004455294,0.0585308],"c":[0.8888889,0.8888889,0.8888889],"t1":{"c":[0.8888889,0.8888889,0.8888889],"x":0.5,"y":0.5,"a":0.8925,"m":0,"n":0,"r":0,"g":0,"o":0.5,"t":0.5,"e":0.5}}]},{"b":21,"e":"Sauce","s":[{"p":[-0.06001188,0.008370738,0.00870198],"r":[90,4.829673E-06,0],"s":[0.003000326,0.003000104,0.003000326],"c":[0,0,0]}]},{"t1":150,"s":[{"p":[-0.003574557,-0.01902742,0.009492244],"r":[45,180,180],"s":[0.1389409,0.004455389,0.05853238],"c":[0.8888889,0.8888889,0.8888889],"t1":{"c":[0.8888889,0.8888889,0.8888889],"x":0.5,"y":0.5,"a":0.8925,"m":0,"n":0,"r":0,"g":0,"o":0.5,"t":0.5,"e":0.5}}]}]}