{"v":9,"a":[49],"p":[{"a":[12,37,36],"i":[{"t":"5cfecf56b51ac0062929cbe8","p":[0.02073196,0.2844611,0.03602962],"r":[332.2214,352.3729,168.2112]}],"s":[{"p":[0,0,0],"r":[0,0,0],"s":[0.1750001,0.1750003,0.1750003],"c":[1,1,1]}]}]}