{"v":9,"a":[7,18],"p":[{"t":2,"im":"781852197998270166/A2198405B7A2FD022B4DBE50D258AFF54B2C538A/","s":[{"p":[0,0,0],"r":[0,0,0],"s":[1.250745,0.001856691,1.045514],"c":[1,1,1]}]},{"s":[{"p":[-0.0008325618,-0.02340126,-0.008846525],"r":[0,0,0],"s":[1.363348,0.04815703,1.168557],"c":[0.5555556,0.4779541,0.3086419]}]}]}