{"v":9,"p":[{"b":4,"a":[12,37],"i":[{"t":"5d0000d61c5ef13893ef53e4","p":[-0.03515434,0.003211975,1.188424],"r":[6.830189E-06,90,90]},{"t":"5d000452c7d1d164722be882","p":[-0.1206051,0.2817882,0.7771333],"r":[331.6761,344.8065,133.5619]}],"s":[{"p":[0,0,0],"r":[0,0,0],"s":[0.1250195,0.1250182,0.1250181],"c":[1,1,1],"b":["when told 2 then become next in 0.2s","when told 1 then become next in 0.2s"]},{"p":[0.1278734,-2.235174E-08,-0.1105296],"r":[5.902629E-06,90.00002,1.072957E-06],"s":[0.125031,0.1250301,0.1250374],"c":[1,1,1],"b":["when starts then become next in 1s"]}]}]}