{"v":9,"a":[22,20,29],"p":[{"s":[{"p":[0,0,0],"r":[0,0,0],"s":[1.373121,1.026159,0.07575014],"c":[0.3333332,0.3100528,0.2592592]}]}]}