{"n":"bullet","v":9,"a":[2,22,16,31,45],"tp_lr": [1,1,1],"p":[{"b":184,"t":21,"s":[{"p":[0.002590571,0.00511229,0.02643124],"r":[22.49998,270,270],"s":[0.008497655,0.02829516,0.006790636],"c":[0.3333332,0,0.1142857],"b":["when told by any destroyer then destroy all parts "]}]},{"b":205,"a":[12],"s":[{"p":[0,0,0],"r":[-3.256888E-12,-1.024528E-05,4.98711E-12],"s":[0.01090595,0.01090563,0.01090628],"c":[1,1,1]}]}]}