{"v":9,"a":[22,20],"p":[{"s":[{"p":[0,0,0],"r":[0,0,0],"s":[11.5881,0.0534181,2.379233],"c":[0.7777778,0.7777778,0.7777778]}]}]}