{"v":9,"a":[22,18],"p":[{"b":40,"s":[{"p":[0,0,0],"r":[0,0,-4.07111E-13],"s":[0.2329934,0.5030325,0.2333404],"c":[1,1,1]}]}]}