{"v":9,"a":[1,20],"p":[{"b":113,"t":2,"e":"MAGIC SKILL -2 WP","s":[{"p":[0,0,0],"r":[0,0,6.670107E-08],"s":[0.004393192,0.004393176,0.004393169],"c":[1,0,0]}]}]}