{"v":9,"a":[22,20],"p":[{"b":21,"e":"VOICE TEMPLATE","s":[{"p":[0,0,0],"r":[0,0,0],"s":[0.01085931,0.01085719,0.01085926],"c":[1,1,1]}]}]}