{"v":9,"a":[2,7,18,49],"p":[{"b":73,"t":7,"a":[5,38],"s":[{"p":[0,0,0],"r":[0,0,0],"s":[0.2281348,0.2281349,0.2281347],"c":[1,0.2634919,0.111111],"b":["when hears anywhere clean then become next"]},{"p":[0,0,0],"r":[0,0,0],"s":[23.79004,23.79004,23.79004],"c":[1,0.2634917,0.1111108],"b":["when starts then become next in 0.2s"]},{"p":[0,0,0],"r":[0,0,0],"s":[23.79004,23.79004,23.79004],"c":[1,0.2634916,0.1111107],"b":["when starts then destroy all parts"]}]},{"b":73,"t":7,"s":[{"p":[0.0005150645,0.002973643,-0.0005005446],"r":[346.655,325.018,357.47],"s":[0.1102007,0.1102015,0.1102018],"c":[1,1,1]}]}]}