{"n":"ramrc","v":9,"a":[7],"p":[{"i":[{"t":"5d0474c60ac77f7e6d45b620","p":[0.1958555,-0.008868754,0.004802734],"r":[1.001791E-05,8.757937E-13,1.001791E-05]}],"s":[{"p":[0,0,0],"r":[0,0,0],"s":[0.09405947,0.4621144,2.557065],"c":[1,0,0]}]}]}