{"v":9,"a":[22,18],"p":[{"s":[{"p":[0.6070203,0.06444883,0.1546171],"r":[-6.571448E-07,22.5,1.205629E-05],"s":[0.1750261,0.1750309,0.1750307],"c":[1,1,1],"b":["when touches hand then tell ram"]}]},{"i":[{"t":"5d0477899b0690597a5094a8","p":[0.9012393,-0.2258,-0.1024144],"r":[-3.415095E-06,90.00002,270]}],"s":[{"p":[0,0,0],"r":[0,0,0],"s":[0.1750583,0.1750429,0.1750436],"c":[1,1,1],"b":["when told ram then become 2 in 0.5s"]},{"p":[-0.08257164,0,-0.1993455],"r":[0,22.50001,0],"s":[0.1751053,0.1750842,0.1750944],"c":[1,1,1],"b":["when told ram then become 1 in 0.5s"]}]}]}