{"v":9,"p":[{"s":[{"p":[0,0,0],"r":[0,0,0],"s":[0.6126648,0.001372248,1.422855],"c":[1,1,1]}]}]}