{"n":"hat","v":9,"p":[{"b":5,"s":[{"p":[0,0,0],"r":[0,0,0],"s":[0.1066457,0.1000001,0.009333543],"c":[1,1,1]}]},{"b":5,"s":[{"p":[-0.0007830292,-0.01045948,0.1398324],"r":[0.234611,359.132,331.7033],"s":[0.07728694,0.07994387,0.362424],"c":[1,1,1]}]}]}