{"v":9,"a":[22,18],"p":[{"i":[{"t":"5d058e36daf275597485897f","p":[0.0008824192,-0.1898086,-0.02698925],"r":[8.964271E-08,-8.964272E-08,89.99998]}],"s":[{"p":[0,3.72529E-09,-0.03690976],"r":[-6.990766E-20,-4.071109E-13,-1.967726E-05],"s":[0.1750046,0.1750119,0.1750098],"c":[1,1,1],"b":["when told up then become 2 in 2.5"]},{"p":[-0.2792899,-0.1685899,0.714842],"r":[-3.415095E-06,337.5,90],"s":[0.1750498,0.1750794,0.1750495],"c":[1,1,1],"b":["when starts then become 3 in 1s"]},{"p":[-0.1822447,-0.1698647,0.9748433],"r":[6.830189E-06,45,89.99999],"s":[0.175046,0.1750351,0.175051],"c":[1,1,1],"b":["when starts then become 1 in 1"]}]}]}