{"n":"liddle doggie plush door","v":9,"a":[7,18],"p":[{"a":[12,36],"i":[{"t":"5c03b4225e64ee676ef22f25","p":[0.06411874,1.257063,0.879977],"r":[1.162597E-06,-1.162597E-06,90]},{"t":"5c03b4225e64ee676ef22f25","p":[0.05963314,1.224649,-0.05721503],"r":[1.162597E-06,-1.162597E-06,90]}],"s":[{"p":[0,0,0],"r":[0,0,0],"s":[0.1750187,1.725379,1.777177],"c":[1,1,1],"b":["when told by any gogi then become next in 2"]},{"p":[-7.412596E-07,-3.024639,1.907349E-06],"r":[0,0,-5.008957E-06],"s":[0.1752974,1.726581,1.778586],"c":[1,1,1],"b":["when told by any gogi then become 1 in 0.5s"]},{"p":[-0.7948517,-0.7804593,7.152557E-07],"r":[0,0,89.99999],"s":[0.1752691,1.72643,1.778427],"c":[1,1,1],"b":["when starts then become next in 0.5s"]}]}]}