{"v":9,"a":[7,18],"p":[{"s":[{"p":[0,0,0],"r":[-1.707547E-06,-3.415095E-06,-3.415095E-06],"s":[0.1445189,0.0774641,0.01274458],"c":[1,1,1]}]}]}