{"v":9,"a":[7,18,31],"p":[{"b":75,"s":[{"p":[0,0,0],"r":[0,0,0],"s":[0.04633277,0.0463327,0.04633277],"c":[1,1,1]}]}]}