{"v":9,"a":[2,15],"p":[{"b":183,"s":[{"p":[0,0,0],"r":[0,0,0],"s":[0.02849255,0.0299641,0.03029298],"c":[0,0.5555556,0.2222221]}]},{"b":192,"s":[{"p":[-0.0001818091,0.1375186,0.0003448762],"r":[359.3339,351.023,1.2399],"s":[0.01098848,0.09709698,0.0110078],"c":[0,0.5555556,0.2222221]}]}]}