{"v":9,"a":[7,18],"p":[{"b":60,"s":[{"p":[0,0,0],"r":[0,0,0],"s":[0.7028543,0.05174231,0.3949261],"c":[1,1,1]}]}]}