{"v":9,"p":[{"s":[{"p":[0,0,0],"r":[-6.361109E-15,-8.537737E-07,-8.537737E-07],"s":[0.2752208,0.2752211,0.04048161],"c":[1,1,1]}]}]}