{"v":9,"a":[7,18],"p":[{"s":[{"p":[0,0,0],"r":[0,0,0],"s":[0.7153338,0.05929341,19.64757],"c":[0.2222219,0.2222219,0.2222219]}]},{"s":[{"p":[-0.1650296,-2.384186E-07,1.522135],"r":[0,270,0],"s":[2.389948,0.05930977,2.817581],"c":[0.2222219,0.2222219,0.2222219]}]}]}