{"v":9,"p":[{"b":175,"s":[{"p":[0.2837106,-0.2714223,-0.3497458],"r":[356.1322,48.83421,273.9062],"s":[0.0422623,0.0324688,0.04500008],"c":[1,1,1]}]},{"b":175,"s":[{"p":[0.06267577,0.008160248,0.03407252],"r":[345.3906,7.515354,347.1328],"s":[0.04500001,0.04500008,0.04500008],"c":[1,1,1]}]}]}