{"v":9,"a":[50],"p":[{"b":60,"a":[42],"su":[{"i":"5d0696c0d51b5f109815a853","t":"5d069a46d7e1467e737b7ab0","p":[-0.05600043,-0.3760577,0.07874011],"r":[15.17078,341.3658,334.5521]}],"s":[{"p":[0,0,0],"r":[0,0,0],"s":[0.07423788,0.06590971,0.0727402],"c":[1,1,1]}]}]}