{"v":9,"p":[{"b":3,"t":2,"a":[5],"t1":167,"t2":167,"s":[{"p":[0,0,0],"r":[0,0,0],"s":[0.1250003,0.1250001,0.1250002],"c":[1,0,0],"b":["when told by any clens then become 2 in 0.2s","when starts then set attract 0"],"t1":{"c":[0,0,0],"a":0.9868431},"t2":{"c":[1,1,1],"a":0.4056473}},{"p":[0,0,0],"r":[0,0,0],"s":[0.1250003,0.1250001,0.1250002],"c":[0,0.1269838,0.5555556],"b":["when starts then become 1 in 2","when starts then set attract 1000"],"t1":{"c":[0,0,0],"a":0.75},"t2":{"c":[0,0,0],"a":0.75}}]}]}