{"v":9,"p":[{"s":[{"p":[0,0,0],"r":[0,0,0],"s":[0.736077,0.001000001,0.6943167],"c":[1,1,1]}]}]}