{"n":"desk","v":9,"a":[22,18,31],"p":[{"s":[{"p":[-0.6414437,-0.009200796,-0.2476297],"r":[315,1.502687E-05,-1.624225E-05],"s":[0.07747454,0.02637836,0.6992919],"c":[0.444444,0.3005286,0.1481477]}]},{"s":[{"p":[0.6410174,-0.009201244,-0.2476297],"r":[315,1.502687E-05,-1.624225E-05],"s":[0.07748224,0.02639004,0.6995714],"c":[0.444444,0.3005286,0.1481477]}]},{"s":[{"p":[7.154245E-07,0.0004825591,0.0009515288],"r":[0,0,-1.037648E-05],"s":[1.364057,0.4953527,0.02199017],"c":[0.4444439,0.3005284,0.1481476]}]}]}