{"n":"pc","v":9,"p":[{"b":5,"s":[{"p":[0.00188525,0.2498135,0.02075749],"r":[272.4308,57.90097,294.5292],"s":[0.05730373,0.05634875,0.01780096],"c":[1,0,0]}]},{"b":5,"s":[{"p":[0.0001615137,0.2623768,-0.1331862],"r":[276.3409,14.77583,358.7218],"s":[0.05730388,0.05634891,0.01780098],"c":[1,0,0]}]},{"b":5,"s":[{"p":[0.008634567,0.2382002,0.1775503],"r":[273.3762,21.49653,349.1065],"s":[0.05730375,0.05634873,0.01780097],"c":[1,0,0]}]},{"s":[{"p":[-0.01797768,0.002278158,-0.004585654],"r":[2.80319,4.000767,356.3773],"s":[0.222887,0.4906911,0.5138283],"c":[0,0,0]}]}]}