{"v":9,"a":[1,27],"p":[{"b":69,"s":[{"p":[-0.06910748,0.06907845,-0.00599844],"r":[341.5582,327.2124,32.22001],"s":[0.01376146,0.02043855,0.01295051],"c":[0.4938272,0.8888889,0.584127]}]},{"b":69,"s":[{"p":[-0.06039837,0.04555508,0.009759942],"r":[14.63424,276.5055,33.58582],"s":[0.01256239,0.01427881,0.01369863],"c":[0.4938272,0.8888889,0.584127]}]}]}