{"v":9,"p":[{"s":[{"p":[0,0,0],"r":[0,0,0],"s":[1.271557,0.001000002,0.7843695],"c":[1,1,1]}]},{"b":19,"e":"GIRLS","s":[{"p":[-0.4765622,0.01443376,0.2324214],"r":[87.02396,9.415738,9.802766],"s":[0.03511238,0.03511237,0.03511247],"c":[0,0,0]}]}]}