{"v":9,"a":[7,18],"p":[{"s":[{"p":[0,0,0],"r":[0,0,0],"s":[0.1750002,0.1750001,0.1750002],"c":[1,1,1],"b":["when touches hand then tell any bol, then become 2 in 2"]},{"p":[-0.008180305,-0.04021305,0.00239886],"r":[355.2658,353.3484,348.9945],"s":[0.1750022,0.1750014,0.1750013],"c":[1,1,1],"b":["when starts then become 1 in 2"]}]}]}