{"v":9,"a":[22],"p":[{"b":135,"t":2,"e":"[PEOPLE NAMES]","s":[{"p":[0,0,0],"r":[0,0,0],"s":[0.003000008,0.00300001,0.003000007],"c":[1,1,1]}]}]}