{"v":9,"p":[{"s":[{"p":[0,0,0],"r":[0,0,0],"s":[0.001000006,0.2187169,0.1750015],"c":[0.111111,0.111111,0.111111]}]}]}