{"v":9,"a":[7,18],"p":[{"t1":77,"s":[{"p":[0,0,0],"r":[0,0,0],"s":[1.601996,0.1265544,2.685327],"c":[1,1,1],"t1":{"c":[0.8888889,0.8888889,0.8888889],"x":0.3750497,"y":0.2131062,"a":0.8925,"m":0,"n":0,"r":0,"g":0,"o":0.5,"t":0.5,"e":0.5}}]}]}