{"n":"t2","v":9,"a":[7,18],"p":[{"s":[{"p":[0,0,0],"r":[0,0,0],"s":[0.1750027,0.1750028,0.1750044],"c":[1,1,1]}]}]}