{"v":9,"p":[{"b":131,"e":"[AREA.2 VALUE]","s":[{"p":[0,0,0],"r":[0,0,-5.085956E-08],"s":[0.003000019,0.003000018,0.003000004],"c":[1,1,1]}]},{"b":5,"s":[{"p":[0.05786718,-0.1878993,-0.02297783],"r":[272.968,338.0497,28.14139],"s":[0.1000006,0.1000003,0.1000006],"c":[1,1,1],"b":["when touches hand then show chat keyboard","when typed then is area.1 = [typed]"]}]}]}