{"n":"power box","v":9,"a":[1,2,7,45],"p":[{"b":60,"t":7,"s":[{"p":[0.02991681,0.002231656,-0.05450213],"r":[359.0835,181.6307,273.5605],"s":[0.2213802,0.03671924,0.2401337],"c":[0.3333331,0.3333331,0.3333331]}]},{"b":221,"t":20,"a":[36],"pr":32,"c":[[-0.7,-0.5,-0.3,24,-15],[0.4,0.5,-0.1,36,14],[-0.3,-0.5,0.8,17,-15,10,-11,12,30],[0.4,-0.5,-0.1,37,-31],[0,0.5,-0.3,32,20],[-0.7,0.5,-0.3,25,28],[-0.2,0.5,-0.1,23,28],[0.1,0.5,0.1,38,10],[-0.5,0.5,0.1,21,28],[-0.2,0.5,0.3,19,28],[0.2,0.5,0.3,40,6],[-0.3,0.5,0.8,14,28,3,-30,3,26],[-0.3,0.5,-0.5,27,4,24],[0.2,-0.5,0.3,0,41],[-0.2,-0.5,0.3,3,13],[-0.2,-0.5,-0.1,7,15],[0,-0.5,-0.3,8,25],[0.1,-0.5,0.1,4,35],[-0.3,-0.5,-0.5,11,15,4]],"s":[{"p":[-0.0002699703,-0.009962521,-0.06075953],"r":[0.9164858,1.630713,266.4395],"s":[0.08728161,0.04704724,0.1068839],"c":[0.1142856,1,0],"pr":{"c":[0.1142856,1,0],"a":0.25}}]}]}