{"v":9,"a":[22],"p":[{"b":172,"s":[{"p":[0,0,0],"r":[0,0,0],"s":[0.04500046,0.04500041,0.04500042],"c":[0.6666667,0.6666667,0.6666667]}]},{"b":172,"s":[{"p":[-0.1101395,0.02722871,0.5218971],"r":[1.001791E-05,22.49999,-2.035555E-13],"s":[0.04500216,0.04500066,0.04500214],"c":[0.6666667,0.6666667,0.6666667]}]},{"b":172,"s":[{"p":[0.6241011,-0.006352782,0.3499075],"r":[0,0,1.001791E-05],"s":[0.04500227,0.04500063,0.04500208],"c":[0.6666667,0.6666667,0.6666667]}]}]}