{"n":"up","v":9,"a":[7,48],"p":[{"s":[{"p":[0,0,0],"r":[0,0,0],"s":[0.1750015,0.1750274,0.1750288],"c":[1,1,1]}]}]}