{"v":9,"a":[7,13,18],"p":[{"t":19,"s":[{"p":[0,0,0],"r":[0,0,0],"s":[2.566694,2.675713,0.06136967],"c":[0,0,0]}]},{"t":19,"s":[{"p":[0.004819989,1.288996,1.175418],"r":[270,1.466831E-05,0],"s":[2.567398,2.677288,0.06138216],"c":[0,0,0]}]},{"t":19,"s":[{"p":[1.225712,-0.006391048,1.175418],"r":[0,90.00001,270],"s":[2.568158,2.67808,0.06138727],"c":[0,0,0]}]}]}