{"v":9,"a":[2,3,7,31],"inc":[["thing","5d0ecc60ff7e3706336e8ca5"],["thing 2","5d0ed6c2f80cc47ed005af78"]],"p":[{"b":10,"s":[{"p":[0.01364803,-0.0284756,-0.1286009],"r":[-8.964216E-08,-8.964215E-08,270],"s":[0.02146218,0.02146304,0.02146104],"c":[0.7777778,0.6049383,0.6049383]}]},{"b":5,"s":[{"p":[0.0138092,-0.02830404,0.2365721],"r":[8.964156E-08,-8.964157E-08,90],"s":[0.03095132,0.03095655,0.02185713],"c":[0.7777778,0.6049383,0.6049383],"b":["when triggered then set attract 50","when trigger let go then set attract 0"]}]},{"b":13,"s":[{"p":[0.01653147,-0.03833134,0.160058],"r":[0,0,0],"s":[0.06162991,0.04864452,0.04864166],"c":[0.7777778,0.6049383,0.6049383]}]},{"b":5,"s":[{"p":[0.01502419,-0.03361428,-0.0006469525],"r":[0,0,0],"s":[0.008906896,0.008909787,0.2901567],"c":[0.4444443,0.04938262,0.04938262],"pr":{"c":[0.4444444,0.1481481,0.1481481],"m":0.25,"a":0.25,"s":0.15,"z":0.25,"g":0.5,"h":0.25}}]}]}