{"n":"ore","v":9,"a":[48,49],"p":[{"s":[{"p":[0,0,0],"r":[0,0,-4.563552E-08],"s":[0.1750001,0.175,0.1750001],"c":[1,1,1]}]}]}