{"n":"shotgun casing","v":9,"a":[2,7,18,31,40],"p":[{"b":5,"s":[{"p":[0,0,0],"r":[0,0,0],"s":[0.006459951,0.00646013,0.03639343],"c":[0.7777778,0.1728394,0.1728394],"b":["when touches db shotgun then destroy all parts"]}]},{"b":5,"s":[{"p":[1.862645E-09,0,-0.0157795],"r":[2.544444E-13,-8.537737E-06,3.415095E-06],"s":[0.006460579,0.00646084,0.006316104],"c":[0.9714286,1,0]}]},{"b":5,"s":[{"p":[1.862645E-09,0,-0.01857185],"r":[2.544444E-13,-8.537737E-06,3.415095E-06],"s":[0.007166023,0.007166294,0.002571953],"c":[0.9714286,1,0]}]}]}