{"n":"wiringmount","v":9,"a":[7,18],"p":[{"b":3,"a":[3],"s":[{"p":[0,0,0],"r":[0,0,0],"s":[0.01665907,0.01665957,0.01666279],"c":[0,0,0]}]}]}