{"v":9,"p":[{"b":13,"s":[{"p":[0,0,0],"r":[0,0,0],"s":[0.0600001,0.06000006,0.06000004],"c":[1,1,1]}]},{"b":14,"s":[{"p":[-0.1608551,-0.2548136,-0.02322645],"r":[18.55372,336.9053,358.1614],"s":[0.06000005,0.06000001,0.06000002],"c":[1,1,1]}]}]}