{"v":9,"a":[7],"p":[{"s":[{"p":[0,0,0],"r":[0,0,-6.157171E-14],"s":[2.738549,0.00100002,2017.638],"c":[0,0,0],"pr":{"c":[0,0.1015872,0.1111111],"m":0.25,"a":0.25,"s":0.15,"z":0.25,"g":0.5,"h":0.25}}]}]}