{"v":9,"a":[20,31,48],"p":[{"pr":48,"s":[{"p":[0,0,0],"r":[0,0,3.415094E-06],"s":[0.4858061,0.4858059,0.4858066],"c":[1,1,1],"pr":{"c":[0.5555556,0.8857141,1],"m":0,"a":0.0597229,"s":1,"z":1,"g":0.4644747,"h":1}}]}]}