{"v":9,"a":[7],"p":[{"s":[{"p":[0.0005321496,-0.001871109,-0.5415615],"r":[0.05536133,359.8678,359.6013],"s":[0.01227189,1.071782,0.1787609],"c":[0.5555556,0.3527333,0.2469132]}]},{"s":[{"p":[0.000701014,-0.0005187671,-0.3623515],"r":[0,-1.628444E-12,0],"s":[0.01227624,1.072224,0.1789075],"c":[0.5555556,0.3527333,0.2469132]}]}]}