{"n":"pillars","v":9,"a":[22,13],"p":[{"b":60,"s":[{"p":[0,0,0],"r":[0,0,0],"s":[0.1253022,0.1252333,2.150759],"c":[0.2222221,0.09241613,0.02469136]}]},{"b":60,"s":[{"p":[1.927495,0.02216268,-0.01403487],"r":[0,0,0],"s":[0.1254538,0.1253282,2.152087],"c":[0.2222221,0.09241613,0.02469136]}]},{"b":60,"s":[{"p":[-0.01872802,-1.93831,-0.0586437],"r":[0,0,-3.415094E-06],"s":[0.1256261,0.1254412,1.957345],"c":[0.2222221,0.09241613,0.02469136]}]}]}