{"v":9,"a":[7],"p":[{"b":129,"e":"ROOF","s":[{"p":[0,0,0],"r":[0,0,0],"s":[0.001000108,0.001000032,0.001000097],"c":[1,0,0.3428572]}]}]}