{"v":9,"a":[7,18],"inc":[["tennis ball","5d16ec0e3909260621ffecfc"]],"p":[{"s":[{"p":[0,0,0],"r":[0,0,0],"s":[0.2157022,0.2363694,0.06972372],"c":[1,1,1]}]},{"s":[{"p":[0.00945282,-0.003967524,0.1232591],"r":[-8.49675E-06,90,1.162597E-06],"s":[0.175044,0.08578417,0.07976227],"c":[1,1,1]}]},{"b":5,"s":[{"p":[0.01291275,0.002295256,0.2330365],"r":[270,5.008956E-06,0],"s":[0.05327905,0.03656935,0.3541512],"c":[1,1,1]}]},{"b":5,"s":[{"p":[-0.006547928,0.1642408,0.2371054],"r":[90,90,0],"s":[0.05119255,0.06518707,0.04571392],"c":[1,1,1],"b":["when touched then emit tennis ball with 10%"]}]}]}