{"v":9,"a":[2,24,31],"bod":{"al": {"i":"5d12691f5837bb1006246bf0","p":[-0.1011478,-0.01513112,-0.3336757],"r":[339.4985,274.0012,94.10854]},"ar": {"i":"5d179888c16e71060b61c4d2","p":[-0.08691428,0.007630795,-0.199127],"r":[325.179,65.75974,26.27286]},"lt": {"i":"5d12b77742823f2e9b43a45d","p":[-0.02220149,0.1198414,0.02756173],"r":[276.8678,139.2157,309.076]}},"p":[{"s":[{"p":[0,0,0],"r":[0,0,0],"s":[0.3183702,0.3183703,0.3183702],"c":[0,0,0]}]},{"b":48,"s":[{"p":[0.001942489,0.2047058,-0.05974405],"r":[3.690861,274.9658,351.9063],"s":[0.1250003,0.1250003,0.1250003],"c":[0.222222,0,0.7777778]}]},{"b":9,"s":[{"p":[-0.0705713,0.1754565,0.08685242],"r":[2.575321,348.2141,284.3683],"s":[0.02260742,0.02260727,0.02260731],"c":[0.2857139,0,1]}]},{"b":9,"s":[{"p":[0.05963346,0.166765,0.08418171],"r":[9.892602,9.220446,304.8235],"s":[0.0226074,0.02260725,0.02260728],"c":[0.2857139,0,1]}]}]}