{"v":9,"a":[7],"p":[{"s":[{"p":[0,0,0],"r":[0,0,0],"s":[0.08261846,0.961518,0.04099543],"c":[0.4444443,0.3485007,0.2469135]}]},{"s":[{"p":[-0.01309168,0.6265051,0.007541073],"r":[270,9.659347E-06,0],"s":[0.3802298,0.06615881,0.3052651],"c":[0.4444443,0.3485007,0.2469135]}]},{"b":129,"e":"PROPORTY OF \nFRANKIE","s":[{"p":[0.1535257,0.7550287,0.05812821],"r":[1.001791E-05,180,1.001791E-05],"s":[0.007396719,0.007396826,0.00739732],"c":[0,0.7428569,1]}]}]}