{"v":9,"a":[7,18],"p":[{"t":3,"s":[{"p":[0,0,0],"r":[0,0,0],"s":[9.888357,0.1750098,27.20517],"c":[0,0,0]}]}]}