{"n":"jjk","v":9,"a":[7,18,50],"p":[{"b":61,"s":[{"p":[0,0,0],"r":[0,0,0],"s":[0.1355863,0.09394035,0.07535685],"c":[0.5555556,0.5555556,0.5555556]}]}]}