{"v":9,"a":[2,3,27],"p":[{"s":[{"p":[0,0,0],"r":[2.134434E-07,-1.093315E-15,-5.869692E-07],"s":[0.02758951,0.02991737,0.175],"c":[0,0,0]}]},{"b":4,"s":[{"p":[-0.007562058,-0.00190592,0.631361],"r":[0.1299359,358.9826,351.8535],"s":[0.02039474,0.02313316,0.5486164],"c":[1,0,0],"b":["when triggered then become next in 0.1s","when hears short then become next in 0.1s"]},{"p":[-0.0002170801,0.00191825,0.0941954],"r":[1.542811,358.4157,355.8216],"s":[0.02039472,0.02313315,0.006118046],"c":[1,0,0],"b":["when touched then become previous in 0.2s","when hears long then become previous in 0.1s"]}]}]}