{"v":9,"a":[7,18],"inc":[["thing","5d18484da8f76e062256b05a"]],"p":[{"s":[{"p":[0,0,0],"r":[0,0,0],"s":[0.08281411,0.06680775,0.1637304],"c":[1,1,1],"b":["when touched then emit gravity-free thing"]}]}]}