{"v":9,"a":[7,18],"p":[{"t":2,"s":[{"p":[0,0,0],"r":[0,0,0],"s":[0.007370659,0.1924973,0.1831392],"c":[0,0,0]}]}]}