{"v":9,"p":[{"t":2,"s":[{"p":[0,0,0],"r":[-4.268868E-06,0,0],"s":[1.156877,0.05775841,0.7460096],"c":[0,1,0.2285714]}]}]}