{"v":9,"p":[{"b":3,"s":[{"p":[0,0,0],"r":[0,0,1.067217E-06],"s":[0.1250001,0.1250002,0.1250003],"c":[1,1,1]}]}]}