{"v":9,"p":[{"b":19,"e":"SKY","s":[{"p":[0.06172043,-0.08660457,0.09687593],"r":[274.0067,159.3625,22.40118],"s":[0.007420705,0.007420683,0.007420704],"c":[0,0,0]}]}]}