{"v":9,"a":[31,32],"p":[{"b":18,"a":[19],"e":"IF YOU FIND ANY PROBLEMS OR HAVE A SUGGESTION,\nPOST THEM ON THE BOARD","s":[{"p":[0.002341988,-0.02222109,-0.004343512],"r":[0,0,5.008957E-06],"s":[0.003000072,0.003000065,0.003000056],"c":[1,1,1]}]},{"s":[{"p":[0.002342001,-0.1722212,0.04565643],"r":[270,-5.757418E-13,0],"s":[0.07071822,0.07071634,0.07071807],"c":[0,1,0.2285714],"b":["when touches hand then show board growing simulater problems"]}]},{"b":18,"a":[19],"e":"TAP\nTO OPEN","s":[{"p":[0.002341999,-0.1472211,0.008156523],"r":[0,0,5.008957E-06],"s":[0.001573362,0.001573351,0.001573323],"c":[0,0,0]}]}]}