{"n":"iron cross","v":9,"p":[{"b":14,"t":3,"s":[{"p":[6.401539E-05,0.2067764,0.2519083],"r":[41.40408,182.7941,56.43653],"s":[0.02485707,0.02219035,0.344312],"c":[0,0,0]}]},{"b":14,"t":3,"s":[{"p":[0.01183005,0.4428734,0.5189474],"r":[17.43896,292.6776,227.2586],"s":[0.06000055,0.007661806,0.06000046],"c":[0,0,0]}]},{"b":14,"t":3,"s":[{"p":[-0.02640653,-0.1572116,-0.1712277],"r":[26.41695,283.6346,317.1459],"s":[0.001000011,0.006923083,0.06000081],"c":[0,0,0]}]}]}