{"v":9,"a":[22],"p":[{"s":[{"p":[0,0,0],"r":[0,0,0],"s":[10.52688,6.301745,0.1750115],"c":[1,1,1]}]},{"c":[[0.5,0.378,0.5,0,13,10],[-0.5,0.378,0.5,1,13,2]],"s":[{"p":[-4.414155,0.1224722,-0.1198378],"r":[292.5,2.689922E-05,-1.56695E-05],"s":[0.8321908,0.1750242,0.6668266],"c":[1,1,1]}]},{"b":18,"e":"\"PERSON.\" VARIABLES\n\nPERSON.CC = 0 TO INFINITY\nPERSON.Q# = 0 OR 1 OR 2\n        (0=NOT STARTED, 1=DOING, 2=DONE)","s":[{"p":[-4.817873,0.4248577,-0.09185553],"r":[22.50001,-5.700223E-06,-1.115176E-05],"s":[0.003001269,0.003000201,0.003001183],"c":[0,0,0]}]}]}