{"v":9,"a":[7,18],"p":[{"b":68,"t":21,"s":[{"p":[0,0,0],"r":[0,0,0],"s":[0.1000009,0.1000008,0.1000009],"c":[0.9714286,1,0]}]},{"b":68,"t":21,"s":[{"p":[0,0,0.5677515],"r":[0,0,0],"s":[0.1000039,0.1000029,0.3665091],"c":[0.9714286,1,0]}]}]}