{"v":9,"p":[{"s":[{"p":[0,0,0],"r":[0,0,0],"s":[1.038249,0.8786169,0.05253925],"c":[1,1,1]}]},{"s":[{"p":[-0.4879317,-0.007424623,-0.4881586],"r":[359.0003,270.1495,359.9879],"s":[1.038251,0.8786182,0.05253936],"c":[1,1,1]}]},{"s":[{"p":[0.5092282,0.01829875,-0.5119227],"r":[353.6122,87.74908,7.164129],"s":[1.038251,0.8786178,0.0525393],"c":[1,1,1]}]}]}