{"n":"sdfg","v":9,"a":[20,48],"p":[{"s":[{"p":[0,0,0],"r":[0,0,1.115158E-08],"s":[0.1750002,0.1750003,0.1750001],"c":[1,1,1]}]}]}