{"n":"dick","v":9,"p":[{"b":3,"t":10,"pr":1,"s":[{"p":[0.006343893,0.0260012,0.003627352],"r":[1.39239,29.50009,18.62439],"s":[0.1250005,0.1250002,0.1250002],"c":[1,0.8253968,0.4444443],"pr":{"c":[1,1,1],"m":0.25,"a":0.25,"s":0.15,"z":0.25,"g":0.5,"h":0.25}}]},{"b":3,"t":10,"a":[3],"pr":1,"s":[{"p":[0.1774226,0.1570104,0.0438574],"r":[353.1154,36.6233,357.8799],"s":[0.1250004,0.1250002,0.1250003],"c":[1,0.8253968,0.4444443],"pr":{"c":[1,1,1],"m":0.25,"a":0.25,"s":0.15,"z":0.25,"g":0.5,"h":0.25}}]},{"b":14,"t":10,"s":[{"p":[0.01610588,0.1672789,0.1710255],"r":[332.5521,333.3018,38.48604],"s":[0.09166527,0.07092832,0.06000006],"c":[1,0.8253968,0.4444443]}]},{"b":181,"pr":1,"s":[{"p":[-0.06257485,0.2579453,0.2961087],"r":[61.08424,323.3642,352.2502],"s":[0.04888855,0.03868178,0.05053605],"c":[1,0.8253968,0.4444442],"pr":{"c":[1,1,1],"m":0.25,"a":0.25,"s":0.15,"z":0.25,"g":0.5,"h":0.25}}]}]}