{"v":9,"a":[6,13,20,23,25,36,37,38,39,48],"p":[{"b":179,"a":[1,4,27,14,17,24],"s":[{"p":[0,0,0],"r":[0,0,0],"s":[0.2150003,0.2150003,0.215],"c":[1,1,1],"b":["when starts then show video [youtube: qBxIj2r3vhE]"]}]}]}