{"v":9,"a":[7],"p":[{"b":38,"s":[{"p":[0,0,0],"r":[0,0,-2.668042E-08],"s":[0.1250003,0.1250002,0.229397],"c":[1,1,1]}]},{"b":163,"s":[{"p":[0.533977,-0.4751247,-1.51291],"r":[270.8931,278.9724,283.4479],"s":[0.1000193,0.1000102,0.100011],"c":[1,1,1]}]},{"b":150,"s":[{"p":[0.5305375,-0.3461916,-1.539545],"r":[359.1313,112.4219,359.7923],"s":[0.1346337,0.06000525,0.1290143],"c":[1,1,1]}]}]}