{"n":"plateform","v":9,"a":[7,31],"p":[{"s":[{"p":[0,0,0],"r":[0,0,0],"s":[0.1830348,0.1750193,0.02058984],"c":[0.6666667,0.342857,0]}]},{"b":16,"s":[{"p":[-0.003175259,0.003070355,0.003690362],"r":[270,180,0],"s":[0.04284969,0.04284856,0.04284814],"c":[0.6666667,0.342857,0]}]}]}