{"v":9,"a":[6,5,22,13,23,36,38,39,49,51],"p":[{"b":153,"t1":6,"s":[{"p":[-0.01408446,0.05647947,0.04119061],"r":[337.5,5.700223E-06,-1.115176E-05],"s":[103.7856,0.2698538,87.91732],"c":[0.3456787,0.4359787,0.4444441],"b":["when starts then become next in 60"],"t1":{"c":[0.7901235,0.8296296,0.8888889],"x":0.005350113,"y":0.002002716,"a":0.25,"m":0.5,"n":0.5,"r":0.5154724,"g":0,"o":0,"t":0.5091963,"e":0.8715496}},{"p":[-0.01408452,0.05647968,0.04119052],"r":[337.5,1.802865E-06,-9.063613E-06],"s":[103.7856,0.2698538,87.91732],"c":[0.3456789,0.4359787,0.4444443],"b":["when starts then become next in 60"],"t1":{"c":[0.7901235,0.8296296,0.8888889],"x":0.001242563,"y":0.002919124,"a":0.25,"m":0.5,"n":0.5,"r":0.5022755,"g":0,"o":0.4577909,"t":0.5091963,"e":0.805706}}]}]}