{"v":9,"a":[7],"p":[{"b":179,"s":[{"p":[0,0,0],"r":[0,0,0],"s":[10.05474,8.683341,0.21509],"c":[0,0.1015871,0.4444443]}]}]}