{"v":9,"p":[{"b":139,"t":2,"e":"BASIC","s":[{"p":[0,0,0],"r":[0,0,0],"s":[0.01552872,0.01552863,0.0155287],"c":[1,1,1]}]}]}