{"v":9,"a":[25],"p":[{"s":[{"p":[0,0,0],"r":[0,0,0],"s":[0.1750002,0.175,0.1750001],"c":[1,1,1],"b":["when starts then loop city rain 2 with 300%"]}]}]}