{"v":9,"tp_ad": 1,"p":[{"b":9,"s":[{"p":[0,0,0],"r":[-6.830189E-06,-5.088888E-14,8.537737E-07],"s":[0.1250001,0.1250002,0.1250003],"c":[1,1,1]}]},{"b":9,"s":[{"p":[0,0,0],"r":[-1.878303E-05,-1.750235E-05,-4.098113E-05],"s":[0.3289376,0.3289376,0.3289378],"c":[1,1,1]}]}]}