{"n":"voxel deagle","v":9,"a":[2,3],"p":[{"a":[12],"s":[{"p":[0,0,0],"r":[0,0,0],"s":[0.04761291,0.07131156,0.1450626],"c":[1,1,1],"b":["when let go then destroy all parts"]}]},{"a":[12,37],"i":[{"t":"5d2160a4acf63005f7b6a76d","p":[0.03575134,0.03392725,0.1366668],"r":[1.024528E-05,-1.669168E-12,180],"a":[2,49]}],"s":[{"p":[-0.035141,-0.06450333,0.06257935],"r":[67.49999,1.063832E-12,1.001791E-05],"s":[0.01843568,0.03020243,0.02993526],"c":[1,1,1],"b":["when triggered then become next","when starts then tell r"]},{"p":[-0.035141,-0.04124094,0.06839241],"r":[45,0,0],"s":[0.01843651,0.03020274,0.02993665],"c":[1,1,1],"b":["when starts then become next in 0.2s"]}]}]}