{"v":9,"a":[7],"p":[{"a":[12,37],"pr":7,"s":[{"p":[0,0,0],"r":[0,0,0],"s":[4.77188,1.659525,5.88694],"c":[1,1,1],"pr":{"c":[0.2469135,0.3259257,0.4444444],"a":0.1100349}}]}]}