{"v":9,"p":[{"b":205,"a":[12,37],"pr":24,"s":[{"p":[0,0,0],"r":[0,0,0],"s":[0.04500008,0.04500011,0.04500014],"c":[1,1,1],"b":["when told by any land then become next in 0.2s"],"pr":{"c":[0,0,0],"m":0.25,"a":0,"s":0.15,"z":0.25,"g":0.5,"h":0.25}},{"p":[0,0,0],"r":[0,0,0],"s":[0.04500008,0.04500011,0.04500014],"c":[1,1,1],"b":["when starts then become next in 1.2"],"pr":{"c":[0.345679,0.4190475,0.4444444],"m":0.5123518,"a":1,"s":1,"z":0.8655742,"g":0.5,"h":0.25}},{"p":[0,0,0],"r":[0,0,0],"s":[0.04500008,0.04500011,0.04500014],"c":[1,1,1],"b":["when starts then become 1 in 2"],"pr":{"c":[0,0,0],"m":0.25,"a":0.9667513,"s":0.3509459,"z":0.4786425,"g":0.5,"h":0.25}}]}]}