{"v":9,"a":[33,49],"p":[{"b":3,"i":[{"t":"5d27c3eca9cba9353d831089","p":[-0.06577876,-0.0395748,0.004244499],"r":[0.02293492,21.77516,99.59915]},{"t":"5d27c4009c58b4061e47bf5a","p":[-0.04655167,0.0572622,0.004283071],"r":[3.512909,24.71661,68.7028]},{"t":"5d27c0c09c58b4061e47bf58","p":[0.03141518,-0.004504587,-0.02627853],"r":[276.982,74.7366,307.0966]}],"c":[[-0.854,1.927,-1.088,5],[-1.31,-1.509,-1.114,2],[0.293,0.563,-1.543,0],[-0.036,1.213,-0.77,4],[0.151,1.251,-0.31,14],[-0.638,1.787,-0.425,17],[-0.347,1.465,0.21,16],[-0.179,1.167,0.606,21],[-0.037,0.621,0.949,51],[-0.075,-0.016,1.148,29],[-0.151,-0.621,0.903,24],[-0.345,-1.059,0.524,23],[-0.032,-1.15,-0.015,25,16,2,4,7,2],[-0.591,-1.359,-0.083,10],[-0.898,-1.457,-0.651,6,5,31,13],[-1.116,-0.637,-0.426,8],[-0.911,1.066,-0.439,12],[-1.201,0.125,-0.518,7],[-0.934,0.426,-0.035,19],[-0.994,-0.339,0.001,9],[-0.683,0.028,0.331,20],[-0.556,0.692,0.377,27],[-0.649,1.15,-0.044,18],[0.52,-0.232,0.038,34],[0.554,-0.454,-0.531,35],[0.405,-0.641,-0.042,33],[0.626,-0.458,0.388,32],[0.629,0.043,0.492,48],[0.559,0.434,0.405,46],[0.747,0.283,-0.002,37],[0.694,0.044,-0.408,36],[0.159,-0.552,-1.358,1,38],[-0.339,0.038,0.774,28],[-0.588,-0.445,0.466,22]],"s":[{"p":[0,0,0],"r":[0,0,8.537735E-07],"s":[0.08700786,0.08273113,0.1127519],"c":[0,0,0]}]}]}