{"v":9,"a":[2,7,18],"p":[{"b":4,"i":[{"t":"5d281592a9cba9353d831095","p":[0,0.0009746552,0.008008063],"r":[0,0,355.3716]}],"s":[{"p":[0,0,0],"r":[0,0,0],"s":[0.02802858,0.02802746,0.004164074],"c":[1,0,0.3428572],"b":["when starts then all parts face up"]}]}]}