{"n":"target","v":9,"a":[7,12,18,31],"p":[{"b":3,"s":[{"p":[0,0,0],"r":[0,0,0],"s":[0.0150627,0.0150627,0.01506232],"c":[1,0,0.3428572]}]}]}