{"v":9,"a":[4,7,18,48],"p":[{"s":[{"p":[0,0,0],"r":[0,0,0],"s":[0.1750711,0.8025082,2.191024],"c":[1,1,1]}]}]}