{"v":9,"a":[7,18],"p":[{"s":[{"p":[0,0,0],"r":[0,0,0],"s":[0.01481615,28.3719,22.76896],"c":[1,1,1]}]}]}