{"v":9,"a":[22,21],"p":[{"b":5,"t":7,"s":[{"p":[0.0008475375,0.002952849,-0.008333864],"r":[2.37297,1.520882,8.052346],"s":[0.01786391,0.01786382,0.01786382],"c":[1,1,1]}]},{"b":59,"t":7,"s":[{"p":[0.001613784,0.002620731,0.01541658],"r":[81.60754,107.8339,106.48],"s":[0.02477776,0.5846071,0.02464252],"c":[1,1,1]}]}]}