{"n":"hi cloud","v":9,"a":[6,5,22,20,21,49],"p":[{"b":3,"t":19,"s":[{"p":[-1.865185,-0.234318,1.596409],"r":[0,0,-2.003583E-05],"s":[1.542194,2.929233,0.6991434],"c":[0.3333332,0.3333332,0.3333332]}]},{"b":3,"t":19,"s":[{"p":[-1.694752,1.437756,0.8049669],"r":[0,0,-2.003583E-05],"s":[0.6990812,4.244708,0.6991813],"c":[0.3333332,0.3333332,0.3333332]}]},{"b":3,"t":19,"s":[{"p":[-1.210766,-2.358954,0.7950922],"r":[0,0,-2.003583E-05],"s":[0.6990734,3.417462,0.6991434],"c":[0.3333332,0.3333332,0.3333332]}]},{"b":3,"t":19,"s":[{"p":[-1.421181,-2.143687,0.8379275],"r":[0,0,-2.003583E-05],"s":[1.542226,1.421399,0.6991595],"c":[0.3333332,0.3333332,0.3333332]}]}]}