{"v":9,"a":[7],"p":[{"s":[{"p":[0,0,0],"r":[0,0,0],"s":[1.072242,3.44231,0.2004414],"c":[0,0,0]}]}]}