{"n":"money -1","v":9,"a":[2,7,18,21],"p":[{"b":202,"t":1,"s":[{"p":[0,0,0],"r":[0,0,0],"s":[0.008205249,0.01525434,0.00820517],"c":[1,0.6857142,0],"b":["when touches money col then destroy all parts"]}]},{"b":202,"t":1,"s":[{"p":[-4.177295E-09,-0.02389133,3.397962E-08],"r":[-3.763251E-13,3.289939E-20,-1.001791E-05],"s":[0.008205901,0.005063917,0.008205773],"c":[1,0.6857142,0]}]},{"b":202,"t":1,"s":[{"p":[-3.176563E-09,-0.01816779,6.27812E-08],"r":[0,0,0],"s":[0.007829221,0.004686954,0.007829086],"c":[1,0.6857142,0]}]}]}