{"n":"lipof123","v":9,"a":[7,18,31,48,49],"p":[{"s":[{"p":[0,0,0],"r":[0,0,0],"s":[0.03612362,0.03612159,0.03612431],"c":[1,1,1]}]}]}