{"v":9,"a":[7],"p":[{"b":44,"t":2,"s":[{"p":[0,0,0],"r":[0,0,0],"s":[1.269232,1.047242,2.034325],"c":[0.111111,0.6190475,1]}]},{"t":2,"s":[{"p":[0.03461802,0.2727208,1.612129],"r":[270,90.00001,0],"s":[0.4250767,0.05391319,0.521504],"c":[0.111111,0.6190475,1]}]}]}