{"v":9,"p":[{"i":[{"t":"5d2b721bcf98917c2ad783f5","p":[-0.02809772,0.01551054,0.006460093],"r":[357.0312,274.4093,102.7804]}],"s":[{"p":[0,0,0],"r":[0,0,0],"s":[0.03934394,0.1557443,0.1790626],"c":[0.6666667,0.6666667,0.6666667],"b":["when "]}]},{"b":129,"e":"BANNANA BOY","s":[{"p":[-0.0298651,-0.03275038,-0.03966189],"r":[4.375136,96.12692,84.90385],"s":[0.003000001,0.003,0.003],"c":[1,1,1]}]}]}