{"v":9,"a":[1,7,12,18,21],"p":[{"b":69,"i":[{"t":"5d2b8c1c2c23dc061ca23792","p":[-2.02449E-08,0.08491325,-3.72529E-08],"r":[272.9875,281.4577,258.5574]}],"s":[{"p":[-0.0005225542,0.002387762,0.2600517],"r":[-3.927359E-05,90.00002,89.99999],"s":[0.03928065,0.06215456,0.04193882],"c":[0,0,0]}]},{"b":69,"s":[{"p":[-0.0005225542,0.002387762,0.1290398],"r":[-3.415095E-06,89.99999,90],"s":[0.03928191,0.06216291,0.04194241],"c":[0,0,0]}]},{"b":205,"a":[12,37],"s":[{"p":[0,0,0],"r":[-5.75742E-13,1.727225E-12,-2.024889E-26],"s":[0.0450021,0.04500299,0.04500262],"c":[1,1,1],"b":["when starts then all parts face nearest abc"]}]}]}