{"v":9,"a":[1,2,3,7],"p":[{"b":5,"id":"5d2b5f7e6128cb4a18ded2fb","s":[{"p":[0,0.1000004,0],"r":[0,0,0],"s":[0.04642358,0.04642866,2.166252],"c":[0.4444442,0.2497352,0.1481479]}]},{"b":5,"ac":{"id":"5d2b5f7e6128cb4a18ded2fb","c":100},"s":[{"p":[0,0,0],"r":[0,0,0],"s":[0.04642358,0.04642866,2.166252],"c":[0.4444442,0.2497352,0.1481479]}]}]}