{"v":9,"p":[{"b":135,"e":"IM A FEMALE","s":[{"p":[0,0,0],"r":[0,0,1.967681E-07],"s":[0.003,0.003000003,0.003000003],"c":[1,1,1]}]}]}