{"v":9,"p":[{"b":92,"e":"ARCHOPAL 0986","s":[{"p":[0,0,0],"r":[0,0,0],"s":[0.006359404,0.006359405,0.006359404],"c":[1,1,1]}]}]}