{"n":"pistol model","v":9,"a":[1,2,3,7,14,20,50],"inc":[["hookah wand","5a5ec863b5c69054135faf44"],["arrow","58852e738928b4d83270627c"]],"p":[{"s":[{"p":[-0.0009156466,-0.1673314,-0.08054471],"r":[270,-9.659345E-06,0],"s":[0.04174832,0.1385294,0.03477838],"c":[0,0,0]}]},{"s":[{"p":[-0.04122603,-0.1681975,3.778934E-05],"r":[0,180,0],"s":[0.1212487,0.03397805,0.03701525],"c":[0.4444443,0.3005289,0.148148],"b":["when triggered then emit gravity-free arrow"]}]}]}