{"v":9,"a":[1,2,3,7,18],"p":[{"b":14,"s":[{"p":[0.001410303,0.02968145,0.1102402],"r":[8.315434,185.9969,48.20396],"s":[0.008449686,0.008835897,0.006626289],"c":[0,0,0],"b":["when triggered then trail start","when trigger let go then trail end"]}]},{"b":14,"s":[{"p":[-0.006914324,0.01671371,0.02779169],"r":[351.6846,5.996895,221.796],"s":[0.01931784,0.0199424,0.03198773],"c":[0.9714286,1,0]}]},{"b":5,"s":[{"p":[-0.01583482,0.003878325,-0.05192862],"r":[351.6846,5.996894,311.796],"s":[0.01071274,0.01071303,0.02554207],"c":[0.7777778,0.7777778,0.7777778]}]},{"b":3,"s":[{"p":[-0.01642115,0.0026825,-0.06467543],"r":[351.6846,5.996896,41.79603],"s":[0.009760348,0.01412489,0.01256179],"c":[1,0.222222,0.8888887]}]}]}