{"n":"i","v":9,"a":[7,18,21],"p":[{"b":205,"i":[{"t":"5d33adbbbb4e967c30032e3a","p":[0,0,0],"r":[1.001791E-05,90.00001,1.001791E-05]},{"t":"5d33ae0194cf497923bc84e8","p":[0.05000019,-4.371155E-09,-4.371155E-09],"r":[31.09308,243.0904,95.0209]}],"s":[{"p":[0,0,0],"r":[0,0,0],"s":[0.008197505,0.008198888,0.008198021],"c":[0.3333332,0.3333332,0.3333332],"b":["when starts then all parts face nearest inner"]}]}]}