{"v":9,"a":[1,2,3,15],"p":[{"b":3,"pr":6,"s":[{"p":[-0.05529663,-0.06946599,0.0320255],"r":[58.78295,107.5799,98.67699],"s":[0.0078494,0.00536456,0.02438038],"c":[0.4444441,0.3047615,0],"b":["when told by body wand then become next in 0.2s, then play cute magic sound 10"],"pr":{"c":[1,0,0.3428573],"m":0,"a":0.25,"s":0.15,"z":0.25,"g":0.5,"h":0.25}},{"p":[-0.05529663,-0.06946599,0.0320255],"r":[58.78295,107.5799,98.67699],"s":[0.0078494,0.00536456,0.02438038],"c":[0.4444441,0.3047615,0],"b":["when told by body wand then become next in 0.2s, then play cute magic sound 11"],"pr":{"c":[1,0,0.3428573],"m":1,"a":0.25,"s":0.15,"z":0.25,"g":0.5,"h":0.25}}]},{"b":5,"s":[{"p":[-0.166565,0.08336741,0.06507602],"r":[51.75657,106.2533,40.02113],"s":[0.006441848,0.006441917,0.5238863],"c":[0.4444439,0.3047614,0],"b":["when triggered then become next in 0.2s, then tell body wand"],"pr":{"c":[1,1,1],"m":0.25,"a":0.25,"s":0.15,"z":0.25,"g":0.5,"h":0.25}},{"p":[-0.166565,0.08336741,0.06507602],"r":[51.75657,106.2533,40.02113],"s":[0.006441848,0.006441917,0.5238863],"c":[0.4444439,0.3047614,0],"b":["when triggered then become next in 0.2s, then tell body wand"],"pr":{"c":[1,1,1],"m":0.25,"a":0.25,"s":0.15,"z":0.25,"g":0.5,"h":0.25}}]}]}