{"v":9,"p":[{"b":17,"t1":57,"s":[{"p":[0.005820351,-0.007825224,0.02330501],"r":[2.970399,7.942746,357.1],"s":[0.1273874,0.01158668,0.01151162],"c":[0.3185184,0.2592592,0.3333332],"t1":{"c":[0,0,0],"x":0.5,"y":0.5,"a":0.8925,"m":0,"n":0,"r":0,"g":0,"o":0.5,"t":0.5,"e":0.5}}]}]}