{"v":9,"a":[1,2,3,15,19,30],"p":[{"b":5,"i":[{"t":"5d3625d0bb4e967c30032f07","p":[-0.001852191,-0.004520603,0.01022438],"r":[359.9659,5.691293E-05,359.915]}],"s":[{"p":[0,0,0],"r":[0,0,0],"s":[0.003990069,0.003990538,0.4177087],"c":[0.4444443,0.3047618,0],"b":["when triggered then become next in 0.2s, then tell body flame"]},{"p":[0,0,0],"r":[0,0,0],"s":[0.003990069,0.003990538,0.4177087],"c":[0.4444443,0.3047617,0],"b":["when triggered then become next in 0.2s, then tell body flame"]}]}]}