{"v":9,"p":[{"s":[{"p":[0,0,0],"r":[0,0,0],"s":[0.3473083,0.1750001,0.2566398],"c":[1,1,1]}]},{"b":3,"s":[{"p":[0.0003161505,0.01323314,0.2527067],"r":[61.09283,21.71038,3.3236],"s":[0.4429914,0.4404955,0.1989841],"c":[1,1,1]}]}]}