{"v":9,"a":[22],"p":[{"pr":50,"s":[{"p":[0.01416059,0.005266989,-0.001808503],"r":[2.497941,0.539474,0.3206839],"s":[0.9035689,0.1571252,0.583073],"c":[0.111111,0.1072309,0.09876534],"pr":{"c":[0.6285715,1,0],"a":0.25}}]},{"pr":51,"s":[{"p":[0.01099094,-0.02245763,0.2565731],"r":[2.497941,0.5394641,0.3206835],"s":[0.8763314,0.1571315,0.8300847],"c":[0.111111,0.1072309,0.09876534],"pr":{"c":[0.6320988,0.8888889,0.1975308],"a":0.25}}]}]}