{"n":"baloon weight","v":9,"a":[22,21],"p":[{"b":184,"t":9,"s":[{"p":[0,0,0],"r":[0,0,0],"s":[0.02363169,0.02363134,0.02363171],"c":[0,0,0]}]},{"b":154,"t":9,"s":[{"p":[0.04292331,0.1346506,-0.003455658],"r":[321.1727,279.5522,176.5211],"s":[0.02658008,0.02657938,0.02657909],"c":[0,0,0]}]}]}