{"n":"string","v":9,"p":[{"s":[{"p":[-0.06909841,-0.06672035,-0.06796572],"r":[25.57185,328.3672,13.53784],"s":[0.004504484,0.004504235,0.2994803],"c":[1,1,1]}]},{"s":[{"p":[-0.003755196,-0.001599493,0.00107292],"r":[359.7394,358.7245,0.125733],"s":[0.004504477,0.004504233,0.3888145],"c":[1,1,1]}]},{"s":[{"p":[-0.1188216,0.01856875,-0.008644857],"r":[353.8999,325.4581,339.8896],"s":[0.004504477,0.004504235,0.4350236],"c":[1,1,1]}]}]}