{"v":9,"p":[{"b":8,"su":[{"i":"5d3a1cca079aa43bb4217630","t":"5d3a1b5107991a2b3f2fd27f","p":[0.05260376,0.06770837,-0.9561691],"r":[4.482721,356.7725,359.5171]}],"s":[{"p":[0,0,0],"r":[0,0,0],"s":[0.125,0.125,0.1250001],"c":[1,1,1]}]}]}