{"v":9,"a":[31],"p":[{"b":60,"s":[{"p":[0,0,0],"r":[0,0,0],"s":[0.009271626,0.009529203,0.008238439],"c":[0,0,0]}]},{"b":36,"s":[{"p":[-0.009656775,0.008683585,-0.01618612],"r":[352.3983,70.06602,211.6459],"s":[0.0325205,0.03252063,0.03252063],"c":[0,0,0]}]},{"b":73,"a":[36],"s":[{"p":[-0.02554384,0.01215584,-0.03617657],"r":[14.55702,35.97476,335.5081],"s":[0.02071779,0.02071777,0.02071785],"c":[0,0,0],"b":["when told shot then become 2"]},{"p":[-0.02554384,0.01215584,-0.03617657],"r":[14.55702,35.97476,335.5081],"s":[0.02071779,0.02071777,0.02071785],"c":[0,0,0],"b":["when touches hand then tell reload","when told ready then become 1"]}]}]}