{"v":9,"a":[7,18,31],"p":[{"b":73,"s":[{"p":[0,0,0],"r":[0,0,0],"s":[0.3409007,0.3409005,0.3409004],"c":[1,0.9460317,0.8888889]}]},{"b":201,"s":[{"p":[-0.002000331,0.004227639,0.007628202],"r":[90,-1.931869E-05,0],"s":[0.1953987,0.009317364,0.1953978],"c":[0.4444443,0.4204584,0.3950616]}]}]}