{"v":9,"a":[7,18],"p":[{"t1":36,"s":[{"p":[0,0,0],"r":[0,0,0],"s":[3.770811,0.0977628,1.132439],"c":[0.3333332,0.3333332,0.3333332],"t1":{"c":[0.4444444,0.4444444,0.4444444],"x":0.5,"y":0.5,"a":0.8925,"m":0,"n":0,"r":0,"g":0,"o":0.5,"t":0.5,"e":0.5}}]},{"t1":38,"s":[{"p":[0.08141291,-0.1488805,0.5477161],"r":[270,180,0],"s":[3.741251,0.05426404,0.5152588],"c":[0.5555556,0.3809522,0],"t1":{"c":[0.6666667,0.4571427,0],"x":0.5,"y":0.5,"a":0.8925,"m":0,"n":0,"r":0,"g":0,"o":0.5,"t":0.5,"e":0.5}}]}]}