{"n":"diy","v":9,"p":[{"b":14,"t1":162,"s":[{"p":[0.07748292,-0.1809304,-0.2718714],"r":[41.91643,279.4591,346.0732],"s":[0.06000003,0.1064622,0.176856],"c":[1,1,1],"t1":{"c":[0.6666667,0.4571427,0],"x":0.5,"y":0.5,"a":0.8925,"m":0,"n":0,"r":0,"g":0,"o":0.5,"t":0.5,"e":0.5}}]},{"b":5,"t1":162,"s":[{"p":[0.06500281,-0.5420405,-0.3862501],"r":[18.27474,29.41828,19.5794],"s":[0.04353324,0.3345062,0.1000004],"c":[1,1,1],"t1":{"c":[0.7777778,0.6691358,0.4320987],"x":0.5,"y":0.5,"a":0.8925,"m":0,"n":0,"r":0,"g":0,"o":0.5,"t":0.5,"e":0.5}}]},{"b":5,"t1":162,"s":[{"p":[-0.1204255,-0.2031711,-0.175139],"r":[25.14251,17.10366,334.2671],"s":[0.1811573,0.02443598,0.1000003],"c":[1,1,1],"t1":{"c":[0.6666667,0.4571427,0],"x":0.5,"y":0.5,"a":0.8925,"m":0,"n":0,"r":0,"g":0,"o":0.5,"t":0.5,"e":0.5}}]}]}