{"v":9,"a":[2],"p":[{"b":11,"s":[{"p":[0,0,0],"r":[0,0,0],"s":[0.1000002,0.1000001,0.1000001],"c":[1,1,1]}]},{"b":12,"s":[{"p":[0.09090236,-0.01517539,0.1112558],"r":[337.3466,34.15892,195.5709],"s":[0.06000003,0.06000009,0.06000009],"c":[1,1,1]}]},{"b":17,"s":[{"p":[-0.07456653,-0.0152067,0.1446945],"r":[20.97065,39.83075,272.8046],"s":[0.06000001,0.0600001,0.06000008],"c":[1,1,1]}]},{"b":12,"s":[{"p":[-0.004772536,0.09774649,-0.02526636],"r":[29.17345,357.5619,192.9484],"s":[0.06000002,0.06000011,0.0600001],"c":[1,1,1]}]}]}