{"v":9,"p":[{"b":5,"su":[{"i":"5d3f5c89079aa43dc8780f11","t":"5d3f5d5299c6d62b4a57f0c8","p":[-0.2444839,2.878921,-15.5051],"r":[10.24142,0.9012482,142.5768]}],"s":[{"p":[0,0,0],"r":[0,0,0],"s":[0.1000001,0.1000001,0.1000001],"c":[1,1,1]}]}]}