{"v":9,"a":[50],"p":[{"b":3,"t":3,"c":[[0.07032271,1.943988,1.855654,15,30],[-0.905,-0.019,0.406,20],[-1.773735,0.6629759,1.989654,9],[-0.305,0.474,-0.927,5],[-0.266,0.798,-0.395,17],[-0.589,0.516,-0.407,12],[-0.475,0.572,-0.327,0],[-0.515,-0.177,0.671,2],[0.216,0.756,-0.598,4],[-0.318,0.002,0.901,1,38],[0.591,0.332,0.04,3,35],[0.504,0.191,-1.58,13,31],[-0.354,-0.504,-1.632,8],[0.384,-1.063,-1.348,40],[1.033,-0.541,-1.282,36],[1.018,-0.772,-1.216,35],[-0.099,-1.105,-1.333,6,5,31,13],[-0.777,-0.006,-0.545,7],[-0.743,-0.926,-0.06,10]],"s":[{"p":[-0.003960818,0.0004229606,-0.0003249124],"r":[0.1606208,357.8837,1.122672],"s":[0.1250008,0.1250003,0.1250007],"c":[0,0,0]}]},{"b":180,"t":3,"s":[{"p":[-0.08995624,0.06313523,-0.0454736],"r":[339.0822,1.043777,36.96402],"s":[0.02262754,0.001000003,0.005074379],"c":[1,1,1]}]},{"b":180,"t":3,"s":[{"p":[-0.03751972,0.1048034,-0.04271872],"r":[358.0931,332.0084,35.25763],"s":[0.02262756,0.001000004,0.005074385],"c":[1,1,1]}]}]}