{"v":9,"p":[{"b":12,"s":[{"p":[0,0,0],"r":[0,0,0],"s":[0.06,0.06000022,0.06000021],"c":[1,1,1]}]},{"b":12,"a":[31],"s":[{"p":[0.5599729,4.306545,-0.3105175],"r":[355.3846,1.38469,347.6393],"s":[0.2575001,0.5221677,0.5355295],"c":[1,1,1]}]}]}