{"v":9,"a":[22,20],"p":[{"t1":152,"s":[{"p":[0,0,0],"r":[0,0,0],"s":[0.1750173,3.04107,89.35867],"c":[0.5555556,0.5555556,0.5555556],"t1":{"c":[0.6666667,0.6666667,0.6666667],"x":0.5,"y":0.5,"a":0.8925,"m":0,"n":0,"r":0,"g":0,"o":0.5,"t":0.5,"e":0.5}}]},{"t1":152,"s":[{"p":[0.003559459,-44.78308,9.527575],"r":[270,-1.001792E-05,0],"s":[0.175121,3.222904,2500],"c":[0.5555556,0.5555556,0.5555556],"t1":{"c":[0.6666667,0.6666667,0.6666667],"x":0.5,"y":0.5,"a":0.8925,"m":0,"n":0,"r":0,"g":0,"o":0.5,"t":0.5,"e":0.5}}]}]}