{"v":9,"p":[{"b":138,"e":"A","s":[{"p":[0,0,0],"r":[0,0,0],"s":[0.01694999,0.01694997,0.01695],"c":[0.1142855,1,0]}]}]}