{"v":9,"p":[{"b":59,"t":7,"s":[{"p":[0,0,0],"r":[0,0,0],"s":[0.125,0.1250001,0.125],"c":[0.148148,0.1650791,0.4444443],"b":["when starts then set constant rotation to 0 20 10"]}]}]}