{"v":9,"a":[31],"p":[{"b":3,"i":[{"t":"5d44c3242f26490723d11b95","p":[0.07832552,0.0568939,-0.007463578],"r":[7.604763,353.0549,23.80036],"a":[48]},{"t":"5d44c31d06291f15f30cf18c","p":[0.3708591,0.2022564,-0.04309037],"r":[337.8358,20.05527,41.86829],"a":[48]}],"t1":151,"s":[{"p":[0,0,0],"r":[0,0,0],"s":[0.09338166,0.09338154,0.09338161],"c":[0.691358,0.8719577,0.8888889],"t1":{"c":[0.4444444,0.647619,0.6666667],"x":0.5,"y":0.5,"a":0.8925,"m":0,"n":0,"r":0,"g":0,"o":0.5,"t":0.5,"e":0.5}}]},{"b":3,"s":[{"p":[0.07205121,0.05774547,-0.007008068],"r":[40.90975,347.0385,61.83584],"s":[0.005465883,0.005465777,0.005465868],"c":[1,1,1]}]}]}