{"v":9,"a":[22,18,31],"p":[{"s":[{"p":[0,0,0],"r":[0,0,-7.656432E-20],"s":[0.175,0.1750013,0.1750008],"c":[0.4444443,0.4444443,0.4444443]}]},{"b":5,"t":2,"s":[{"p":[0.00240733,0.001703381,-0.1007867],"r":[1.001791E-05,-1.001791E-05,315],"s":[0.05919218,0.0591931,0.05919135],"c":[1,0,0],"b":["when touches hand then reset area","when touches hand then become next in 0.2s"]},{"p":[0.00240733,0.001703381,-0.1007867],"r":[1.001791E-05,-1.001791E-05,315],"s":[0.05919218,0.0591931,0.05919135],"c":[1,0,0],"b":["when starts then become next in 0.2s"]}]},{"b":132,"t":2,"e":"RESET AREA","s":[{"p":[-0.172635,0.1713161,-0.0942817],"r":[0,0,-1.001791E-05],"s":[0.003000018,0.003000094,0.003000061],"c":[1,1,1]}]}]}