{"v":9,"p":[{"a":[1],"s":[{"p":[0,0,0],"r":[0,0,2.134434E-07],"s":[0.8965721,0.175002,0.5992406],"c":[1,1,1]}]}]}