{"v":9,"a":[7,18],"p":[{"a":[15],"t1":99,"t2":24,"s":[{"p":[0,0,0],"r":[0,0,0],"s":[0.2870596,0.7964875,2.484196],"c":[0.8888889,0.5925926,0.5925926],"t1":{"c":[0.1111111,0.1111111,0.1111111],"x":0.2897406,"y":0.0922668,"a":0,"m":0,"n":1,"r":0.25,"g":0.2193851,"o":0.5,"t":0.5,"e":0.5},"t2":{"c":[0,0,0],"x":0.5,"y":0.5659294,"a":0.8925,"m":0,"n":0,"r":0,"g":0,"o":0.5,"t":0.5,"e":0.5}}]}]}