{"n":"c48","v":9,"a":[1,12,30,36,37,38,39,50],"p":[{"b":134,"e":"9","s":[{"p":[-0.03142215,-0.05989625,0.001849893],"r":[0.04681779,179.9596,180.1624],"s":[0.003489166,0.0034827,0.003489142],"c":[0,0,0]}]},{"im":"797618883347408236/5539682AA74381E2D96153819F9C56F8EAFBDF06/","s":[{"p":[-3.242501E-05,0.0003497601,-0.000530362],"r":[-1.001791E-05,180,180],"s":[0.07518697,0.1081361,0.001],"c":[1,1,1]}]},{"im":"797618883347261479/55457DD6CB8BC4ED2AF0FEB61B4E637AEF359724/","s":[{"p":[0,0,0],"r":[-2.035555E-13,2.426571E-20,-4.310455E-35],"s":[0.0765649,0.1081239,0.001000278],"c":[1,1,1]}]},{"b":134,"e":"9","s":[{"p":[-0.02632952,-0.04665793,0.002576593],"r":[1.003509,177.9113,180.7423],"s":[0.008431425,0.008424969,0.008431446],"c":[0,0,0]}]}]}