{"v":9,"p":[{"b":23,"t":2,"e":"DATALANE ENTRY","s":[{"p":[0,0,0],"r":[0,0,0],"s":[0.006619582,0.006619582,0.006619584],"c":[1,0.1714284,0]}]}]}