{"v":9,"p":[{"a":[1,4],"s":[{"p":[0,0,0],"r":[0,0,0],"s":[0.9692439,0.001,0.726937],"c":[1,1,1]}]}]}