{"v":9,"a":[2,16],"tp_d": 0.5,"p":[{"b":3,"t":23,"a":[3,5],"pr":27,"s":[{"p":[0,0,0],"r":[0,0,8.537735E-07],"s":[0.125,0.125,0.125],"c":[0,0,0],"b":["when starts then become next in 1s","when starts then loop hum 4 with 30"],"pr":{"c":[0,0,0],"a":1}},{"p":[0,0,0],"r":[0,0,8.537735E-07],"s":[0.3367324,0.3367324,0.3367324],"c":[0,0,0],"b":["when starts then set attract 300","when starts then become next in 2s"],"pr":{"c":[0,0,0],"a":1}},{"p":[0,0,0],"r":[0,0,8.537735E-07],"s":[0.3367324,0.3367324,0.3367324],"c":[0,0,0],"b":["when starts then become next in 1s"],"pr":{"c":[0,0,0],"a":1}},{"p":[0,0,0],"r":[0,0,8.537735E-07],"s":[0.001,0.001,0.001],"c":[0,0,0],"b":["when starts then destroy all parts"],"pr":{"c":[0,0,0],"a":1}}]}]}