{"v":9,"p":[{"s":[{"p":[0,0,0],"r":[0,0,0],"s":[0.5095262,0.5718351,0.07415457],"c":[1,1,1]}]},{"s":[{"p":[0.304561,-0.01028089,0.2335093],"r":[359.4542,288.1913,357.9343],"s":[0.5095268,0.5718359,0.07415464],"c":[1,1,1]}]}]}