{"n":"cube torch","v":9,"p":[{"t":1,"s":[{"p":[0.1286294,-0.1164029,-0.1263207],"r":[325.7836,290.8704,67.51615],"s":[0.02429971,0.03099653,0.3026606],"c":[0.3333332,0.3333332,0.3333332],"b":["when let go then destroy all parts "]}]},{"t":3,"a":[36],"s":[{"p":[-0.04398452,0.02201873,-0.05634515],"r":[349.0857,348.6743,7.770862],"s":[0.1750005,0.1750005,0.1750005],"c":[1,1,1],"b":["when triggered then become next in 0.2s"]},{"p":[0.01149977,-0.03051591,-0.0809366],"r":[328.9542,287.9814,69.21778],"s":[0.02743862,0.0307431,0.009997288],"c":[1,1,1],"b":["when triggered then become next in 0.2s"]}]}]}