{"v":9,"a":[7,21],"p":[{"s":[{"p":[0,0,0],"r":[0,0,0],"s":[0.3495528,0.3069023,1.182498],"c":[0.6666667,0.6666667,0.6666667]}]},{"s":[{"p":[0.9133453,-0.04914869,-0.2392044],"r":[0,0,0],"s":[0.3495983,0.3069246,0.8437486],"c":[0.6666667,0.6666667,0.6666667]}]},{"s":[{"p":[0.6405485,-0.964165,-0.3253328],"r":[0,0,1.001791E-05],"s":[0.3496239,0.3069355,0.6553226],"c":[0.6666667,0.6666667,0.6666667]}]}]}