{"v":9,"p":[{"b":8,"s":[{"p":[0,0,0],"r":[0,0,-8.537735E-07],"s":[0.02037846,0.03497269,0.10193],"c":[1,1,1]}]},{"b":14,"s":[{"p":[-0.01470524,-0.1406454,-0.1955493],"r":[12.85415,350.1396,225.7182],"s":[0.06000002,0.06000003,0.06000004],"c":[1,1,1]}]}]}