{"n":"wand","v":9,"p":[{"b":166,"s":[{"p":[0.003567527,-0.004572462,0.02208226],"r":[351.8708,358.7426,1.49904],"s":[0.007293551,0.03000006,0.006387377],"c":[0.4444443,0.3358023,0.09876534]}]},{"b":62,"t":1,"pr":2,"s":[{"p":[0.001217301,0.1519501,-0.000241329],"r":[277.0678,156.4129,166.5569],"s":[0.02089813,0.02434128,0.04479156],"c":[0.2857141,0,1],"pr":{"c":[0.9936507,0.7777778,1],"m":0.25,"a":0.25,"s":0.15,"z":0.3973396,"g":0.5,"h":0.25}}]}]}