{"v":9,"a":[7,18],"p":[{"t1":44,"s":[{"p":[0,0,0],"r":[0,0,0],"s":[4.792726,10.88749,0.1719862],"c":[0.3333331,0.2634918,0.1111109],"t1":{"c":[0.8888889,0.6095237,0],"x":0.4570837,"y":0.1277843,"a":0.8925,"m":0,"n":0.1456933,"r":0.75,"g":0,"o":0.5,"t":0.5,"e":0.5}}]}]}