{"v":9,"a":[7],"p":[{"s":[{"p":[0,0,0],"r":[0,0,0],"s":[6.886251,0.1750793,1556.182],"c":[0,0,0]}]}]}