{"n":"walls","v":9,"a":[22,18],"p":[{"t":10,"t1":44,"s":[{"p":[0,0,0],"r":[-6.106664E-13,4.071111E-13,-2.049057E-05],"s":[5.408815,0.1754856,10.88458],"c":[0.333333,0.2634917,0.1111108],"t1":{"c":[0.8888889,0.6095237,0],"x":0.5,"y":0.1084362,"a":0.8925,"m":0,"n":0,"r":0,"g":0,"o":0.5,"t":0.5,"e":0.5}}]}]}