{"n":"ground","v":9,"a":[1,22],"p":[{"b":17,"s":[{"p":[0,0,0],"r":[0,0,0],"s":[2.952438,0.11062,2.905408],"c":[0.9019608,0.8509804,0.7215686]}]}]}