{"v":9,"a":[7,18,21],"p":[{"b":128,"e":"THECYBERPATRIOT","t1":3,"s":[{"p":[0.03239873,0.2391377,0.03081843],"r":[0,270,270],"s":[0.00462628,0.004621996,0.004626245],"c":[0,0,0],"t1":{"c":[0,0,0],"x":0.17,"y":0.17,"a":0.69625,"m":0.5,"n":0.5,"r":0,"g":0,"o":0.5,"t":0.5,"e":0.5}}]},{"b":13,"t1":3,"s":[{"p":[0,-9.313226E-10,0.007077576],"r":[0,0,-5.008957E-06],"s":[0.02063194,0.166862,0.03820892],"c":[0.7777778,0.5333333,0],"t1":{"c":[1,0.6857142,0],"x":0.7758165,"y":0.7193617,"a":0.75,"m":0.5,"n":0.6952193,"r":0,"g":0,"o":0.5,"t":0.5,"e":0.5}}]}]}