{"v":9,"a":[7,18],"p":[{"b":13,"t1":3,"s":[{"p":[0,0,0],"r":[0,0,0],"s":[0.06000913,0.4853698,0.1111482],"c":[0.7777778,0.5333333,0],"t1":{"c":[1,0.6857142,0],"x":0.665103,"y":0.6450811,"a":0.75,"m":0.5,"n":0.5,"r":0,"g":0,"o":0.5,"t":0.5,"e":0.5}}]},{"b":128,"e":"CONTRIBUTORS","t1":3,"s":[{"p":[0.09424933,0.5850878,0.0896526],"r":[-3.415095E-06,270,270],"s":[0.01345719,0.0134455,0.01345709],"c":[0,0,0],"t1":{"c":[0,0,0],"x":0.17,"y":0.17,"a":0.69625,"m":0.5,"n":0.5,"r":0,"g":0,"o":0.5,"t":0.5,"e":0.5}}]}]}