{"n":"brush","v":9,"a":[2,3],"p":[{"b":169,"s":[{"p":[0,0,0],"r":[0,0,0],"s":[0.01684247,0.05886773,0.02274963],"c":[0.8888889,0.8409171,0.7901235]}]},{"b":168,"t":19,"s":[{"p":[2.62291E-10,0.003000258,0.02044602],"r":[0,0,0],"s":[0.0174484,0.06922718,0.01331824],"c":[1,0.8571429,0],"b":["when triggered then trail start with thick-start","when trigger let go then trail end","when triggered then trail start with thick-end"]}]},{"b":64,"t":1,"s":[{"p":[2.245648E-10,0.002568729,-0.05691149],"r":[0,0,180],"s":[0.03721991,0.03531684,0.03722722],"c":[0.6666667,0.6666667,0.6666667]}]},{"b":144,"t":1,"s":[{"p":[2.245648E-10,0.002568737,-0.1064582],"r":[-7.24451E-06,270,180],"s":[0.04894428,0.01181914,0.01182019],"c":[0.6666667,0.6666667,0.6666667]}]}]}