{"v":9,"a":[7,18],"p":[{"b":5,"s":[{"p":[0,0,0],"r":[0,0,0],"s":[0.9464589,0.9717674,0.1000174],"c":[1,1,1]}]}]}