{"v":9,"a":[7,18],"p":[{"s":[{"p":[0,0,0],"r":[0,0,0],"s":[31.60144,0.1750137,23.61405],"c":[1,1,1]}]}]}