{"n":"stick","v":9,"a":[2,3],"p":[{"b":166,"s":[{"p":[0,0,0],"r":[0,0,0],"s":[0.007224781,0.02870087,0.007224781],"c":[0.5555556,0.4585538,0.2469132]}]},{"b":166,"s":[{"p":[0.01939965,0.04500913,-0.006218076],"r":[358.7668,20.10938,104.086],"s":[0.007224788,0.004873073,0.007224807],"c":[0.5555556,0.4585538,0.2469132]}]}]}