{"n":"holeentr","v":9,"p":[{"b":151,"t":19,"a":[5],"s":[{"p":[0.01886547,-0.02772272,0.06229164],"r":[359.4526,13.34305,175.4836],"s":[0.1665115,0.01479624,0.1763979],"c":[0,0,0],"b":["when touches hand then send one nearby onto mahole","when touches hand then tell any cl1"]}]},{"b":151,"s":[{"p":[0.003514343,-0.06971593,0.023281],"r":[355.0831,334.7736,359.0035],"s":[0.2205594,0.08793657,0.2084313],"c":[0.5851852,0.7777778,0.2592589],"b":["when touches hand then become next in 0.5s"]},{"p":[-0.2674027,0.1043995,0.08249229],"r":[19.71713,13.27067,103.9708],"s":[0.2123706,0.01479609,0.1991743],"c":[0.5851852,0.7777778,0.2592589],"b":["when starts then become next in 5s"]}]}]}