{"v":9,"a":[2,7,14,18],"tp_d": 999999,"tp_ad": 99999,"p":[{"s":[{"p":[0,0,0],"r":[0,0,0],"s":[0.2611156,0.01821317,0.3472547],"c":[1,1,1]}]},{"b":18,"e":"Bring to me the darkness\nWith my soul  I command you\nbreak.","s":[{"p":[-0.1204228,0.01528309,0.1509259],"r":[90,-1.001791E-05,0],"s":[0.001786158,0.00178621,0.001786185],"c":[0,0,0]}]},{"b":20,"e":"FROM ABOVE I CALL LIGHTNING","s":[{"p":[-0.1210546,0.01813173,0.05627514],"r":[90,-1.001791E-05,0],"s":[0.002041911,0.002041918,0.002041913],"c":[0,0,0]}]},{"b":20,"e":"FROM WITHIN I CALL \nPROTECTION","s":[{"p":[-0.1128893,0.02134848,0.01435709],"r":[90,0,0],"s":[0.001979195,0.001979223,0.001979234],"c":[0,0,0]}]}]}