{"v":9,"a":[7,18,31],"p":[{"b":4,"i":[{"t":"5d51ad679239ee21b7a9f55b","p":[0.03648186,-0.01620768,0.06936264],"r":[87.57909,89.41702,148.3976]}],"s":[{"p":[-0.1419058,0.1523063,-0.04385282],"r":[0,0,0],"s":[0.03197706,0.03197901,0.03197804],"c":[1,1,1],"b":["when starts then set constant rotation to 0 500 0"]}]}]}