{"n":"under","v":9,"p":[{"b":10,"t":19,"s":[{"p":[0,0,0],"r":[0,0,1.707547E-06],"s":[0.4199205,0.02658247,0.3115091],"c":[0,0,0],"b":["when touches hand then send one nearby onto mahole"]}]}]}