{"v":9,"a":[7,18],"p":[{"t":1,"s":[{"p":[-0.1815565,-0.2240222,-0.5186674],"r":[48.51843,93.31697,89.04155],"s":[0.03805158,0.8620824,0.02341323],"c":[1,0.8571429,0]}]},{"t":1,"s":[{"p":[-0.03853375,-0.7405566,-0.0929344],"r":[359.3651,4.035038,221.4776],"s":[0.6040497,0.9714618,0.02730426],"c":[1,0.8571429,0]}]},{"t":1,"s":[{"p":[-0.5585617,-0.587955,-0.4763762],"r":[48.51843,93.31697,89.04155],"s":[0.0380654,0.8620852,0.02342078],"c":[1,0.8571429,0]}]},{"t":1,"s":[{"p":[0.03510213,-1.260532,-0.510783],"r":[48.51843,93.31698,89.04156],"s":[0.03807124,0.8620847,0.02342436],"c":[1,0.8571429,0]}]}]}