{"v":9,"a":[22,18],"p":[{"s":[{"p":[3.49246E-10,0.001655579,0],"r":[0,0,-6.830189E-06],"s":[0.1046956,0.06223413,0.006256441],"c":[1,1,1]}]},{"s":[{"p":[0.02601719,0.001655575,0.04217577],"r":[-8.763858E-06,247.5,2.358776E-06],"s":[0.104718,0.062244,0.006256886],"c":[1,1,1]}]}]}