{"v":9,"p":[{"b":4,"s":[{"p":[0,0,0],"r":[0,0,0],"s":[0.01118626,0.008564441,0.02858561],"c":[0.7777778,0.7777778,0.7777778]}]},{"b":5,"s":[{"p":[-0.003082275,-0.0007462539,-0.02685833],"r":[0,180,90],"s":[0.009840902,0.00983687,0.009838332],"c":[0.7777778,0.7777778,0.7777778]}]}]}