{"v":9,"a":[22],"p":[{"b":69,"s":[{"p":[0.006614402,0.007816418,0.1450541],"r":[22.50005,89.99999,90],"s":[0.08707806,0.09814252,0.0870799],"c":[0.7777778,0.5876543,0.1728391],"b":["when starts then all parts face nearest lenz2"]}]},{"b":205,"a":[12],"s":[{"p":[0,0,0],"r":[-1.628444E-12,-6.830189E-06,-1.628444E-12],"s":[0.04500098,0.04500012,0.04500071],"c":[1,1,1]}]}]}