{"v":9,"a":[1,7,18,31],"p":[{"b":144,"a":[23],"s":[{"p":[-0.01224422,-0.005148381,-0.2836919],"r":[0,270,180],"s":[0.1451887,0.1451905,0.1451856],"c":[0.3333331,0.3333331,0.3333331]}]}]}