{"v":9,"a":[2],"p":[{"b":9,"s":[{"p":[-0.09648037,0.1661435,0.06555182],"r":[319.0929,22.46496,21.22268],"s":[0.1250002,0.1250001,0.1250002],"c":[1,1,1]}]},{"s":[{"p":[-0.05449812,0.1208264,0.08258644],"r":[355.2202,346.8919,275.3416],"s":[0.1750004,0.1750002,0.1750004],"c":[1,1,1]}]},{"b":2,"s":[{"p":[-0.08511316,0.3692973,0.07366003],"r":[278.2248,134.9206,250.9637],"s":[0.1250001,0.1250002,0.1250003],"c":[1,1,1]}]}]}