{"v":9,"p":[{"b":174,"s":[{"p":[0,0,0],"r":[0,0,-8.337634E-09],"s":[0.04500002,0.04499999,0.04500006],"c":[1,1,1]}]}]}