{"n":"bearies","v":9,"a":[2,31],"p":[{"b":3,"t":1,"s":[{"p":[0,0,0],"r":[0,0,-1.707547E-06],"s":[0.02035629,0.02035617,0.02035637],"c":[0.5555556,0.1463843,0.0617283],"b":["when consumed then play carrot bite","when consumed then destroy all parts with 0s restore"]}]}]}