{"v":9,"p":[{"b":137,"e":"NERD","s":[{"p":[0,0,0],"r":[0,0,3.415094E-06],"s":[0.005125761,0.00512576,0.005125761],"c":[0.111111,0.111111,0.111111]}]}]}