{"v":9,"a":[33],"p":[{"b":17,"a":[36],"s":[{"p":[0,0,0],"r":[0,0,0],"s":[0.01482176,0.009482868,0.01980181],"c":[0,0.3333332,0.07619045],"b":["when told by body hide me then become next in 0.5s"]},{"p":[0.0700518,-0.1266223,0.004450712],"r":[351.2823,355.4521,5.39944],"s":[0.2771911,0.2781747,0.2840428],"c":[0,0.3333331,0.0761903],"b":["when told by body close hide then become next in 0.5s"]}]}]}