{"v":9,"p":[{"s":[{"p":[0.1024008,-0.7707151,-0.1594727],"r":[18.37782,87.98917,315.8364],"s":[1.006065,0.9371704,0.03107826],"c":[0.3333332,0.1142856,0]}]},{"s":[{"p":[0.7344994,0.514255,1.112908],"r":[34.55021,342.7206,52.44228],"s":[1.006049,0.04832684,0.8026035],"c":[0.3333332,0.1142856,0]}]},{"s":[{"p":[0.3655299,-0.1338141,0.5372018],"r":[23.11665,92.38078,315.6313],"s":[1.006068,0.9371716,0.03107831],"c":[0.3333332,0.1142856,0]}]}]}