{"v":9,"a":[49],"p":[{"b":168,"s":[{"p":[-0.0002141172,-0.001273033,-0.005446213],"r":[346.8533,2.251418,357.7872],"s":[0.01009979,0.01312562,0.02668774],"c":[0.3333332,0.2285713,0]}]},{"b":20,"e":"with hole","s":[{"p":[0.01737564,0.01597537,0.04119451],"r":[76.67165,352.6095,260.6131],"s":[0.002367109,0.002366156,0.002367126],"c":[1,0.6857142,0]}]},{"b":20,"e":"Bread","s":[{"p":[0.043016,0.01501016,0.04041208],"r":[76.67165,352.6094,260.613],"s":[0.003855831,0.003854769,0.003855848],"c":[1,0.6857142,0]}]}]}