{"n":"orange liquid cake","v":9,"a":[2,21],"p":[{"b":5,"s":[{"p":[2.66853E-07,1.583248E-08,0.01274816],"r":[0,0,0],"s":[0.03751229,0.03676903,0.009664569],"c":[0.2222219,0.1523807,0]}]},{"b":5,"t":7,"s":[{"p":[-1.304987E-06,-3.72529E-09,0.01777648],"r":[-1.024528E-05,-3.415094E-06,3.415094E-06],"s":[0.01658845,0.01770415,0.009664799],"c":[1,0,0.3428572]}]},{"b":5,"s":[{"p":[2.578745E-07,2.451707E-07,-0.002125707],"r":[-1.024528E-05,-3.415094E-06,3.415094E-06],"s":[0.03729462,0.03517624,0.02854183],"c":[1,0.8603175,0.5555556],"b":["when consumed then destroy all parts","when consumed then play bite"]}]}]}