{"v":9,"a":[7,31],"p":[{"b":86,"t":3,"s":[{"p":[0,0,0],"r":[0,0,3.828216E-20],"s":[33.42731,33.42731,33.42731],"c":[0,0.9142855,1]}]}]}