{"v":9,"p":[{"b":5,"s":[{"p":[0,0,0],"r":[0,0,0],"s":[0.1000003,0.1000001,0.1000002],"c":[1,1,1]}]},{"b":14,"s":[{"p":[-0.0002398379,0.007652804,0.2677135],"r":[359.5197,0.1041115,317.7536],"s":[0.07647076,0.06000002,0.2232788],"c":[1,1,1]}]}]}