{"v":9,"a":[7,18],"p":[{"s":[{"p":[0,0,0],"r":[0,0,0],"s":[0.03424934,0.05454461,0.04218578],"c":[1,1,1],"b":["when touches hand then tell any begone"]}]}]}