{"v":9,"p":[{"b":168,"s":[{"p":[0,0,0],"r":[0,0,0],"s":[0.007754563,0.01420853,0.006162779],"c":[0.5555556,0.4585538,0.2469125]}]}]}