{"n":"focal point","v":9,"a":[31],"p":[{"b":10,"s":[{"p":[0,0,0],"r":[0,0,-3.415094E-06],"s":[0.01404634,0.01404637,0.01404649],"c":[1,1,1]}]}]}