{"n":"lightsaber","v":9,"a":[2,3,7,18],"p":[{"b":69,"t":2,"t1":168,"s":[{"p":[0.0008848906,0.001036167,0.02856064],"r":[90,180,0],"s":[0.004987813,0.00499117,0.004988574],"c":[1,1,1],"b":["when told extend then become 2 in 0.2s, play lightsword on"],"t1":{"c":[1,1,1],"a":0.05}},{"p":[0.0008848906,0.001036167,0.3445883],"r":[90,180,0],"s":[0.009751744,0.1939244,0.009469945],"c":[1,0,0],"b":["when told retract then become 1 in 0.2s, play lightsword off","when high speed then play lightsword swing 3","when touched then play lightsword hit 5"],"t1":{"c":[1,1,1],"a":0.05}}]},{"b":5,"s":[{"p":[0,0,0],"r":[0,0,0],"s":[0.01043443,0.01043376,0.1678346],"c":[1,1,1],"b":["when triggered then tell extend, become 2 in 0.2s"]},{"p":[0,0,0],"r":[0,0,0],"s":[0.01043443,0.01043376,0.1678346],"c":[1,1,1],"b":["when triggered then tell retract, become 1 in 0.2s"]}]}]}