{"v":9,"a":[2,3,22],"inc":[["bullet","5c683a1b3a80110abf308df5"]],"p":[{"i":[{"t":"5d59d6ebb5db28062c326e6e","p":[-0.03461858,0.220353,0.006092697],"r":[278.9749,151.8626,199.0603]}],"s":[{"p":[0,0,0],"r":[0,0,-3.415094E-06],"s":[0.05294668,0.190994,0.04695109],"c":[1,1,1]}]},{"s":[{"p":[-0.1165473,-0.06847683,0.001457945],"r":[0,-9.659346E-06,270],"s":[0.05295116,0.1909971,0.04695505],"c":[1,1,1],"b":["when told by body hand triggered right then tell any gg"]}]}]}