{"v":9,"p":[{"b":69,"s":[{"p":[-0.02821619,-0.007756859,0.01643433],"r":[284.6021,265.0583,70.84112],"s":[0.03093434,0.1286108,0.04670768],"c":[0.4444443,0.2285713,0]}]},{"b":69,"s":[{"p":[-0.01892645,0.004810037,-0.007161067],"r":[1.427507,359.2095,1.156357],"s":[0.03093434,0.1286108,0.04670769],"c":[0.4444443,0.2285713,0]}]},{"b":69,"s":[{"p":[0.2879781,0.01090044,0.1415835],"r":[11.43117,335.5664,272.8591],"s":[0.04995787,0.3129925,0.04670786],"c":[0.4444443,0.2285713,0]}]},{"b":144,"s":[{"p":[0.8627065,0.02150214,0.3879912],"r":[278.7879,174.3499,346.0172],"s":[0.0129166,0.1977021,0.2478267],"c":[0.4444443,0.2285713,0]}]}]}