{"v":9,"a":[1],"p":[{"s":[{"p":[0,0,0],"r":[0,0,2.134434E-07],"s":[0.1750004,0.1750002,0.1750004],"c":[0,1,1],"b":["when touches hand then tell any web play-lets-raid"]}]}]}