{"n":"lamp base","v":9,"a":[7,31],"p":[{"b":56,"s":[{"p":[-0.004909517,-0.006601453,0.9000767],"r":[0,270,270],"s":[0.107108,0.1070676,0.1071122],"c":[1,1,1]}]},{"b":5,"s":[{"p":[-0.002111436,-0.00475502,-0.008100748],"r":[0,0,1.001791E-05],"s":[0.1000152,0.1000137,2.16057],"c":[1,1,1]}]}]}