{"v":9,"p":[{"a":[1],"s":[{"p":[0,0,0],"r":[0,0,0],"s":[2.619219,0.02572774,2.090848],"c":[1,1,1]}]}]}