{"v":9,"a":[50],"p":[{"b":3,"i":[{"t":"5d5c50bdee2fc2524259530b","p":[0.003690758,-0.02060866,0.01100987],"r":[359.1908,3.847662,33.29362]},{"t":"5d5755a7b905231b65f16ccd","p":[0.008557608,-0.01791835,0.1445115],"r":[0.4865937,32.82775,207.5794],"n":"rleg"}],"s":[{"p":[5.684342E-14,0.08343363,-4.172325E-07],"r":[0,89.99999,0],"s":[0.0289407,0.04442544,0.02150599],"c":[0,0,0]}]}]}