{"v":9,"p":[{"b":14,"c":[[0.027,-1.731,-2.12,32,6,8,6],[0.016,-0.507,-2.185,6,47],[0.018,-3.222,-2.204,2,31],[-0.038,-0.119,2.45,26,2,12,10]],"s":[{"p":[0.08440959,-0.005102031,0.04864365],"r":[358.0318,265.8722,2.591352],"s":[0.06046867,0.001000002,0.06511255],"c":[1,0.1714284,0]}]},{"b":14,"c":[[0.027,-1.731,-2.12,32,6,8,6],[0.016,-0.507,-2.185,6,47],[0.018,-3.222,-2.204,2,31],[0.035,1.351,1.823,26,2,12,10],[0.083,-1.164,2.056,1,24],[0.09,-0.348,1.747,7,42]],"s":[{"p":[0.009685909,0.002239972,0.04874597],"r":[353.0487,356.5194,1.228139],"s":[0.06046873,0.001000004,0.05908375],"c":[1,0.1714284,0]}]}]}