{"n":"wall","v":9,"a":[7,18],"p":[{"s":[{"p":[0,0,0],"r":[0,0,0],"s":[2.644255,0.1750962,13.09192],"c":[0,0,0]}]}]}