{"n":"wall","v":9,"a":[7,18],"p":[{"s":[{"p":[0,0,0],"r":[0,0,0],"s":[3.425751,0.1730108,9.002878],"c":[0.222222,0.2186946,0.1975306]}]}]}