{"n":"floor","v":9,"a":[7,18],"p":[{"s":[{"p":[0,0,0],"r":[0,0,0],"s":[15.83197,0.8764922,7.40641],"c":[0.2222221,0.2222221,0.2222221]}]}]}