{"v":9,"a":[2,3,31],"inc":[["thing","5d5ea480ee2fc25242595369"],["thing 2","5d5ea5045b135f4d4f829eba"]],"p":[{"s":[{"p":[0,0,0],"r":[0,0,0],"s":[0.06158103,0.01033014,0.5286902],"c":[0.9714286,1,0]}]},{"b":139,"e":"BALDI,S GUN","s":[{"p":[0.02044322,0.01294881,0.07852998],"r":[84.63977,115.7231,22.96256],"s":[0.003000005,0.003000002,0.003000007],"c":[1,0,0]}]},{"b":2,"s":[{"p":[0.002054833,-0.002071604,0.2661611],"r":[359.9218,355.2289,92.5244],"s":[0.004655625,0.004655665,0.004655704],"c":[0.9714286,1,0],"b":["when triggered then play blaster rifle shot 2","when triggered then emit gravity-free thing 2"]}]}]}