{"v":9,"a":[1,2],"p":[{"t":2,"t1":16,"s":[{"p":[0,0,0],"r":[0,0,0],"s":[0.04564137,0.03733569,0.1206942],"c":[0,0.01269831,0.222222],"b":["when starts then trail start"],"t1":{"c":[0.2857141,1,0],"x":0.4042999,"y":0.4203269,"a":0.8925,"m":0.5,"n":0.5,"r":0,"g":0,"o":0.5,"t":0.5,"e":0.5}},{"p":[0,0,0],"r":[0,0,0],"s":[0.04564137,0.03733569,0.1206942],"c":[0,0.01269831,0.222222],"t1":{"c":[0.2857141,1,0],"x":0.4042999,"y":0.4203269,"a":0.8925,"m":0.5,"n":0.5,"r":0,"g":0,"o":0.5,"t":0.5,"e":0.5}}]}]}