{"n":"decor","v":9,"a":[7,18],"p":[{"b":73,"t":1,"s":[{"p":[0,0,0],"r":[0,0,0],"s":[0.9226196,0.9226172,0.9226097],"c":[0.111111,0.4666662,1]}]},{"b":73,"t":1,"s":[{"p":[-0.4153523,-0.274683,-0.4048226],"r":[1.001791E-05,1.001791E-05,0],"s":[0.2332399,0.2332335,0.2332161],"c":[0.111111,0.4666662,1]}]},{"b":73,"t":1,"s":[{"p":[-0.6846185,-0.111802,0.360249],"r":[0,1.001791E-05,0],"s":[0.4907771,0.4907559,0.4907542],"c":[0.111111,0.4666662,1]}]}]}