{"v":9,"p":[{"b":59,"s":[{"p":[0,0,0],"r":[0,0,0],"s":[0.04131008,2.686216,0.04404008],"c":[0.3333332,0.3333332,0.3333332]}]},{"b":60,"s":[{"p":[0.004451208,-0.2078714,-0.002398014],"r":[5.500337,73.3251,54.55403],"s":[0.186183,0.1900932,0.1713605],"c":[0,0,0]}]},{"b":60,"s":[{"p":[-0.06437424,-0.1891374,0.09413022],"r":[5.547817,72.80383,323.8786],"s":[0.01127032,0.05265322,0.0712375],"c":[0.3333332,0.3333332,0.3333332]}]},{"b":18,"e":"CANNON\nBALL","s":[{"p":[-0.04547076,-0.1734309,0.1000363],"r":[36.12085,165.2015,6.063509],"s":[0.001000002,0.001000001,0.001000001],"c":[0.5555556,0.5555556,0.5555556]}]}]}