{"v":9,"p":[{"s":[{"p":[0,0,0],"r":[0,0,0],"s":[1.137144,0.1750002,0.1750001],"c":[1,0,0.3428572]}]},{"b":18,"e":"GIVING PRESENTATION","s":[{"p":[-0.4930832,0.171426,0.05786243],"r":[86.40272,233.7118,232.8868],"s":[0.008302384,0.008302382,0.008302389],"c":[0,0,0]}]},{"b":18,"e":"GIVING PRESENTATION","s":[{"p":[-0.496622,0.206346,0.2116628],"r":[82.15387,338.4158,338.5005],"s":[0.008302383,0.008302382,0.008302392],"c":[0,0,0]}]},{"b":18,"e":"GIVING PRESENTATION","s":[{"p":[-0.4797039,0.192921,-0.09353587],"r":[82.02514,198.2329,197.046],"s":[0.008302381,0.00830238,0.008302389],"c":[0,0,0]}]}]}