{"v":9,"a":[22,31],"p":[{"b":69,"i":[{"t":"5d6382ca962c8f4d5cc00e0d","p":[0.008460073,0.1460652,0.003961578],"r":[270,-1.931869E-05,0]}],"s":[{"p":[-0.005841918,0.004944555,0.1467814],"r":[45,270,270],"s":[0.09002615,0.09002452,0.09002419],"c":[0.5520282,0.4320985,0.5555556]}]},{"b":205,"a":[12],"s":[{"p":[-2.173002E-08,2.563716E-15,-2.325694E-08],"r":[3.259363E-06,2.219811E-05,5.445173E-06],"s":[0.04500213,0.04500033,0.04500208],"c":[1,1,1],"b":["when starts then all parts face nearest driver3"]}]}]}