{"v":9,"p":[{"s":[{"p":[0,0,0],"r":[0,0,0],"s":[0.009342842,0.006733655,0.2929139],"c":[0.6666667,0.4571426,0]}]},{"b":3,"s":[{"p":[-0.002985029,0.0001085103,0.1399503],"r":[359.0414,359.4071,85.46706],"s":[0.009568839,0.009127316,0.02162731],"c":[1,0,0]}]}]}