{"v":9,"a":[31],"p":[{"b":69,"s":[{"p":[0,0,0],"r":[0,0,-7.470518E-07],"s":[0.1538892,0.1538891,0.1538886],"c":[0.8888889,0.6433862,0.5925926]}]},{"b":69,"s":[{"p":[0.0134765,-0.1601772,-0.01761712],"r":[3.215782,80.59232,267.7722],"s":[0.1535326,0.1535323,0.1535325],"c":[0.8888889,0.6433862,0.5925926]}]}]}