{"v":9,"a":[1,7,18],"p":[{"b":61,"c":[[-0.61,0.38,0.675,25,3,27,26],[-0.8709749,0.250025,0.669,18,13,34,17],[-0.621,0.250025,0.918975,17,9,24,33],[-0.621,-0.250025,0.918975,5,11,35,26],[-0.8709749,-0.250025,0.669,12,7,45,11]],"s":[{"p":[0,0,0],"r":[0,0,0],"s":[0.1250007,0.04759917,0.125001],"c":[0,0.5714284,1]}]},{"b":61,"t":2,"c":[[-0.621,0.5,0.669,25,3,27,26],[-0.8709749,0.250025,0.669,18,13,34,17],[-0.621,0.250025,0.918975,17,9,24,33],[-0.621,-0.250025,0.918975,5,11,35,26],[-0.8709749,-0.250025,0.669,12,7,45,11]],"s":[{"p":[0,0.006346464,0],"r":[2.544444E-13,-8.537737E-06,3.415095E-06],"s":[0.1158539,0.03844433,0.1158523],"c":[0.6666666,0.8571427,1]}]}]}