{"n":"rob2","v":9,"a":[31],"p":[{"b":3,"s":[{"p":[0,0,0],"r":[0,0,-1.28066E-06],"s":[0.01254171,0.01254176,0.01254177],"c":[1,1,1]}]}]}