{"n":"ground","v":9,"a":[1],"p":[{"b":17,"i":[{"t":"581b3c5ec57fdda713fdca7d","p":[2.13897,1.30406,1.720143],"r":[24.71861,99.17529,231.9983]}],"s":[{"p":[0,0,0],"r":[0,0,0],"s":[56.03881,0.11062,25.48065],"c":[0.9019608,0.8509804,0.7215686]}]}]}