{"v":9,"a":[22,18],"p":[{"b":39,"s":[{"p":[2.384186E-07,0.1067159,-1.86588E-08],"r":[-1.001791E-05,0,1.001791E-05],"s":[0.5188903,0.289454,0.7719141],"c":[0.5555556,0.5555556,0.5555556]}]},{"b":39,"t":3,"a":[36],"s":[{"p":[5.51343E-07,-0.01777363,3.10764E-09],"r":[1.531286E-19,1.001791E-05,-1.751587E-12],"s":[0.4831158,0.131509,0.7360838],"c":[0.8888889,0.8888889,0.8888889],"b":["when told by any rightlight then become 2 in 0.5s"]},{"p":[5.51343E-07,-0.01777363,3.10764E-09],"r":[1.531286E-19,1.001791E-05,-1.751587E-12],"s":[0.4831158,0.131509,0.7360838],"c":[0,0,0],"b":["when told by any rightlight then become 1 in 0.5s"]}]}]}