{"v":9,"a":[7,18,49],"p":[{"b":132,"t":2,"a":[19],"e":"POW!","s":[{"p":[2.737116E-08,-0.0224827,-0.00397325],"r":[1.411336E-12,1.366038E-05,180],"s":[0.003000104,0.003000025,0.003000097],"c":[1,0,0]}]},{"b":205,"a":[12],"s":[{"p":[0,0,0],"r":[4.885331E-12,1.366038E-05,2.646222E-12],"s":[0.04500201,0.04500318,0.001000022],"c":[1,1,1],"b":["when starts then all parts face view","when starts then become next in 1s"]},{"p":[0,0,0],"r":[4.885331E-12,1.366038E-05,2.646222E-12],"s":[0.04500201,0.04500318,0.001000022],"c":[1,1,1],"b":["when starts then destroy all parts"]}]}]}