{"v":9,"p":[{"b":69,"t":19,"s":[{"p":[0,0,0],"r":[0,0,0],"s":[0.07500011,0.07500023,0.075],"c":[0,0.3999995,1]}]}]}