{"n":"ground","v":9,"a":[1],"p":[{"b":3,"s":[{"p":[0,0,0],"r":[0,0,-4.002064E-08],"s":[7.976845,1.460397,16.2982],"c":[1,1,1]}]}]}