{"v":9,"a":[7,18],"p":[{"a":[36],"su":[{"i":"5d7198dd30f36776acfd3873","t":"5d7198dd06579920a9bc85ca","p":[-0.00160718,0.02671814,0.03807163],"r":[0,0,0]}],"s":[{"p":[0,0,0],"r":[0,0,0],"s":[0.1749998,0.1750007,0.1750109],"c":[1,1,1],"b":["when told by any elev1 then become untweened 2"]},{"p":[5.305893,-7.875769,5.301364],"r":[0,0,8.537737E-06],"s":[0.175011,0.1750013,0.1750445],"c":[1,1,1],"b":["when told by any elev3 then become 3 in 10s"]},{"p":[5.305893,-7.875771,70.75139],"r":[0,0,8.537737E-06],"s":[0.1750484,0.1750439,0.1750762],"c":[1,1,1],"b":["when told by any elev2 then become untweened 2","when told by any elev4 then become untweened 1"]}]}]}