{"v":9,"p":[{"b":5,"s":[{"p":[0,0,0],"r":[0,0,0],"s":[0.02332801,0.02410273,0.8622008],"c":[0.7777778,0.7777778,0.7777778]}]},{"b":75,"s":[{"p":[-0.01184958,0.02269647,-0.4088602],"r":[315.1942,259.6118,97.70844],"s":[0.07500016,0.07500039,0.07500026],"c":[0.7777778,0.7777778,0.7777778]}]}]}