{"v":9,"a":[7,12,18,49],"p":[{"b":4,"a":[12,37],"s":[{"p":[0,0,0],"r":[-5.643025E-30,-1.227855E-21,-5.266445E-07],"s":[0.125042,0.1250395,0.1250009],"c":[1,1,1]}]},{"b":140,"t":2,"a":[19],"e":"[typed]","s":[{"p":[0.002708417,-0.02543366,-0.1358788],"r":[-9.604955E-06,-4.215506E-06,180],"s":[0.004692821,0.004692907,0.004692828],"c":[1,1,1],"b":["when starts then all parts face view"]}]}]}