{"v":9,"a":[1,5,22,18],"p":[{"s":[{"p":[0.0003662109,-0.005264282,0.0002331734],"r":[90,-9.659345E-06,0],"s":[0.04888208,0.3441083,0.2397625],"c":[1,0.9682539,0.7777778]}]},{"b":13,"s":[{"p":[0,0,0],"r":[0,0,0],"s":[0.02535854,0.0824619,0.1144416],"c":[0.4444443,0.3724867,0.2962962]}]}]}