{"v":9,"a":[7,18,31],"p":[{"a":[11,12,37],"i":[{"t":"5d75cb79309ea4392c5a76db","p":[-0.07417275,0.004896641,0.08730877],"r":[0,0,90]}],"s":[{"p":[0,0,0],"r":[0,0,0],"s":[0.04336685,0.04336472,0.04336444],"c":[1,1,1],"b":["when starts then become next in 3s"]},{"p":[0,0,0],"r":[0,0,270],"s":[0.04336685,0.04336472,0.04336444],"c":[1,1,1],"b":["when starts then become next in 3s"]},{"p":[0,0,0],"r":[0,0,180],"s":[0.04336685,0.04336472,0.04336444],"c":[1,1,1],"b":["when starts then become next in 3s"]},{"p":[0,0,0],"r":[0,0,90.00001],"s":[0.04336685,0.04336472,0.04336444],"c":[1,1,1],"b":["when starts then become next in 3s"]}]}]}