{"v":9,"a":[7],"p":[{"b":60,"s":[{"p":[0,0,0],"r":[0,0,0],"s":[0.1250129,0.1250225,8.223223],"c":[0.5555556,0.5555556,0.5555556]}]}]}