{"v":9,"a":[22],"p":[{"a":[1],"s":[{"p":[0,0,0],"r":[0,0,0],"s":[1.047754,0.02300243,0.6301497],"c":[1,1,1]}]}]}