{"v":9,"a":[32],"p":[{"s":[{"p":[0.2139454,0.01289688,0.003396034],"r":[358.5038,88.84632,356.4067],"s":[0.1750007,0.1750001,0.1750007],"c":[1,1,1]}]},{"s":[{"p":[3.345704,0.1734186,-1.44874],"r":[357.9711,87.57841,356.4618],"s":[0.1750007,0.1750001,0.1750008],"c":[1,1,1]}]}]}