{"v":9,"a":[7],"p":[{"s":[{"p":[-0.002578244,0.824379,5.148326],"r":[-1.628444E-12,0,0],"s":[2.890033,1.038098,0.1751603],"c":[1,1,1]}]},{"s":[{"p":[-0.002972201,1.426773,5.147207],"r":[-1.001791E-05,-8.75794E-13,1.001791E-05],"s":[2.915181,1.240882,0.1750652],"c":[1,1,1]}]},{"s":[{"p":[1.103447,2.406558,0.5640852],"r":[-1.001792E-05,-8.757944E-13,1.001791E-05],"s":[1.529289,0.1750046,18.9862],"c":[1,1,1]}]},{"b":11,"s":[{"p":[1.116761,2.542508,9.836308],"r":[270,9.659347E-06,0],"s":[0.7816775,0.5625185,0.5075669],"c":[1,1,1]}]}]}