{"v":9,"a":[7,48],"p":[{"s":[{"p":[0,0,0],"r":[0,0,0],"s":[2.870595,0.9682822,10.12411],"c":[1,1,1]}]},{"s":[{"p":[-0.002578244,0.824379,5.148326],"r":[-1.628444E-12,0,0],"s":[2.890033,1.038098,0.1751603],"c":[1,1,1]}]},{"s":[{"p":[-0.002972201,1.426773,5.147207],"r":[-1.001791E-05,-8.75794E-13,1.001791E-05],"s":[2.915181,1.240882,0.1750652],"c":[1,1,1]}]}]}