{"v":9,"p":[{"b":100,"e":"$1","s":[{"p":[0,0,0],"r":[0,0,5.336085E-08],"s":[0.006980846,0.006980847,0.006980848],"c":[0,0.2285712,1]}]}]}