{"v":9,"p":[{"s":[{"p":[0,0,0],"r":[0,0,9.338149E-08],"s":[0.4987339,0.02493594,0.4481196],"c":[1,0,0]}]}]}