{"v":9,"p":[{"b":107,"e":"SET OF ARROWS","s":[{"p":[0,0,0],"r":[0,0,1.417398E-07],"s":[0.004306028,0.004306027,0.004306029],"c":[0,1,0.2285714]}]}]}