{"v":9,"p":[{"b":18,"e":"BOMB","s":[{"p":[0,0,0],"r":[0,0,0],"s":[0.005532144,0.005532143,0.005532145],"c":[1,0.6857142,0]}]}]}