{"v":9,"a":[1,7,13,18],"p":[{"t":1,"s":[{"p":[0,0,0],"r":[0,0,0],"s":[0.9718708,0.06877362,1.945602],"c":[0.5555556,0.5555556,0.5555556],"b":["when hears open then tell opendo, then become 2 in 0.2"]},{"p":[0,0,0],"r":[0,0,0],"s":[0.9718708,0.06877362,1.945602],"c":[0.5555556,0.5555556,0.5555556],"b":["when hears close then tell opendo, then become 1 in 0.2"]}]},{"b":5,"s":[{"p":[4.768372E-07,-0.001277924,0.5807992],"r":[270,0,0],"s":[0.2166785,0.1210604,0.1000327],"c":[1,1,1]}]},{"b":140,"e":"CHRISTOPHER JHON RAMOS\n    INCORPERATED","s":[{"p":[-0.2741489,0.04257107,0.6108333],"r":[90,-4.829673E-06,0],"s":[0.004717724,0.004716901,0.004717757],"c":[0,0,0]}]}]}