{"v":9,"a":[7,18,31],"p":[{"s":[{"p":[0,0,0],"r":[90,180,0],"s":[0.05129813,0.03844578,0.05129717],"c":[0,0.7428569,1]}]},{"b":205,"t":2,"a":[12,36],"s":[{"p":[0,0,0],"r":[-8.757938E-13,-1.001791E-05,-1.001791E-05],"s":[0.01228761,0.01228902,0.01228883],"c":[0,0.7428569,1],"b":["when starts then all parts face nearest kneer","when starts then project with 100% reach","when starts then show line with 0.05 width"]}]}]}