{"n":"basic right hand","v":9,"a":[7,12,18,27,31],"p":[{"s":[{"p":[0,0,0],"r":[1.707547E-05,90,270],"s":[0.05516322,0.02952991,0.01176083],"c":[0,0.7428569,1]}]},{"b":205,"t":2,"a":[12,36],"s":[{"p":[0,0,0],"r":[1.043109E-12,5.236328E-06,-8.14222E-13],"s":[0.007783668,0.007783018,0.007783838],"c":[0,0.7428569,1],"b":["when starts then all parts face nearest elbowr","when starts then project with 100% reach","when starts then show line with 0.05 width"]}]}]}