{"v":9,"a":[7,12,18],"p":[{"s":[{"p":[0,-0.003499746,0],"r":[0,0,0],"s":[1.527142,0.1887267,3.792449],"c":[0.7777778,0.7777778,0.7777778]}]}]}