{"n":"lil kitty","v":9,"p":[{"b":69,"t1":46,"s":[{"p":[0.06686603,-0.07585269,-0.005625593],"r":[13.29157,161.326,196.2205],"s":[0.01489197,0.01999206,0.01489187],"c":[0.7777778,0.5876543,0.1728394],"t1":{"c":[0,0,0],"x":0.5,"y":0.5,"a":0.8925,"m":0,"n":0,"r":0,"g":0,"o":0.5,"t":0.5,"e":0.5}}]},{"b":69,"t1":46,"s":[{"p":[0.06162975,-0.123637,-0.008630247],"r":[348.1615,174.1876,175.8421],"s":[0.01489198,0.01999215,0.01489192],"c":[0.7777778,0.5876543,0.1728394],"t1":{"c":[0,0,0],"x":0.5,"y":0.5,"a":0.8925,"m":0,"n":0,"r":0,"g":0,"o":0.5,"t":0.5,"e":0.5}}]},{"b":69,"s":[{"p":[0.05197006,-0.1613896,-0.0116197],"r":[7.620296,188.645,254.0498],"s":[0.01174352,0.01156438,0.01521339],"c":[1,1,1]}]}]}