{"n":"lil kitty","v":9,"p":[{"b":69,"t1":46,"s":[{"p":[0.06511951,-0.08218998,-0.06626435],"r":[10.10216,24.6984,170.7467],"s":[0.01489196,0.01999204,0.01489186],"c":[0.7777778,0.5876543,0.1728394],"t1":{"c":[0,0,0],"x":0.5,"y":0.5,"a":0.8925,"m":0,"n":0,"r":0,"g":0,"o":0.5,"t":0.5,"e":0.5}}]},{"b":69,"t1":46,"s":[{"p":[0.06351417,-0.1370458,-0.07246145],"r":[358.7364,31.41085,192.3963],"s":[0.01489201,0.0199921,0.01489189],"c":[0.7777778,0.5876543,0.1728394],"t1":{"c":[0,0,0],"x":0.5,"y":0.5,"a":0.8925,"m":0,"n":0,"r":0,"g":0,"o":0.5,"t":0.5,"e":0.5}}]},{"b":69,"s":[{"p":[0.05176158,-0.1730892,-0.067336],"r":[2.291972,199.4697,253.77],"s":[0.01174351,0.01156436,0.01521337],"c":[1,1,1]}]}]}