{"n":"round","v":9,"a":[2,3,7,18],"p":[{"b":144,"t":1,"s":[{"p":[0,0,0],"r":[0,0,0],"s":[0.02265256,0.05735394,0.05735485],"c":[1,0.8571429,0]}]},{"b":144,"t":1,"s":[{"p":[-0.1080025,9.44187E-09,-5.960465E-08],"r":[0,0,-5.008957E-06],"s":[0.1410522,0.05735492,0.05735571],"c":[1,0.8571429,0]}]},{"b":181,"t":1,"s":[{"p":[-0.191655,1.6755E-08,-5.960465E-08],"r":[270,90,0],"s":[0.03600039,0.03600012,0.03600119],"c":[0.7777778,0.7777778,0.7777778]}]},{"b":144,"t":7,"a":[12],"s":[{"p":[-0.1341534,-1.172807E-08,-5.960465E-08],"r":[0,0,5.008957E-06],"s":[0.2341698,0.0623058,0.06230405],"c":[1,1,1],"b":["when touches 1 then destroy all parts with 0s restore"]}]}]}