{"n":"ground","v":9,"a":[1],"p":[{"b":17,"s":[{"p":[0,0,0],"r":[0,0,-1.884305E-07],"s":[3.904834,0.11062,3.201104],"c":[0.9019608,0.8509804,0.7215686]},{"p":[0,0,0],"r":[0,0,-1.884305E-07],"s":[3.363348,0.11062,3.201104],"c":[0.9019608,0.8509804,0.7215686]},{"p":[0,0,0],"r":[0,0,-1.884305E-07],"s":[3.363348,0.11062,3.201104],"c":[0.9019608,0.8509804,0.7215686]}]}]}