{"v":9,"p":[{"b":5,"t":1,"s":[{"p":[0,0,0],"r":[0,0,0],"s":[0.01529119,0.05215004,0.1000003],"c":[0.9714286,1,0]}]}]}