{"n":"ground","v":9,"a":[1,7],"p":[{"b":17,"s":[{"p":[0,0,0],"r":[0,0,0],"s":[78.52695,0.119782,2500],"c":[0.3555554,0.7777778,0]}]}]}