{"v":9,"p":[{"a":[1],"s":[{"p":[0,0,0],"r":[0,0,0],"s":[2.500344,0.1828957,1.197948],"c":[1,1,1]}]}]}