{"v":9,"a":[31],"p":[{"b":196,"s":[{"p":[-0.3756059,-0.04046258,0.3492334],"r":[43.00811,60.96048,5.780549],"s":[0.003824289,0.01744693,0.01961934],"c":[0.4691358,0.7777778,0.3456789]}]}]}