{"v":9,"p":[{"b":33,"s":[{"p":[0,0,0],"r":[0,0,0],"s":[0.3852647,0.1566792,0.1412494],"c":[1,1,1]}]}]}