{"v":9,"p":[{"b":183,"c":[[-7.3,0.2,-5,21,75],[7.1,-0.1,-6.2,67,40],[1.2,-2.3,-2.1,47,23,35],[1.3,-2.6,-0.3,106],[1.4,-2.1,1.7,71,23,16],[1.7,-1.5,1.6,64,29],[1.4,-1.4,-2.5,40,29],[2,-1.9,0.9,66,43],[-1.5,-1.5,-2,22,23],[-1.4,-2.4,0.8,119],[-1.4,-2.5,-0.6,99],[-1.5,-1.5,1.9,16,72],[-1.3,-2,1.6,19,76,21],[-1.2,-2.2,-2.2,23,23,51],[-1.3,-2.5,-1.6,98],[0.4,-2,-2.1,42,61],[-0.6,-2,-2.1,43,58],[0.2,-2.5,-1.4,102],[-1.7,2,-0.1,1],[-1.7,1.9,0.8,5],[1.4,1.9,-1.2,30,20],[1.8,1.8,-0.6,49],[1.9,1.8,0.6,53]],"s":[{"p":[0.5126806,-0.03878729,-0.9002738],"r":[357.5423,105.7969,358.4703],"s":[0.07408227,0.07847518,0.0301864],"c":[1,1,1],"b":["when touched then play button click 3"]},{"p":[0,0,0],"r":[0,0,0],"s":[0.07408217,0.07847509,0.03018637],"c":[1,1,1]},{"p":[0,0,0],"r":[0,0,0],"s":[0.07408217,0.07847509,0.03018637],"c":[1,1,1]},{"p":[0,0,0],"r":[0,0,0],"s":[0.07408217,0.07847509,0.03018637],"c":[1,1,1]}]}]}