{"v":9,"p":[{"b":156,"s":[{"p":[0,0,0],"r":[0,0,0],"s":[6.114582,0.001579657,9.01941],"c":[0.6687831,0.8888889,0.2962962]}]},{"b":10,"t":10,"t1":130,"t2":27,"c":[[1.792,0.062,0.727,1],[1.5,-1.709,1.456,2],[-0.311,-1.711,0.885,19],[-1.204,-0.85,0.732,20],[1.268,1.074,0.277,4],[-1.012,0.071,0.688,16,7],[-1.317,0.143,-0.133,15,7],[-0.208,1.243,-0.346,9],[0.907,1.145,-0.309,5],[1.574,0.161,-0.311,0],[-0.955,0.815,-0.275,12],[-0.223,0.763,0.706,10],[1.194,-1.074,-0.349,3],[0.875,-0.645,-0.987,8],[-0.219,-1.003,-0.999,26],[-0.009,-1.518,-0.65,18],[-0.746,-0.93,-0.177,21]],"s":[{"p":[-0.2150332,-1.619832,1.560807],"r":[71.8045,318.2787,312.4529],"s":[0.1250285,0.1250149,0.1250205],"c":[0.2469134,0.5555556,0.1234567],"t1":{"c":[0,0.4444444,0.1015873],"x":0.5,"y":0.5,"a":0.8925,"m":0,"n":0,"r":0,"g":0,"o":0.5,"t":0.5,"e":0.5},"t2":{"c":[0,0,0],"x":0.5,"y":0.5,"a":0.8925,"m":0,"n":0,"r":0,"g":0,"o":0.5,"t":0.5,"e":0.5}}]},{"b":48,"t":10,"t1":130,"t2":34,"c":[[0.317,0.658,0.78,282,2,55],[0.055,0.443,0.507,242,2,39,4],[0.164,0.523,0.238,205,3,38,5],[0.429,0.539,0.435,245,3,38,5],[0.432,0.348,0.133,169,3,38,5],[0.43,0.263,0.144,209,3,38,5],[0.475,0.311,0.118,129,3,38,5],[0.647,0.325,-0.046,49,3,38,5],[0.538,0.313,0.035,89,3,38,5],[0.451,0.177,-0.327,9,3,38,5],[0.097,0.459,0.143,165,3,38,5],[0.124,0.477,-0.058,125,3,38,5],[0.08,0.363,-0.224,85,3,38,5],[0.138,0.402,-0.322,45,3,38,5],[0.219,0.349,-0.497,5,3,38,5],[-0.035,0.436,0.349,202,2,39,4],[-0.074,0.466,0.182,162,2,39,4],[-0.091,0.41,-0.195,82,2,39,4],[-0.113,0.427,0.002,122,2,39,4]],"sa":178,"s":[{"p":[-0.3369146,-1.507701,1.663699],"r":[36.3835,178.688,182.6119],"s":[0.1833099,0.1250007,0.125001],"c":[0.2469134,0.5555556,0.1234567],"t1":{"c":[0,0.4444444,0.1015873],"x":0.5,"y":0.5,"a":0.8925,"m":0,"n":0,"r":0,"g":0,"o":0.5,"t":0.5,"e":0.5},"t2":{"c":[0,0,0],"x":0.5,"y":0.5,"a":0.8925,"m":0,"n":0,"r":0,"g":0,"o":0.5,"t":0.5,"e":0.5}}]},{"b":48,"t":10,"t1":130,"t2":34,"c":[[0.317,0.658,0.78,282,2,55],[0.055,0.443,0.507,242,2,39,4],[0.164,0.523,0.238,205,3,38,5],[0.429,0.539,0.435,245,3,38,5],[0.432,0.348,0.133,169,3,38,5],[0.43,0.263,0.144,209,3,38,5],[0.475,0.311,0.118,129,3,38,5],[0.647,0.325,-0.046,49,3,38,5],[0.538,0.313,0.035,89,3,38,5],[0.451,0.177,-0.327,9,3,38,5],[0.097,0.459,0.143,165,3,38,5],[0.124,0.477,-0.058,125,3,38,5],[0.08,0.363,-0.224,85,3,38,5],[0.138,0.402,-0.322,45,3,38,5],[0.219,0.349,-0.497,5,3,38,5],[-0.035,0.436,0.349,202,2,39,4],[-0.074,0.466,0.182,162,2,39,4],[-0.091,0.41,-0.195,82,2,39,4],[-0.113,0.427,0.002,122,2,39,4],[0.578,-0.338,0.059,133,3,38,5],[0.386,-0.26,0.352,173,3,38,5],[0.373,-0.257,0.397,213,3,38,5],[0.444,-0.318,0.393,257,3,38,5],[0.596,-0.328,0.072,93,3,38,5],[0.61,-0.298,0.012,53,3,38,5],[0.687,-0.154,-0.015,13,3,38,5],[0.092,-0.427,0.003,137,3,38,5],[0.15,-0.315,0.192,177,3,38,5],[0.147,-0.336,0.339,217,3,38,5],[0.119,-0.396,-0.2,97,3,38,5],[0.179,-0.359,-0.383,57,3,38,5],[0.384,-0.225,-0.65,17,3,38,5],[0.182,-0.099,-0.938,31,1,292],[0.353,-0.214,-0.857,27,1,294],[0.453,-0.08,-0.828,22,2,297],[0.219,-0.296,0.967,306,3,21],[0.208,-0.369,1.165,310,3,20]],"sa":178,"s":[{"p":[-0.1260321,-1.509922,1.740895],"r":[38.55515,130.9635,342.7343],"s":[0.1833105,0.1250014,0.1250015],"c":[0.2469134,0.5555556,0.1234567],"t1":{"c":[0,0.4444444,0.1015873],"x":0.5,"y":0.5,"a":0.8925,"m":0,"n":0,"r":0,"g":0,"o":0.5,"t":0.5,"e":0.5},"t2":{"c":[0,0,0],"x":0.5,"y":0.5,"a":0.8925,"m":0,"n":0,"r":0,"g":0,"o":0.5,"t":0.5,"e":0.5}}]},{"b":54,"t":10,"t1":130,"t2":27,"s":[{"p":[-0.345738,-1.583488,1.561946],"r":[36.83279,171.6828,279.0496],"s":[0.03650267,0.1250005,0.04470227],"c":[0.2469134,0.5555556,0.1234567],"t1":{"c":[0,0.4444444,0.1015873],"x":0.5,"y":0.5,"a":0.8925,"m":0,"n":0,"r":0,"g":0,"o":0.5,"t":0.5,"e":0.5},"t2":{"c":[0,0,0],"x":0.5,"y":0.5,"a":0.8925,"m":0,"n":0,"r":0,"g":0,"o":0.5,"t":0.5,"e":0.5}}]},{"b":54,"t":10,"t1":130,"t2":27,"s":[{"p":[-0.07433119,-1.586565,1.676236],"r":[43.30213,156.4438,273.2625],"s":[0.03650279,0.1250008,0.04470239],"c":[0.2469134,0.5555556,0.1234567],"t1":{"c":[0,0.4444444,0.1015873],"x":0.5,"y":0.5,"a":0.8925,"m":0,"n":0,"r":0,"g":0,"o":0.5,"t":0.5,"e":0.5},"t2":{"c":[0,0,0],"x":0.5,"y":0.5,"a":0.8925,"m":0,"n":0,"r":0,"g":0,"o":0.5,"t":0.5,"e":0.5}}]},{"b":46,"t":10,"t1":130,"t2":27,"c":[[0.139,0.301,0.928,314,3,18],[-0.236,0.533,-0.102,121,37,2,39],[-0.296,0.389,0.213,161,37,2,39],[-0.29,0.356,0.476,201,37,2,39],[0.092,0.615,-0.616,41,37,2,39],[0.01,0.539,-0.79,1,37,2,39],[-0.14,0.501,-0.293,81,37,2,39],[-0.431,0.238,0.002,154,3,38,1],[-0.145,0.189,0.806,274,3,38,1],[-0.166,0.324,0.744,241,37,2,39],[0.732,-0.221,-0.218,18,5,297],[0.401,-0.373,-0.502,22,2,297],[0.156,-0.345,-0.754,27,1,294],[0.007,-0.211,-0.844,31,1,292],[-0.05,0.092,-0.789,35,1,290],[0.13,0.332,-0.764,0,39,289],[0.307,-0.277,0.612,306,3,21],[-0.012,-0.168,0.788,310,3,20],[0.538,-0.369,0.556,301,4,26],[-0.193,0.155,-0.776,34,3,38,1]],"s":[{"p":[-0.2056233,-1.589747,1.605408],"r":[7.231923,246.9243,182.7662],"s":[0.2582631,0.1818628,0.1944471],"c":[0.2469134,0.5555556,0.1234567],"t1":{"c":[0,0.4444444,0.1015873],"x":0.5,"y":0.5,"a":0.8925,"m":0,"n":0,"r":0,"g":0,"o":0.5,"t":0.5,"e":0.5},"t2":{"c":[0,0,0],"x":0.5,"y":0.5,"a":0.8925,"m":0,"n":0,"r":0,"g":0,"o":0.5,"t":0.5,"e":0.5}}]},{"b":180,"t":10,"s":[{"p":[-0.3151757,-1.573486,1.701258],"r":[64.10538,99.76579,39.85117],"s":[0.007135483,0.02770024,0.02324962],"c":[0.8444445,1,0.2222221]}]},{"b":180,"t":10,"s":[{"p":[-0.1619433,-1.573969,1.743136],"r":[58.10085,226.4407,144.4488],"s":[0.007135493,0.02770031,0.02324969],"c":[0.8444445,1,0.2222221]}]},{"b":180,"t":10,"s":[{"p":[-0.2866306,-1.61423,1.697416],"r":[47.55623,100.5664,36.80551],"s":[0.007135485,0.02770025,0.02324964],"c":[0.8444445,1,0.2222221]}]},{"b":180,"t":10,"s":[{"p":[-0.1849581,-1.611159,1.729418],"r":[44.96153,236.0633,153.4554],"s":[0.007135492,0.02770028,0.02324966],"c":[0.8444445,1,0.2222221]}]},{"b":180,"t":10,"s":[{"p":[-0.3462296,-1.614555,1.65682],"r":[55.71413,86.86634,53.20096],"s":[0.007135504,0.02770044,0.0232498],"c":[0.8444445,1,0.2222221]}]},{"b":157,"t":10,"t1":130,"t2":34,"s":[{"p":[-0.2739582,-1.578816,1.640998],"r":[67.33765,161.3571,197.2496],"s":[0.08000052,0.08000018,0.08000044],"c":[0.2469133,0.5555556,0.1234566],"t1":{"c":[0,0.4444444,0.1015873],"x":0.5,"y":0.5,"a":0.8925,"m":0,"n":0,"r":0,"g":0,"o":0.5,"t":0.5,"e":0.5},"t2":{"c":[0,0,0],"x":0.5,"y":0.5,"a":0.8925,"m":0,"n":0,"r":0,"g":0,"o":0.5,"t":0.5,"e":0.5}}]},{"b":157,"t":10,"t1":130,"t2":27,"s":[{"p":[-0.1448154,-1.574972,1.671818],"r":[69.79758,155.8788,158.8656],"s":[0.08000017,0.08000007,0.08000021],"c":[0.2469134,0.5555556,0.1234567],"t1":{"c":[0,0.4444444,0.1015873],"x":0.5,"y":0.5,"a":0.8925,"m":0,"n":0,"r":0,"g":0,"o":0.5,"t":0.5,"e":0.5},"t2":{"c":[0,0,0],"x":0.5,"y":0.5,"a":0.8925,"m":0,"n":0,"r":0,"g":0,"o":0.5,"t":0.5,"e":0.5}}]},{"b":180,"t":10,"s":[{"p":[-0.1206,-1.61762,1.725332],"r":[64.02252,201.3695,101.2862],"s":[0.007135505,0.02770037,0.02324977],"c":[0.8444445,1,0.2222221]}]},{"b":88,"t":10,"s":[{"p":[-0.3608363,-1.622448,1.644598],"r":[296.765,273.8859,301.4014],"s":[0.002160877,0.01616693,0.01124684],"c":[0.2469134,0.5555556,0.1234567]}]},{"b":167,"t":10,"t1":130,"t2":27,"s":[{"p":[-0.2255539,-1.462915,1.726493],"r":[40.93682,41.72644,221.1953],"s":[0.04500038,0.07470302,0.04710747],"c":[0.2469134,0.5555556,0.1234567],"t1":{"c":[0,0.4444444,0.1015873],"x":0.5,"y":0.5,"a":0.8925,"m":0,"n":0,"r":0,"g":0,"o":0.5,"t":0.5,"e":0.5},"t2":{"c":[0,0,0],"x":0.5,"y":0.5,"a":0.8925,"m":0,"n":0,"r":0,"g":0,"o":0.5,"t":0.5,"e":0.5}}]},{"b":88,"t":10,"s":[{"p":[-0.1042303,-1.622481,1.727236],"r":[60.18111,207.2782,286.8314],"s":[0.002160861,0.01511228,0.01124679],"c":[0.2469134,0.5555556,0.1234567]}]},{"b":180,"t":10,"s":[{"p":[-0.3023762,-1.551282,1.709972],"r":[54.81435,90.50285,30.06414],"s":[0.007135498,0.02770038,0.0232497],"c":[0.2469134,0.5555556,0.1234567]}]},{"b":180,"t":10,"s":[{"p":[-0.1904211,-1.595768,1.716929],"r":[9.481715,108.0083,28.88135],