{"v":9,"a":[7,18],"p":[{"a":[12,37],"i":[{"t":"5d8edbd3a997d87fe66e670e","p":[0.00801108,-0.03984673,-0.08850144],"r":[279.2288,262.116,99.79632]}],"s":[{"p":[0.2031355,0.0123933,-0.4506001],"r":[355.6739,359.0522,49.53781],"s":[0.1001592,0.1001619,0.1001601],"c":[1,1,1],"b":["when starts then become 2 in 2"]},{"p":[0.2031355,0.0123933,-0.4506001],"r":[355.6739,359.0522,49.53781],"s":[0.1001592,0.1001619,0.1001601],"c":[1,1,1],"b":["when starts then become 3 in 1"]},{"p":[0.0924263,0.002763808,-0.4630385],"r":[355.674,359.0522,4.537941],"s":[0.1001642,0.1001764,0.1001715],"c":[1,1,1],"b":["when starts then become 4 in 4"]},{"p":[0.0924263,0.002763808,-0.4630385],"r":[355.674,359.0522,4.537941],"s":[0.1001642,0.1001764,0.1001715],"c":[1,1,1],"b":["when starts then become 1 in 1"]}]}]}