{"v":9,"a":[2,3,7,18],"inc":[["gun bullet","5d59db29a662451b6b8bac3b"],["thing","5d90a563309ea4392c5a8103"],["thing 2","5d90a5ec309ea4392c5a8104"]],"p":[{"s":[{"p":[-0.02772016,0.01768999,-0.1275898],"r":[7.432653,13.21653,330.218],"s":[0.03697215,0.0371309,0.1043997],"c":[0.4444443,0.4021163,0.148148]}]},{"s":[{"p":[0.02616159,-0.02087671,-0.07648931],"r":[7.432654,13.21653,330.2179],"s":[0.167229,0.06334665,0.04915259],"c":[0.222222,0.222222,0.222222]}]},{"b":4,"s":[{"p":[0.1123471,-0.06888715,-0.0994132],"r":[29.50693,107.4505,8.548118],"s":[0.02097272,0.02055457,0.01210583],"c":[0.4571431,0,1],"b":["when starts then become 2 in 0.1s","when starts then emit thing with 40"]},{"p":[0.1065758,-0.08363158,0.01196133],"r":[37.3419,101.9222,7.287662],"s":[0.02096875,0.02055077,0.01210487],"c":[0.4571431,0,1],"b":["when starts then become 1 in 0.1s"]}]}]}