{"v":9,"p":[{"t":15,"i":[{"t":"58ea3c80846f4f341098e57c","p":[-1.510203,-1.085667,-1.187229],"r":[32.68287,81.57359,144.519]},{"t":"58ea3c80846f4f341098e57c","p":[-1.631946,-1.446167,-1.206291],"r":[331.7713,80.31441,345.823],"a":[2]}],"s":[{"p":[0,0,0],"r":[0,0,0],"s":[0.06619847,0.001,0.5904672],"c":[0.1142857,0,1]}]}]}