{"v":9,"p":[{"b":69,"s":[{"p":[0.01413574,-0.01438379,-0.01769423],"r":[37.09916,23.60211,276.5362],"s":[0.07500017,0.0750002,0.07500011],"c":[0,0,0]}]},{"b":69,"s":[{"p":[-0.1675787,-0.05419991,0.03049999],"r":[346.6201,0.1324668,301.707],"s":[0.07500025,0.0750002,0.07500006],"c":[0,0,0]}]},{"b":69,"s":[{"p":[0.1888878,0.05141433,-0.08528361],"r":[28.59035,25.34306,303.55],"s":[0.07500036,0.07500031,0.07500018],"c":[0,0,0]}]}]}