{"n":"farm","v":9,"d":"This should be a sub-thing of the hand. Before adding it as a sub-thing, however, you can add a custom arm as a sub-thing to this piece.","a":[1,12,21],"p":[{"b":69,"s":[{"p":[0.0001208219,-0.0001011323,0.01791135],"r":[90,180,0],"s":[0.005716197,0.0104826,0.005715442],"c":[0,0,0]}]},{"b":69,"s":[{"p":[0.0001216885,-9.974465E-05,0.02653934],"r":[90,180,0],"s":[0.006849094,0.003550122,0.006848545],"c":[0.2469127,0.4444437,0.2920629]}]},{"b":69,"s":[{"p":[0.0001220526,-9.963755E-05,0.01398176],"r":[90,-1.086676E-05,0],"s":[0.005948452,0.007632446,0.005947318],"c":[0.2469127,0.4444437,0.2920629]},{"p":[0.0001220526,-9.963755E-05,0.01398176],"r":[90,-1.086676E-05,0],"s":[0.0001122062,0.000112206,0.0001122056],"c":[0.2469127,0.4444436,0.2920628]}]}]}