{"v":9,"a":[7,18],"p":[{"t":3,"s":[{"p":[0,0,0],"r":[0,0,6.157171E-14],"s":[0.13143,0.0343123,2.669291],"c":[0.9936507,1,0.7777778]}]}]}