{"v":9,"p":[{"a":[12,37],"pr":19,"s":[{"p":[0,0,0],"r":[0,0,0],"s":[0.1929801,0.1750003,0.001],"c":[0.1975306,0.4444442,0.253968],"pr":{"c":[0.2031745,0.4444444,0],"m":0.25,"a":0.06336871,"s":0.2613804,"z":0.05624485,"g":0.3819008,"h":0.25}}]}]}