{"v":9,"a":[1,22,18],"p":[{"s":[{"p":[0,0,0],"r":[0,0,0],"s":[0.9091348,0.02879788,1.891684],"c":[0.5555556,0.4056436,0.2469135],"b":["when touched then become 2 in 1s"]}]}]}