{"v":9,"p":[{"b":5,"s":[{"p":[0,0,0],"r":[0,0,8.537737E-07],"s":[0.03676017,0.03798508,0.0442866],"c":[0.5555556,0.5555556,0.5555556]}]},{"b":5,"s":[{"p":[0.001045669,-9.748619E-05,-0.01152289],"r":[0.02590848,0.8913651,8.57157],"s":[0.02867072,0.02866492,0.04428666],"c":[1,0.111111,0.111111],"b":["when touched then become 2 in 0.2s","when touches hand then play crowd laughter"]},{"p":[0.001045669,-9.748619E-05,-0.01152289],"r":[0.02590847,0.8913654,8.571572],"s":[0.02867072,0.02866492,0.01720219],"c":[1,0.1111109,0.1111109],"b":["when starts then become 1 in 0.2s"]}]}]}