{"v":9,"a":[7],"p":[{"b":5,"c":[[-0.5,0.465,0.435,21,43],[-1.54,0.309,0.525,23,40,14],[-0.239,1.413,0.431,19,46,-48,49],[-0.1,-0.1,0.4,62,16,-5,3,-21,20],[-0.702,-0.29,0.4,25,36],[0,0,-0.2,20,17,-19,17,-19,20,-12,15,-13,15,-13,14,9,-38,19,8,9,5,-49,39,-43,42,-41,46,-34,32,-40,41,-17,20,-39,42,-44,36,7,-30,16,-4],[-0.971,-1.231,0.416,27,33,-31,30],[-0.079,-0.698,0.369,31,27],[0.914,-1.195,0.288,12,21,23,-46,47],[0.531,-0.3,0.4,8,62],[1.269,0.506,0.385,4,67,-71,72,-65,61,-65,66,5],[0.213,0.475,0.4,15,52]],"s":[{"p":[0,0,0],"r":[0,0,0],"s":[0.1000732,0.1000954,0.1000769],"c":[1,1,1]}]}]}