{"v":9,"p":[{"a":[1],"s":[{"p":[0,0,0],"r":[0,0,0],"s":[0.9726909,0.001,0.556074],"c":[1,1,1]}]}]}