{"v":9,"a":[22,31],"p":[{"b":2,"s":[{"p":[0,0,0],"r":[0,0,0],"s":[2.492207,2.492022,2.491918],"c":[0.7777778,0.6691358,0.4320987]}]}]}