{"v":9,"p":[{"b":10,"c":[[0,45.6,0,9],[0.8,-0.8,-0.5,3]],"s":[{"p":[0,0,0],"r":[0,0,1.707547E-06],"s":[0.1250002,0.1250001,0.1250002],"c":[1,1,1]}]}]}