{"v":9,"p":[{"b":69,"t":13,"s":[{"p":[0,0,0],"r":[0,0,-5.336085E-08],"s":[0.03100868,0.02637423,0.02987741],"c":[0.8888889,0.733686,0.3950616]}]},{"b":71,"s":[{"p":[-0.01527655,-0.1086544,-0.0550966],"r":[38.7919,20.00881,230.7102],"s":[0.001000001,0.001000001,0.001000001],"c":[1,1,1]}]}]}