{"v":9,"a":[7,18,31],"p":[{"s":[{"p":[0,0,0],"r":[0,0,0],"s":[0.1750243,0.1750206,0.1750176],"c":[1,1,1]}]}]}