{"v":9,"p":[{"b":176,"t1":12,"t2":12,"s":[{"p":[-0.0004790167,0.01055476,0.0103556],"r":[1.18837,357.6385,0.4131771],"s":[0.2271266,0.0450008,0.2828233],"c":[0.4444443,0.388007,0.04938262],"t1":{"c":[0.04938267,0.2222221,0.1185184],"x":0.17,"y":0.17,"a":0.8925,"m":0.5,"n":0.5,"r":0,"g":0,"o":0.5,"t":0.5,"e":0.5},"t2":{"c":[0.07407402,0.3333333,0.1777777],"x":0.17,"y":0.17,"a":0.8925,"m":0.5,"n":0.5,"r":0,"g":0,"o":0.5,"t":0.5,"e":0.5}}]},{"b":168,"t1":12,"t2":12,"s":[{"p":[0.006197773,0.04095751,-0.002872721],"r":[1.18838,357.6385,0.4131772],"s":[0.2288152,0.001000045,0.2746833],"c":[0.4444443,0.4091709,0.1975307],"t1":{"c":[0.04938267,0.2222221,0.1185184],"x":0.17,"y":0.17,"a":0.8925,"m":0.5,"n":0.5,"r":0,"g":0,"o":0.5,"t":0.5,"e":0.5},"t2":{"c":[0.07407402,0.3333333,0.1777777],"x":0.17,"y":0.17,"a":0.8925,"m":0.5,"n":0.5,"r":0,"g":0,"o":0.5,"t":0.5,"e":0.5}}]}]}