{"v":9,"a":[22,18],"p":[{"b":14,"s":[{"p":[0.02522969,-0.004619597,-0.01212359],"r":[270,180,0],"s":[0.005670495,0.005665509,0.02794306],"c":[0.3368605,0.5555556,0.3086419]}]},{"b":9,"s":[{"p":[0.02755404,0.03206445,-0.01428377],"r":[0,0,-9.659346E-06],"s":[0.03902036,0.07589352,0.001000669],"c":[0.4716049,0.7777778,0.4320987]}]}]}