{"v":9,"p":[{"b":132,"e":"UNINSTALLING","s":[{"p":[0,0,0],"r":[0,0,0],"s":[0.001586965,0.001586964,0.001586966],"c":[1,0.4444443,0.6349207]}]}]}