{"v":9,"p":[{"b":3,"t":19,"t1":168,"s":[{"p":[0,0,0],"r":[0,0,0],"s":[0.125,0.1250001,0.1250001],"c":[0,0,0],"t1":{"c":[0,0,0],"a":0}}]}]}