{"n":"i-leader","v":9,"a":[22,12,18,48,49],"p":[{"b":2,"i":[{"t":"5da22b45288c857ffcc870c8","p":[0,0,0],"r":[-1.502687E-05,270,180]},{"t":"5da22e30c18f7c062653248a","p":[0.05558396,-9.718609E-09,7.450581E-09],"r":[-4.07111E-13,270,1.001791E-05]}],"s":[{"p":[0,0,0],"r":[-4.071109E-13,0,0],"s":[0.02058554,0.001,0.05271104],"c":[1,1,1],"b":["when starts then all parts face someone else"]}]}]}