{"v":9,"p":[{"b":45,"s":[{"p":[0,0,0],"r":[0,0,0],"s":[0.1250001,0.9050286,0.2233216],"c":[0.6666667,0.4507936,0.2222221]}]}]}