{"v":9,"a":[2,3],"inc":[["bullet","5da375fd50a88f062ad4c6de"],["bullet 2","5da3771b0132ae06244465d5"]],"p":[{"b":14,"s":[{"p":[-0.1102319,-0.003065273,0.09316178],"r":[1.552131,264.8051,359.6336],"s":[0.06000949,0.06000753,0.05571617],"c":[1,1,1]}]},{"b":14,"s":[{"p":[0.0108731,-0.004638277,0.003655159],"r":[355.5703,353.966,0.6389749],"s":[0.06000005,0.06000006,0.03058971],"c":[1,1,1]}]},{"b":4,"a":[37],"s":[{"p":[-0.3107615,0.001263142,0.08495709],"r":[357.1652,272.359,29.61632],"s":[0.02606801,0.02639641,0.03725717],"c":[1,1,1],"b":["when triggered then emit bullet with 10"]}]}]}