{"n":"bullet","v":9,"p":[{"b":14,"s":[{"p":[0,0,0],"r":[0,0,0],"s":[0.02172318,0.0214783,0.01256992],"c":[1,1,1]}]}]}