{"v":9,"a":[7,18],"p":[{"s":[{"p":[0,0,0],"r":[0,0,0],"s":[0.2928865,0.01097049,0.3223529],"c":[0,0,0],"b":["when told by nearby busy then become 2","when told by nearby soon then become 3","when told by nearby on way then become 4"]},{"p":[0,0,0],"r":[0,0,0],"s":[0.2928865,0.01097049,0.3223529],"c":[1,0,0],"b":["when starts then become 1 in 5s"]},{"p":[0,0,0],"r":[0,0,0],"s":[0.2928865,0.01097049,0.3223529],"c":[0.9714286,1,0],"b":["when starts then become 1 in 5s"]},{"p":[0,0,0],"r":[0,0,0],"s":[0.2928865,0.01097049,0.3223529],"c":[0.1142856,1,0],"b":["when starts then become 1 in 5s"]}]}]}