{"v":9,"p":[{"s":[{"p":[0,0,0],"r":[0,0,4.268868E-07],"s":[0.5714813,0.1750019,0.1414626],"c":[1,1,1]}]}]}