{"v":9,"a":[2,9,15],"tp_d": 0.02,"p":[{"b":9,"s":[{"p":[-0.004143447,-0.061828,0.06103142],"r":[2.499561,355.6832,0.4438561],"s":[0.1250002,0.1250003,0.1250002],"c":[1,1,1]}]},{"b":9,"s":[{"p":[0.009597644,-0.0317903,0.1137791],"r":[356.7981,1.804347,0.08724272],"s":[0.1250001,0.1250002,0.1250001],"c":[1,1,1]}]},{"b":9,"s":[{"p":[0.371476,-0.1404746,0.1242091],"r":[52.00607,335.6907,246.0304],"s":[0.1250003,0.1250004,0.1250004],"c":[1,1,1]}]}]}