{"n":"heart","v":9,"a":[1,7,12,18],"p":[{"b":5,"t":9,"c":[[0,0.634,-0.384,16,20],[9.17539E-05,0.634975,0.4151453,17,49],[0.4,1,-0.4,14,32],[0.4009352,1.000801,0.3991065,15,52],[-0.4,1,-0.4,18,17],[-0.4006357,1.000909,0.3991033,19,46],[1.271,0.671,-0.384,2,46],[1.271923,0.6714732,0.4150688,3,66,5],[-1.293247,0.619224,-0.3840002,22,16],[-1.294987,0.6175445,0.4150713,23,40,14],[-0.8999999,1,-0.4,20],[-0.9,1,-0.4,37],[-0.9003178,1.000897,0.3990342,21,43],[0.8999999,1,-0.4,6],[0.9004109,1.000816,0.3990332,7,61],[0.9,1,-0.4,47],[1.3,-0.4,-0.4,5,39],[0,-1.7,-0.4,13,19,8,9,5],[9.2309E-05,-1.700894,0.3991513,12,21,23]],"s":[{"p":[0,0,0],"r":[0,0,0],"s":[0.07839726,0.06524184,0.1000091],"c":[1,0,0],"b":["when starts then set constant rotation to 0 20 0"]}]}]}