{"n":"bitbot anchor","v":9,"a":[22,12],"p":[{"b":53,"c":[[-0.8,0.3,0,9,19,33],[-0.4,0.3,0.7,24,3,33],[0.4,0.3,0.7,20,3,36],[0.8,0.3,0,16,3,39],[0.4,0.3,-0.7,12,3,42],[-0.4,0.3,-0.7,10,1,44],[0,-1.4,0,56,-55]],"s":[{"p":[0,7.450581E-09,-0.08562935],"r":[2.732076E-05,270,90.00001],"s":[0.03817066,0.01646923,0.03817308],"c":[0.5555556,0.5555556,0.5555556]}]},{"b":52,"t":2,"s":[{"p":[0,7.450581E-09,-0.08082665],"r":[-4.781133E-05,90,90],"s":[0.02916035,0.01487517,0.02916069],"c":[0,1,1]}]},{"b":61,"t":9,"a":[22],"s":[{"p":[0,7.450581E-09,-0.07065851],"r":[1.366038E-05,-5.008958E-06,1.93492E-06],"s":[0.08184549,0.08183089,0.02606145],"c":[1,0.5142855,0]}]},{"s":[{"p":[0,1.862645E-09,-0.01475185],"r":[0,0,0],"s":[0.02397351,0.02397822,0.09337459],"c":[0.5555556,0.5555556,0.5555556]}]}]}