{"v":9,"a":[7],"p":[{"b":5,"t":1,"s":[{"p":[0,0,0],"r":[0,0,0],"s":[0.01215177,0.01215239,1.344359],"c":[0.5555556,0.5555556,0.5555556]}]}]}