{"v":9,"a":[48,49],"p":[{"pr":31,"s":[{"p":[0,0,0],"r":[0,0,-6.670107E-08],"s":[0.7869403,0.175,0.6945129],"c":[1,1,1],"pr":{"c":[0.2222221,0.1410934,0.09876537],"m":0.3170964,"a":0.06239653,"s":0.0803993,"z":0.169248,"g":0.5,"h":0.6948701}}]}]}