{"v":9,"p":[{"a":[29,30],"s":[{"p":[0,0,0],"r":[0,0,0],"s":[0.175,0.175,0.1750001],"c":[0.2222221,0.2067018,0.1728394]}]}]}