{"v":9,"p":[{"b":68,"s":[{"p":[0,0,0],"r":[0,0,0],"s":[0.06479602,0.09828129,0.03730587],"c":[0.7777778,0.7506173,0.691358]}]},{"b":68,"s":[{"p":[-0.001684388,-0.05514946,-0.04521888],"r":[340.7406,2.694992,358.1571],"s":[0.05780538,0.06463001,0.06748398],"c":[0.7777778,0.7506173,0.691358]}]},{"b":68,"s":[{"p":[-0.03733007,0.09667544,-0.001018234],"r":[11.188,1.302329,2.964692],"s":[0.02863428,0.04009228,0.03031104],"c":[0.7777778,0.7506173,0.691358]}]},{"b":68,"s":[{"p":[0.02346848,0.09021575,-0.001511771],"r":[9.71921,356.3873,348.1692],"s":[0.04924416,0.04009244,0.03031113],"c":[0.7777778,0.7506173,0.691358]}]}]}