{"v":9,"a":[2,3,22,18],"p":[{"t":11,"s":[{"p":[-0.01361845,0.1201005,-0.05195899],"r":[292.5,180,90.00003],"s":[0.02709867,0.1182748,0.01874909],"c":[0.3456788,0.4021162,0.4444442]}]},{"t":11,"s":[{"p":[-0.03697203,0.1157058,-0.06256873],"r":[292.5,180,90.00002],"s":[0.02046363,0.1182787,0.01859468],"c":[0.3456788,0.4021162,0.4444442]}]},{"b":38,"t":11,"s":[{"p":[0.02308657,0.1162155,-0.0666077],"r":[6.830189E-06,90,247.5],"s":[0.007606748,0.003693226,0.00369214],"c":[0.3456788,0.4021162,0.4444442]}]}]}