{"v":9,"a":[7,18],"p":[{"a":[11,36],"i":[{"t":"5c40e82b8e2c761e014289aa","p":[0.06447601,-0.8414936,-0.3111929],"r":[0,0,90.00001]}],"s":[{"p":[0,0,0],"r":[0,0,0],"s":[0.02403463,0.03290688,0.04337593],"c":[1,1,1],"b":["when told by any weapons332 then become next in 15","when told by any weapons332 then play chain on wood with high-pitch stretch","when told by any weapons332 then play blip beep with 200"]},{"p":[0,-0.008144498,1.410166],"r":[0,0,0],"s":[0.02403554,0.03290844,0.04337912],"c":[1,1,1],"b":["when hears closedoor then become 1 in 10"]}]}]}