{"n":"light orb","v":9,"p":[{"b":2,"s":[{"p":[-1.910229,0.5994591,-0.2209482],"r":[352.1937,10.53649,318.0096],"s":[1.406539,0.2536129,1.504142],"c":[0.451499,0.3950616,0.8888889]}]},{"b":2,"s":[{"p":[-2.90551,1.701918,-0.3364379],"r":[21.45817,28.9913,297.4925],"s":[1.406545,0.2536139,1.504148],"c":[0.451499,0.3950616,0.8888889]}]},{"b":2,"s":[{"p":[0.1381305,0.07305506,-0.01246864],"r":[354.5599,16.50368,2.383711],"s":[1.406539,0.2536132,1.504143],"c":[0.451499,0.3950616,0.8888889]}]},{"b":9,"t":3,"s":[{"p":[-0.8532836,4.592035,-1.932429],"r":[15.85433,302.0433,121.7844],"s":[0.1250002,0.1250003,0.1250002],"c":[0.9714286,1,0]}]}]}