{"v":9,"a":[49],"p":[{"s":[{"p":[0,0,0],"r":[-6.723467E-06,7.514059E-14,-1.28066E-06],"s":[0.2674211,0.09208765,0.3402185],"c":[1,1,1]}]}]}