{"v":9,"p":[{"b":5,"s":[{"p":[-0.02230842,-0.09049957,-0.04664823],"r":[0.04256101,2.292348,353.2198],"s":[0.1000002,0.1230548,0.2051556],"c":[0.1142855,1,0]}]},{"b":14,"s":[{"p":[-0.03441054,-0.1284142,-0.07448435],"r":[291.3194,280.1677,350.6951],"s":[0.06000067,0.06000078,0.07400639],"c":[0.5555556,0.5555556,0.5555556]}]},{"b":14,"s":[{"p":[-0.07809045,-0.0964123,0.007001763],"r":[284.9578,267.9586,1.569096],"s":[0.06000086,0.06000096,0.09258506],"c":[0.5555556,0.5555556,0.5555556]}]}]}