{"n":"ground","v":9,"p":[{"s":[{"p":[-1.760911,-1.962564,-0.1801817],"r":[300.4684,130.4439,53.24553],"s":[19.3801,0.1099916,14.74103],"c":[0,0.4444443,0.1777776]}]}]}