{"v":9,"p":[{"b":31,"t":2,"s":[{"p":[0,0,0],"r":[-8.537737E-07,9.243487E-15,-1.24064E-06],"s":[0.1250001,0.1250001,0.1250002],"c":[1,1,1]}]}]}