{"n":"rasangun","v":9,"a":[1,2,13,14,20],"p":[{"b":3,"a":[12],"pr":58,"s":[{"p":[-0.003176402,-0.1354256,-0.01881266],"r":[75.55632,345.116,320.0927],"s":[0.1447133,0.144581,0.148293],"c":[0,1,1],"pr":{"c":[1,1,1],"m":0.25,"a":0.25,"s":0.15,"z":1,"g":0.5,"h":0.25}}]},{"b":73,"t":9,"pr":60,"t1":10,"s":[{"p":[-0.01045763,-0.1115605,-0.01560944],"r":[354.2083,3.093061,15.14792],"s":[0.2250006,0.2250007,0.2250002],"c":[0.222222,0.2666662,1],"b":["when let go then all parts face empty hand","when let go then propel forward with 5"],"t1":{"c":[0,0.5714284,1],"a":0},"pr":{"c":[0,0.5714284,1],"m":0.3561072,"a":0.25,"s":0,"z":0.25,"g":0.5,"h":0.5001777}}]}]}