{"v":9,"a":[7],"p":[{"b":61,"s":[{"p":[0.003849025,-0.04821683,-0.004173681],"r":[359.9802,-1.554551E-05,-4.852661E-06],"s":[0.125001,0.1250004,0.1250002],"c":[1,0.5142855,0]}]},{"s":[{"p":[0,-2.058087E-11,-5.960464E-08],"r":[359.9801,-0.0003598861,-4.299359E-05],"s":[0.09493442,0.04458776,0.04372748],"c":[0,0,0]}]},{"b":53,"t":2,"a":[32],"s":[{"p":[-0.02094269,0.01976754,-0.0006559193],"r":[-6.169849E-06,270,0.01978118],"s":[0.01495833,0.01406017,0.01081934],"c":[0,1,0.9142858]}]}]}