{"v":9,"p":[{"s":[{"p":[0,0,0],"r":[0,0,0],"s":[0.8687441,0.175,0.9622586],"c":[1,1,1]}]}]}