{"v":9,"a":[22],"p":[{"b":225,"c":[[0.1146767,1.569683,-0.2244451,87],[-0.3103804,2.430892,-0.1926942,97],[0.2358879,1.484708,0.002056513,79],[-0.118043,3.339511,-0.0370353,91],[-0.2299374,2.678965,-0.2479284,92],[-0.5040339,-0.02119095,-0.1651599,49,53],[-0.5260668,-0.2590739,-0.06215141,47,54],[-0.5175996,-0.03159635,-0.1511766,28,20],[-0.4974924,-0.8899023,-0.001430779,27,19],[-0.5038368,4.933761,0.2160808,45,55],[-0.2962321,1.996969,-0.001374191,96],[0.1177702,1.20912,0.004016511,86],[0.5117586,1.094612,0.03130014,68,10],[0.4675399,1.757914,0.2606302,70,6],[0.4957028,0.4184282,0.2494437,0,71],[0.3036257,0.3078224,0.2531866,3],[0.4393884,0.5064188,-0.1779832,64,16],[0.5713277,-0.1695368,-0.1862367,6,59],[0.2835606,0.5932789,-0.2555214,81]],"cx":0,"s":[{"p":[0.05791521,21.33361,-0.08335519],"r":[0,0,180],"s":[5.826834,0.5644317,12.21254],"c":[0.4444442,0.4373895,0.3950615]}]},{"b":225,"c":[[0.0993636,1.710595,-0.240652,87],[-0.3802592,1.295524,-0.1384502,97],[0.269915,2.489612,-0.02934756,79],[0.02056023,1.754915,-0.01900307,91],[-0.2270208,1.772034,-0.2443363,92],[-0.4909641,0.06892084,-0.1684911,49,53],[-0.5260668,-0.2590739,-0.06215141,47,54],[-0.5175996,-0.03159635,-0.1511766,28,20],[-0.4974924,-0.8899023,-0.001430779,27,19],[-0.5038368,4.933761,0.2160808,45,55],[-0.4044247,0.8851675,-0.02677738,96],[0.1222619,1.78546,0.0281068,86],[-0.3573005,-0.7811483,-0.2755273,23],[0.3690861,1.045741,-0.2873617,81],[0.5982259,0.1248141,0.02431322,68,10]],"cx":0,"s":[{"p":[-0.1902981,-0.05377582,-0.0285449],"r":[0,0,1.024528E-05],"s":[5.591482,0.4038906,12.06336],"c":[0.4444441,0.4373894,0.3950614]}]},{"b":225,"c":[[0.09449355,-0.5081489,-0.5190073,13],[-0.01128254,0.1155807,-0.5158636,14,45],[0.1049508,-0.7896391,0.2904083,11],[0.1325517,-0.7646468,0.5027053,10,24],[0.1030026,-0.7671432,0.006840212,12],[-0.31396,-0.7169428,0.2791457,21],[-0.3218318,-0.8448032,0.5124508,20,18],[-0.3201744,-1.055074,0.003826682,22],[-0.3068525,-0.8399554,-0.2744628,23],[-0.3083318,-0.7354611,-0.5027465,24,29],[-0.1017545,0.139883,-0.5156331,19,38],[-0.09988159,-0.1875691,-0.2435375,18],[-0.09983057,-0.3315124,-0.01014926,17],[-0.08153887,0.1900544,0.5289758,15,21],[-0.1009293,-0.3054935,0.2214068,16],[0.1543461,-0.7217043,-0.5285372,7]],"cx":0,"s":[{"p":[-0.03474426,14.1991,2.401711],"r":[-1.366038E-05,90,90],"s":[47.30368,1.655608,5.150008],"c":[0.444444,0.4373893,0.3950613]}]},{"b":225,"c":[[-0.114361,4.003724,-0.2493319,92],[0.2921402,1.312756,-0.2379969,81],[0.09400842,1.956896,-0.01313686,86],[-0.1642586,6.565686,-0.7493849,56,37],[0.1098406,23.82858,-0.744426,62,5,15],[1.094812,-42.5801,-1.411886,8,55,3],[1.59867,-45.48015,-0.6518474,6,59],[0.3669211,4.350769,-0.3188348,64,16],[0.5120475,-1.777221,-0.001510814,4,65],[0.1340463,12.87236,-0.5009929,60,23],[0.1331316,23.1995,-0.7053902,58,30],[0.07481043,12.18543,-0.4815701,9,52]],"s":[{"p":[11.78594,4.221843,1.202214],"r":[8.421017,339.0589,65.94104],"s":[8.686352,0.1751497,11.73713],"c":[0.4444443,0.4373896,0.3950616]}]},{"b":225,"c":[[-0.2825451,2.552819,-0.2492518,97],[-0.6229894,-0.4580368,-0.2764434,49,53],[-0.5710594,2.775506,-0.706453,51,4,48],[-0.2542487,0.6032279,-0.7161999,52,46],[-0.3048418,-0.8815728,-0.5321983,24,29],[0.2332872,0.6814415,-0.714685,56,37],[0.4086207,0.2925123,-0.6841679,58,30],[0.4629488,-1.174385,-0.7074631,60,23],[0.6079107,-2.093953,-0.7114507,62,5,15],[0.4995282,-1.746558,-0.5078484,8,55,3],[-0.5214478,9.241451,-0.002127781,47,54],[0.08927999,3.705266,-0.2623675,87],[-0.3026366,2.602135,-0.006050573,96],[0.3335371,2.349648,0.0150979,79],[0.1380952,8.421293,0.04335711,85],[-0.184088,13.51186,0.05791398,95],[-0.02975575,10.32974,0.03587954,90],[-0.2684951,17.98256,0.06565034,45,55],[1.072477,-26.4737,-0.7391714,64,16],[1.367487,-5.615792,-0.0284888,68,10],[0.4504288,-6.849844,-0.2651189,6,59]],"cx":0,"s":[{"p":[8.333993,2.388093,1.492362],"r":[0,0,22.50001],"s":[8.692522,0.1752206,11.74226],"c":[0.4444442,0.4373895,0.3950615]}]},{"b":225,"c":[[0.1013958,-0.7140124,-0.2549701,13],[0.1118949,-1.039161,-0.5141991,14,45],[0.1049508,-0.7896391,0.2904083,11],[0.08276704,-2.636544,0.7185994,10,24],[0.1030026,-0.7671432,0.006840212,12],[-0.3135796,-0.7257559,0.2863793,21],[-0.3093693,-2.736032,0.7773376,20,18],[-0.3187983,-0.7412446,0.01409755,22],[-0.3068525,-0.8399554,-0.2744628,23],[-0.3083318,-0.7354611,-0.5027465,24,29],[-0.1619765,0.1286023,-0.5586827,19,38],[-0.09988159,-0.1875691,-0.2435375,18],[-0.09952559,-0.4069614,-0.01499169,17],[0.005293246,-2.585813,1.578689,15,21],[-0.1000643,-0.2671878,0.2585153,16]],"cx":0,"s":[{"p":[9.217933,17.08947,2.567063],"r":[-2.732076E-05,90,90],"s":[47.29864,1.655559,11.26957],"c":[0.444444,0.4373893,0.3950613]}]},{"b":225,"c":[[0.5167494,1.294008,-0.2642715,64,16],[0.4365427,5.560462,-0.09996611,68,10],[0.3127642,-0.05878308,-0.02616165,79],[0.445782,2.110346,-0.1047394,4,65],[0.1981407,17.66445,0.03263807,70,6],[0.1027828,0.5237604,0.005159102,86],[-0.7046056,-7.689826,-0.6758926,52,46],[-0.4331467,-1.749553,-0.703733,51,4,48],[-0.07796201,-0.2563619,-0.6901848,56,37],[0.1500585,-0.4523051,-0.6791298,58,30],[0.2970996,-0.2193319,-0.6757814,60,23],[0.2943339,-0.9142271,-0.5247954,9,52],[0.5095264,1.498876,-0.677519,62,5,15],[-0.4408841,-5.441517,-0.6711881,29,21,4],[-0.3222611,3.707053,0.06758982,96],[-0.3866236,5.098026,-0.1467409,97],[0.1297967,2.560508,-0.2631419,87],[0.3347872,2.843397,-0.2361873,81],[0.1358069,18.11094,0.09490895,77],[-0.1378241,10.62787,0.1021101,90],[-0.2917913,9.523754,0.111019,95],[0.02937446,13.19434,0.09531679,85],[-1.232033,-19.41234,-0.02496362,47,54],[-1.241752,-61.10702,-0.6324126,49,53],[-1.596881,-71.26804,-0.2035263,28,20],[-0.4940363,-1.03886,-0.00499202,27,19]],"cx":0,"s":[{"p":[6.751781,18.10776,1.095256],"r":[0,0,135],"s":[8.684471,0.175128,11.73598],"c":[0.4444443,0.4373896,0.3950616]}]}]}