{"v":9,"a":[22,18],"p":[{"b":83,"s":[{"p":[6.29425E-05,0.2516289,2.980232E-08],"r":[0,0,-4.829673E-06],"s":[7.417043,1.34461,5.567654],"c":[0.3333331,0.3333331,0.3333331]}]},{"b":83,"s":[{"p":[9.536743E-07,0.2502308,5.066395E-07],"r":[0,0,2.414837E-06],"s":[7.13321,1.074882,5.283978],"c":[0.222222,0.222222,0.222222]}]},{"s":[{"p":[0.01948166,-0.05405617,6.452621],"r":[2.544444E-14,1.072403E-21,180],"s":[21.40287,0.7336735,4.996219],"c":[0.333333,0.333333,0.333333]}]}]}