{"n":"temptely2","v":9,"a":[22],"p":[{"t":7,"s":[{"p":[0,0,0],"r":[0,0,0],"s":[0.08587885,0.07891783,0.04271215],"c":[0,0.9142855,1],"b":["when touches hand then send one nearby onto temptely1"]}]},{"s":[{"p":[0.01313012,-0.39505,-0.7388545],"r":[-2.189484E-13,9.570542E-21,180],"s":[0.7421352,0.7321239,0.02250931],"c":[1,1,1]}]}]}