{"n":"bottle","v":9,"a":[7,18,31],"p":[{"b":92,"e":"BOTTLE","s":[{"p":[-0.06664562,0.0002624989,0.1469988],"r":[90,-9.659345E-06,0],"s":[0.003001538,0.003000368,0.003001548],"c":[1,1,1]}]},{"b":92,"e":"BOTTLE","s":[{"p":[0.06666183,-0.002902269,0.1477665],"r":[270,180,0],"s":[0.003004023,0.003001114,0.003003867],"c":[1,1,1]}]},{"s":[{"p":[6.67572E-05,0.0003570318,0.06121796],"r":[0,0,270],"s":[0.002797991,0.002795263,0.1074498],"c":[0.3950616,0.4317459,0.4444443]}]},{"b":5,"s":[{"p":[0.00020504,0.0003246069,0.004352629],"r":[0,0,90],"s":[0.003155543,0.003159966,0.003159406],"c":[0.3950616,0.4317459,0.4444443]}]}]}