{"v":9,"p":[{"s":[{"p":[0,0,0],"r":[0,0,0],"s":[0.1750003,0.1750006,0.1750009],"c":[1,1,1],"b":["when touched then play piano2 a sharp 2"]},{"p":[0,0,0],"r":[0,0,0],"s":[0.1750003,0.1750006,0.1750009],"c":[1,1,1],"b":["when triggered then call me "]}]}]}