{"v":9,"a":[2,3],"inc":[["megalaser bolt","5dbf1bab4bff4c1c64637051"],["megalaser bolt 2","5dbf1cc66508a310d89bd59f"]],"p":[{"b":2,"s":[{"p":[0,0,0],"r":[0,0,0],"s":[0.1250003,0.1250002,0.1250002],"c":[1,1,1],"b":["when triggered then emit gravity-free megalaser bolt 2 with 1000"]}]}]}