{"n":"temptely5","v":9,"a":[22],"p":[{"s":[{"p":[0,0,0],"r":[0,0,0],"s":[0.07753161,0.08983591,0.05957451],"c":[0.9714285,0,1],"b":["when touches hand then send one nearby onto temptely6"]}]},{"s":[{"p":[-0.2912388,0.0173834,-0.6525168],"r":[0,270,270],"s":[0.6997646,0.0620408,0.6997647],"c":[1,1,1]}]}]}