{"v":9,"p":[{"t":7,"s":[{"p":[0,0,0],"r":[0,0,0],"s":[0.7047348,0.2318739,0.821272],"c":[0,0,0]}]},{"t":7,"s":[{"p":[-0.0166999,0.0195156,-0.00492458],"r":[0.1860268,0.03348885,1.229734],"s":[0.7047347,0.231874,0.8212726],"c":[0,0,0]}]},{"t":7,"s":[{"p":[-0.01147411,0.0179051,-0.01204965],"r":[2.125276,1.810826,1.610279],"s":[0.7047347,0.2318739,0.8212717],"c":[0,0,0]}]}]}