{"v":9,"a":[49],"p":[{"b":167,"t":7,"s":[{"p":[0,0,0],"r":[0,0,0],"s":[7.945165,10.19187,9.820336],"c":[0.626455,0.8888889,0.5925926]}]}]}