{"v":9,"a":[31,50],"p":[{"b":3,"i":[{"t":"5cf9d79058d1de773550da33","p":[0.008810149,0.0008873498,-0.009002908],"r":[353.1609,7.437509,340.2242],"n":"teach4"},{"t":"5cf9d766362cf27728567df4","p":[-0.1168254,-0.05582939,-0.2551087],"r":[336.452,347.8755,326.2978],"n":"teach3","a":[48]}],"t1":135,"s":[{"p":[0,0,0],"r":[0,0,0],"s":[0.09470132,0.09470125,0.09470142],"c":[1,0.952381,0.6666666],"t1":{"c":[0.5555556,0.5167549,0.4320987],"x":0.5,"y":0.5,"a":0.8925,"m":0,"n":0,"r":0,"g":0,"o":0.5,"t":0.5,"e":0.5}}]},{"b":3,"s":[{"p":[-0.03487424,-0.0177629,-0.07489325],"r":[333.5085,9.693005,65.59425],"s":[0.0143831,0.014383,0.01438306],"c":[1,1,1]}]}]}