{"v":9,"a":[22],"p":[{"b":60,"s":[{"p":[0,0,0],"r":[0,0,0],"s":[0.2771609,0.1683802,0.05057094],"c":[0.7777778,0.6691358,0.4320987]}]}]}