{"v":9,"a":[22,29],"p":[{"b":68,"t1":145,"s":[{"p":[0,0,0],"r":[0,0,0],"s":[1.100222,1.554969,0.3269276],"c":[0.4444443,0.4444443,0.4444443],"t1":{"c":[0.3333333,0.3333333,0.3333333],"x":0.5,"y":0.5,"a":0.8925,"m":0,"n":0,"r":0,"g":0,"o":0.5,"t":0.5,"e":0.5}}]},{"b":60,"t1":147,"s":[{"p":[0.02897632,-1.262235,0.3865051],"r":[0,0,0],"s":[2.148237,0.05644147,0.9315367],"c":[0.5555556,0.4973545,0.3703702],"t1":{"c":[0.4444444,0.3823632,0.2469135],"x":0.5,"y":0.5,"a":0.8925,"m":0,"n":0,"r":0,"g":0,"o":0.5,"t":0.5,"e":0.5}}]},{"b":68,"t1":148,"s":[{"p":[0.3375406,-0.9932852,0.3776474],"r":[90,-9.659346E-06,0],"s":[0.3746803,0.1265494,0.2915983],"c":[1,1,1],"t1":{"c":[0.7777778,0.7777778,0.7777778],"x":0.5,"y":0.5,"a":0.8925,"m":0,"n":0,"r":0,"g":0,"o":0.5,"t":0.5,"e":0.5}}]},{"b":68,"t1":148,"s":[{"p":[-0.3389292,-0.987143,0.3741636],"r":[90,-9.659346E-06,0],"s":[0.3747087,0.1265524,0.2916334],"c":[1,1,1],"t1":{"c":[0.7777778,0.7777778,0.7777778],"x":0.5,"y":0.5,"a":0.8925,"m":0,"n":0,"r":0,"g":0,"o":0.5,"t":0.5,"e":0.5}}]}]}