{"n":"ground","v":9,"a":[1,7],"p":[{"b":17,"s":[{"p":[0,0,0],"r":[0,0,0],"s":[15.93671,0.1106049,11.70112],"c":[0.07089939,0.3333332,0.03703704]}]}]}