{"v":9,"a":[31],"p":[{"b":4,"s":[{"p":[0,0,0],"r":[0,0,-8.537735E-07],"s":[1.67632,1.67632,1.676319],"c":[1,1,1],"b":["when starts then project with 100% reach"]}]}]}