{"v":9,"a":[1,2,3,20],"p":[{"b":5,"s":[{"p":[0,0,0],"r":[0,0,0],"s":[0.005738256,0.005738636,0.2991748],"c":[1,1,1],"b":["when triggered then tell any fire178"]}]},{"b":4,"t":2,"i":[{"t":"5dc36570a3f82a1c584d9410","p":[0.001312246,0.001037598,0.05789185],"r":[1.001791E-05,-1.001791E-05,180],"n":"target178"}],"s":[{"p":[-0.0003356933,-0.0004577638,0.1333008],"r":[-1.001791E-05,0,90],"s":[0.0076228,0.007618805,0.007622522],"c":[1,0,0]}]}]}