{"v":9,"p":[{"b":61,"a":[21,22],"s":[{"p":[0,0,0],"r":[0,0,0],"s":[0.2684308,0.2684304,0.2684305],"c":[1,1,1]}]},{"b":60,"s":[{"p":[3.49246E-08,0.123132,0],"r":[-3.361734E-06,9.604952E-07,7.257076E-06],"s":[0.2515973,0.0619807,0.1023933],"c":[0.3333332,0.8285711,1]}]},{"b":60,"s":[{"p":[3.539026E-08,0.1239473,-2.980232E-08],"r":[-3.361734E-06,9.604952E-07,7.257076E-06],"s":[0.2495018,0.06198077,0.0229426],"c":[1,0,0]}]}]}