{"n":"pillow","v":9,"a":[22],"p":[{"b":60,"s":[{"p":[0,0,0],"r":[3.415094E-06,1.017777E-13,3.415094E-06],"s":[0.1383832,0.5031248,0.2099118],"c":[1,1,1]}]},{"b":60,"s":[{"p":[-0.031484,0.0004272014,0.1558233],"r":[6.698949E-06,337.5,-1.332503E-06],"s":[0.1384139,0.5031091,0.2099976],"c":[1,1,1]}]}]}