{"v":9,"p":[{"b":5,"t":1,"s":[{"p":[-0.003140535,-0.002865493,-0.01532202],"r":[1.524908,358.8254,359.3694],"s":[0.01597752,0.01613271,0.2588378],"c":[0,1,1]}]},{"b":4,"s":[{"p":[-0.005601704,-0.00643719,0.118048],"r":[359.7641,2.743371,11.8248],"s":[0.03695016,0.0225525,0.02474715],"c":[1,1,1],"b":["when starts then all parts face nearest 1dabcube"]}]}]}