{"v":9,"a":[24],"bod":{"al": {"i":"5dc6bd4c463cde1159d6a374","p":[-0.07597127,-0.02397023,-0.1064112],"r":[357.1913,18.71139,69.19196]},"ar": {"i":"5dc6b9f239effe115f71b478","p":[0.03664768,-0.04188388,-0.1361443],"r":[357.4739,356.9168,108.0404]},"ut": {"i":"5dc6ba32a3f82a1c584d956d","p":[0.004822795,-0.01437843,-0.03706333],"r":[277.6335,337.7633,33.70966]},"lr": {"i":"5dc5de8239effe115f71b3e4","p":[0.02192312,-0.01607567,-0.08487381],"r":[328.7585,87.6461,293.0742],"ap":[0.3408076,0.1208278,0.1871053],"ar":[346.2445,330.0337,70.92997]}},"p":[{"b":16,"t":1,"s":[{"p":[-0.005952296,0.005536728,0.0008201238],"r":[358.7092,0.1487016,359.0055],"s":[0.04999873,0.2305279,0.04667188],"c":[1,0.8571429,0]}]},{"b":16,"t":2,"s":[{"p":[0.00351271,0.1125086,-0.06992664],"r":[359.5575,264.6762,268.9651],"s":[0.02133847,0.06530417,0.0256742],"c":[1,0.342857,0]}]},{"b":16,"t":2,"s":[{"p":[0.0006202236,0.1113686,-0.07689182],"r":[357.2221,252.0727,263.5852],"s":[0.009794774,0.007362681,0.003211498],"c":[0,0,0]}]}]}