{"n":"rotator","v":9,"a":[7,20,31],"p":[{"b":5,"a":[11,42],"i":[{"t":"5dc6f2d8108fe40619692cd6","p":[0.001866281,0.003555298,0.002532959],"r":[0,90,9.659346E-06]}],"s":[{"p":[0,0,0],"r":[0,0,0],"s":[0.009879393,0.009881252,0.009880568],"c":[1,1,1],"b":["when starts then become next in 5s"]},{"p":[0.0007419587,0.0008078814,2.396118E-05],"r":[8.964156E-08,-8.964157E-08,90],"s":[0.009881978,0.009883617,0.009882348],"c":[1,1,1],"b":["when starts then become next in 5s"]},{"p":[0.001926422,-0.002577067,-0.002664805],"r":[-2.189484E-13,9.570542E-21,180],"s":[0.009884228,0.009885188,0.009883321],"c":[1,1,1],"b":["when starts then become next in 5s"]},{"p":[0.003352165,-0.003160239,-0.001950563],"r":[-8.964187E-08,-8.964184E-08,270],"s":[0.009885405,0.009886387,0.009884125],"c":[1,1,1],"b":["when starts then become next in 5s"]}]}]}