{"v":9,"a":[7,18,21],"p":[{"b":179,"t":22,"im":"947335274823743273/05563278165136DB3EE5A6B308A845B6A31C947A/","s":[{"p":[0,0,0],"r":[6.157152E-14,-6.15716E-14,1.001791E-05],"s":[0.1455558,0.03719996,0.03638895],"c":[1,1,1]}]}]}