{"n":"highlight","v":9,"a":[22,21],"p":[{"b":202,"t":21,"s":[{"p":[0,0,0],"r":[0,0,0],"s":[0.07118368,0.002189337,0.07118338],"c":[0.4444443,0.4444443,0.4444443]}]},{"t":21,"s":[{"p":[0.1727052,0.001813889,0.1726915],"r":[0,315,270],"s":[0.004488096,0.2076447,0.01160113],"c":[0.4444443,0.4444443,0.4444443]}]},{"t":21,"s":[{"p":[0.2475553,0.001489639,0.2492066],"r":[2.732076E-05,90,270],"s":[0.004488743,0.207668,0.01160177],"c":[0.4444443,0.4444443,0.4444443]}]},{"t":21,"s":[{"p":[0.3562531,0.004673004,0.1521528],"r":[0,180,270],"s":[0.004489332,0.2076842,0.01160246],"c":[0.4444443,0.4444443,0.4444443]}]}]}