{"v":9,"a":[7,18],"p":[{"b":73,"t":20,"i":[{"t":"5c95843eebfb317b4a278b1e","p":[-1.117587E-08,-0.04069316,0],"r":[0,0,-8.537737E-06]}],"t1":168,"t2":168,"s":[{"p":[0,0,0],"r":[0,0,4.378969E-13],"s":[0.18696,0.1869591,0.1869595],"c":[0,0,0],"b":["when starts then set "],"t1":{"c":[0,0,0],"a":1},"t2":{"c":[1,1,1],"a":0.9736237}}]}]}