{"v":9,"p":[{"t":2,"s":[{"p":[0,0,0],"r":[0,0,0],"s":[0.1750001,0.1750001,0.1750001],"c":[0,0.5714284,1]}]},{"t":2,"s":[{"p":[-0.007433236,0.00463553,-0.006959671],"r":[50.31147,355.242,308.6284],"s":[0.1750002,0.1750002,0.1750001],"c":[0.9714286,1,0],"b":["when touches hand then send one nearby onto bg2"]}]}]}