{"v":9,"a":[7],"p":[{"b":58,"t":2,"s":[{"p":[9.119743E-05,-0.04675909,0.001357381],"r":[359.7669,23.84692,2.882218],"s":[0.1086246,0.1250003,0.1024281],"c":[0,1,0.7428571]}]},{"b":58,"t":2,"s":[{"p":[0.002807186,0.003485102,-0.004059659],"r":[359.7669,23.84692,2.882208],"s":[0.125,0.1250007,0.1249997],"c":[0,1,0.7428571]}]},{"b":58,"t":2,"s":[{"p":[-0.0005594362,-0.09603191,0.01814222],"r":[359.7669,23.84692,2.882208],"s":[0.09953055,0.1250008,0.09277768],"c":[0,1,0.7428571]}]}]}