{"n":"orange","v":9,"a":[1,2],"p":[{"b":3,"t":9,"t1":26,"s":[{"p":[0,0,0],"r":[0,0,0],"s":[0.05185262,0.05185236,0.05185262],"c":[1,0.6857142,0],"b":["when consumed then play bite 2","when consumed then destroy all parts","when consumed then add crumbles"],"t1":{"c":[0,0,0],"x":0.5,"y":0.5,"a":0.8925,"m":0,"n":0,"r":0,"g":0,"o":0.5,"t":0.5,"e":0.5}}]},{"b":147,"s":[{"p":[0.0001074374,0.0002422333,0.05002809],"r":[90,90.00001,0],"s":[0.00323148,0.003229794,0.003229696],"c":[0.1820104,0.4444443,0.148148]}]},{"b":147,"s":[{"p":[0.0001074374,0.0002422333,0.05264688],"r":[90,90,0],"s":[0.004030502,0.001764924,0.001872027],"c":[0.1820104,0.4444443,0.148148]}]}]}