{"v":9,"p":[{"b":3,"t":9,"s":[{"p":[0,0,0],"r":[0,0,0],"s":[0.1250002,0.1250002,0.1250003],"c":[0,0,0]}]}]}