{"v":9,"p":[{"b":3,"t":3,"s":[{"p":[0,0,0],"r":[0,0,1.280661E-06],"s":[0.1250002,0.1250001,0.1250002],"c":[0.5555556,0.4973545,0.3703702]}]}]}