{"n":"landing sand","v":9,"a":[7],"p":[{"b":3,"s":[{"p":[0,0,0],"r":[0,0,0],"s":[0.7263403,0.06502577,0.7833914],"c":[1,1,1]}]}]}