{"v":9,"a":[1],"p":[{"b":60,"s":[{"p":[-1.40164E-07,-0.04500008,0.005004921],"r":[1.302755E-11,-3.073585E-05,-3.256892E-12],"s":[0.2550341,0.2550168,-0.02796089],"c":[0.4938272,0.5555556,0.5291006]}]}]}