{"v":9,"a":[2],"p":[{"b":3,"s":[{"p":[0.04273525,0.01240709,-0.02342679],"r":[0.04533843,333.3591,356.28],"s":[0.1696644,0.2143561,0.1706344],"c":[1,1,1]}]},{"b":3,"s":[{"p":[0.10776,0.06050085,0.06418667],"r":[317.754,201.2803,9.1837],"s":[0.05831016,0.06466714,0.06522242],"c":[1,1,1]}]},{"b":3,"s":[{"p":[-0.002076065,0.08178873,0.09645489],"r":[313.1175,195.8377,0.3605199],"s":[0.06116237,0.06542102,0.05705636],"c":[1,1,1]}]}]}