{"v":9,"a":[2,15],"p":[{"b":5,"s":[{"p":[0.05699071,-0.2781707,-0.2106416],"r":[23.84122,352.7769,4.845997],"s":[0.1027206,0.09922595,0.4724067],"c":[1,1,1],"b":["when consumed then play drink sip"]}]},{"b":35,"s":[{"p":[0.01739412,-0.4576664,-0.2179841],"r":[75.96972,186.5056,85.54585],"s":[0.1632543,0.1250012,0.1250013],"c":[1,1,1]}]},{"b":35,"s":[{"p":[0.01418901,-0.4171051,-0.3351324],"r":[2.857163,174.4658,88.08887],"s":[0.1845589,0.1615413,0.1250041],"c":[1,1,1]}]}]}