{"v":9,"a":[2],"p":[{"b":3,"s":[{"p":[-0.17187,-0.09798102,0.03432362],"r":[14.84869,348.8897,11.69505],"s":[0.125001,0.2580849,0.147793],"c":[1,1,1]}]},{"b":3,"s":[{"p":[-0.1448036,0.01796679,-0.04855309],"r":[316.4373,93.65539,20.68232],"s":[0.04409014,0.0624216,0.05683667],"c":[1,1,1]}]},{"b":3,"s":[{"p":[-0.1342804,0.009422563,0.1218832],"r":[339.1084,180.7277,354.0626],"s":[0.0514382,0.06242154,0.05683666],"c":[1,1,1]}]}]}