{"v":9,"a":[2],"p":[{"s":[{"p":[0.004406675,0.02989244,-0.003838206],"r":[-4.002064E-08,1.490885E-16,-4.268868E-07],"s":[0.4397867,0.05725017,0.5714464],"c":[1,1,1]}]},{"s":[{"p":[-0.003258024,0.1225333,0.02667384],"r":[358.159,86.20999,0.431688],"s":[0.3038689,0.2320416,0.2169101],"c":[1,1,1]}]}]}