{"v":9,"p":[{"b":180,"s":[{"p":[0,0,0],"r":[0,0,0],"s":[0.125,0.1250001,0.1250001],"c":[1,1,1]}]},{"b":180,"s":[{"p":[-0.02895137,-0.0922893,-0.1020149],"r":[51.64265,349.1028,64.83533],"s":[0.1250001,0.125,0.1250001],"c":[1,1,1]}]}]}