{"v":9,"a":[7,18,48],"p":[{"s":[{"p":[0,0,0],"r":[0,0,0],"s":[14.24016,0.1750027,26.74229],"c":[1,1,1]}]}]}