{"v":9,"a":[2],"p":[{"s":[{"p":[0,0,0],"r":[0,0,0],"s":[0.3809743,0.04361118,0.3193632],"c":[1,1,1]}]},{"s":[{"p":[-0.02366396,0.02588394,0.0163673],"r":[2.697366,5.176135,1.764424],"s":[0.175,0.1751863,0.1956313],"c":[1,1,1]}]}]}