{"v":9,"a":[7,18],"p":[{"t":2,"s":[{"p":[0,0,0],"r":[0,0,0],"s":[0.1750031,0.1626225,0.1750014],"c":[1,0.5142855,0],"b":["when touches hammer then become next"]},{"p":[0,0,0],"r":[0,0,0],"s":[0.1750031,0.1347904,0.1750014],"c":[1,0.5142855,0],"b":["when touches hammer then become next"]},{"p":[0,0,0],"r":[0,0,0],"s":[0.1750031,0.08125383,0.1750014],"c":[1,0.5142855,0],"b":["when touches hammer then become next"]},{"p":[0,0,0],"r":[0,0,0],"s":[0.1750031,0.01471639,0.1750014],"c":[1,0.5142855,0]}]}]}