{"v":9,"a":[2],"p":[{"s":[{"p":[0.0340207,-0.00966445,-0.01145069],"r":[4.268867E-07,6.830188E-06,1.28066E-06],"s":[0.5817074,0.08552543,0.5719646],"c":[1,1,1]}]},{"s":[{"p":[0.009793562,0.05080032,0.02436981],"r":[357.0879,271.3061,359.8837],"s":[0.3970549,0.1749998,0.3735584],"c":[1,1,1]}]}]}