{"v":9,"a":[7,18],"inc":[["thing","5dd863c1b7676a0d0d0c9d13"],["thing 2","5dd864c8efe57d062ce71f51"]],"p":[{"b":16,"t":9,"s":[{"p":[0,0,0],"r":[0,0,0],"s":[0.03673766,0.03673745,0.03673715],"c":[0.3333332,0.1185184,0.07407398],"b":["when any part touched then become next in 0.2s"]},{"p":[0,0,0],"r":[0,0,0],"s":[0.03673766,0.03673745,0.03673715],"c":[0.3333332,0.1185184,0.07407395],"b":["when starts then destroy all parts with 6s restore"]}]},{"b":16,"t":9,"s":[{"p":[0.003768921,-0.001626968,6.984919E-10],"r":[3.415094E-06,1.017777E-13,180],"s":[0.03673971,0.0367387,0.03673891],"c":[0.3333332,0.1185184,0.07407398]}]},{"b":205,"a":[37],"s":[{"p":[-0.1725835,0.001485825,-0.01092151],"r":[0,270,270],"s":[0.01732853,0.02143998,0.0443769],"c":[0.6285715,1,0],"b":["when any part touched then emit gravity-free thing 2 with 2"]}]}]}