{"n":"the orchard","v":9,"a":[1,22],"p":[{"im":"781852197998270166/A2198405B7A2FD022B4DBE50D258AFF54B2C538A/","s":[{"p":[0,0,0],"r":[0,0,0],"s":[0.7294105,0.001082785,0.609724],"c":[1,1,1]}]},{"t":1,"s":[{"p":[-0.0004855407,-0.01364708,-0.005159138],"r":[0,0,0],"s":[0.7950788,0.02808421,0.6814787],"c":[0.6666667,0.4804232,0.07407401]}]}]}