{"n":"ground","v":9,"a":[1],"p":[{"b":17,"i":[{"t":"5de48399a02afb062571f629","p":[2.924243,0.770481,-0.5195061],"r":[86.61615,45.45523,166.7795]}],"s":[{"p":[0.009267893,-0.003792725,-0.08564787],"r":[1.777516,358.9542,359.5763],"s":[3.36335,0.1106201,3.201103],"c":[0.9019608,0.8509804,0.7215686]},{"p":[0,0,0],"r":[0,0,1.067217E-07],"s":[3.363348,0.1106201,3.201102],"c":[0.9019608,0.8509804,0.7215686]}]}]}