{"v":9,"a":[48,49],"p":[{"pr":11,"s":[{"p":[0,0,0],"r":[0,0,4.002064E-08],"s":[0.1750004,0.1750005,0.1750004],"c":[1,1,1],"pr":{"c":[0.2222221,0.3333333,0.247619],"m":0.25,"a":0.1184658,"s":0,"z":0.1385064,"g":0.4803443,"h":0.7985249}}]}]}