{"v":9,"p":[{"b":174,"s":[{"p":[0,0,0],"r":[-4.268869E-07,2.385417E-15,-6.403303E-07],"s":[0.01373859,0.01766151,0.03124727],"c":[0.07089936,0.3333332,0.03703704]}]},{"b":174,"s":[{"p":[-0.003517888,-0.004032038,0.08518346],"r":[355.2875,10.34487,357.4814],"s":[0.01373861,0.01766151,0.0312473],"c":[0.07089936,0.3333332,0.03703704]}]},{"b":174,"s":[{"p":[-0.005099685,-0.01143565,0.148636],"r":[0.4759282,359.6953,355.9686],"s":[0.0137386,0.01766152,0.0312473],"c":[0.07089936,0.3333332,0.03703704]}]}]}