{"n":"wall","v":9,"a":[7,18],"p":[{"b":60,"t":11,"s":[{"p":[0,0,0],"r":[0,0,0],"s":[0.220694,2.749784,0.904616],"c":[0.4444443,0.2765431,0.09876532]}]},{"b":60,"t":11,"s":[{"p":[0,-1.192093E-07,0.851634],"r":[0,0,0],"s":[0.2208197,2.750614,0.9048392],"c":[0.4444442,0.2765431,0.09876529]}]},{"b":60,"t":11,"s":[{"p":[0,-2.384186E-07,1.69994],"r":[0,0,1.502687E-05],"s":[0.2208748,2.751005,0.9049438],"c":[0.4444442,0.276543,0.09876525]}]}]}