{"n":"bin","v":9,"a":[22,18,31],"p":[{"b":58,"t":1,"s":[{"p":[0,0,0],"r":[0,0,-3.053333E-13],"s":[0.1250049,2.20632,0.1250031],"c":[1,0,0]}]},{"b":5,"t":1,"s":[{"p":[-0.001306629,-0.2286053,9.531512E-05],"r":[270,315,0],"s":[0.09483259,0.09484954,0.09485365],"c":[1,0,0]}]},{"b":5,"a":[5],"s":[{"p":[0.001578448,0.1683941,-0.004353415],"r":[270,315,0],"s":[0.08715261,0.08717351,0.08717994],"c":[0,0,0]}]}]}