{"n":"arma","v":9,"a":[2,3],"p":[{"b":14,"t1":162,"s":[{"p":[0,0,0],"r":[0,0,0],"s":[0.06000012,0.0600001,0.4184409],"c":[1,1,1],"t1":{"c":[0.2857142,0,1],"x":0.5,"y":0.5,"a":0.8925,"m":0,"n":0,"r":0,"g":0,"o":0.5,"t":0.5,"e":0.5}}]},{"b":5,"t1":162,"s":[{"p":[0.01256687,-0.008484044,-0.1397733],"r":[356.2206,180.7385,282.8162],"s":[0.04761371,0.0571034,0.319218],"c":[1,1,1],"t1":{"c":[0.2222221,0.2222221,0.2222221],"x":0.5,"y":0.5,"a":0.8925,"m":0,"n":0,"r":0,"g":0,"o":0.5,"t":0.5,"e":0.5}}]}]}