{"n":"striangle","v":9,"a":[30],"p":[{"s":[{"p":[-0.0007817344,-0.002783783,-0.005509304],"r":[359.5331,358.9594,1.022979],"s":[0.001000445,0.08337854,0.2756294],"c":[1,1,1],"b":["when touched then tell nearby short","when touched then play button click 3"]}]},{"b":18,"e":"SHORT TRIANGLE","s":[{"p":[-0.0003646128,-0.02080946,0.1306139],"r":[0.6440724,268.8101,180.654],"s":[0.003000214,0.003000631,0.003000546],"c":[0,0,0]}]}]}