{"n":"inside","v":9,"a":[7,18,48],"p":[{"s":[{"p":[0,0,0],"r":[0,0,0],"s":[0.1749913,0.175003,0.1750113],"c":[1,1,1]}]}]}