{"n":"wall","v":9,"a":[7,18],"p":[{"b":60,"t":11,"s":[{"p":[0,0,0],"r":[0,0,0],"s":[0.220455,3.321667,0.904316],"c":[0.4444443,0.2765431,0.09876532]}]},{"b":60,"t":11,"s":[{"p":[0,0,0.8583728],"r":[0,0,0],"s":[0.2205227,3.322873,0.9044046],"c":[0.4444443,0.2765431,0.09876529]}]},{"b":60,"t":11,"s":[{"p":[0,0,1.699796],"r":[0,0,-8.537737E-06],"s":[0.2205922,3.323928,0.9045193],"c":[0.4444443,0.2765431,0.09876529]}]}]}