{"n":"boi jhonson leg left","v":9,"p":[{"b":14,"t":1,"s":[{"p":[0.1853557,0.004324317,0.002396106],"r":[0,0,1.502687E-05],"s":[0.06003372,0.06001885,0.06001851],"c":[0.4444443,0,0]}]},{"b":14,"t":1,"c":[[-0.02,-0.044,-3.897,32,6,8,6],[-0.474,-0.176,-2.541,9,11,24,10],[0.563,-0.1,-2.487,10,6,23,16],[0.329,-0.228,2.364,11,6,14,20],[-0.439,-0.234,2.357,8,13,21,6],[-0.009,-0.741,3.358,7,42],[0.495,0,-2.559,14,23],[-0.019,-0.237,-2.624,6,47],[-0.443,0.158,-2.422,19,26],[-0.463,0.825,1.267,0,22,5,16],[-0.85,0.119,1.32,18,23],[0.557,0.883,1.787,5,7,12,6],[0.713,0.102,1.831,13,16]],"s":[{"p":[0.1848731,-0.02306939,0.08396674],"r":[0,0,0],"s":[0.06002733,0.06001605,0.04148309],"c":[0.4444443,0,0]}]},{"b":7,"t":1,"c":[[0.936,-0.977,-0.143,3,9,4],[0.62,1.21,-0.252,0,5,14],[-0.547,1.207,-0.285,6,3,9],[-1.094,-1.055,0.824,11,3,6],[0.675,-1.159,0.667,2,11,8]],"s":[{"p":[0.1909009,0.07250062,-0.1756039],"r":[0,0,5.008957E-06],"s":[0.03766726,0.0878224,0.04656507],"c":[0.4444443,0,0]}]}]}