{"v":9,"a":[2,15],"p":[{"b":11,"s":[{"p":[0.06129473,-0.00257811,0.1403638],"r":[1.489682,8.346983,86.42345],"s":[0.1000001,0.1,0.1],"c":[0,1,1]}]},{"s":[{"p":[-0.008877636,0.03488613,-0.002379978],"r":[359.5016,359.9585,351.0211],"s":[0.175,0.1750001,0.1750002],"c":[0,1,1]}]}]}