{"v":9,"a":[12,21],"p":[{"b":73,"t1":69,"t2":69,"s":[{"p":[0,0,0],"r":[0,0,0],"s":[0.1123894,0.1123898,0.1123899],"c":[1,1,1],"b":["when starts then all parts face nearest camera"],"t1":{"c":[0.3950616,0.8888889,0.8465609],"x":0.5079193,"y":0.6264191,"a":0.8925,"m":0.09783173,"n":0,"r":0,"g":0,"o":0.5,"t":0.5,"e":0.5},"t2":{"c":[0,0,0],"x":0.2581711,"y":0.4951553,"a":0.8925,"m":0,"n":0,"r":0,"g":0,"o":0.5,"t":0.5,"e":0.5}}]}]}