{"v":9,"p":[{"b":183,"t":1,"s":[{"p":[0,0,0],"r":[0,0,4.268868E-07],"s":[0.005506088,0.01188865,0.005866909],"c":[1,0.7777778,0.7777778]}]}]}