{"n":"pond","v":9,"a":[7,13,18],"p":[{"b":80,"t1":158,"t2":149,"s":[{"p":[0,0,0],"r":[0,0,7.656432E-20],"s":[2.019449,1.621107,1.615343],"c":[0.9904761,1,0.6666666],"t1":{"c":[0.9968254,1,0.8888889],"x":0.5,"y":0.5,"a":0.8925,"m":0,"n":0,"r":0,"g":0,"o":0.5,"t":0.5,"e":0.5},"t2":{"c":[1,1,1],"x":0.295015,"y":0.5,"a":0.8925,"m":0,"n":0,"r":0,"g":0,"o":0.5,"t":0.5,"e":0.5}}]},{"b":12,"t":18,"a":[5],"s":[{"p":[-0.417118,0.5780087,-0.2132317],"r":[1.690016E-12,1.001791E-05,-1.001791E-05],"s":[1.597906,0.06000026,1.260971],"c":[0,0.5714284,1]},{"p":[-0.417118,0.672271,-0.2120439],"r":[1.690016E-12,1.001791E-05,-1.001791E-05],"s":[1.597914,0.06000183,1.260979],"c":[0,0.5714284,1]},{"p":[-0.417118,0.3903257,-0.2132316],"r":[0,0,-1.001791E-05],"s":[1.597946,0.06000583,1.26104],"c":[0,0.5714284,1]}]}]}