{"v":9,"p":[{"a":[1],"s":[{"p":[0,0,0],"r":[0,0,1.067217E-07],"s":[1.027991,0.1895963,0.7855187],"c":[1,1,1]}]}]}