{"n":"h4b","v":9,"a":[31,49],"p":[{"b":3,"t":7,"a":[12,37],"s":[{"p":[0,0,0],"r":[0,0,0],"s":[0.01737915,0.01737917,0.01737943],"c":[0.1142855,1,0]}]}]}