{"v":9,"p":[{"b":3,"t1":44,"s":[{"p":[0,0,0],"r":[0,0,0],"s":[0.01894446,0.03028283,0.02970831],"c":[0.6603175,0.6666667,0.4444442],"t1":{"c":[0.1104056,0.1111111,0.08641969],"x":0.5,"y":0.3056946,"a":0.8925,"m":0,"n":0,"r":0,"g":0,"o":0.5,"t":0.5,"e":0.5}}]},{"b":3,"t1":44,"s":[{"p":[-0.1928197,0.0384472,0.001242608],"r":[6.556383,2.812166,343.3393],"s":[0.01894438,0.03028285,0.02970815],"c":[0.6603175,0.6666667,0.4444442],"t1":{"c":[0.1104056,0.1111111,0.08641969],"x":0.5,"y":0.3056946,"a":0.8925,"m":0,"n":0,"r":0,"g":0,"o":0.5,"t":0.5,"e":0.5}}]}]}