{"v":9,"a":[21,51],"p":[{"t":2,"a":[29],"im":"938329658124295745/61F66C17A724B97851E212A231162C3937860F37/","s":[{"p":[0,0,0],"r":[0,0,0],"s":[0.173539,0.0002270706,0.08676931],"c":[1,1,1]}]}]}