{"v":9,"a":[22],"p":[{"b":60,"t":16,"s":[{"p":[0,0,0],"r":[0,0,0],"s":[0.1498604,0.02089546,0.08900347],"c":[0.1851851,0.2190475,0.3333332],"b":["when touches hand then reset area","when touches hand then play button click 5 with varied-pitch "]}]},{"b":123,"e":"Reset Game","s":[{"p":[-0.06656337,0.01570923,0.02201228],"r":[90,-1.931869E-05,0],"s":[0.003000316,0.00300009,0.003000257],"c":[0,0,0]}]}]}