{"n":"keyboard key","v":9,"p":[{"b":139,"e":"?","s":[{"p":[-0.265256,0.1891843,-0.055927],"r":[50.64468,262.2017,295.789],"s":[0.002069159,0.002069156,0.002069162],"c":[1,1,1]}]},{"b":7,"s":[{"p":[-0.2587479,0.1755515,-0.06797674],"r":[310.4709,77.66825,247.4655],"s":[0.01182081,0.01192557,0.01552075],"c":[0.6666667,0.6666667,0.6666667]}]}]}