{"n":"wall","v":9,"a":[22,18],"p":[{"b":60,"t":11,"s":[{"p":[0,0,0],"r":[0,0,0],"s":[0.2222417,2.96969,0.9043887],"c":[0.4444442,0.2765431,0.09876525]}]},{"b":60,"t":11,"s":[{"p":[0,0,0.8564754],"r":[0,0,0],"s":[0.2222424,2.969676,0.9043742],"c":[0.4444442,0.2765431,0.09876525]}]},{"b":60,"t":11,"s":[{"p":[0,0,1.716621],"r":[0,0,0],"s":[0.2222891,2.970363,0.9045989],"c":[0.4444442,0.2765431,0.09876525]}]}]}