{"n":"keyboard key","v":9,"p":[{"b":139,"e":"J","s":[{"p":[-0.265256,0.1891843,-0.055927],"r":[50.64468,262.2017,295.789],"s":[0.002069159,0.002069156,0.002069162],"c":[1,1,1]}]},{"b":7,"s":[{"p":[-0.2599278,0.1758295,-0.06701301],"r":[308.6127,82.32051,242.6012],"s":[0.01182081,0.01192556,0.01552074],"c":[0.6666667,0.6666667,0.6666667]}]}]}