{"v":9,"a":[7,18],"p":[{"t":1,"s":[{"p":[0,0,0],"r":[0,0,0],"s":[1.509596,1.043887,0.8309839],"c":[0.6666667,0.6666667,0.6666667]}]},{"t":1,"s":[{"p":[0.006618973,0.02961016,0.4097092],"r":[0,0,2.049057E-05],"s":[1.509609,1.04391,0.03101213],"c":[0.4444443,0.4444443,0.4444443]}]}]}