{"v":9,"a":[7,18,48,49],"p":[{"a":[12,37,36],"i":[{"t":"5dfc10a172f69235c5eb3f3c","p":[0.04165244,-0.1467797,-0.3086447],"r":[0,0,-1.366038E-05]}],"s":[{"p":[0,0,0],"r":[0,0,0],"s":[0.07513542,0.02893151,1.153097],"c":[1,1,1],"b":["when told by any opendoor then become next in 0.2s","when told by any opendoor then play fridge door close"]},{"p":[-2.384186E-07,0,1.78915],"r":[0,0,8.537737E-06],"s":[0.07513775,0.02893281,1.153183],"c":[1,1,1],"b":["when told by any closedoor then become next in 0.2s","when told by any closedoor then play microwave door close with low-pitch "]}]}]}