{"n":"arms","v":9,"p":[{"b":73,"s":[{"p":[0,0,0],"r":[0,0,0],"s":[0.1790291,0.179029,0.1790291],"c":[1,1,1]}]}]}