{"v":9,"p":[{"b":5,"s":[{"p":[0.009499269,-0.001902833,0.00659417],"r":[0.1507508,358.8376,4.787658],"s":[0.006888518,0.007187059,0.6924148],"c":[1,1,1]}]},{"b":5,"s":[{"p":[0.00438983,-0.002414457,0.2916279],"r":[351.6989,358.2273,0.3776731],"s":[0.03042618,0.03396993,0.01638991],"c":[1,1,1]}]},{"b":5,"t":2,"s":[{"p":[0.002450325,-0.004873626,0.3048699],"r":[352.613,356.8625,1.95535],"s":[0.01515087,0.02065203,0.01045097],"c":[1,0,0],"b":["when touches hand then send one nearby onto haha2"]}]}]}