{"v":9,"p":[{"b":182,"s":[{"p":[0,0,0],"r":[0,0,-1.067217E-07],"s":[0.001881092,0.00379527,0.001946588],"c":[0.8663139,0.8888889,0.09876534]}]}]}