{"v":9,"p":[{"b":51,"s":[{"p":[0,0,0],"r":[0,0,0],"s":[0.1250004,0.1250003,0.03568553],"c":[1,1,1]}]},{"b":60,"s":[{"p":[0.01676633,-0.01015479,-0.04912324],"r":[4.918524,129.4337,341.5203],"s":[0.1250003,0.01200147,0.05476383],"c":[1,1,1]}]},{"b":18,"e":"NEW PIP\nBOY -3000","s":[{"p":[0.07485249,0.01540244,-0.03910479],"r":[70.94655,25.6913,255.904],"s":[0.001954744,0.00195474,0.001954743],"c":[0.9714286,1,0]}]}]}