{"n":"dieha","v":9,"a":[48],"inc":[["thing","5c9149c14f30db55914fe960"]],"p":[{"b":4,"a":[12,37],"s":[{"p":[-0.3113897,0.005639046,-0.2384282],"r":[0.1010732,256.8354,54.78096],"s":[0.1250001,0.1250003,0.1250003],"c":[1,1,1],"b":["when told 1 then emit thing with 0"]}]},{"s":[{"p":[-0.01248111,-0.0005710684,0.0449802],"r":[3.212153,356.7821,3.427462],"s":[0.2982886,0.2609408,0.238628],"c":[1,1,1],"b":["when touches hand then say get me a cigar","when touches cigar then tell 1"]}]}]}