{"v":9,"a":[22,18,21,42],"p":[{"b":43,"s":[{"p":[0.03020473,0.0001503527,-1.713634E-07],"r":[-1.001791E-05,8.757933E-13,-1.001791E-05],"s":[0.05987646,0.05509464,0.0598765],"c":[0.4444443,0.4444443,0.4444443]}]},{"s":[{"p":[-0.01838068,0.01660603,0.001331817],"r":[0,0,0],"s":[0.08381502,0.008360919,0.02461105],"c":[0.6666667,0.5714286,0]}]},{"a":[33],"s":[{"p":[-0.01224002,0.01660603,-0.04426761],"r":[-3.071123E-06,337.5,4.596257E-06],"s":[0.08383232,0.008360976,0.0246175],"c":[0.6666667,0.5714286,0]}]},{"b":43,"s":[{"p":[-0.05187614,6.032272E-10,0.003450057],"r":[0,0,0],"s":[0.07637595,0.05457191,0.1195488],"c":[0.4444443,0.4444443,0.4444443]}]}]}