{"v":9,"p":[{"s":[{"p":[0,0,0],"r":[0,0,0],"s":[0.1750001,0.175,0.175],"c":[1,1,1]}]},{"b":10,"s":[{"p":[0.06870406,-0.04169495,0.04133374],"r":[67.71006,251.6044,146.4254],"s":[0.1250005,0.1250004,0.1250005],"c":[1,1,1]}]}]}