{"v":9,"p":[{"s":[{"p":[0,0,0],"r":[0,0,0],"s":[0.1750008,0.1750003,0.1750004],"c":[1,1,1]}]},{"b":53,"s":[{"p":[0.006990699,0.07714079,0.1045126],"r":[356.1461,270.6758,357.9988],"s":[0.1250004,0.1250002,0.1250004],"c":[1,1,1]}]}]}