{"v":9,"p":[{"b":9,"t1":10,"s":[{"p":[0,0,0],"r":[0,0,-8.537735E-07],"s":[0.1250001,0.1250001,0.1250001],"c":[1,1,1],"t1":{"c":[0,0,0],"a":0}}]}]}