{"v":9,"a":[7,18],"p":[{"b":144,"t":2,"a":[3],"s":[{"p":[0,-5.820766E-11,0.0004986525],"r":[270,270,0],"s":[0.002315656,0.002315629,0.00231391],"c":[0.6666667,0,0]}]},{"t":2,"a":[22],"s":[{"p":[-1.879225E-09,-0.02149582,1.862645E-09],"r":[0,0,0],"s":[0.001000423,0.05361751,0.001593797],"c":[0.6666667,0,0]}]}]}