{"v":9,"p":[{"b":5,"t":7,"i":[{"t":"5e04ff4627f3c42a48c065de","p":[0.009320956,0.008515038,-0.05558709],"r":[301.6927,121.159,241.1385]}],"s":[{"p":[0,0,0],"r":[0,0,0],"s":[0.1385578,0.1333872,0.3733784],"c":[0,1,1]}]},{"t":1,"s":[{"p":[0.181123,0.06711113,-0.1142529],"r":[5.155446,349.0709,288.6881],"s":[0.1068865,0.009819435,0.02889015],"c":[0,0,0]}]},{"t":1,"s":[{"p":[0.1953386,-0.009816676,0.04531749],"r":[85.7038,119.206,35.00348],"s":[0.1068868,0.009819461,0.02889019],"c":[0,0,0]}]},{"t":1,"s":[{"p":[0.1404561,0.1253812,0.04645012],"r":[52.29918,89.17777,5.12521],"s":[0.1068871,0.009819483,0.02889019],"c":[0,0,0]}]}]}