{"v":9,"p":[{"s":[{"p":[0,0,0],"r":[0,0,0],"s":[0.1750014,0.1750009,0.1750008],"c":[1,1,1]}]}]}