{"v":9,"p":[{"t":3,"a":[12],"s":[{"p":[0,0,0],"r":[0,0,0],"s":[0.1750002,0.1750002,0.1750002],"c":[1,0.784127,0.5555556]}]}]}