{"v":9,"a":[22,48],"p":[{"s":[{"p":[0,0,0],"r":[0,0,0],"s":[0.1750052,0.1750035,0.1750038],"c":[1,1,1]}]}]}