{"v":9,"a":[22],"p":[{"a":[12],"i":[{"t":"5e0cd8ca78b10a2b936e40aa","p":[-0.0008802339,-0.06633377,-0.02669585],"r":[22.50001,5.544707E-06,90.00001]}],"s":[{"p":[0,0,0],"r":[0,0,0],"s":[0.05112533,0.05708343,0.06115493],"c":[1,1,1],"b":["when told recoil then become 2 in 0.2s"]},{"p":[-0.005220412,-0.0110569,-0.01002741],"r":[337.5,-1.432435E-06,1.595393E-05],"s":[0.05113073,0.05709247,0.0611634],"c":[1,1,1],"b":["when starts then become 1 in 0.2s"]}]}]}