{"v":9,"p":[{"s":[{"p":[0,0,0],"r":[0,0,0],"s":[0.175,0.1750006,0.1750005],"c":[1,0,0],"b":["when touched then play baby laughter"]}]},{"b":139,"e":"DONT\nPRESS","s":[{"p":[-0.04529151,0.09229887,0.04560371],"r":[88.27728,55.88234,55.50595],"s":[0.003000002,0.003000003,0.003000003],"c":[0.111111,0.111111,0.111111]}]}]}