{"n":"argonian traditional arm","v":9,"a":[7,18],"inc":[["lightning bolt","5cfd96bc02e6e3141e558df9"],["fire magic","5cfd9ca202e6e3141e558e03"],["flames","5cfd9bc9ee91e4251e5a5941"]],"p":[{"b":60,"a":[23],"s":[{"p":[0,0,0],"r":[0,0,0],"s":[0.07937545,0.1020411,0.21485],"c":[0.1851849,0.2698409,0.5555556]}]},{"s":[{"p":[-0.001404278,0.03656578,-0.0966987],"r":[-1.024528E-05,270,270],"s":[0.0298381,0.03045949,0.05925542],"c":[0.1851848,0.2698408,0.5555556],"b":["when touched then is magic += 1","when is magic = 1 then play electric spark","when triggered and when is magic = 1 then emit lightning bolt with 100","when is magic = 2 playbin crumbled paper","when is magic = 2 and when triggered then emit flames with 100","when is magic = 3 then is magic = 0"]}]}]}