{"v":9,"a":[7,18],"p":[{"t":12,"t2":43,"s":[{"p":[0,0,0],"r":[0,0,0],"s":[5.888649,0.4479879,3.440755],"c":[0,0.5555556,0.1269841],"t2":{"c":[0.4320987,0.7777778,0.5703704],"x":0.5,"y":0.5,"a":0.8925,"m":0,"n":0,"r":0,"g":0,"o":0.5,"t":0.5,"e":0.5}}]}]}