{"v":9,"p":[{"b":142,"t":2,"e":"MADE FOR THY WHOM WHICH DESIRES TO END THY OWN LIFE","s":[{"p":[0,0,0],"r":[0,0,-2.134434E-07],"s":[0.003000006,0.003000001,0.003000005],"c":[1,0,0]}]}]}