{"n":"sed","v":9,"a":[22,48],"p":[{"s":[{"p":[0,0,0],"r":[0,0,0],"s":[0.1750077,0.1750067,0.1750149],"c":[1,1,1]}]}]}