{"n":"sed","v":9,"a":[22,48,49],"p":[{"s":[{"p":[0,0,0],"r":[0,0,0],"s":[0.1750021,0.1750029,0.1750025],"c":[1,1,1]}]}]}