{"v":9,"a":[31],"p":[{"b":76,"i":[{"t":"5e11c08e8d6363061edb37f6","p":[-0.001025148,0.06611501,-9.894557E-05],"r":[81.70137,199.6617,293.1452]}],"s":[{"p":[0,0,0],"r":[1.707547E-06,2.544444E-14,1.707547E-06],"s":[0.06601067,0.06601064,0.06601065],"c":[1,1,1]}]},{"b":76,"s":[{"p":[-0.006918904,0.01617414,0.0591182],"r":[311.8602,357.369,356.4892],"s":[0.06852131,0.06852201,0.06852102],"c":[1,1,1]}]},{"b":76,"s":[{"p":[0.004238061,0.01531074,-0.04429485],"r":[40.75398,352.735,358.0696],"s":[0.06819215,0.068192,0.06819195],"c":[1,1,1]}]}]}