{"v":9,"a":[7,18,21],"p":[{"b":5,"t":1,"s":[{"p":[0,0,0],"r":[0,0,0],"s":[0.007669528,0.007668197,0.007669221],"c":[0.3333331,0.3333331,0.3333331]}]},{"b":41,"t":1,"s":[{"p":[0.004558859,-0.01182246,-0.003040074],"r":[270,180,0],"s":[0.03961094,0.01266244,0.0301985],"c":[0.3333331,0.3333331,0.3333331]}]},{"b":5,"t":1,"s":[{"p":[-0.001949614,-0.03088248,5.587935E-09],"r":[0,0,0],"s":[0.005213062,0.005761685,0.007670484],"c":[0.3333331,0.3333331,0.3333331]}]}]}