{"v":9,"p":[{"s":[{"p":[0,0,0],"r":[0,0,0],"s":[0.1750006,0.1750003,0.1750005],"c":[1,1,1],"b":["when touches hand then send one nearby onto map1room"]}]},{"b":131,"e":"MAP 1","s":[{"p":[-0.045239,0.108654,0.1386437],"r":[78.33579,359.4459,359.8036],"s":[0.003000009,0.003000007,0.003000009],"c":[1,1,1]}]}]}