{"v":9,"a":[22],"p":[{"b":147,"t":9,"s":[{"p":[0,0,0],"r":[0,0,0],"s":[0.05785587,0.0900173,0.09000637],"c":[0.6666667,0.148148,0.3259259],"b":["when touches hand then tell any go","when touches hand then play button click 2","when touches hand then become next in 0.2s"]},{"p":[0,0,0],"r":[0,0,0],"s":[0.05785587,0.0900173,0.09000637],"c":[1,0.6666666,0.7809524],"b":["when starts then become next in 0.2s"]}]}]}