{"n":"box","v":9,"p":[{"s":[{"p":[0,0,0],"r":[0,0,0],"s":[0.1750001,0.175,0.1749999],"c":[0.1142857,0,1]}]}]}