{"v":9,"p":[{"c":[[-0.5,0.5,-0.4,3,6,8,-12,6,7],[0.5,0.5,-0.4,2,6,14,-18,6,11],[-0.5,-0.2,-0.5,1,13,2,-9,8,4],[0.5,-0.2,-0.5,0,13,10,-17,6,8]],"cx":0,"s":[{"p":[0,0,0],"r":[0,0,0],"s":[0.1750009,0.175001,0.1750005],"c":[1,0.447619,0.3333332]}]},{"c":[[0.5,-0.4,-0.5,4,6,11,-15,6,8],[0.3,-0.4,-0.5,5,6,7,-11,8,4],[0.1,-0.5,0.5,2,6,14,-22,13,10],[-0.2,-0.5,0.5,3,6,8,-16,13,2]],"s":[{"p":[0.03540577,-0.2402699,0.02466458],"r":[5.362777,87.43522,71.06772],"s":[0.1750001,0.1750001,0.1750002],"c":[1,1,1]}]}]}