{"v":9,"a":[22],"p":[{"b":60,"s":[{"p":[0,0,0],"r":[0,0,0],"s":[0.07469992,0.2278782,0.361634],"c":[1,1,1]}]},{"b":60,"s":[{"p":[0.0117656,-0.006900489,-0.4888657],"r":[0,0,-7.603076E-06],"s":[0.07470153,0.06943297,0.6651747],"c":[1,1,1]}]}]}