{"v":9,"p":[{"b":203,"t1":168,"s":[{"p":[0,0,0],"r":[0,0,2.668043E-08],"s":[0.0837853,0.1360849,0.07725058],"c":[0.5555556,0.5555556,0.5555556],"t1":{"c":[0,0,0],"a":0.05}}]},{"s":[{"p":[-0.02110688,-0.1077114,-0.09530109],"r":[276.1532,9.766349,2.583919],"s":[0.1502723,0.0170764,0.0819523],"c":[0.3333332,0.3333332,0.3333332]}]},{"t1":168,"s":[{"p":[0.01552834,0.1659295,-0.07504055],"r":[280.8425,330.467,116.6579],"s":[0.001000003,0.007914599,0.07158621],"c":[0,0,0],"t1":{"c":[0,0,0],"a":0.05}}]},{"t1":168,"s":[{"p":[-0.03305023,0.1669666,-0.06982215],"r":[286.2119,31.06395,90.21162],"s":[0.001000004,0.007914612,0.07158627],"c":[0,0,0],"t1":{"c":[0,0,0],"a":0.05}}]}]}