{"v":9,"a":[24,27],"bod":{"al": {"i":"5e1d2cbef349cf24dd87afa9","p":[0.05341031,0.01839012,-0.2937459],"r":[4.128085,155.5223,244.3423]},"ar": {"i":"5e1d2c43f349cf24dd87afa7","p":[-0.05059631,0.1089455,-0.2686959],"r":[29.92955,23.74946,5.914327]},"lt": {"i":"5e1e391601cc824f508f8637","p":[0.003528762,0.05227071,0.1193134],"r":[357.4536,236.675,358.0574]}},"p":[{"b":73,"t1":168,"s":[{"p":[0.0007441901,-0.1426591,0.002023548],"r":[73.29291,239.7443,330.6688],"s":[0.1242683,0.1242683,0.1242682],"c":[1,0.9301587,0.7777778],"t1":{"c":[0,0,0],"a":0.05}}]},{"b":203,"t1":168,"s":[{"p":[0.006506629,-0.008323537,-0.006539314],"r":[357.5092,3.035677,355.8869],"s":[0.02525011,0.06202119,0.03048895],"c":[0.5555556,0.5555556,0.5555556],"t1":{"c":[0,0,0],"a":0.05}}]}]}