{"v":9,"a":[24,27],"bod":{"lt": {"i":"5e1e3c9dedc5ef4f51103cc4","p":[0.02087268,0.01946032,0.01132745],"r":[353.1799,173.3415,97.98684]}},"p":[{"b":4,"t1":168,"s":[{"p":[0.009708608,0.03393256,-0.067444],"r":[338.133,163.4636,252.3186],"s":[0.02171311,0.01938947,0.02619971],"c":[0,0,0],"t1":{"c":[0,0,0],"a":0.05}}]},{"b":4,"t1":168,"s":[{"p":[0.002394507,-0.03402524,-0.06763835],"r":[20.55555,171.9337,256.425],"s":[0.02171311,0.01938957,0.02619982],"c":[0,0,0],"t1":{"c":[0,0,0],"a":0.05}}]},{"b":4,"t1":168,"s":[{"p":[0.005661756,-0.00578535,-0.07272509],"r":[2.931414,171.1633,256.4336],"s":[0.02171306,0.01938956,0.02619977],"c":[0,0,0],"t1":{"c":[0,0,0],"a":0.05}}]},{"b":3,"t1":168,"s":[{"p":[-0.002695786,0.004099634,0.001515395],"r":[349.4395,353.7975,352.9431],"s":[0.02969344,0.05118096,0.06654073],"c":[0,0,0],"t1":{"c":[0,0,0],"a":0.05}}]}]}