{"v":9,"p":[{"b":139,"e":"FAKEMON!","s":[{"p":[0,0,0],"r":[0,0,-5.336085E-08],"s":[0.01169973,0.01169972,0.01169974],"c":[1,1,1]}]}]}