{"v":9,"a":[22,18],"p":[{"b":45,"c":[[0.258,0.501,0.738,19,19,36],[0.185,0.504,0.639,0,20,53],[0.167,0.501,-0.697,32,19],[-0.148,0.556,0.169,24,19],[-0.197,0.532,0.408,22,19],[0.038,0.567,0.475,18,21],[-0.191,0.53,-0.029,26,19],[-0.082,0.606,-0.462,15,18],[0.026,0.5,-0.652,17,18,42],[-0.104,0.618,-0.445,30,19],[-0.061,-0.02,-0.436,48,18],[-0.057,-0.01,-0.382,12,55],[-0.07,-0.007,-0.568,50,18],[-0.05,-0.02,-0.209,46,18],[-0.081,-0.006,-0.003,44,18],[0.019,-0.013,0.165,42,18],[0.019,0.001,0.056,8,55],[0.113,-0.013,0.354,4,55],[0.127,-0.004,0.511,2,55],[0.181,0.006,0.721,37,18,20],[0.19,0.001,0.659,1,53,18],[-0.029,-0.009,0.357,6,55]],"sa":131,"s":[{"p":[0,0,0],"r":[0,0,3.415095E-06],"s":[0.2984787,1.212713,0.3892576],"c":[0.6666667,0,0]}]}]}