{"v":9,"a":[2,22,12,13,18,27,53],"inc":[["thing","5e22633a01cc824f508f86f2"]],"p":[{"b":5,"t":1,"s":[{"p":[0.04734612,0.001974106,0.04775906],"r":[330,35.26437,12.76439],"s":[0.00761568,0.007620189,0.05542054],"c":[0.7555556,0.7777778,0]}]},{"b":5,"t":1,"s":[{"p":[0.05759907,0.02258873,0.07265091],"r":[315,-1.086677E-05,45],"s":[0.007616445,0.007621191,0.04391769],"c":[0.7555556,0.7777778,0]}]},{"b":5,"s":[{"p":[0.05809879,0.03558731,0.08565235],"r":[315,-1.086677E-05,45],"s":[0.008281037,0.008285787,0.004962757],"c":[0.2222219,0.2222219,0.2222219]}]},{"b":5,"s":[{"p":[0.05746555,0.01208687,0.06215096],"r":[319.2105,20.94101,37.13874],"s":[0.008281168,0.008286046,0.004962867],"c":[0.2222218,0.2222218,0.2222218]}]}]}