{"v":9,"a":[2,22,12,13,18,27,53],"inc":[["thing","5e22633a01cc824f508f86f2"]],"p":[{"b":5,"t":1,"s":[{"p":[0.03384495,0.004928589,0.1433134],"r":[337.5,0,0],"s":[0.008385302,0.008388134,0.00718559],"c":[0.2222219,0.2222219,0.2222219]}]},{"b":5,"t":1,"s":[{"p":[0.03434467,-0.004331589,0.1156445],"r":[342.1694,358.1506,354.4148],"s":[0.00761453,0.007617328,0.0727333],"c":[0.7555556,0.7777778,0]}]},{"b":5,"t":1,"s":[{"p":[0.03380489,0.01622009,0.1558208],"r":[315,1.131364E-05,-1.392744E-05],"s":[0.007615058,0.007618137,0.04856318],"c":[0.7555556,0.7777778,0]}]}]}