{"v":9,"a":[22,21,27],"p":[{"b":5,"t":1,"a":[36],"s":[{"p":[0,0,0],"r":[-1.024528E-05,2.049057E-05,-3.415096E-06],"s":[0.002975436,0.002975129,0.0339577],"c":[0.2222214,0.2222214,0.2222214],"b":["when any state told by body left4s then become untweened 1","when any state told by body left4b then become untweened 2","when any state told by body left4f then become untweened 3"]}]},{"b":252,"t":9,"a":[36],"c":[[0.516,-0.584,0.235,27,36,3],[0.519,-1.171,0.215,1,25,38],[-0.572,-0.096,0.111,38,48],[0.481,-0.537,0.105,61,6],[0.463,-1.361,0.097,0,62],[-0.579,0.01,0.226,34,3,48],[-0.512,-0.359,0.224,20,13,3],[-0.495,-0.898,0.127,21,14],[-0.545,-1.291,-0.5,24,19,4],[-0.581,-1.285,-0.257,23,18],[-0.521,-1.395,-0.038,22,17],[-0.555,-0.226,-0.027,40,47],[-0.512,-0.259,-0.264,42,46],[-0.571,-0.121,-0.475,44,4,41],[0.475,-1.169,-0.475,8,46,3],[0.491,-1.098,-0.241,6,50],[0.439,-1.094,-0.019,4,56],[0.546,-0.383,-0.503,53,5,15],[0.541,-0.42,-0.268,55,16],[0.513,-0.427,-0.021,59,10]],"s":[{"p":[0.002564907,-0.005918503,0.004201531],"r":[2.077221E-05,9.35485E-06,202.5],"s":[0.01821988,0.005147454,0.02904749],"c":[1,1,1],"b":["when any state told by body left4s then become untweened 1","when any state told by body left4b then become untweened 2","when any state told by body left4f then become untweened 3"]}]},{"b":238,"a":[36],"t1":8,"c":[[0.537,0.556,0.108,12],[-0.522,0.538,0.161,15],[-0.216,0.613,0.081,14],[0.224,0.562,0.099,13],[-0.077,-0.753,0.108,4],[0.194,-0.773,0.073,2],[0.548,-0.554,0.154,1],[-0.511,-0.582,0.132,6],[-0.555,-0.128,0.174,7],[-0.546,0.207,0.178,11],[0.532,0.171,0.134,8],[0.526,-0.222,0.118,0],[0.181,-0.211,0.112,3],[-0.136,-0.17,0.047,5],[-0.194,0.184,0.058,10],[0.136,0.194,0.086,9]],"s":[{"p":[0.005605698,-0.01165104,0.0007624626],"r":[292.5,270,89.99996],"s":[0.01425169,0.01705623,0.02976057],"c":[0.3333331,0.3333331,0.3333331],"b":["when any state told by body left4s then become untweened 1","when any state told by body left4b then become untweened 2","when any state told by body left4f then become untweened 3"],"t1":{"c":[1,1,1],"x":0.17,"y":0.17,"a":0.69625,"m":0.5,"n":0.5,"r":0,"g":0,"o":0.5,"t":0.5,"e":0.5}}]},{"b":252,"t":9,"a":[36],"v":1,"s":[{"p":[-0.004163742,0.006203651,0.003495812],"r":[4.957587E-05,1.334325E-05,22.49998],"s":[0.01821799,0.00514707,0.02904522],"c":[0.4444442,0.4444442,0.4444442],"b":["when any state told by body left4s then become untweened 1","when any state told by body left4b then become untweened 2","when any state told by body left4f then become untweened 3"]}]},{"b":252,"t":9,"a":[36],"c":[[0.5,0.5,0.203,27,36,3],[0.5,-0.5,0.184,1,25,38],[-0.5,0.5,0.127,38,48],[0.5,0.486,0.122,61,6],[0.5,-0.5,0.125,0,62],[-0.5,0.5,0.218,34,3,48],[-0.512,-0.359,0.224,20,13,3],[-0.5,-0.509,0.156,21,14],[-0.5,0.5,-0.31,44,4,41],[-0.5,-0.435,-0.312,24,19,4],[0.5,0.5,-0.333,53,5,15],[0.5,-0.5,-0.353,8,46,3]],"s":[{"p":[-0.005433559,0.006167412,0.001026273],"r":[4.957587E-05,1.334325E-05,22.49998],"s":[0.01433073,0.005147354,0.01921469],"c":[1,1,1],"b":["when any state told by body left4s then become untweened 1","when any state told by body left4b then become untweened 2","when any state told by body left4f then become untweened 3"]}]}]}