{"v":9,"a":[12],"p":[{"b":73,"s":[{"p":[0,0,0],"r":[0,0,-4.268868E-07],"s":[0.2250001,0.2250001,0.2250001],"c":[0,0,0],"b":["when starts then become next in 1s"]},{"p":[0,0,0],"r":[0,0,-4.268868E-07],"s":[0.09530425,0.09530428,0.09530427],"c":[0,0,0],"b":["when starts then become next in 1s"]},{"p":[0,0,0],"r":[0,0,-4.268868E-07],"s":[0.4725443,0.4725443,0.4725443],"c":[0,0,0],"b":["when starts then become 1 in 1s"]}]}]}