{"v":9,"a":[1,22,12,31],"p":[{"t":21,"i":[{"t":"5e261328edc5ef4f51103e64","p":[0.07074547,-0.04458326,-0.03586115],"r":[270,225,0],"a":[49]}],"s":[{"p":[0,0,0],"r":[0,0,0],"s":[0.03537085,0.03537126,0.03537105],"c":[0,0,0]}]}]}