{"v":9,"a":[1,22,12,18],"p":[{"t":1,"s":[{"p":[-0.6445308,0.09590721,0.1816149],"r":[0,0,0],"s":[0.2361322,0.001000202,0.275114],"c":[0,0,0]}]},{"t":1,"s":[{"p":[-0.6445308,0.08104515,0.1815548],"r":[0,0,0],"s":[0.2484746,0.03036857,0.2855063],"c":[0.7777778,0.7777778,0.7777778]}]},{"t":1,"s":[{"p":[-0.6445308,0.08640289,0.2811966],"r":[0,0,0],"s":[0.2484822,0.02100662,0.01647272],"c":[0.7777778,0.7777778,0.7777778]}]},{"b":139,"t":2,"e":"[PEOPLE NAMES]","s":[{"p":[-0.7636514,0.09885216,0.2787437],"r":[90,-9.659346E-06,0],"s":[0.001434312,0.001433944,0.001434243],"c":[1,1,1]}]}]}