{"v":9,"p":[{"b":12,"s":[{"p":[0,0,0],"r":[0,0,-6.403302E-07],"s":[0.06000006,0.06000004,0.06000001],"c":[1,1,1]}]}]}