{"v":9,"a":[2,15,49],"tp_m": 5,"tp_d": 5,"p":[{"b":180,"s":[{"p":[0,0,0],"r":[0,0,0],"s":[0.125001,0.1250011,0.1250007],"c":[1,1,1],"b":["when touched then tell nearby "]}]},{"b":69,"s":[{"p":[0.2182044,0.1197407,0.1584403],"r":[42.21021,158.8991,97.56748],"s":[0.07500015,0.07500032,0.07500025],"c":[1,1,1]}]}]}