{"n":"girltorso","v":9,"p":[{"b":181,"i":[{"t":"5e2928e60d37d23816f73449","p":[-0.004753964,0.4723148,-0.03618118],"r":[280.2094,27.59991,189.8834]}],"s":[{"p":[-0.008493423,0.00261879,-0.5173984],"r":[-1.024528E-05,270,270],"s":[0.1189226,0.1729563,0.08106661],"c":[0.4049381,0.2469135,0.4444443]}]},{"b":181,"s":[{"p":[-0.003119468,0.00261879,-0.1119217],"r":[8.537737E-06,90,270],"s":[0.05795477,0.09698721,0.03741537],"c":[0.4049381,0.2469135,0.4444443]}]},{"b":3,"s":[{"p":[0.01650906,0.00644207,-0.07413971],"r":[0,0,-8.537737E-06],"s":[0.06017502,0.06986253,0.06858902],"c":[0.8888889,0.8465608,0.5925926]}]}]}