{"n":"gheadpivot","v":9,"a":[48,49],"p":[{"t":7,"i":[{"t":"5e292a02e472f8287863ae87","p":[-0.004405438,-0.1394491,-0.0264343],"r":[25.48798,7.0957,357.7079]}],"s":[{"p":[0.02627737,0.004948391,0.010887],"r":[358.5833,3.136804,352.9321],"s":[0.03249601,0.03888546,0.1566746],"c":[1,0.6857142,0],"b":["when starts then become next in 0.4"]},{"p":[0.07101373,0.01320212,0.0088541],"r":[6.579035,6.622259,10.26549],"s":[0.03249603,0.03888556,0.1566748],"c":[1,0.6857142,0],"b":["when starts then become next in 0.5"]}]}]}