{"v":9,"p":[{"b":3,"i":[{"t":"5e292de0f349cf24dd87b251","p":[-0.005583924,-0.1573732,-0.006675036],"r":[38.99364,228.9881,156.0618]}],"s":[{"p":[-0.03574926,0.2198795,0.1880268],"r":[353.0168,7.693669,0.1003828],"s":[0.06167202,0.1923633,0.06171421],"c":[0.8888889,0.8465608,0.5925926]}]}]}