{"n":"girlarm","v":9,"p":[{"b":3,"s":[{"p":[0,0,0],"r":[0,0,-1.067217E-07],"s":[0.05729297,0.08370872,0.06514377],"c":[0.4049381,0.2469135,0.4444443]}]},{"b":3,"s":[{"p":[-0.00542542,0.1045231,-0.004744163],"r":[77.55656,32.07797,242.6896],"s":[0.04821682,0.04218638,0.1250005],"c":[0.8888889,0.8465608,0.5925926]}]},{"b":3,"s":[{"p":[-0.06509048,0.2749538,-0.05712285],"r":[50.65044,57.12757,246.2162],"s":[0.04821704,0.04218655,0.1250008],"c":[0.8888889,0.8465608,0.5925926]}]}]}