{"v":9,"a":[50],"p":[{"b":3,"i":[{"t":"5e2139440d37d23816f732bd","p":[0.01477162,0.08450299,-0.0001548231],"r":[313.7688,354.1431,346.2558],"n":"orange8","a":[48]},{"t":"5e2139440d37d23816f732bd","p":[-0.03808261,-0.005905047,0.2218321],"r":[332.2405,293.7632,67.65214],"n":"orange7","a":[48]}],"t1":148,"s":[{"p":[0,0,0],"r":[0,0,0],"s":[0.05070944,0.08168274,0.0323028],"c":[0.8888889,0.733686,0.3950613],"t1":{"c":[1,0.7206349,0.1111111],"x":0.5,"y":0.5,"a":0.8925,"m":0,"n":0,"r":0,"g":0,"o":0.5,"t":0.5,"e":0.5}}]}]}