{"n":"suppresor","v":9,"a":[2,22,14],"p":[{"b":5,"t":1,"s":[{"p":[0,0,0],"r":[0,0,0],"s":[0.01902621,0.02048517,0.3252396],"c":[0.3333332,0.3333332,0.3333332],"b":["when touches ak-47 then destroy all parts"]}]},{"b":5,"t":1,"t1":158,"s":[{"p":[1.490116E-08,0,0.1138153],"r":[-1.001791E-05,4.378969E-13,-3.828217E-20],"s":[0.02140442,0.02507121,0.04703183],"c":[0.3333332,0.3333332,0.3333332],"t1":{"c":[1,1,1],"x":0.0684315,"y":0.5,"a":0.8925,"m":0,"n":0,"r":0,"g":0,"o":0.5,"t":0.5,"e":0.5}}]}]}