{"v":9,"a":[7,18],"p":[{"a":[1],"s":[{"p":[0,0,0],"r":[0,0,0],"s":[0.7161864,0.0151583,0.4601069],"c":[1,1,1]}]}]}