{"v":9,"a":[22,18],"p":[{"b":168,"s":[{"p":[0,0,0],"r":[0,0,1.017778E-13],"s":[0.1429079,0.04500194,0.07222746],"c":[0.5555556,0.4585538,0.2469128]}]}]}