{"v":9,"a":[7,18],"p":[{"t1":43,"s":[{"p":[0,0,0],"r":[0,0,0],"s":[16.66655,0.07749299,2.315916],"c":[0.7777778,0.7777778,0.7777778],"t1":{"c":[0.3333333,0.3333333,0.3333333],"x":0.09285998,"y":0.2918561,"a":0.6961906,"m":0,"n":0.1321599,"r":0,"g":0,"o":0.5,"t":0.5,"e":0.5}}]}]}