{"v":9,"p":[{"b":36,"t":1,"s":[{"p":[0,0,0],"r":[0,0,1.387382E-06],"s":[0.125,0.1250001,0.125],"c":[1,0.3428567,0]}]},{"b":36,"t":1,"s":[{"p":[0.194343,0.7443556,0.08415151],"r":[35.22085,350.1913,6.202141],"s":[0.1250002,0.1250002,0.1250001],"c":[1,0.3428567,0]}]}]}