{"n":"girlgrip","v":9,"p":[{"b":10,"a":[12],"i":[{"t":"5e292f04f349cf24dd87b252","p":[-0.07220388,0.1631331,-0.2516839],"r":[350.9532,355.9976,351.6199]},{"t":"5e292fc95acb892877a4097e","p":[-0.04274911,0.04304838,-0.6327727],"r":[6.930939,0.8855773,354.5695]},{"t":"5e292de966146d062b8fb258","p":[-0.04060054,-0.02273703,-1.106504],"r":[338.1806,270.529,96.37511]},{"t":"5e292e719371bd24d77a84c4","p":[0.03141555,-0.04289675,-1.145],"r":[335.8586,267.6216,91.04042]}],"s":[{"p":[0,0,0],"r":[0,0,0],"s":[0.1249999,0.125,0.125],"c":[1,1,1]}]}]}