{"n":"hat","v":9,"a":[2,21,49],"p":[{"b":16,"a":[37],"c":[[0.502,-0.03,-0.237,26],[0.844,0.079,-1.292,8],[1.404,0.052,-0.792,10],[1.679,0.058,-0.065,12,20],[1.435,0.075,0.727,29],[0.866,0.115,1.286,33],[0.682,-0.09,0.984,45],[0.98,-0.029,0.689,43],[1.089,-0.062,-0.024,20,24],[0.902,-0.104,-0.461,19],[0.625,-0.201,-0.783,18],[0.084,0.09,-1.457,7],[-0.01,-0.229,-0.928,17],[0.584,0.082,0.031,27,24],[0.565,0.079,0.303,50],[0.544,0.087,0.686,52],[0.081,-0.283,0.61,28,29],[0.384,-0.133,-0.542,25],[0.043,-0.347,-0.351,24],[-0.039,-0.231,1.227,46],[-0.015,-0.025,1.01,53],[-0.405,0.042,0.699,54],[-0.394,-0.187,1.049,47],[-0.809,-0.031,0.67,48],[-1.291,0.149,0.797,40],[0.07,0.134,1.512,35],[-0.67,0.159,1.338,38],[-0.4,0.026,-0.28,22],[-0.502,0.08,-0.025,21,35],[-0.446,0.075,0.337,55],[-0.95,-0.039,0.039,14,35],[-0.897,-0.122,-0.544,15],[-0.105,-0.088,-0.468,23],[-0.441,-0.225,-0.798,16],[-1.492,0.1,0.016,2,40],[-1.307,0.081,-0.742,3],[-0.745,0.101,-1.288,5],[-1.336,-0.451,-0.75,0,67],[0.05,-0.451,-1.5,6,57],[-0.75,-0.451,-1.299,4,61],[-1.55,-0.451,0,1,40,28],[-1.336,-0.451,0.75,39,29],[-0.75,-0.451,1.299,37,29],[0.05,-0.451,1.5,36,28],[0.85,-0.451,1.299,34,28],[1.435,-0.451,0.75,30,29],[1.65,-0.451,0,13,18,27],[1.435,-0.451,-0.75,11,49],[0.85,-0.451,-1.299,9,52]],"sa":180,"s":[{"p":[0,0,0],"r":[0,0,0],"s":[0.06387079,0.07530811,0.07530867],"c":[0.111111,0.111111,0.111111]}]},{"b":55,"a":[38],"c":[[0,0.661,-1.346,297],[0.515,0.661,-1.243,55,237],[0.952,0.661,-0.951,49,222,20],[1.244,0.661,-0.514,50,217],[1.346,0.661,0.001,262],[1.244,0.661,0.516,36,221],[0.952,0.661,0.953,30,202,24],[-0.515,0.661,-1.243,68,235],[-0.952,0.661,-0.951,69,120,118],[-1.244,0.661,-0.514,74,114],[-1.347,0.661,0.001,178],[-1.244,0.661,0.516,12,165],[-0.952,0.661,0.953,13,170,34],[-0.515,0.661,1.245,18,198],[0,0.661,1.347,222],[0.515,0.661,1.245,31,197],[-0.536,0.16,-1.293,302]],"s":[{"p":[0.003000254,-0.0364995,-0.0005674295],"r":[-1.001791E-05,270,2.003583E-05],"s":[0.1655995,0.01395084,0.1406211],"c":[0.7777778,0.7283951,0.4320987]}]},{"b":16,"c":[[0.546,1.507,-0.293,26],[0.777,1.031,-1.149,8],[1.233,1.092,-0.687,10],[1.466,1.008,-0.041,12,20],[1.317,0.979,0.667,29],[0.63,1.108,1.231,33],[0.726,1.447,0.928,45],[1.024,1.508,0.633,43],[1.133,1.475,-0.08,20,24],[0.946,1.433,-0.517,19],[0.669,1.336,-0.839,18],[0.038,0.897,-1.354,7],[0.034,1.308,-0.984,17],[0.628,1.619,-0.025,27,24],[0.609,1.616,0.247,50],[0.588,1.624,0.63,52],[0.125,1.254,0.554,28,29],[0.428,1.404,-0.598,25],[0.087,1.19,-0.407,24],[0.005,1.306,1.171,46],[0.029,1.512,0.954,53],[-0.361,1.579,0.643,54],[-0.35,1.35,0.993,47],[-0.765,1.506,0.614,48],[-1.104,0.996,0.741,40],[0.022,0.895,1.366,35],[-0.551,0.985,1.195,38],[-0.356,1.563,-0.336,22],[-0.458,1.617,-0.081,21,35],[-0.402,1.612,0.281,55],[-0.906,1.498,-0.017,14,35],[-0.853,1.415,-0.6,15],[-0.227,1.358,-0.582,23],[-0.397,1.312,-0.854,16],[-1.199,1.128,0.107,2,40],[-1.194,0.967,-0.684,3],[-0.685,0.842,-1.118,5],[-1.336,-0.451,-0.75,0,67],[0.05,-0.451,-1.5,6,57],[-0.75,-0.451,-1.299,4,61],[-1.55,-0.451,0,1,40,28],[-1.336,-0.451,0.75,39,29],[-0.75,-0.451,1.299,37,29],[0.05,-0.451,1.5,36,28],[0.85,-0.451,1.299,34,28],[1.435,-0.451,0.75,30,29],[1.65,-0.451,0,13,18,27],[1.435,-0.451,-0.75,11,49],[0.85,-0.451,-1.299,9,52]],"sa":180,"s":[{"p":[-4.612816E-10,-0.002638221,4.612818E-10],"r":[-1.001792E-05,7.118161E-20,-8.142219E-13],"s":[0.06391671,0.07531473,0.07537494],"c":[0.7777778,0.7283951,0.4320986]}]},{"b":31,"t":11,"t1":10,"s":[{"p":[0.087404,0.1162868,0.1319954],"r":[303.0132,357.892,265.9084],"s":[0.07307897,0.01630409,0.4211481],"c":[0.7777778,0.7209877,0.691358],"t1":{"c":[0.3333333,0.3333333,0.3333333],"a":0}}]},{"b":62,"t":7,"s":[{"p":[0.09877575,0.0793643,0.09892423],"r":[4.705073,278.7557,290.0869],"s":[0.02989197,0.06957266,0.005146502],"c":[0.5485008,0.5555556,0.3086419]}]},{"b":62,"t":7,"s":[{"p":[0.09581967,0.0915386,0.1066295],"r":[7.63869,277.8908,289.6755],"s":[0.02989201,0.06957269,0.005146513],"c":[0.7728395,0.7777778,0.6049383]}]},{"b":62,"t":7,"s":[{"p":[0.0959215,0.1092953,0.1218478],"r":[10.09447,276.1575,287.5029],"s":[0.02989212,0.06957286,0.005146518],"c":[0.7728395,0.7777778,0.6049383]}]},{"b":62,"t":7,"s":[{"p":[0.09349699,0.1310505,0.1396661],"r":[9.767995,278.0519,284.9607],"s":[0.02989218,0.06957291,0.005146531],"c":[0.5485008,0.5555556,0.3086419]}]},{"b":62,"t":7,"s":[{"p":[0.09818855,0.1564336,0.1699128],"r":[4.873844,278.577,290.0856],"s":[0.03810878,0.1052326,0.005146525],"c":[0.7728395,0.7777778,0.6049383]}]},{"b":62,"t":7,"s":[{"p":[0.09285663,0.1773159,0.1853857],"r":[5.758065,279.3456,289.7774],"s":[0.03810877,0.1052327,0.005146528],"c":[0.5485008,0.5555556,0.3086419]}]},{"b":62,"t":7,"s":[{"p":[0.09993291,0.2145614,0.2320593],"r":[6.778825,282.3751,295.4459],"s":[0.04515614,0.1875321,0.005146528],"c":[0.7728395,0.7777778,0.6049383]}]},{"b":62,"t":7,"s":[{"p":[0.09186718,0.2455549,0.2737377],"r":[10.2027,276.7464,290.362],"s":[0.04515618,0.1875323,0.00514653],"c":[0.7728395,0.7777778,0.6049383]}]},{"b":62,"t":7,"s":[{"p":[0.08960038,0.2630025,0.3175456],"r":[7.22897,279.306,277.2549],"s":[0.04515624,0.1875327,0.005146535],"c":[0.5485008,0.5555556,0.3086419]}]},{"b":62,"t":7,"s":[{"p":[0.09574261,0.1012935,0.06843081],"r":[359.5773,274.1118,348.7455],"s":[0.02989202,0.0695726,0.005146522],"c":[0.5485008,0.5555556,0.3086419]}]},{"b":62,"t":7,"s":[{"p":[0.09497346,0.1093365,0.07762589],"r":[3.870922,264.1746,353.0483],"s":[0.02989193,0.06957256,0.005146523],"c":[0.5485008,0.5555556,0.3086419]}]},{"b":62,"t":7,"s":[{"p":[0.0923379,0.1363671,0.09200856],"r":[3.657423,261.7193,349.2657],"s":[0.0298919,0.06957253,0.005146515],"c":[0.5485008,0.5555556,0.3086419]}]},{"b":62,"t":7,"s":[{"p":[0.09467769,0.1667753,0.1150764],"r":[2.506961,269.9269,347.4112],"s":[0.02989198,0.08565267,0.005146531],"c":[0.7728395,0.7777778,0.6049383]}]},{"b":62,"t":7,"s":[{"p":[0.09100211,0.1902095,0.1327497],"r":[0.1052503,267.7437,349.4646],"s":[0.02989192,0.08565249,0.00514652],"c":[0.5485008,0.5555556,0.3086419]}]},{"b":62,"t":7,"s":[{"p":[0.08786543,0.2302616,0.1625848],"r":[3.296745,274.6057,342.4879],"s":[0.04976096,0.1309245,0.005146527],"c":[0.7728395,0.7777778,0.6049383]}]},{"b":62,"t":7,"s":[{"p":[0.08698383,0.2550811,0.1894968],"r":[4.409068,276.0549,335.7722],"s":[0.04976099,0.1309245,0.005146527],"c":[0.5485008,0.5555556,0.3086419]}]},{"b":62,"t":7,"s":[{"p":[0.08784956,0.2808404,0.2243612],"r":[0.71343,273.9059,327.4498],"s":[0.04976098,0.1309243,0.005146515],"c":[0.7728395,0.7777778,0.6049383]}]},{"b":62,"t":7,"s":[{"p":[0.09033327,0.3022563,0.2707938],"r":[3.178694,275.883,319.4105],"s":[0.05702683,0.1836468,0.005146522],"c":[0.5485008,0.5555556,0.3086419]}]},{"b":62,"t":7,"s":[{"p":[0.08804733,0.3011896,0.313901],"r":[3.758621,274.4207,304.5167],"s":[0.05702692,0.1836471,0.005146528],"c":[0.7728395,0.7777778,0.6049383]}]},{"b":62,"t":7,"s":[{"p":[0.09531018,0.2949786,0.3522874],"r":[1.343702,272.9236,285.9886],"s":[0.05702683,0.1836473,0.005146522],"c":[0.5485008,0.5555556,0.3086419]}]},{"b":4,"a":[12],"t1":168,"s":[{"p":[0.1002075,-0.03964627,-0.009855255],"r":[60.57534,178.1727,131.7254],"s":[0.01847757,0.01991324,0.01834472],"c":[0,0,0],"b":["when triggered then trail start","when trigger let go then trail end"],"t1":{"c":[1,1,1],"a":0.002877116}}]},{"b":3,"a":[12,38],"s":[{"p":[0.09587287,0.1315202,0.1262419],"r":[310.9681,0.29401,184.0025],"s":[0.01342994,0.06524976,0.219446],"c":[1,1,1]}]}]}