{"v":9,"a":[22,21],"p":[{"b":10,"t":7,"s":[{"p":[0,0,0],"r":[0,0,0],"s":[1.520642,0.0004954751,1.422761],"c":[0.691358,0.8042328,0.8888889]}]},{"b":10,"s":[{"p":[0.05197745,-0.003177911,0.03576364],"r":[8.537737E-06,7.315276E-13,9.818397E-06],"s":[1.44039,0.0004954665,1.342485],"c":[0.691358,0.8042328,0.8888889]}]}]}