{"v":9,"a":[22,48],"p":[{"b":205,"s":[{"p":[0,0,0],"r":[0,0,0],"s":[0.04500514,0.0450038,0.04500377],"c":[1,1,1],"b":["when starts then stream to mirror"]}]}]}