{"n":"mirror","v":9,"a":[22,49],"p":[{"a":[1],"c":[[-0.398,0.494,-0.393,5,6,7],[-0.389,0.493,0.427,3,6,8],[0.381,0.494,0.414,2,6,14],[0.383,0.495,-0.393,4,6,11]],"s":[{"p":[0,0,0],"r":[0,0,0],"s":[0.2973824,0.1650423,0.4293049],"c":[1,1,1]}]}]}