{"v":9,"p":[{"b":3,"s":[{"p":[0,0,0],"r":[0,0,0],"s":[0.001000006,0.08154254,0.1466771],"c":[1,1,1]}]}]}