{"n":"video","v":9,"a":[49],"p":[{"a":[1,4],"s":[{"p":[0.02350566,0.003084915,-0.003571138],"r":[1.813756,359.1409,90.35899],"s":[0.02298433,0.3928075,0.2167204],"c":[0,0,0]}]},{"s":[{"p":[0.02390131,-0.0261503,0.0424715],"r":[1.359332,359.2249,1.687931],"s":[0.4176123,0.05884935,0.3362731],"c":[1,0,0.3428572]}]},{"s":[{"p":[-0.1146584,-0.002353787,0.1507761],"r":[88.31287,220.0331,310.4429],"s":[0.04561307,0.07858091,0.03970566],"c":[1,1,1],"b":["when touched then become next in 1s"]},{"p":[-0.1145518,-0.01701134,0.1519667],"r":[87.76988,135.0985,225.4747],"s":[0.04561312,0.07858099,0.03970571],"c":[1,1,1],"b":["when starts then become next in 1s"]}]}]}