{"v":9,"a":[7,18,31],"p":[{"b":3,"t":3,"s":[{"p":[0,0,0],"r":[0,0,0],"s":[0.07786302,0.07786292,0.07786302],"c":[1,0.6857142,0]}]}]}