{"v":9,"a":[22,18],"p":[{"a":[12,36],"s":[{"p":[0.123702,-0.2167802,0.1455588],"r":[329.6835,334.5218,296.7501],"s":[0.05236773,0.05237622,0.664725],"c":[1,1,1],"b":["when told door then become next in 2, play sliding wooden door"]},{"p":[0.123702,-0.2167802,0.1455588],"r":[329.6835,334.5218,94.25005],"s":[0.05238638,0.05238938,0.0523867],"c":[1,1,1],"b":["when starts then become next in 5"]},{"p":[0.123702,-0.2167802,0.1455588],"r":[329.6835,334.5218,94.25005],"s":[0.05238638,0.05238938,0.0523867],"c":[1,1,1],"b":["when starts then become next in 2, play sliding wooden door"]}]}]}