{"v":9,"a":[22,18],"p":[{"b":180,"t":1,"s":[{"p":[0.1518097,0.05622289,0.008544147],"r":[0,0,-2.049057E-05],"s":[0.001000053,0.04978621,0.005197752],"c":[0,0,0]}]},{"b":180,"t":1,"s":[{"p":[0.1518097,0.05020902,0.01986861],"r":[22.50001,-5.788884E-06,-1.159748E-05],"s":[0.001000092,0.03415171,0.005174937],"c":[0,0,0]}]},{"b":180,"t":1,"s":[{"p":[0.1518097,-0.07194141,0.008739173],"r":[0,0,-6.830189E-06],"s":[0.001000062,0.04978667,0.005197795],"c":[0,0,0]}]},{"b":180,"t":1,"s":[{"p":[0.1518097,-0.06640247,0.01986861],"r":[339.2952,350.9928,1.648663],"s":[0.001000138,0.03415366,0.00517516],"c":[0,0,0]}]}]}