{"v":9,"a":[22,18,21],"p":[{"b":144,"t":11,"s":[{"p":[0,0,0],"r":[0,0,0],"s":[0.00887855,0.05750781,0.05750694],"c":[0.8888889,0.9904762,1]}]},{"b":69,"t":17,"c":[[-0.208,-0.038,-0.978,114],[-0.162,0.586,-0.764,65],[-0.187,0.396,-0.881,82],[-0.202,0.185,-0.953,97],[-0.129,0.744,-0.609,50],[-0.09,0.863,-0.424,22],[-0.046,0.937,-0.217,20],[0,0.962,0,2,4,3,3,3,3,3,3,3,3,3,3,3,3,3],[-0.192,0.937,-0.111,14],[-0.13,0.937,-0.18,17],[-0.366,0.744,-0.504,51],[-0.459,0.586,-0.632,64],[-0.529,0.396,-0.728,83],[-0.573,0.185,-0.788,96],[-0.587,-0.038,-0.809,115],[-0.866,-0.038,-0.5,116],[-0.844,0.185,-0.487,95],[-0.78,0.396,-0.45,84],[-0.677,0.586,-0.39,63],[-0.54,0.744,-0.311,52],[-0.375,0.863,-0.216,16],[-0.994,-0.038,-0.104,117],[-0.777,0.586,-0.081,62],[-0.896,0.396,-0.094,85],[-0.969,0.185,-0.101,94],[-0.62,0.744,-0.065,53],[-0.431,0.863,-0.045,13],[-0.221,0.937,-0.023,11],[-0.412,0.863,0.135,10],[-0.322,0.863,0.291,7],[-0.176,0.863,0.397,4],[0,0.863,0.434,3,43],[0.177,0.863,0.397,43],[0.323,0.863,0.291,40],[0.413,0.863,0.135,37],[0.432,0.863,-0.045,34],[0.376,0.863,-0.216,31],[0.255,0.863,-0.351,28],[0.091,0.863,-0.424,25],[0.047,0.937,-0.217,23],[0.131,0.937,-0.18,26],[0.193,0.937,-0.111,29],[0.222,0.937,-0.023,32],[0.212,0.937,0.069,35],[0.166,0.937,0.149,38],[0.091,0.937,0.204,41],[0,0.937,0.223,1,43],[-0.09,0.937,0.204,0],[-0.165,0.937,0.149,5],[-0.211,0.937,0.069,8],[0.13,0.744,-0.609,49],[0.163,0.586,-0.764,66],[0.188,0.396,-0.881,81],[0.203,0.185,-0.953,98],[0.208,-0.038,-0.978,113],[0.588,-0.038,-0.809,112],[0.573,0.185,-0.788,99],[0.53,0.396,-0.728,80],[0.46,0.586,-0.632,67],[0.54,0.744,-0.311,47],[0.367,0.744,-0.504,48],[0.677,0.586,-0.39,68],[0.781,0.396,-0.45,79],[0.845,0.185,-0.487,100],[0.866,-0.038,-0.5,111],[0.995,-0.038,-0.104,277],[0.97,0.185,-0.101,106],[0.896,0.396,-0.094,101],[0.62,0.744,-0.065,69],[0.778,0.586,-0.081,74],[0.593,0.744,0.193,70],[0.744,0.586,0.242,75],[0.857,0.396,0.279,102],[0.928,0.185,0.302,107],[0.951,-0.038,0.309,278],[0.743,-0.038,0.67,279],[0.725,0.185,0.653,108],[0.67,0.396,0.603,103],[0.581,0.586,0.524,76],[0.464,0.744,0.418,71],[0.254,0.744,0.57,72],[0.318,0.586,0.715,77],[0.367,0.396,0.824,104],[0.407,-0.038,0.914,280],[0.397,0.185,0.891,109],[0,-0.038,1,121,160],[0,0.185,0.975,90,20],[0,0.396,0.901,89,16],[0,0.586,0.782,58,20],[0,0.744,0.624,57,16],[-0.253,0.744,0.57,56],[-0.318,0.586,0.715,59],[-0.366,0.396,0.824,88],[-0.396,0.185,0.891,91],[-0.406,-0.038,0.914,120],[-0.743,-0.038,0.67,119],[-0.724,0.185,0.653,92],[-0.669,0.396,0.603,87],[-0.581,0.586,0.524,60],[-0.463,0.744,0.418,55],[-0.593,0.744,0.193,54],[-0.743,0.586,0.242,61],[-0.857,0.396,0.279,86],[-0.927,0.185,0.302,93],[-0.951,-0.038,0.309,118],[-0.255,0.863,-0.351,19]],"sa":54,"s":[{"p":[0,0,0],"r":[270,270,0],"s":[0.08036515,0.08036501,0.08036465],"c":[0.6666667,0.6666667,0.6666667]}]},{"b":144,"t":2,"s":[{"p":[0.02771878,0,4.956505E-09],"r":[0,1.707547E-06,0],"s":[0.05913995,0.05301165,0.05301058],"c":[0.8412699,1,0.7777778]}]},{"b":144,"t":11,"s":[{"p":[0.07139325,0,1.276611E-08],"r":[0,0,0],"s":[0.0110318,0.05847615,0.05847408],"c":[0.691358,0.7703704,0.7777778]}]},{"b":144,"t":11,"s":[{"p":[0.05826378,0,1.041838E-08],"r":[0,1.707547E-06,0],"s":[0.005186827,0.0584771,0.05847493],"c":[0.691358,0.7703704,0.7777778]}]},{"b":144,"t":11,"a":[23],"s":[{"p":[0.03357995,0,6.004562E-09],"r":[0,1.707547E-06,0],"s":[0.06119309,0.05506514,0.05506407],"c":[0.691358,0.7703704,0.7777778]}]},{"b":79,"t":11,"s":[{"p":[0.03375161,0,6.035258E-09],"r":[270,270,0],"s":[0.04271819,0.02113353,0.04271438],"c":[0.8888889,0.9904762,1]}]},{"b":79,"t":11,"s":[{"p":[0.02158034,0,3.858865E-09],"r":[270,90.00002,0],"s":[0.0416959,0.01641702,0.04169618],"c":[0.8888889,0.9904762,1]}]},{"b":144,"t":2,"s":[{"p":[0.06358182,0,1.136932E-08],"r":[0,1.707547E-06,0],"s":[0.01049179,0.05793639,0.05793426],"c":[0.8412699,1,0.7777778]}]},{"b":180,"a":[23],"s":[{"p":[-0.09649134,0.0001564026,-0.002500551],"r":[353.5935,247.9636,271.8764],"s":[0.006981784,0.02725664,0.02725671],"c":[0,0,0]}]},{"b":144,"s":[{"p":[-0.1050897,-0.001075745,0.02018354],"r":[28.89318,67.14356,357.8701],"s":[0.00461067,0.0006171011,0.0006171001],"c":[0,0,0]}]},{"b":144,"s":[{"p":[-0.1083767,-0.0006752014,0.0186138],"r":[21.28751,50.52,353.8825],"s":[0.004610745,0.0006171279,0.000617125],"c":[0,0,0]}]},{"b":180,"s":[{"p":[-0.09363425,0.02468872,-0.002216356],"r":[353.5935,247.9636,271.8764],"s":[0.0009994894,0.01149639,0.01149621],"c":[0,0,0]}]},{"b":180,"s":[{"p":[-0.09521306,0.0111351,-0.002374666],"r":[353.5935,247.9636,271.8764],"s":[0.004885762,0.02492864,0.02492846],"c":[0,0,0]}]},{"b":144,"s":[{"p":[-0.1033069,0.00933075,0.01889227],"r":[6.406521,67.96361,335.6236],"s":[0.004610898,0.0006171922,0.0006171851],"c":[0,0,0]}]},{"b":64,"t":2,"s":[{"p":[-0.08795679,-0.02575302,0.001670823],"r":[16.08133,248.7108,181.9406],"s":[0.003190212,0.0001866594,0.00229143],"c":[0,0,0]}]},{"b":64,"t":2,"s":[{"p":[-0.08963776,-0.02622223,0.001132948],"r":[343.9187,68.71078,358.0594],"s":[0.003222685,0.000270786,0.0004667094],"c":[0,0,0]}]},{"b":180,"t":11,"s":[{"p":[-0.09649134,0.0001564026,-0.002500551],"r":[353.5935,247.9636,271.8764],"s":[0.02706572,0.02706602,0.02706615],"c":[0.8888889,0.9904762,1]}]},{"b":180,"t":2,"s":[{"p":[-0.09541261,0.009418488,-0.002393739],"r":[353.5935,247.9636,271.8764],"s":[0.0195634,0.01781808,0.01781808],"c":[0.8412699,1,0.7777778]}]},{"b":144,"t":11,"s":[{"p":[-0.1045851,0.001461029,0.0178089],"r":[38.5659,249.6604,182.3851],"s":[0.009191524,0.009191322,0.009191342],"c":[0.691358,0.7703704,0.7777778]}]},{"b":144,"t":2,"s":[{"p":[-0.1052462,0.00151825,0.01946066],"r":[38.5659,249.6604,182.3851],"s":[0.007997607,0.007997341,0.008214809],"c":[0.8412699,1,0.7777778]}]},{"b":144,"t":11,"s":[{"p":[-0.1059574,0.001579285,0.02123831],"r":[38.5659,249.6604,182.3851],"s":[0.006715384,0.006715045,0.006715058],"c":[0.5925926,0.6603175,0.6666667]}]},{"b":60,"t":2,"s":[{"p":[-0.1059574,0.001579285,0.02123831],"r":[321.4341,69.66044,87.6149],"s":[0.001793997,0.009765099,0.0195816],"c":[0.8412699,1,0.7777778]}]},{"b":5,"t":11,"s":[{"p":[-0.1196718,0.02062607,0.01455496],"r":[51.37194,65.83807,357.0121],"s":[0.001560847,0.001560499,0.05105857],"c":[0.7901235,0.8804232,0.8888889]}]},{"b":5,"t":11,"s":[{"p":[-0.1031809,0.02850342,0.02088354],"r":[83.32556,264.3261,196.2575],"s":[0.001561004,0.001560515,0.05106332],"c":[0.7901235,0.8804232,0.8888889]}]},{"b":5,"t":11,"s":[{"p":[-0.1234874,0.02585983,0.01284406],"r":[51.37193,65.83804,357.0121],"s":[0.001164462,0.001164086,0.05066334],"c":[0.691358,0.7703704,0.7777778]}]},{"b":5,"t":11,"s":[{"p":[-0.1031809,0.02850342,0.02088354],"r":[83.32556,264.3261,196.2575],"s":[0.00116446,0.001164085,0.06540681],"c":[0.691358,0.7703704,0.7777778]}]},{"b":144,"t":11,"s":[{"p":[-0.08820331,2.670288E-05,-0.02308847],"r":[6.406513,67.9636,178.1236],"s":[0.009191584,0.009191293,0.009191344],"c":[0.691358,0.7703704,0.7777778]}]},{"b":144,"t":2,"s":[{"p":[-0.08754241,-3.051758E-05,-0.02474023],"r":[6.40651,67.9636,178.1236],"s":[0.007997619,0.007997318,0.008214779],"c":[0.8412699,1,0.7777778]}]},{"b":144,"t":11,"s":[{"p":[-0.08683109,-9.155273E-05,-0.02651788],"r":[6.40651,67.9636,178.1236],"s":[0.006715393,0.006715021,0.006715039],"c":[0.5925926,0.6603175,0.6666667]}]},{"b":60,"t":2,"s":[{"p":[-0.08683109,-9.155273E-05,-0.02651788],"r":[353.5935,247.9636,91.8764],"s":[0.001793992,0.009765097,0.01958159],"c":[0.8412699,1,0.7777778]}]},{"b":5,"t":11,"s":[{"p":[-0.08418941,0.02415085,-0.02578737],"r":[83.32561,264.326,16.25736],"s":[0.001560853,0.001560493,0.05105855],"c":[0.7901235,0.8804232,0.8888889]}]},{"b":5,"t":11,"s":[{"p":[-0.1019973,0.02141953,-0.03282358],"r":[51.37193,65.83808,177.0122],"s":[0.001561017,0.001560515,0.05106371],"c":[0.7901235,0.8804232,0.8888889]}]},{"b":5,"t":11,"s":[{"p":[-0.08341467,0.03080368,-0.02570917],"r":[83.32561,264.3259,16.25732],"s":[0.001164468,0.001164083,0.05066333],"c":[0.691358,0.7703704,0.7777778]}]},{"b":5,"t":11,