{"v":9,"a":[22,32],"p":[{"b":164,"t":1,"s":[{"p":[0,0,0],"r":[-1.001791E-05,6.106663E-13,180],"s":[0.1000079,0.1000087,0.01288667],"c":[0.4444443,0.4444443,0.4444443],"b":["when starts then become unsoftened next in 1.5s"]},{"p":[0,0,0],"r":[-5.008956E-06,5.008957E-06,90.00001],"s":[0.1000079,0.1000087,0.01288667],"c":[0.4444442,0.4444442,0.4444442],"b":["when starts then become unsoftened next in 1.5s"]},{"p":[0,0,0],"r":[6.106665E-13,-2.035554E-13,1.024528E-05],"s":[0.1000079,0.1000087,0.01288667],"c":[0.4444442,0.4444442,0.4444442],"b":["when starts then become unsoftened next in 1.5s"]},{"p":[0,0,0],"r":[-5.008958E-06,-5.008957E-06,270],"s":[0.1000079,0.1000087,0.01288667],"c":[0.4444441,0.4444441,0.4444441],"b":["when starts then become unsoftened next in 1.5s"]}]}]}