{"n":"tentacle joint 1","v":9,"a":[7,12,18,49],"p":[{"b":2,"t":7,"a":[12,37],"i":[{"t":"5e3bb658037b0d2871282186","p":[0.0002021641,0.001367569,0.1060715],"r":[90,2.68376E-06,0]}],"s":[{"p":[0,0,0],"r":[22.28102,0.2276421,2.267545],"s":[0.0176432,0.07711925,0.09727449],"c":[1,0.6857142,0],"b":["when starts then become next in 3"]},{"p":[0,0,0],"r":[353.4629,7.425468,63.80054],"s":[0.0176432,0.07711925,0.09727449],"c":[1,0.6857142,0],"b":["when starts then become next in 4"]},{"p":[0,0,0],"r":[3.558259,333.8053,58.82787],"s":[0.0176432,0.07711925,0.09727449],"c":[1,0.6857142,0],"b":["when starts then become next in 2"]}]}]}