{"v":9,"a":[7,21],"p":[{"b":5,"t1":162,"s":[{"p":[0,0,0],"r":[0,0,6.157171E-14],"s":[0.008691331,0.008693447,0.03265227],"c":[1,0.8571429,0],"t1":{"c":[1,0.8571429,0],"x":0.5,"y":0.5,"a":0.8925,"m":0,"n":0,"r":0,"g":0,"o":0.5,"t":0.5,"e":0.5}}]}]}