{"v":9,"p":[{"b":8,"t1":10,"s":[{"p":[0,0,0],"r":[0,0,0],"s":[0.125,0.125,0.1250001],"c":[1,1,1],"b":["when touched then become 2"],"t1":{"c":[1,0.1714285,0],"a":0}},{"p":[0,0,0],"r":[0,0,0],"s":[0.4472251,0.125,0.2166519],"c":[1,1,1],"b":["when touched then become 1"],"t1":{"c":[1,0.1714285,0],"a":0}}]}]}