{"v":9,"a":[7],"p":[{"s":[{"p":[0,0,0],"r":[0,0,0],"s":[0.08763544,0.1045671,0.05128661],"c":[1,1,1]}]},{"s":[{"p":[0.0005264279,-0.001561169,0.02521348],"r":[0,0,0],"s":[0.03047868,0.03521984,0.05128926],"c":[1,1,1]}]}]}