{"v":9,"a":[7],"p":[{"s":[{"p":[0.6121653,0.004811287,0.001842608],"r":[0,180,0],"s":[0.8549319,0.03222408,0.1750341],"c":[0,0,0]}]},{"s":[{"p":[-0.06196427,-0.01400661,0.01806926],"r":[0,0,0],"s":[1.67421,0.03222418,0.1750286],"c":[0,0,0]}]}]}