{"v":9,"p":[{"s":[{"p":[0.03102317,0.01476301,0.02682577],"r":[351.793,352.7859,347.6506],"s":[0.1319855,0.02240638,0.8705087],"c":[0.7777778,0.5333333,0]}]},{"b":5,"s":[{"p":[0.09095719,-0.02942623,-0.3766438],"r":[75.20763,295.8907,303.9941],"s":[0.01436628,0.01436618,0.04699732],"c":[0.3333332,0.3333332,0.3333332]}]},{"b":5,"s":[{"p":[-0.01207037,0.08651708,0.4309016],"r":[75.20763,295.8907,303.9941],"s":[0.01436828,0.01436863,0.0469989],"c":[0.3333332,0.3333332,0.3333332]}]}]}