{"v":9,"p":[{"s":[{"p":[0,0,0],"r":[0,0,0],"s":[22.08311,4.009471,0.1843255],"c":[1,1,1]}]}]}