{"v":9,"a":[2],"p":[{"b":16,"a":[3],"s":[{"p":[-0.001969419,0.006879017,0.1930923],"r":[71.79857,288.0724,293.9065],"s":[0.06539761,0.06539761,0.06539776],"c":[1,0.9682539,0.7777778]}]},{"b":3,"s":[{"p":[0.01921212,0.01163034,0.1226621],"r":[356.8467,351.7967,112.987],"s":[0.02599709,0.022631,0.1169406],"c":[0.3333332,0.3333332,0.3333332]}]},{"b":14,"s":[{"p":[-0.01854893,0.008188546,0.4424141],"r":[0.8469735,353.5818,16.59779],"s":[0.06940963,0.01327704,0.1152074],"c":[1,1,1]}]},{"b":3,"a":[3],"s":[{"p":[0.0262732,0.0157341,0.04518064],"r":[2.960456,15.60447,340.3394],"s":[0.03815512,0.03815522,0.03815526],"c":[1,0.9682539,0.7777778]}]}]}