{"v":9,"p":[{"b":142,"t":2,"e":"LOOOOOOOOOONG SABER","s":[{"p":[0,0,0],"r":[0,0,0],"s":[0.01066358,0.01066358,0.01066358],"c":[1,0,0]}]}]}