{"v":9,"p":[{"b":144,"t":3,"s":[{"p":[-0.1146036,0.6325232,0.4054814],"r":[4.650451,339.9551,19.09336],"s":[0.4798584,0.09513614,0.05135516],"c":[1,1,1]}]},{"b":144,"t":3,"s":[{"p":[0.3411595,-1.362388,0.8938614],"r":[356.3112,334.969,19.68426],"s":[0.4798617,0.09513702,0.05135551],"c":[1,1,1]}]}]}