{"n":"ak-47","v":9,"a":[1,2,3,22,48],"p":[{"i":[{"t":"5e2d9fa3a3a6473806f0c697","p":[0.005662933,0.08620929,0.1187511],"r":[-8.964187E-08,-8.964184E-08,270],"a":[2]}],"s":[{"p":[0,0,0],"r":[0,0,0],"s":[0.1082037,0.2897873,0.2022395],"c":[1,1,1],"b":["when told shoot then become 2 in 0.1s","when told semi then become 3 in 0.1s"]},{"p":[-1.592297E-08,-0.09106875,-7.450581E-09],"r":[0,0,0],"s":[0.1082038,0.2897916,0.2022438],"c":[1,1,1],"b":["when told shoot then become 1 in 0.1s","when starts then become 1 in 0.1s"]},{"p":[0,0,0],"r":[0,0,0],"s":[0.1082037,0.2897873,0.2022395],"c":[1,1,1],"b":["when triggered then become 4 in 0.1s","when told auto then become 1 in 0.1s"]},{"p":[-1.148953E-08,-0.06571246,-7.450581E-09],"r":[0,0,0],"s":[0.1082042,0.2897935,0.2022446],"c":[1,1,1],"b":["when starts then become 3 in 0.1s"]}]}]}