{"v":9,"p":[{"s":[{"p":[1.82892,1.857769,0.2059788],"r":[342.3182,3.30808,346.2256],"s":[0.0529351,8.703251,0.1750005],"c":[0.5555556,0.4003526,0.0617283]}]}]}