{"v":9,"a":[22],"p":[{"b":17,"s":[{"p":[0,0,0],"r":[0,0,0],"s":[1.66732,0.009047703,6.108368],"c":[1,0.9301587,0.7777778]}]}]}