{"n":"orange","v":9,"a":[2,21],"p":[{"b":3,"t1":109,"s":[{"p":[0,0,0],"r":[0,0,0],"s":[0.05412053,0.05412062,0.05412064],"c":[1,0.6857142,0],"b":["when consumed then play bite 2, destroy all parts"],"t1":{"c":[0.9714286,1,0],"x":0.5,"y":0.4674556,"a":0.7484809,"m":0,"n":0,"r":0,"g":0,"o":0.5,"t":0.5,"e":0.5}}]},{"b":5,"t1":15,"s":[{"p":[-0.01105962,0.04093057,0.04028427],"r":[318.0513,346.6786,351.6109],"s":[0.00348572,0.003683354,0.04329655],"c":[0.5555556,0.3809522,0],"t1":{"c":[1,0.6857142,0],"x":0.17,"y":0.17,"a":0.8925,"m":0.5,"n":0.5,"r":0,"g":0,"o":0.5,"t":0.5,"e":0.5}}]},{"b":69,"s":[{"p":[-0.005139918,0.05851917,0.0492617],"r":[43.3116,62.29414,190.4857],"s":[0.006949713,0.007074222,0.0004329652],"c":[0.2857141,1,0]}]}]}