{"v":9,"a":[22],"p":[{"b":142,"e":"ORANGES","s":[{"p":[0,0,0],"r":[0,0,0],"s":[0.01081594,0.01081589,0.01081592],"c":[1,0.1714284,0]}]}]}