{"v":9,"a":[7],"p":[{"t":10,"t1":84,"s":[{"p":[0,0,0],"r":[0,0,0],"s":[1.285474,1.274439,0.02188884],"c":[0.6666667,0.1756612,0.07407401],"t1":{"c":[1,1,1],"x":0.5,"y":0.5,"a":0.8925,"m":0,"n":0,"r":0,"g":0,"o":0.5,"t":0.5,"e":0.5}}]}]}