{"v":9,"a":[4,7,21],"tp_lr": [1,1,1],"p":[{"b":69,"t1":44,"s":[{"p":[-0.0288735,0.02709749,-0.1880608],"r":[53.36392,266.1144,88.52323],"s":[0.02932727,0.1266637,0.03407488],"c":[0.222222,0.1679011,0.0493826],"t1":{"c":[0.6666667,0.5037037,0.1481481],"x":0.5,"y":0.5,"a":0.8925,"m":0,"n":0,"r":0,"g":0,"o":0.5,"t":0.5,"e":0.5}}]},{"b":69,"t1":44,"s":[{"p":[0.05218497,0.3294317,-0.1797364],"r":[53.36392,266.1144,88.52323],"s":[0.0293294,0.1266846,0.034077],"c":[0.222222,0.1679011,0.0493826],"t1":{"c":[0.6666667,0.5037037,0.1481481],"x":0.5,"y":0.5,"a":0.8925,"m":0,"n":0,"r":0,"g":0,"o":0.5,"t":0.5,"e":0.5}}]},{"b":69,"t1":44,"s":[{"p":[-0.2288021,0.248084,-0.1936621],"r":[53.36392,266.1144,88.52323],"s":[0.02932044,0.1266086,0.03406883],"c":[0.222222,0.1679011,0.0493826],"t1":{"c":[0.6666667,0.5037037,0.1481481],"x":0.5,"y":0.5,"a":0.8925,"m":0,"n":0,"r":0,"g":0,"o":0.5,"t":0.5,"e":0.5}}]},{"b":5,"t1":38,"s":[{"p":[-0.05884492,0.2012601,0.06181192],"r":[0,0,90.00001],"s":[0.163156,0.1561074,0.0715274],"c":[0.222222,0.1679011,0.04938252],"t1":{"c":[0.6666667,0.5037037,0.1481481],"x":0.5,"y":0.5,"a":0.8925,"m":0,"n":0,"r":0,"g":0,"o":0.5,"t":0.5,"e":0.5}}]}]}