{"v":9,"p":[{"s":[{"p":[0,0,0],"r":[0,0,0],"s":[1.084516,0.1750005,0.7166693],"c":[1,1,1]}]},{"b":68,"s":[{"p":[-0.2033425,0.2992587,-0.147117],"r":[2.55435,5.295283,267.7782],"s":[0.2629793,0.02246969,0.03368044],"c":[1,1,1]}]},{"b":68,"s":[{"p":[0.05136808,0.5465383,-0.1610316],"r":[343.867,4.153179,359.3102],"s":[0.2629792,0.02246968,0.03368041],"c":[1,1,1]}]},{"b":68,"s":[{"p":[0.2763714,0.3058683,-0.1833498],"r":[1.683169,350.3012,89.09949],"s":[0.2629797,0.02246974,0.03368046],"c":[1,1,1]}]}]}