{"v":9,"p":[{"s":[{"p":[0,0,0],"r":[0,0,0],"s":[2.329097,0.02368557,20.31689],"c":[0,0,0]}]}]}