{"n":"grape","v":9,"a":[2],"p":[{"b":73,"t":7,"s":[{"p":[0,0,0],"r":[0,0,0],"s":[0.03066066,0.0306607,0.03066074],"c":[0.279365,0,0.4444443],"b":["when consumed then play munching, destroy all parts"]}]},{"b":73,"s":[{"p":[-6.491585E-05,0.0001444272,0.0002365687],"r":[349.8214,355.0564,1.490852],"s":[0.02578051,0.02578082,0.02578084],"c":[0.279365,0,0.4444443]}]},{"b":175,"s":[{"p":[-0.004269109,0.004967407,0.01038095],"r":[318.5646,105.9694,24.90713],"s":[0.00195423,0.001000033,0.002227066],"c":[0,0.4444443,0.1777776]}]}]}