{"v":9,"p":[{"b":82,"s":[{"p":[0,0,0],"r":[0,0,0],"s":[0.9068537,16.39963,1.022337],"c":[0,0,0]}]}]}