{"v":9,"p":[{"s":[{"p":[0,0,0],"r":[0,0,0],"s":[0.008352799,20.88639,7.702042],"c":[0,0,0]}]}]}