{"v":9,"p":[{"b":4,"t":13,"s":[{"p":[0,0,0],"r":[0,0,0],"s":[0.4179036,0.4780555,0.5051605],"c":[0,1,1]}]},{"t":13,"s":[{"p":[0.006223865,0.01075065,-0.7821339],"r":[357.6404,357.3835,43.50105],"s":[0.1513703,0.1750002,0.7890667],"c":[0.3333332,0.2402115,0.03703704]}]}]}