{"v":9,"p":[{"t1":144,"s":[{"p":[-0.004234224,-0.001372832,-0.004532056],"r":[0.2057878,5.910894,359.2558],"s":[0.4606605,0.01397505,0.3436647],"c":[0.5555556,0.4003526,0.0617283],"t1":{"c":[0,0,0],"x":0.5,"y":0.5,"a":0.8925,"m":0,"n":0,"r":0,"g":0,"o":0.5,"t":0.5,"e":0.5}}]},{"b":136,"e":"TOOLS MAKER ROOM","s":[{"p":[-0.186579,0.01096847,0.04487555],"r":[89.60189,270.9085,281.7048],"s":[0.003000002,0.003000008,0.003000006],"c":[0,0,0]}]}]}