{"n":"elbow","v":9,"p":[{"s":[{"p":[0,0,0],"r":[0,0,0],"s":[0.03825598,0.03094119,0.05063838],"c":[1,1,1]}]}]}