{"v":9,"a":[2],"p":[{"b":14,"t":1,"s":[{"p":[0,0,0],"r":[0,0,0],"s":[0.06,0.06000002,0.07621354],"c":[0.9777778,1,0.2222221]}]},{"t":1,"s":[{"p":[0.1023877,-0.008039817,0.2371774],"r":[3.389023,359.5704,352.1969],"s":[0.2327607,0.07200325,0.1118502],"c":[0.9777778,1,0.2222221]}]},{"t":1,"s":[{"p":[-0.0002360698,0.001615256,0.3021955],"r":[1.546828,357.1132,354.9693],"s":[0.04874844,0.01813371,0.09794804],"c":[0.3259258,0.3333332,0.07407398]}]},{"t":1,"s":[{"p":[-0.1189494,0.01911272,0.2321046],"r":[3.466664,356.9761,353.0269],"s":[0.2327602,0.07200312,0.1118501],"c":[0.9777778,1,0.2222221]}]}]}