{"v":9,"p":[{"t":9,"a":[1],"s":[{"p":[0,0,0],"r":[0,0,0],"s":[1.49926,0.006932942,0.8511453],"c":[0,0,0]}]}]}