{"v":9,"a":[1,7,18,21],"p":[{"b":5,"t":9,"s":[{"p":[0,0,0],"r":[0,0,0],"s":[0.03380746,0.03380766,0.07245032],"c":[0.6666667,0.6666667,0.6666667]}]},{"b":5,"t":9,"s":[{"p":[0,0,0.03341371],"r":[0,0,0],"s":[0.02875114,0.02875212,0.02875391],"c":[0.6666667,0.6666667,0.6666667]}]},{"b":5,"t":9,"s":[{"p":[0,0,0.3587406],"r":[0,0,1.024528E-05],"s":[0.02060142,0.0206031,0.9027225],"c":[0.6666667,0.6666667,0.6666667]}]},{"b":5,"s":[{"p":[0.01365232,-0.005795479,0.7209647],"r":[0,0,270],"s":[0.3393386,0.3477452,0.05659676],"c":[1,1,1]}]}]}