{"v":9,"a":[7,18,20,31],"p":[{"b":5,"s":[{"p":[0,0,0],"r":[0,0,0],"s":[1.794302,1.794303,1.794301],"c":[1,1,1]}]}]}