{"v":9,"a":[1,7,18],"p":[{"s":[{"p":[0,3.72529E-09,-0.03541756],"r":[0,0,-5.008957E-06],"s":[0.07570424,0.2654051,0.0681968],"c":[1,1,1]}]},{"b":200,"s":[{"p":[-0.001782664,-0.08659614,0.008858927],"r":[-5.122642E-06,270,270],"s":[0.01411314,0.01409266,0.0141137],"c":[1,1,1]}]},{"b":200,"s":[{"p":[-0.001782649,0.08524323,0.008858912],"r":[-5.122642E-06,270,270],"s":[0.01411058,0.01409267,0.01410987],"c":[1,1,1]}]},{"b":200,"s":[{"p":[-0.001782656,0.001411199,0.01058912],"r":[0,270,270],"s":[0.01411621,0.01409405,0.01411568],"c":[1,1,1]}]}]}