{"v":9,"a":[1,12,21],"p":[{"b":5,"t":9,"s":[{"p":[2.440065E-07,-8.940697E-08,-0.4096586],"r":[-1.366038E-05,90,90],"s":[0.09796503,0.09798438,0.02649652],"c":[0.2962961,0.4317458,0.8888889]}]},{"t":9,"s":[{"p":[4.656613E-07,-8.940697E-08,-0.2652962],"r":[270,180,0],"s":[0.5503704,0.06660318,0.3130004],"c":[0.2962961,0.4317458,0.8888889]}]},{"b":7,"t":9,"c":[[-0.7,-0.6,0.4,11,3,6],[0.7,-0.6,0.4,2,11,8],[0.7,0.6,0.4,1,3,18],[-0.7,0.6,0.4,7,1,15]],"s":[{"p":[1.14087E-07,-1.41561E-07,0.01445505],"r":[7.851993E-15,-1.067217E-07,8.431014E-06],"s":[0.2945628,0.1627657,0.673186],"c":[1,0,0]}]}]}