{"v":9,"a":[7,18],"p":[{"a":[11,36],"s":[{"p":[-2.980232E-08,0,0.6825194],"r":[0,0,-8.537737E-06],"s":[2.677504,0.06257428,1.53429],"c":[1,1,1],"b":["when told by any weapons332 then become 2 in 10"]},{"p":[0,0,2.800403],"r":[0,0,0],"s":[2.678879,0.06260633,2.946482],"c":[1,1,1],"b":["when hears closedoor then become 1 in 10"]}]}]}