{"v":9,"a":[22],"p":[{"b":5,"s":[{"p":[-0.05135294,-0.008259855,0.1137124],"r":[6.201295E-08,-1.497124E-07,22.50001],"s":[0.08884054,0.08883525,0.02820886],"c":[0.06349195,0,0.2222221]}]},{"b":5,"s":[{"p":[-0.0504796,-0.003520131,0.6312872],"r":[0,0,1.366038E-05],"s":[0.004186524,0.004185862,1.334328],"c":[0.06349195,0,0.2222221]}]},{"b":5,"s":[{"p":[-0.05066144,-0.00157088,0.16228],"r":[0,0,8.537736E-06],"s":[0.03096075,0.03283188,0.028212],"c":[0.06349195,0,0.2222221]}]},{"b":5,"s":[{"p":[-0.05173419,-0.004909664,0.1357428],"r":[0,0,1.707547E-06],"s":[0.06055231,0.06590071,0.02821163],"c":[0.06349195,0,0.2222221]}]}]}