{"v":9,"a":[1,7],"p":[{"b":60,"t":1,"s":[{"p":[0,0,0],"r":[0,0,0],"s":[0.1250069,0.1250068,0.9069775],"c":[0.1851851,0.3206348,0.3333332]}]},{"b":60,"t":2,"s":[{"p":[9.608292E-05,0.002918243,0.4310785],"r":[0,0,0],"s":[0.06255474,0.07715787,0.1250066],"c":[0.5185186,0.6539683,0.6666667],"b":["when touched then send nearby to hypercub3"]}]},{"b":131,"t":2,"a":[19],"e":"TO\nHYPERCUB3","s":[{"p":[0.001596458,0.0648632,0.4215931],"r":[90,-9.659345E-06,0],"s":[0.001504606,0.001504409,0.001504605],"c":[0.4938272,0.7195767,0.8888889]}]},{"b":139,"t":2,"e":"FUCK YOURSELF","s":[{"p":[-0.03673244,0.04432774,-0.09967902],"r":[90,-9.659346E-06,0],"s":[0.001000113,0.0009999992,0.001000125],"c":[1,1,1]}]}]}