{"v":9,"p":[{"b":60,"s":[{"p":[-0.01628733,0.06238259,-0.04483368],"r":[279.5405,314.2052,35.26768],"s":[0.2704364,0.2766164,0.0232479],"c":[1,1,1]}]},{"b":145,"s":[{"p":[-0.2448462,0.04034859,-0.08636282],"r":[9.124081,306.5349,90.6079],"s":[0.01986655,0.09000021,0.09000044],"c":[1,1,1]}]}]}