{"v":9,"a":[7],"p":[{"s":[{"p":[0,0,0],"r":[0,0,0],"s":[16.70945,0.07025144,21.9663],"c":[1,0.5142855,0]}]}]}