{"v":9,"p":[{"b":139,"e":"HAYDEN","s":[{"p":[0,0,0],"r":[0,0,0],"s":[0.003000024,0.003000004,0.003000022],"c":[0,0,0]}]}]}