{"v":9,"p":[{"b":139,"e":"HELLO THERE","s":[{"p":[0,0,0],"r":[0,0,0],"s":[0.003000005,0.003000004,0.003000004],"c":[0,0,0]}]}]}