{"v":9,"a":[7,18],"p":[{"s":[{"p":[0,0,0],"r":[0,0,0],"s":[0.1870739,29.29272,0.5416405],"c":[1,1,1]}]}]}