{"v":9,"a":[7,18],"p":[{"t":3,"s":[{"p":[0,0,0],"r":[0,0,-3.828216E-20],"s":[0.5086346,0.1750312,1.564348],"c":[1,1,1],"b":["when touched then become 2 in 0.2s"]},{"p":[0,0,0],"r":[0,0,-3.828216E-20],"s":[0.5086346,0.1750312,1.564348],"c":[0.3333332,0.3333332,0.3333332],"b":["when touched then become 1 in 0.2s"]}]}]}