{"v":9,"a":[7,18],"p":[{"b":170,"s":[{"p":[0,0,0],"r":[0,0,0],"s":[1.237764,0.3628916,0.760619],"c":[0.444444,0.444444,0.444444]}]},{"b":175,"s":[{"p":[-0.2840986,0.01021314,-1.541913],"r":[358.0423,90.07771,94.04451],"s":[0.2894329,0.5402951,2.200197],"c":[0.2021162,0.3333331,0.185185]}]}]}