{"v":9,"a":[7],"p":[{"s":[{"p":[0,0,0],"r":[0,0,0],"s":[0.7871742,0.6595428,0.03297986],"c":[1,1,1]}]}]}