{"v":9,"p":[{"b":15,"t1":127,"s":[{"p":[0,0,0],"r":[0,0,0],"s":[2.505703,2.723002,0.1250004],"c":[0.333333,0.3100526,0.259259],"t1":{"c":[0,0,0],"x":0.5,"y":0.5,"a":0.8925,"m":0,"n":0,"r":0,"g":0,"o":0.5,"t":0.5,"e":0.5}}]}]}