{"v":9,"a":[6,7,13,18,49],"p":[{"t":18,"s":[{"p":[-0.01585841,5.960465E-08,7.105427E-15],"r":[0,0,0],"s":[0.001000166,0.1591635,0.4337641],"c":[0,0,0]}]},{"t":18,"s":[{"p":[-0.2823447,0.0006129444,0.2226287],"r":[0,90,0],"s":[0.001000871,0.1592245,0.43396],"c":[0,0,0]}]},{"t":18,"s":[{"p":[-0.2823447,2.980232E-08,-0.218044],"r":[0,90.00001,0],"s":[0.00100103,0.1592418,0.4340214],"c":[0,0,0]}]}]}