{"n":"eshot","v":9,"a":[7,18],"p":[{"b":187,"t":3,"pr":11,"s":[{"p":[0,0,0],"r":[0,0,0],"s":[0.006327789,0.01314369,0.005873836],"c":[1,0,0],"b":["when touched then destroy all parts"],"pr":{"c":[1,0,0],"m":1,"a":1,"s":0.03202057,"z":0.5467181,"g":0.451335,"h":0.2333621}}]}]}