{"v":9,"a":[22,18,36],"p":[{"t":1,"t1":26,"s":[{"p":[0.07491064,0.002183901,-0.008861184],"r":[0,0,0],"s":[0.2048395,0.830056,0.7547259],"c":[0.5555556,0.5555556,0.5555556],"t1":{"c":[0.2222221,0.2222221,0.2222221],"x":0.5,"y":0.5,"a":0.8925,"m":0,"n":0,"r":0,"g":0,"o":0.5,"t":0.5,"e":0.5}}]},{"t":1,"t1":26,"s":[{"p":[0.07491064,0.002183914,-0.8365666],"r":[0,0,0],"s":[0.1695782,0.738494,1.074789],"c":[0.5555556,0.5555556,0.5555556],"t1":{"c":[0.2222221,0.2222221,0.2222221],"x":0.5,"y":0.5,"a":0.8925,"m":0,"n":0,"r":0,"g":0,"o":0.5,"t":0.5,"e":0.5}}]},{"t":1,"a":[1,4],"s":[{"p":[-0.002929702,-0.001213522,5.960465E-08],"r":[0,0,90],"s":[0.7253955,0.08820739,0.4524275],"c":[0,0,0]}]}]}