{"v":9,"a":[2],"p":[{"b":73,"t1":43,"s":[{"p":[-0.009522467,0.002827786,0.07938772],"r":[22.835,353.54,331.3595],"s":[0.02937712,0.02937704,0.02937708],"c":[1,0.1714285,0],"t1":{"c":[1,0.1714285,0],"x":0.5,"y":0.5,"a":0.8925,"m":0,"n":0,"r":0,"g":0,"o":0.5,"t":0.5,"e":0.5}}]},{"b":73,"t1":43,"s":[{"p":[0.005337514,-0.005135745,0.08016647],"r":[22.10738,359.0782,336.5512],"s":[0.02937712,0.02937707,0.02937709],"c":[1,0.1714285,0],"t1":{"c":[1,0.1714285,0],"x":0.5,"y":0.5,"a":0.8925,"m":0,"n":0,"r":0,"g":0,"o":0.5,"t":0.5,"e":0.5}}]},{"b":180,"t1":43,"s":[{"p":[4.937453E-05,-0.002257771,-0.006543515],"r":[0.002291255,3.29209,3.071234],"s":[0.04882729,0.05051927,0.08717248],"c":[1,0.1714285,0],"b":["when consumed then let go","when consumed then play apple bite"],"t1":{"c":[1,0.1714285,0],"x":0.5,"y":0.5,"a":0.8925,"m":0,"n":0,"r":0,"g":0,"o":0.5,"t":0.5,"e":0.5}}]}]}