{"v":9,"p":[{"b":171,"t":10,"t1":127,"s":[{"p":[0,0,0],"r":[0,0,0],"s":[0.8725609,0.6748065,0.6389735],"c":[0.3333327,0.3100523,0.2592587],"t1":{"c":[0,0,0],"x":0.5,"y":0.5,"a":0.8925,"m":0,"n":0,"r":0,"g":0,"o":0.5,"t":0.5,"e":0.5}}]},{"b":171,"t":10,"t1":127,"s":[{"p":[0.5091153,0.3653148,0.2472353],"r":[348.0461,9.340727,356.5734],"s":[0.8725614,0.6748081,0.6389747],"c":[0.3333327,0.3100523,0.2592587],"t1":{"c":[0,0,0],"x":0.5,"y":0.5,"a":0.8925,"m":0,"n":0,"r":0,"g":0,"o":0.5,"t":0.5,"e":0.5}}]}]}