{"v":9,"a":[20,34],"p":[{"b":152,"t":10,"t1":127,"s":[{"p":[0,0,0],"r":[0,0,0],"s":[0.04000007,2.078006,2.818034],"c":[0.3333328,0.3100525,0.2592588],"t1":{"c":[0,0,0],"x":0.5,"y":0.5,"a":0.8925,"m":0,"n":0,"r":0,"g":0,"o":0.5,"t":0.5,"e":0.5}}]}]}