{"n":"dirtcube","v":9,"p":[{"b":152,"t1":127,"s":[{"p":[0,0,0],"r":[0,0,0],"s":[0.4180384,0.259694,0.4625339],"c":[0.333333,0.3100526,0.259259],"t1":{"c":[0,0,0],"x":0.5,"y":0.5,"a":0.8925,"m":0,"n":0,"r":0,"g":0,"o":0.5,"t":0.5,"e":0.5}}]}]}