{"v":9,"a":[2,3],"p":[{"b":5,"t":1,"s":[{"p":[0,0,0],"r":[0,0,0],"s":[0.01245394,0.01275041,0.3320343],"c":[0.3333332,0.3333332,0.3333332]}]},{"b":3,"t":3,"s":[{"p":[-9.056833E-05,0.003225222,0.1546294],"r":[0.2014087,1.993553,339.3054],"s":[0.01115314,0.01192588,0.1757882],"c":[1,0,0],"b":["when touched then play doorbell"]}]}]}