{"n":"rug","v":9,"a":[7,18],"p":[{"b":5,"t":10,"t1":155,"t2":155,"s":[{"p":[0,0,0],"r":[0,0,0],"s":[0.9856239,0.985645,0.001],"c":[0.2469134,0.4761903,0.5555556],"t1":{"c":[0,0,0],"x":0.1430873,"y":0.07069552,"a":0.8925,"m":0,"n":0,"r":0,"g":0,"o":0.5,"t":0.5,"e":0.5},"t2":{"c":[0.2592592,0.6444442,0.7777778],"x":0.2367259,"y":0.1615748,"a":0.8925,"m":0,"n":0,"r":0,"g":0,"o":0.5,"t":0.5,"e":0.5}}]}]}