{"v":9,"a":[7,18],"p":[{"t1":144,"s":[{"p":[0,0,0],"r":[0,0,0],"s":[9.284689,0.2284816,9.857533],"c":[0.3333331,0.3100527,0.2592591],"t1":{"c":[0,0,0],"x":0.07747602,"y":0.5,"a":0.8925,"m":0,"n":0,"r":0,"g":0,"o":0.5,"t":0.5,"e":0.5}}]}]}