{"v":9,"a":[7,18],"p":[{"a":[12,31],"i":[{"t":"5e6ede12b071e84446d8aef0","p":[0.2127452,0.1092768,0.09513666],"r":[331.5607,133.5536,284.6604]}],"s":[{"p":[0,0,0],"r":[0,0,0],"s":[0.0149994,0.009725218,0.1750224],"c":[1,1,1],"b":["when starts then become unsoftened next in 7"]},{"p":[2.084322E-14,1.117587E-07,0.05587769],"r":[0,0,-1.001791E-05],"s":[0.01499961,0.00972563,0.1750277],"c":[1,1,1],"b":["when starts then become unsoftened next in 7"]}]}]}