{"n":"tt","v":9,"p":[{"b":4,"s":[{"p":[0,0,0],"r":[0,0,-4.002064E-08],"s":[0.125,0.125,0.125],"c":[1,1,1]}]},{"b":3,"s":[{"p":[0.0008301474,0.01706085,-0.1955448],"r":[18.62845,332.3698,6.475473],"s":[0.125,0.125,0.125],"c":[1,1,1]}]}]}