{"n":"egg","v":9,"a":[1,2,9,15],"p":[{"b":3,"s":[{"p":[0,0,0],"r":[0,0,0],"s":[0.03399123,0.0406124,0.05192763],"c":[1,1,1]}]}]}