{"v":9,"p":[{"b":59,"s":[{"p":[-0.01411186,-0.01494856,-0.2484067],"r":[74.71157,46.32398,32.41236],"s":[0.123242,0.3568142,0.1117886],"c":[0.2222221,0.2222221,0.2222221]}]},{"b":3,"s":[{"p":[-0.01524144,-0.01360293,-0.2606803],"r":[348.1151,13.5013,341.8011],"s":[0.1234606,0.1192235,0.02255638],"c":[0.3333332,0.3333332,0.3333332],"pr":{"c":[0.1111111,0.1111111,0.1111111],"m":0.25,"a":0.25,"s":0.15,"z":0.25,"g":0.5,"h":0.25}}]},{"b":14,"s":[{"p":[0.1319228,-0.03868872,-0.2980204],"r":[15.12454,108.8225,79.10942],"s":[0.04051711,0.02299651,0.04214614],"c":[0.3333332,0.3333332,0.3333332]}]},{"b":3,"s":[{"p":[-0.01741753,-0.01666681,-0.2569092],"r":[350.423,15.81094,337.2037],"s":[0.123461,0.1192238,0.02255643],"c":[0.3333332,0.3333332,0.3333332],"pr":{"c":[0.1111111,0.1111111,0.1111111],"m":0.25,"a":0.25,"s":0.15,"z":0.25,"g":0.5,"h":0.25}}]}]}