{"n":"simple block","v":9,"a":[7,13,18,20,31,32],"p":[{"t":2,"s":[{"p":[0,0,0],"r":[0,0,0],"s":[0.6003669,0.6003764,0.6003647],"c":[0.185185,0.2444441,0.3333331]}]}]}