{"v":9,"p":[{"t":19,"s":[{"p":[0,0,0],"r":[0,0,0],"s":[0.4250876,0.07191557,0.2495317],"c":[0,0,0]}]},{"t":19,"s":[{"p":[0.3357736,0.01570085,0.06767222],"r":[0.4401961,359.6905,358.1415],"s":[0.2226028,0.07191593,0.1161834],"c":[0,0,0]}]},{"t":19,"s":[{"p":[-0.1511446,-0.01159717,0.1484725],"r":[355.3485,0.04599943,358.528],"s":[0.1230228,0.08522157,0.03860619],"c":[0,0,0]}]}]}