{"v":9,"p":[{"s":[{"p":[0,0,0],"r":[0,0,0],"s":[0.1749999,0.8181472,0.796512],"c":[1,1,1]}]},{"b":5,"s":[{"p":[-1.237956,-0.2758526,0.286946],"r":[2.972984,90.56619,17.01917],"s":[2.584906,3.106443,0.1000001],"c":[0.2765431,0.8888889,0.1975307]}]}]}