{"n":"r","v":9,"a":[12],"p":[{"b":3,"a":[42],"s":[{"p":[0,0,0],"r":[8.142221E-13,-6.830189E-06,1.628444E-12],"s":[0.05882232,0.05881938,0.05882222],"c":[0.3333332,0.3333332,0.3333332],"b":["when starts then all parts face nearest jointa1"]}]},{"b":5,"i":[{"t":"5e8dac3b81384a3cfe0fa46a","p":[0.003089003,-0.005380393,0.0575912],"r":[356.5478,354.8308,151.7882]}],"s":[{"p":[-0.006992972,-0.003596149,0.08069301],"r":[-3.018545E-05,-1.313472E-11,4.986271E-05],"s":[0.02456627,0.02455533,0.132822],"c":[0.3333332,0.3333332,0.3333332]}]}]}