{"v":9,"p":[{"s":[{"p":[0,0,0],"r":[0,0,-2.668043E-08],"s":[0.235124,0.3134518,0.1750007],"c":[1,1,1]}]}]}