{"v":9,"p":[{"b":5,"s":[{"p":[-0.02766542,0.006833759,-0.00568364],"r":[357.0955,356.3927,332.4304],"s":[0.01168257,0.007448168,0.1945586],"c":[0.111111,0.111111,0.111111]}]},{"b":5,"s":[{"p":[0.0001697317,0.08037882,0.07884226],"r":[293.8066,70.17667,11.00192],"s":[0.0103461,0.01442041,0.220956],"c":[0.2222221,0.1940034,0.02469136]}]}]}