{"n":"rightsteveelb","v":9,"p":[{"s":[{"p":[0,0,0],"r":[0,0,0],"s":[0.08824866,0.08397305,0.01310255],"c":[1,1,1]}]}]}