{"v":9,"a":[7,18],"p":[{"b":25,"t":21,"a":[13],"s":[{"p":[0,0,0],"r":[0,0,0],"s":[1.999997,0.9999943,2.000033],"c":[0.111111,0.111111,0.111111]}]}]}