{"n":"rightstevehand","v":9,"a":[27,48],"p":[{"a":[12],"i":[{"t":"5e924fe93072145a1a00b9fa","p":[-0.2498813,0.006828212,-0.02289133],"r":[2.600523,92.21692,89.58186],"a":[48]},{"t":"5e9605359f5e9a4d8349a65d","p":[0.09460677,-0.003102019,0.1086059],"r":[358.3797,90.40916,356.5446]}],"s":[{"p":[0,0,0],"r":[0,0,0],"s":[0.01343274,0.09402976,0.1016605],"c":[1,1,1]}]}]}