{"v":9,"p":[{"b":129,"e":"AFK","s":[{"p":[0,0,0],"r":[0,0,0],"s":[0.05000003,0.05000002,0.05000002],"c":[0,0,0]}]}]}