{"v":9,"p":[{"b":3,"s":[{"p":[0,0,0],"r":[0,0,0],"s":[0.125,0.1250001,0.125],"c":[1,1,1]}]},{"b":62,"s":[{"p":[0.009431649,0.06227887,0.09072095],"r":[50.43082,327.7266,318.8126],"s":[0.1250001,0.1250001,0.1250001],"c":[1,1,1]}]},{"b":62,"s":[{"p":[-0.1029396,-0.03946396,0.02959738],"r":[67.81923,129.072,197.0746],"s":[0.1250001,0.1250001,0.1250001],"c":[1,1,1]}]},{"b":57,"s":[{"p":[-0.1702989,0.03536722,0.2473561],"r":[62.08813,43.27671,75.54905],"s":[0.125,0.125,0.125],"c":[1,1,1]}]}]}