{"v":9,"a":[7,18],"p":[{"s":[{"p":[0,0,0],"r":[0,0,0],"s":[2500,0.1750084,115.0356],"c":[0.09876534,0.4444443,0.2370369]}]}]}