{"v":9,"p":[{"b":63,"s":[{"p":[0,0,0],"r":[0,0,0],"s":[0.2439065,0.05526052,0.1071984],"c":[0,0,0]}]},{"b":60,"s":[{"p":[0.3920661,0.03019198,0.002694875],"r":[358.2724,359.0413,9.01316],"s":[0.443166,0.01729948,0.1891758],"c":[0,0,0]}]},{"b":60,"s":[{"p":[0.7807834,0.1913952,-0.006374419],"r":[357.0164,1.046404,35.71961],"s":[0.4431661,0.01729949,0.1891759],"c":[0,0,0]}]},{"b":60,"s":[{"p":[1.02719,0.5268875,-0.04040396],"r":[354.7418,0.1349886,70.05766],"s":[0.4431658,0.01729949,0.1891757],"c":[0,0,0]}]}]}