{"n":"teloporter","v":9,"a":[1],"inc":[["table","5e99b0ca8425550980149b05"],["table 2","5e9a07d1f82cd20601ad9c6c"],["thing","5e968e0d85aa4d287ffbc60e"],["thing 2","5e9af36a27c9cd53cc414b07"],["thing 3","5e9b161a0e02df1d8dc55ce0"],["thing 4","5e9b1747213ac06afe2f4185"]],"p":[{"b":122,"a":[37],"e":"GUARD","s":[{"p":[0.2166321,0.1431862,0.01840183],"r":[59.92142,213.5717,208.681],"s":[0.003604115,0.003604114,0.003604122],"c":[0.111111,0.111111,0.111111],"pr":{"c":[0.1142858,0,1],"m":0.25,"a":0.25,"s":0.15,"z":0.25,"g":0.5,"h":0.25}},{"p":[0.2259533,0.1349137,0.02522221],"r":[60.12491,211.4468,207.2731],"s":[0.00360411,0.003604112,0.003604117],"c":[0.111111,0.111111,0.111111],"pr":{"c":[0.1142858,0,1],"m":0.25,"a":0.25,"s":0.15,"z":0.25,"g":0.5,"h":0.25}}]}]}