{"v":9,"a":[21,48],"p":[{"b":3,"pr":40,"s":[{"p":[-0.02187467,-0.6123254,-0.2091943],"r":[357.3993,31.97383,341.5898],"s":[0.018123,0.01812291,0.01812295],"c":[1,1,1],"b":["when told by body hand triggered right then become next in 0.2s","when starts then end loop"],"pr":{"c":[1,0.7904761,0.3333333],"m":0.1342182,"a":0.25,"s":0,"z":0.2132538,"g":0.5,"h":0.5}},{"p":[-0.0581468,-0.6338596,-0.2554765],"r":[354.3824,13.50102,347.0456],"s":[0.01812305,0.01812296,0.01812297],"c":[1,1,1],"b":["when told by body hand trigger let go right then become 1 in 0.2s, play gun sizzle cooldown","when starts then loop wind 2"],"pr":{"c":[1,0.7904761,0.3333333],"m":0.6422272,"a":0.5272627,"s":0.2957306,"z":0.2132538,"g":0.5,"h":0.5}}]}]}