{"v":9,"a":[22,18],"p":[{"t1":38,"s":[{"p":[0,0,0],"r":[0,0,2.035555E-13],"s":[0.3297126,0.1750082,0.07236035],"c":[0.2222221,0.1142856,0],"t1":{"c":[0.3333333,0.1714285,0],"x":0.5,"y":0.5,"a":0.8925,"m":0,"n":0,"r":0,"g":0,"o":0.5,"t":0.5,"e":0.5}}]}]}