{"v":9,"a":[1,2,22,9],"inc":[["thing","5e9d0f8a28a83926ebadc657"]],"p":[{"s":[{"p":[0,0,0],"r":[0,0,0],"s":[0.1749991,0.06477404,0.05337226],"c":[1,1,1]}]},{"s":[{"p":[0.1171383,-0.0437088,-0.004260253],"r":[-8.876151E-06,3.676622E-06,315],"s":[0.1458737,0.06477459,0.03368536],"c":[1,1,1]}]},{"b":205,"s":[{"p":[0.03635348,0.05703247,-0.004168137],"r":[-8.14222E-13,270,1.001791E-05],"s":[0.02670645,0.04500066,0.04500205],"c":[1,0,0],"b":["when triggered then emit thing with 10%"]}]}]}