{"v":9,"a":[7,21],"p":[{"b":40,"t1":38,"c":[[0.678,-0.223,-0.731,16,55,7],[0.653,0.167,-0.699,17,18,42],[0.512,-0.227,-0.469,14,55],[0.471,0.391,-0.416,15,18],[0.404,0.505,-0.321,13,18],[0.325,-0.231,-0.346,12,55],[0.304,-0.23,0.241,6,55],[0.269,0.478,-0.136,11,18],[0.294,-0.231,-0.171,10,55],[0.749,-0.229,0.922,1,53,18],[0.364,0.58,0.231,7,18],[0.444,0.427,0.46,5,18],[0.474,-0.228,0.486,4,55],[0.574,0.369,0.663,3,18],[0.716,0.475,0.872,0,20,53],[0.612,-0.23,0.747,2,55],[0.28,-0.23,0.028,8,55],[0.299,0.546,-0.014,9,18],[-0.166,-0.061,0.817,37,18,20],[-0.04,-0.061,-0.813,52,18,9],[-0.177,0.731,0.559,18,21],[-0.199,0.69,0.394,22,19],[-0.416,-0.084,0.647,36,20],[-0.485,-0.18,0.376,40,18],[-0.48,-0.154,0.145,42,18],[-0.431,-0.129,-0.039,44,18],[-0.42,-0.155,-0.236,46,18],[-0.373,-0.172,-0.448,48,18],[-0.249,-0.069,-0.621,50,18],[-0.049,0.362,-0.785,34,19,23],[-0.295,0.527,-0.435,30,19],[-0.145,0.5,-0.605,32,19],[-0.317,0.579,-0.24,28,19],[-0.292,0.736,0.009,26,19],[-0.256,0.683,0.267,24,19],[-0.109,0.496,0.779,19,19,36]],"s":[{"p":[0,0,0],"r":[0,0,0],"s":[40.77143,16.77024,52.45301],"c":[0.7777778,0.6938272,0.6049383],"t1":{"c":[0.3333333,0.284656,0.2592592],"x":0.5,"y":0.5,"a":0.8925,"m":0,"n":0,"r":0,"g":0,"o":0.5,"t":0.5,"e":0.5}}]}]}