{"v":9,"p":[{"t2":2,"s":[{"p":[0,0,0],"r":[0,0,0],"s":[0.1750001,0.175,0.1750001],"c":[0.8666667,1,0.3333332],"b":["when touched then become 2 in 0.5s"],"t2":{"c":[1,0,0.3428573],"x":0.17,"y":0.17,"a":0.8925,"m":0.5,"n":0.5,"r":0,"g":0,"o":0.5,"t":0.5,"e":0.5}},{"p":[0,0,0],"r":[0,0,0],"s":[0.1750001,0.175,0.1750001],"c":[0.5079362,1,0.4444443],"b":["when touches hand then become 1 in 0.2s"],"t2":{"c":[1,0,0.3428573],"x":0,"y":0.1429519,"a":0.8925,"m":0.5,"n":0.6174145,"r":0.04269791,"g":0,"o":0.5,"t":0.5,"e":0.5}}]}]}