{"v":9,"a":[7],"p":[{"s":[{"p":[0,0,0],"r":[0,0,0],"s":[2.691929,1.157589,0.2578252],"c":[1,0.8539683,0.7777778]}]}]}