{"v":9,"a":[7],"p":[{"s":[{"p":[-0.006655216,0.002308249,0.8176814],"r":[0,270,0],"s":[0.008685903,0.06619582,0.06525648],"c":[1,0.111111,0.4158731]}]},{"s":[{"p":[-0.005084753,-0.0006365785,-0.009545089],"r":[0,0,0],"s":[0.04880191,0.03621207,1.655469],"c":[0,1,0.5714287]}]}]}