{"n":"walls","v":9,"a":[7,18],"p":[{"t1":38,"s":[{"p":[0,0,0],"r":[0,0,0],"s":[2.372424,0.175202,10.58829],"c":[0,0,0],"t1":{"c":[1,0.6857142,0],"x":0.5164988,"y":0.07184982,"a":0.8925,"m":0,"n":0,"r":0,"g":0,"o":0.5,"t":0.5,"e":0.5}}]}]}