{"v":9,"a":[7,18,32],"p":[{"t1":38,"s":[{"p":[0.5,-8.940697E-08,0],"r":[0,0,-1.024528E-05],"s":[0.2498486,2.520074,0.1173115],"c":[0.4444439,0.3964721,0.3456785],"t1":{"c":[0.2222221,0.1862433,0.1481481],"x":0.7839274,"y":0.6309282,"a":0.8925,"m":0,"n":0,"r":0.2062513,"g":0,"o":0.5,"t":0.5,"e":0.5}}]},{"t1":38,"s":[{"p":[0.25,-4.470348E-08,0],"r":[0,0,0],"s":[0.3579678,2.569232,0.02604853],"c":[0.4444439,0.3964721,0.3456784],"t1":{"c":[0.2222221,0.1862433,0.1481481],"x":0.7839274,"y":0.6309282,"a":0.8925,"m":0,"n":0,"r":0.2062513,"g":0,"o":0.5,"t":0.5,"e":0.5}}]}]}