{"v":9,"a":[7,18],"p":[{"b":11,"t":10,"t1":38,"s":[{"p":[2.75767,1.564816,0.0184722],"r":[270,270,0],"s":[0.08686729,1.036087,2.472724],"c":[0,0,0],"t1":{"c":[1,0.6857142,0],"x":0.5031071,"y":0.3187294,"a":0.8925,"m":0,"n":0,"r":0.25,"g":0,"o":0.5,"t":0.5,"e":0.5}}]},{"b":11,"a":[15],"t1":38,"s":[{"p":[-2.75767,1.564816,0.0184722],"r":[270,90,0],"s":[0.08686729,1.036087,2.472724],"c":[0.2222221,0.160141,0.02469136],"t1":{"c":[1,0.6857142,0],"x":0.5031071,"y":0.3187294,"a":0.8925,"m":0,"n":0,"r":0.25,"g":0,"o":0.5,"t":0.5,"e":0.5}}]},{"t":10,"t1":38,"s":[{"p":[9.216984E-07,2.212224,0.01762652],"r":[1.001791E-05,-1.628444E-12,-1.423631E-19],"s":[4.45856,4.932996,0.1719384],"c":[0,0,0],"t1":{"c":[1,0.6857142,0],"x":0.5031071,"y":0.1778204,"a":0.8925,"m":0,"n":0,"r":0.25,"g":0,"o":0.5,"t":0.5,"e":0.5}}]}]}