{"v":9,"p":[{"t":2,"im":"1022823184774559919/5992EBC0DE20721B58F5E99150B52E2A3D950058/","s":[{"p":[0,0,0],"r":[0,0,-5.60289E-07],"s":[0.001,0.3433478,0.3201379],"c":[0.6666667,0.6666667,0.6666667]}]}]}