{"v":9,"p":[{"a":[3,11,12],"su":[{"i":"59278f7170046126503994e2","t":"5927911128981ab32e0f44ca","p":[-0.03110648,-0.04303213,0.02555785],"r":[353.1653,307.6537,354.4141]}],"s":[{"p":[0,0,0],"r":[0,0,0],"s":[0.08338298,0.0833829,0.08338287],"c":[1,1,1],"b":["when starts then become next in 0.3s"]},{"p":[0.01496589,-0.01199074,0.003349312],"r":[2.18998,2.256725,263.126],"s":[0.08338318,0.08338314,0.08338321],"c":[1,1,1],"b":["when starts then become next in 0.3s"]}]}]}