{"v":9,"a":[1,2,7],"inc":[["thing","5ea59e5d8c706d3d40068a52"]],"p":[{"s":[{"p":[0,0,0],"r":[0,0,0],"s":[0.1750013,0.05438641,0.0467822],"c":[1,1,1]}]},{"s":[{"p":[0.07667149,-0.04157811,-0.001299903],"r":[-9.748988E-06,8.964176E-08,270],"s":[0.1352524,0.05438799,0.04678668],"c":[1,1,1]}]},{"b":205,"s":[{"p":[0.05447174,0.074157,-0.00417513],"r":[1.001791E-05,270,2.003583E-05],"s":[0.04500195,0.04500123,0.04500099],"c":[1,0,0],"b":["when triggered then emit thing with 10%"]}]}]}