{"v":9,"a":[7,18,31],"p":[{"t":7,"a":[12,36],"i":[{"t":"5ea668402172773d398bfc8c","p":[-0.002357253,-0.04905105,-0.004658528],"r":[0,180,1.001791E-05]}],"s":[{"p":[-1.567635E-08,-0.08965827,-7.450581E-09],"r":[0,0,0],"s":[0.03788001,0.03788403,0.0378826],"c":[0.3333331,0.3333331,0.3333331],"b":["when told by body hp then play percussive tom click","when told by body hp then become untweened next in 0"]},{"p":[0,0,0],"r":[0,0,0],"s":[0.03787949,0.03788022,0.03787898],"c":[0.3333331,0.3333331,0.3333331],"b":["when told by body hp then play machine 3","when told by body hp then become untweened next in 0"]}]}]}