{"v":9,"p":[{"b":43,"s":[{"p":[0,0,0],"r":[0,0,0],"s":[0.1259912,0.3743611,0.1259963],"c":[0.4444443,0.4444443,0.4444443]}]},{"b":43,"t":1,"s":[{"p":[0.001024005,-0.02385163,-0.002136711],"r":[0,0,0],"s":[0.1399913,0.07806154,0.1400062],"c":[1,1,1]}]},{"b":43,"t":1,"s":[{"p":[0.01187038,-0.02385163,-0.002136712],"r":[0,0,0],"s":[0.1247654,0.07728226,0.1247831],"c":[1,1,1]}]}]}