{"v":9,"p":[{"b":5,"t":1,"t1":2,"s":[{"p":[0,0,0],"r":[0,0,0],"s":[0.01744305,0.01744306,0.3408443],"c":[0.111111,0.111111,0.111111],"t1":{"c":[0.1111111,0.1111111,0.1111111],"x":0.17,"y":0.17,"a":1,"m":0.5,"n":0.5,"r":0,"g":0,"o":0.5,"t":0.5,"e":0.5}}]}]}