{"v":9,"a":[1,22,12,18,31],"p":[{"t":7,"a":[12],"i":[{"t":"5ea7343ada4c3e3b819fcd5c","p":[0.07074735,-0.0445862,-0.03585383],"r":[270,225,0]}],"s":[{"p":[0,0,0],"r":[0,0,0],"s":[0.03537085,0.03537126,0.03537105],"c":[0,0,0]}]}]}