{"v":9,"a":[7,21],"p":[{"s":[{"p":[0,0,0],"r":[0,0,0],"s":[0.8506434,0.9372051,0.8504637],"c":[1,0.1714285,0]}]}]}