{"v":9,"a":[7,21],"tp_lp": [0,0,1],"p":[{"t1":59,"t2":59,"s":[{"p":[0,0,0],"r":[0,0,0],"s":[0.9693857,14.50608,14.50582],"c":[0,0.05079354,0.2222221],"t1":{"c":[0.4444444,0.4761901,1],"x":0.1679168,"y":0.1579762,"a":0.8925,"m":0,"n":0,"r":0,"g":0.1585104,"o":0.5,"t":0.5,"e":0.5},"t2":{"c":[1,1,1],"x":0.2422892,"y":0.2378659,"a":1,"m":0,"n":0,"r":0.1187415,"g":0.3014618,"o":0.5,"t":0.5,"e":0.5}}]}]}