{"v":9,"a":[7],"p":[{"s":[{"p":[0,0,0],"r":[0,0,0],"s":[0.8532588,1.861538,0.8530785],"c":[1,0.1714285,0]}]}]}