{"v":9,"p":[{"s":[{"p":[0,0,0],"r":[0,0,6.136498E-07],"s":[2.933919,0.1750073,14.3251],"c":[0,0.05079351,0.222222]}]}]}