{"v":9,"a":[7],"p":[{"s":[{"p":[0,0,0],"r":[0,0,0],"s":[2.606366,0.175332,4.008974],"c":[0,0.01269831,0.222222]}]}]}