{"v":9,"a":[7],"p":[{"a":[1],"s":[{"p":[0,0,0],"r":[0,0,0],"s":[1.937263,0.08597928,1.570893],"c":[0,0,0]}]}]}