{"v":9,"a":[31],"p":[{"b":3,"s":[{"p":[-0.0694166,-0.02163507,0.0008893469],"r":[0.7506448,5.735286,344.7827],"s":[0.04137597,0.04137597,0.041376],"c":[0,0,0],"b":["when touches wand then tell nearby dark, destroy all parts"]},{"p":[-0.0694166,-0.02163507,0.0008893469],"r":[0.7506449,5.735287,344.7827],"s":[0.04137597,0.04137597,0.041376],"c":[0,0,0],"b":["when touches wand then tell nearby light, destroy all parts"]}]},{"b":3,"s":[{"p":[0.07408321,0.01301012,-3.622845E-07],"r":[350.4159,19.0489,353.3156],"s":[0.04658949,0.04658948,0.04658949],"c":[1,1,1]}]},{"b":9,"t":7,"a":[37],"s":[{"p":[0.009643694,-0.04049362,0.004002564],"r":[0.7804378,0.6517978,4.236728],"s":[0.1653399,0.1653399,0.1653401],"c":[0.5555556,1,0.9619048]}]}]}