{"v":9,"a":[5,7,18],"p":[{"s":[{"p":[0,0,0],"r":[0,0,7.656432E-20],"s":[66.97076,0.1582884,40.60816],"c":[1,1,1]}]}]}