{"v":9,"a":[1,7,18],"p":[{"t1":66,"s":[{"p":[0,0,0],"r":[0,0,0],"s":[2.002394,0.2085866,32.07697],"c":[0.4444441,0.4444441,0.4444441],"t1":{"c":[0.5555556,0.5167549,0.4320987],"x":0.6389432,"y":0.257107,"a":1,"m":0.001759052,"n":0,"r":0,"g":0,"o":0.5,"t":0.5,"e":0.5}}]}]}