{"v":9,"a":[5,7,18,49],"p":[{"s":[{"p":[0,0,0],"r":[0,0,0],"s":[0.6629875,0.7854838,1.082271],"c":[0.5555556,0.185185,0.185185]}]},{"b":203,"s":[{"p":[1.172372E-07,0.8409681,0.2838497],"r":[1.001791E-05,-8.757938E-13,-1.001791E-05],"s":[0.1419877,0.3030645,0.1419846],"c":[0.5555556,0.5555556,0.5555556]}]},{"b":203,"s":[{"p":[1.768419E-07,0.8409681,-0.255126],"r":[1.001791E-05,-8.757938E-13,-1.001791E-05],"s":[0.141968,0.3030609,0.1419569],"c":[0.5555556,0.5555556,0.5555556]}]}]}