{"n":"screen","v":9,"a":[2,24],"bod":{},"p":[{"b":73,"s":[{"p":[0.05724664,1.191223,-0.347469],"r":[353.75,205.25,0],"s":[0.225,0.225,0.225],"c":[1,1,1]}]}]}