{"v":9,"p":[{"s":[{"p":[0,0,0],"r":[0,0,0],"s":[0.1750002,0.175,0.1750001],"c":[1,1,1]}]},{"b":14,"s":[{"p":[-3.421046,0.4307968,-0.1158743],"r":[356.9579,68.12276,40.46112],"s":[0.06,0.06,0.06],"c":[1,1,1]}]}]}