{"v":9,"a":[7,21,32,49],"p":[{"b":2,"a":[12,37],"i":[{"t":"5eaca5f2c338940c384f05aa","p":[-1.179163E-08,-6.058003E-09,0.1492769],"r":[4.650389E-06,-6.830189E-06,180],"a":[49]}],"s":[{"p":[-0.1442769,0,-2.579871E-08],"r":[-6.643417E-07,90,180],"s":[0.01025776,0.01025617,0.01025416],"c":[1,1,1],"b":["when starts then set constant rotation to 0 0 20"]}]},{"b":202,"t":19,"s":[{"p":[0,0,0],"r":[0,0,0],"s":[0.06625123,0.003765086,0.06624893],"c":[1,1,1]}]}]}