{"v":9,"p":[{"b":12,"t":7,"s":[{"p":[0,0,0],"r":[0,0,7.453843E-07],"s":[0.07422274,0.04029851,0.006981703],"c":[0.1111109,0.08112855,0.04938255]}]}]}