{"v":9,"a":[5,7,18],"p":[{"t":1,"s":[{"p":[0,0,0],"r":[0,0,0],"s":[0.1750394,0.1749995,0.1750382],"c":[0.4444442,0.4444442,0.4444442]}]}]}