{"v":9,"a":[31],"p":[{"b":111,"e":"SOVIET COFFE FORGE","s":[{"p":[0,0,0],"r":[0,0,0],"s":[0.001000001,0.001,0.001000001],"c":[0,0,0]}]}]}