{"v":9,"p":[{"b":12,"t":7,"s":[{"p":[0,0,0],"r":[0,0,-7.46635E-07],"s":[0.01922211,0.04029855,0.006981703],"c":[0.1111108,0.0811285,0.0493825]}]},{"b":12,"t":7,"s":[{"p":[-0.01807769,-0.04525764,-0.002726016],"r":[6.263855,7.293962,101.6176],"s":[0.02860144,0.0402988,0.006981715],"c":[0.1111108,0.0811285,0.0493825]}]},{"b":12,"t":7,"s":[{"p":[-0.4819123,-0.2859411,0.05343313],"r":[356.4074,6.125151,22.42391],"s":[0.254679,0.04029889,0.006981716],"c":[0.1111108,0.0811285,0.0493825]}]}]}