{"v":9,"a":[5,7,18,48],"p":[{"s":[{"p":[0,0,0],"r":[0,0,0],"s":[3.260591,0.02699535,7.921816],"c":[1,1,1]}]}]}