{"n":"chest-lid","v":9,"a":[7,18],"p":[{"b":64,"s":[{"p":[0,0,0],"r":[0,0,0],"s":[0.1288772,0.2954603,0.1073923],"c":[0.6666667,0.5714286,0]}]},{"s":[{"p":[0.002769445,0.1465141,0.07963019],"r":[89.98022,180,0],"s":[0.06827845,0.06254743,0.03455995],"c":[1,0.8571429,0]}]}]}