{"v":9,"a":[31,50],"tp_lp": [1,1,1],"p":[{"b":4,"a":[12],"s":[{"p":[0,0,0],"r":[-6.542041E-05,-1.622169E-05,-1.302004E-05],"s":[0.03217734,0.03217732,0.03217739],"c":[1,1,1]}]},{"b":3,"t1":148,"s":[{"p":[0.003178351,0.01313803,0.2207653],"r":[359.0877,185.6644,178.0887],"s":[0.04279388,0.1250007,0.2368974],"c":[0.7777778,0.8285714,1],"t1":{"c":[1,1,1],"x":0.5,"y":0.5,"a":0.8925,"m":0,"n":0,"r":0,"g":0,"o":0.5,"t":0.5,"e":0.5}}]}]}