{"v":9,"p":[{"b":14,"s":[{"p":[0.121125,-0.1145055,0.09383119],"r":[39.42038,359.5312,347.9861],"s":[0.01116535,0.01384241,0.005135917],"c":[0.8888889,0.6490299,0.3950616]}]},{"b":14,"pr":5,"c":[[-0.037,-0.222,-2.476,32,6,8,6]],"s":[{"p":[0.1247206,-0.09293134,0.06722602],"r":[39.26786,353.0039,343.4111],"s":[0.0111654,0.01237145,0.01217524],"c":[1,0.984127,0.8888889],"pr":{"c":[0.6666667,0.6666667,0.6666667],"m":0.25,"a":0.7125292,"s":0.2036502,"z":0.9266467,"g":0.6073328,"h":0.25}}]},{"b":62,"t":3,"pr":5,"s":[{"p":[0.1271535,-0.07265069,0.04328658],"r":[29.48932,2.379912,49.77017],"s":[0.01459645,0.0169351,0.01336507],"c":[0.8888889,0.1523808,0],"pr":{"c":[0.6666667,0.6666667,0.6666667],"m":0.2043283,"a":0.7125292,"s":0.2036502,"z":0.9266467,"g":0.6073328,"h":0.25}}]}]}