{"v":9,"p":[{"t":3,"a":[29],"s":[{"p":[0,0,0],"r":[0,0,0],"s":[0.1750002,0.01674849,0.1536321],"c":[0,0.7428569,1]}]}]}