{"v":9,"a":[5],"p":[{"b":17,"t":14,"s":[{"p":[0.009878241,-0.04036282,0.06019441],"r":[3.596698,3.636723,2.706385],"s":[0.01252869,0.004968138,0.04641527],"c":[1,0.7904761,0.3333331]}]},{"b":17,"t":14,"s":[{"p":[0.005544864,-0.04127018,-0.01231203],"r":[303.4995,359.8867,1.701867],"s":[0.00428373,0.004968139,0.006986284],"c":[1,0.7904761,0.3333331]}]}]}