{"v":9,"a":[2,9,14],"p":[{"b":3,"t":4,"s":[{"p":[0,0,0],"r":[0,0,0],"s":[0.04232869,0.04339948,0.04075653],"c":[0,0.05714229,1],"b":["when starts then set light intensity 100"]},{"p":[0,0,0],"r":[0,0,0],"s":[0.04232869,0.04339948,0.04075653],"c":[0,0.05714227,1]}]},{"b":97,"e":"Bouncy","s":[{"p":[0.04306189,0.01658647,0.01617954],"r":[17.04915,214.2473,13.53874],"s":[0.00193177,0.001931765,0.00193177],"c":[0,0.5714284,1]}]}]}