{"v":9,"a":[22],"p":[{"b":158,"t1":3,"t2":18,"s":[{"p":[0,0,0],"r":[2.155228E-35,-1.213285E-20,2.035555E-13],"s":[0.2493879,1.851634,0.2495284],"c":[0.5555556,0.3809522,0],"t1":{"c":[0.5555556,0.4003527,0.06172834],"x":0.17,"y":0.17,"a":0.69625,"m":0.5,"n":0.5,"r":0,"g":0,"o":0.5,"t":0.5,"e":0.5},"t2":{"c":[0.4444444,0.3358023,0.09876538],"x":0.17,"y":0.17,"a":0.8925,"m":0.5,"n":0.5,"r":0,"g":0,"o":0.5,"t":0.5,"e":0.5}}]}]}