{"v":9,"a":[48],"p":[{"s":[{"p":[0,0,0],"r":[0,0,0],"s":[1.405002,0.2899665,2.904683],"c":[1,1,1]}]}]}