{"v":9,"a":[2,14,16,17],"p":[{"b":6,"a":[8,36],"pr":2,"s":[{"p":[0,0,0],"r":[0,0,0],"s":[0.0820667,0.08082416,0.1009708],"c":[0,1,0.2285713],"pr":{"c":[0.1851851,0.5555556,0.5555556],"m":1,"a":0.25,"s":0,"z":1,"g":0.5,"h":0.25}}]}]}