{"n":"water","v":9,"a":[5,7,18,23,36,37,49],"p":[{"b":153,"t":1,"s":[{"p":[0,0,0],"r":[0,0,0],"s":[150.0327,1.341331,150.0344],"c":[0.1142857,0,1]}]},{"b":153,"t":17,"a":[5],"t1":13,"s":[{"p":[0.01293709,0.09619141,0.0001220546],"r":[-3.763252E-13,3.289939E-20,-1.001791E-05],"s":[150.1123,1.341495,150.102],"c":[0.1142857,0,1],"b":["when starts then become next in 20s"],"t1":{"c":[1,1,1],"x":0.1853742,"y":0.17,"a":0.8925,"m":0.5,"n":0.5,"r":0,"g":0,"o":0.5,"t":0.5,"e":0.5}},{"p":[0.0128908,0.09615237,-5.124939],"r":[-1.001791E-05,1.690016E-12,-1.001791E-05],"s":[150.0463,1.341791,150.0437],"c":[0.1142854,0,1],"b":["when starts then become previous in 20s"],"t1":{"c":[1,1,1],"x":0.17,"y":0.17,"a":0.8925,"m":0.5,"n":0.5,"r":0,"g":0,"o":0.5,"t":0.5,"e":0.5}}]}]}