{"v":9,"p":[{"t":7,"a":[12],"s":[{"p":[0,0,0],"r":[0,0,0],"s":[1.820254,0.07020886,2.945394],"c":[0,0.5714284,1]}]}]}