{"v":9,"a":[7,18],"p":[{"s":[{"p":[0,0,0],"r":[0,0,0],"s":[11.69297,0.1749905,3.030327],"c":[1,1,1]}]}]}