{"n":"td03","v":9,"a":[7,48,49],"p":[{"s":[{"p":[0,0,0],"r":[0,0,0],"s":[0.1749965,0.05471249,0.1749608],"c":[1,0,0]}]}]}