{"v":9,"a":[7,49],"p":[{"t":19,"s":[{"p":[0,0,0],"r":[0,0,0],"s":[0.128985,6.095524,2.518474],"c":[0,0,0]}]}]}