{"v":9,"p":[{"b":181,"s":[{"p":[0,0,0],"r":[0,0,0],"s":[0.06000055,0.06000017,0.0600005],"c":[1,1,1]}]},{"b":203,"s":[{"p":[0.02519703,-0.1116368,-0.02666106],"r":[4.987979,351.6578,3.182459],"s":[0.03536605,0.0600002,0.03475302],"c":[1,1,1]}]},{"b":5,"s":[{"p":[0.02979066,-0.2178552,-0.03299649],"r":[283.7593,317.0299,16.26684],"s":[0.1000004,0.1000003,0.04511157],"c":[1,1,1]}]}]}