{"n":"ground","v":9,"a":[1,7],"p":[{"b":17,"s":[{"p":[0,0,0],"r":[0,0,-7.656432E-20],"s":[3.363345,0.1106209,3.20111],"c":[0.9019608,0.8509804,0.7215686]}]}]}