{"v":9,"a":[7,18,49],"p":[{"b":13,"t1":110,"s":[{"p":[0,0,0],"r":[0,0,0],"s":[0.06553297,0.02454395,0.3549221],"c":[0.2222219,0.1862431,0.1481478],"t1":{"c":[0.5555556,0.3756613,0.1851851],"x":0.5,"y":0.5,"a":0.8925,"m":0,"n":0.1050992,"r":0,"g":0,"o":0.5,"t":0.5,"e":0.5}}]},{"b":13,"t1":110,"s":[{"p":[0.1920471,-0.01934627,0],"r":[0,0,0],"s":[0.06554107,0.02454784,0.3549856],"c":[0.2222219,0.1862431,0.1481478],"t1":{"c":[0.5555556,0.3756613,0.1851851],"x":0.5,"y":0.6689262,"a":0.8925,"m":0,"n":0.06006837,"r":0,"g":0,"o":0.5,"t":0.5,"e":0.5}}]}]}