{"v":9,"a":[7],"p":[{"t":22,"im":"1025076968517395818/1F7B7BBD4321E5241EE1836503DDEA54D3156B56/","s":[{"p":[0,0,0],"r":[0,0,0],"s":[2.999277,0.05306412,1.68697],"c":[0.8888889,0.8888889,0.8888889]}]}]}