{"n":"td06","v":9,"a":[7,48,49],"p":[{"s":[{"p":[0,0,0],"r":[0,0,0],"s":[0.1750657,0.07455324,0.1750544],"c":[1,0,0]}]}]}