{"n":"tpsp toki","v":9,"a":[32],"p":[{"b":59,"s":[{"p":[0,0,0],"r":[0,0,0],"s":[0.07119316,0.0001414572,0.07118968],"c":[0,0,0]}]},{"s":[{"p":[0,-1.490116E-08,0.106843],"r":[0,0,0],"s":[0.006228189,0.0001424602,0.03536787],"c":[0,0,0]}]},{"s":[{"p":[0.05342199,-1.490116E-08,0.089036],"r":[1.3495E-06,45,1.750975E-06],"s":[0.006228299,0.0001424597,0.03537157],"c":[0,0,0]}]},{"s":[{"p":[-0.05342199,0,0.089036],"r":[4.987348E-07,315,-2.711061E-06],"s":[0.006229991,0.0001424771,0.03537465],"c":[0,0,0]}]}]}