{"n":"hand3","v":9,"a":[27],"p":[{"b":249,"i":[{"t":"5ebc39574f92ca369038f132","p":[-0.04771011,-0.003874078,-0.0177705],"r":[47.58728,347.1532,287.3519]},{"t":"5ebc39383ee8645fbe823df7","p":[-0.2308066,-0.06336388,-0.110861],"r":[43.05719,350.0424,288.8529]}],"s":[{"p":[0,0,0],"r":[0,0,0],"s":[0.07778153,0.07778145,0.07778156],"c":[1,1,1]}]}]}