{"v":9,"a":[2],"inc":[["thing","5ebb68ce4e5db95fb72fa1f4"],["thing 2","5ebc2c27ea07d2061e8915e5"]],"p":[{"b":73,"s":[{"p":[0,0,0],"r":[0,0,0],"s":[0.1026602,0.1026601,0.1026601],"c":[0.311111,0.2222221,1],"b":["when consumed then change head to thing 2"]}]},{"b":59,"s":[{"p":[-0.001718212,0.005853804,0.0006190026],"r":[37.17762,348.5694,329.4369],"s":[0.125,0.125,0.125],"c":[0.6063493,0.5555556,1],"b":["when starts then set constant rotation to 0 0 100"]}]}]}