{"n":"bb","v":9,"a":[2,3,7,16,18],"inc":[["thing","5ebde3e10b8b45062e3a8b05"]],"p":[{"b":9,"s":[{"p":[-0.2636116,-0.1141981,-0.1813665],"r":[1.001791E-05,90,-1.001791E-05],"s":[0.007265605,0.007405494,0.006031628],"c":[1,1,1],"b":["when touched then send one nearby to any of duty"]}]}]}