{"v":9,"p":[{"b":14,"s":[{"p":[0,0,0],"r":[0,0,3.415095E-06],"s":[0.06000016,0.06000008,1.174938],"c":[1,1,1]}]}]}