{"v":9,"p":[{"b":43,"s":[{"p":[0.003572417,0.04473472,-0.03404911],"r":[359.1662,270.8594,356.1272],"s":[0.125,0.125,0.125],"c":[1,0,0.3428572]}]},{"s":[{"p":[0.003107034,-0.002905075,-0.004284644],"r":[358.2296,1.566603,358.433],"s":[0.1750001,0.1750004,0.1750004],"c":[1,1,1]}]},{"b":54,"s":[{"p":[-0.03737392,0.08228746,0.03689026],"r":[353.0101,274.4575,357.9885],"s":[0.007948642,0.04584977,0.01242406],"c":[1,1,1]}]},{"b":55,"s":[{"p":[0.0339656,0.05594846,0.03733673],"r":[357.2652,272.0502,359.7637],"s":[0.005652208,0.1250001,0.01210474],"c":[1,1,1]}]}]}