{"v":9,"a":[7,18,49],"p":[{"b":86,"s":[{"p":[0,0,0],"r":[0,0,0],"s":[0.066264,0.04070371,0.0662639],"c":[0.4444443,0.3005289,0.148148]}]},{"b":86,"s":[{"p":[1.280007E-08,0.07320786,0],"r":[0,0,0],"s":[0.06628172,0.04070474,0.06628142],"c":[0.4444443,0.3005289,0.148148]}]},{"b":86,"s":[{"p":[5.996844E-09,0.03429794,0],"r":[1.001791E-05,0,0],"s":[0.06627561,0.04070443,0.0662754],"c":[0.4444443,0.3005289,0.148148]}]}]}