{"v":9,"p":[{"b":18,"e":"[AREA VALUES]","s":[{"p":[0,0,0],"r":[0,0,0],"s":[0.003000007,0.003000007,0.003000007],"c":[1,1,1]}]}]}