{"v":9,"a":[1,7,18],"p":[{"t1":139,"t2":66,"s":[{"p":[0,0,0],"r":[0,0,8.537737E-06],"s":[0.2126292,2.533665,3.944829],"c":[0.4444442,0,0],"t1":{"c":[0.5555556,0.5167549,0.4320987],"x":0.1443441,"y":0.6680699,"a":1,"m":0,"n":0,"r":0,"g":0,"o":0.5,"t":0.5,"e":0.5},"t2":{"c":[0.7777778,0.7777778,0.7777778],"x":0.6596332,"y":0.7252885,"a":1,"m":0,"n":0,"r":0,"g":0,"o":0.5,"t":0.5,"e":0.5}}]}]}