{"v":9,"a":[2,3],"inc":[["thing","5ec0b8030d04a37ac4c41265"]],"p":[{"b":2,"s":[{"p":[0,0,0],"r":[0,0,0],"s":[0.1250003,0.1250001,0.1250005],"c":[1,1,1],"b":["when triggered then emit gravity-free thing with 500"]}]}]}