{"v":9,"a":[7,31,32],"p":[{"b":2,"t":2,"t1":10,"t2":15,"s":[{"p":[0,0,0],"r":[0,0,0],"s":[15.38878,15.38878,35.61602],"c":[1,0.1714284,0],"t1":{"c":[1,0.3428571,0],"a":0},"t2":{"c":[0.4444444,0.4444444,0.4444444],"x":0.6094586,"y":0.7759902,"a":0.7221185,"m":0.5,"n":0.5,"r":0,"g":0,"o":0.5,"t":0.5,"e":0.5}}]}]}