{"v":9,"p":[{"b":2,"t":2,"im":"1017196322677537949/8ADBE8A22C0FAA3EA3A58A387E589BEF97485BE5/","c":[[-0.572,-1.013,-5.447,1,2,3,4]],"s":[{"p":[0,0,0],"r":[0,0,-5.336085E-08],"s":[0.1250001,0.1250002,0.1250001],"c":[1,1,1]}]}]}