{"v":9,"p":[{"b":9,"s":[{"p":[0,0,0],"r":[0,0,-8.537735E-07],"s":[0.1250002,0.1250002,0.1250002],"c":[1,1,1]}]},{"b":5,"s":[{"p":[-0.09508875,0.3196535,0.2953053],"r":[40.04504,182.9902,344.1956],"s":[0.1000003,0.1000003,0.1000002],"c":[1,1,1]}]},{"b":9,"s":[{"p":[-0.7175692,0.481654,-0.6439532],"r":[59.45805,137.9526,145.8901],"s":[0.125001,0.1250011,0.1250007],"c":[1,1,1]}]}]}