{"v":9,"p":[{"s":[{"p":[0,0,0],"r":[0,0,0],"s":[0.1750004,0.175,0.1750001],"c":[1,1,1],"b":["when touched then become next in 0.5s"]},{"p":[0,0,0],"r":[0,0,0],"s":[0.528033,0.175,0.2763023],"c":[1,1,1],"b":["when starts then become next in 3"]}]}]}