{"v":9,"p":[{"b":153,"im":"1017196322677537949/8ADBE8A22C0FAA3EA3A58A387E589BEF97485BE5/","c":[[-0.622,1.893,-0.644,475,221],[-0.227,1.758,-0.399,474,196],[-0.418,1.812,-0.321,463],[-0.08,1.858,-0.445,669],[0.094,1.939,-0.494,473,195],[-0.251,1.521,-0.833,464],[-0.129,1.752,-0.297,666],[-0.099,1.699,-0.411,665],[0.172,1.815,-0.627,667],[-0.559,1.847,-0.392,695],[0.123,1.547,-2.005,698],[-0.76,1.872,-0.937,476,223],[-0.745,1.737,-0.811,462],[-0.76,1.67,-0.901,477,226],[-0.748,1.709,-0.979,461],[-0.969,1.979,-1.035,478,244],[-0.908,1.746,-1.085,459],[-0.796,1.527,-1.045,362,117,246],[-0.638,1.768,-0.449,361,363],[-1.154,1.852,-1.241,357,103],[-0.968,1.79,-1.117,360,363],[-0.981,1.998,-0.882,356],[-0.966,1.41,-1.315,335,123],[-0.899,1.75,-0.971,721],[-0.814,1.931,-0.828,702],[-0.648,1.911,-0.842,694],[-0.712,1.862,-0.617,697],[-0.482,1.98,-0.425,675],[-0.35,1.818,-0.442,674],[0.005,1.519,-0.774,482,166],[0.146,1.493,-0.881,465],[-0.186,1.426,-0.8,453],[-0.305,1.524,-0.848,454],[-0.225,1.234,-0.847,442],[-0.312,1.489,-0.911,455],[-0.353,1.088,-1.035,441],[-0.354,0.888,-1.355,432],[-0.056,1.135,-0.915,443],[0.007,2.012,-0.437,664],[0.051,1.29,-1.003,647],[-0.044,1.267,-1.207,653],[-0.069,0.912,-1.201,452],[-0.128,0.44,-1.234,466],[0.091,0.508,-0.996,644],[-0.149,1.604,-2.259,646],[1.884,2.232,-2.794,643],[-1.604,1.031,-1.551,329,110],[-1.023,1.286,-1.806,438],[-2.172,1.606,-2.627,720],[0.565,1.678,-2.396,701],[1.641,2.134,-1.787,624],[2.578,2.082,-2.897,480,120,25],[2.657,2.314,3.156,226,375,5],[2.934,2.395,1.948,602,5],[3.173,2.358,1.218,604,5],[3.312,2.954,0.626,594,19],[3.201,2.44,0.989,603,8],[3.398,2.459,0.037,595,20],[3.164,2.62,-0.596,596,21],[3.268,1.975,-0.879,597,22],[3.347,2.943,-1.295,598,23],[3.199,2.539,-1.861,599,24],[-3.148,2.309,2.792,241,106,365],[-3.566,2.219,2.052,348,365],[-3.822,2.555,1.219,349,365],[-3.641,3.086,0.419,350,365],[-3.467,3.33,-0.684,351,365],[-2.609,2.287,-1.612,358,360],[-3.446,3.061,-0.972,352,365],[-2.288,1.166,-1.417,355],[-2.512,1.883,-2.388,704],[-2.101,2.199,4.074,240,471],[-0.865,1.796,4.371,239,447],[-0.045,0.902,3.637,232],[-0.404,1.574,4.57,237,436],[-0.858,1.809,4.15,238,441],[0.302,1.851,3.956,231,427],[0.846,1.735,4.205,230,422],[1.139,1.669,4.364,229,406],[2.183,2.311,4.235,227,378],[1.42,1.867,4.091,228,402]],"s":[{"p":[0.05447365,-0.04188408,-0.01212471],"r":[59.66089,78.64002,5.218487],"s":[0.0782703,0.0400001,0.06635984],"c":[1,1,1]}]},{"b":73,"im":"1017196322677537949/8ADBE8A22C0FAA3EA3A58A387E589BEF97485BE5/","c":[[0.204,-0.09,0.153,222],[0.351,-0.024,0.05,208],[0.358,-0.09,0.085,207],[0.222,-0.125,0.076,206],[0.136,-0.087,0.218,246],[0.308,-0.031,0.226,223],[0.328,0.07,0.25,243],[0.449,0.1,0.179,244],[0.108,-0.051,0.306,220],[0.328,-0.125,0.154,211],[0.272,-0.152,0.246,209],[0.23,0.017,-0.017,210],[0.174,-0.053,0.138,225],[0.239,-0.099,0.132,196],[0.217,-0.028,0.159,201],[0.266,0.022,0.032,205],[0.298,0.012,-0.06,204],[0.226,0.085,-0.064,258],[0.188,-0.027,-0.074,202],[0.276,-0.088,0.123,195],[0.308,-0.09,0.064,199],[0.01,-0.023,0.151,194],[0.264,-0.033,0.161,200],[0.319,-0.071,0.015,80,144],[0.301,-0.083,-0.005,21,170],[0.239,-0.098,0.154,190],[0.213,-0.125,0.136,83,134],[0.289,-0.135,0.063,81,140],[0.226,-0.136,0.065,215],[0.112,-0.007,0.062,216,48],[0.212,-0.064,0.056,214,60],[0.272,-0.14,0.116,212],[0.25,-0.177,0.085,213,66],[0.102,-0.043,-0.033,273],[0.082,-0.191,0.07,86,182],[0.113,-0.226,0.145,84,182],[0.107,-0.27,0.164,82],[0.327,-0.172,0.12,85,133,45],[0.266,-0.084,0.099,77],[0.222,-0.07,0.274,78],[0.196,-0.131,0.119,79],[0.216,-0.14,0.052,20],[0.25,-0.172,0.206,16,173],[0.113,-0.088,0.265,227],[0.19,-0.144,0.275,226,112],[0.17,-0.121,0.242,283],[0.17,-0.187,0.152,219,65],[0.2,-0.093,0.207,278],[0.159,-0.036,0.032,260],[0.204,-0.116,0.089,188],[0.14,-0.1,0.056,11,176],[0.233,-0.121,-0.05,76],[0.181,-0.052,-0.06,15],[0.256,-0.073,-0.045,22],[0.18,-0.005,-0.059,17],[0.067,-0.114,0.042,10],[0.087,-0.144,-0.037,23,1,67],[0.013,-0.077,-0.038,18],[-0.043,-0.152,-0.006,19],[0.003,-0.105,-0.027,13],[-0.004,-0.129,0.073,12],[0.008,-0.084,0.027,2],[0.038,-0.103,-0.052,4],[0.116,-0.143,-0.095,183,285],[-0.015,-0.109,0.041,1,184],[0.041,-0.141,-0.032,0,182,288],[0.001,-0.181,-0.031,184],[0.18,-0.152,0.036,186],[0.163,-0.04,0.003,192],[0.2,-0.135,0.132,197],[0.181,-0.128,-0.007,75],[0.148,-0.088,-0.069,74],[0.101,-0.053,0.103,88,182],[0.181,-0.086,0.103,265],[0.112,-0.133,0.092,267],[0.13,-0.129,0.047,275],[0.107,-0.151,0.056,56],[0.188,-0.112,0.068,87],[0.174,-0.082,0.056,89],[0.071,-0.12,-0.075,25,1,21,25,1,17],[0.148,-0.091,0.01,67],[0.066,-0.061,0.009,61],[0.118,-0.104,0.073,62],[0.088,-0.071,0.055,54],[0.045,-0.125,0.145,55,250],[0.091,-0.054,0.123,57,215],[0.086,-0.063,0.169,271],[0,-0.052,0.248,289],[0.054,-0.068,0.086,269],[0.057,-0.065,0.145,277],[0.043,0.082,0.246,282],[0.078,-0.014,0.228,276],[0.107,-0.037,0.318,281],[0.352,-0.161,0.438,280]],"s":[{"p":[0,0,0],"r":[0,0,1.494104E-06],"s":[0.2250035,0.2250031,0.2250009],"c":[1,1,1],"b":["when talked from then become next in 0"]},{"p":[0.003770063,-0.01277339,0.002082251],"r":[352.0675,357.739,20.52315],"s":[0.2250043,0.2250037,0.225001],"c":[1,1,1],"b":["when starts then become next in 0"]}]}]}