{"v":9,"a":[1,5,7,13,18],"p":[{"b":13,"s":[{"p":[1.197857,0,0],"r":[0,0,1.024528E-05],"s":[0.03508145,0.1023669,0.65828],"c":[0.2222212,0.1248667,0.07407334]}]},{"b":13,"s":[{"p":[0.02649307,0,0],"r":[0,0,0],"s":[0.03507033,0.1023412,0.6581004],"c":[0.2222212,0.1248667,0.07407332]}]},{"b":13,"s":[{"p":[0.6229439,-1.192093E-07,0.9887005],"r":[0,90.00001,0],"s":[0.03508769,0.1032853,0.4402501],"c":[0.2222212,0.1248667,0.07407332]}]}]}