{"v":9,"p":[{"s":[{"p":[0,0,0],"r":[0,0,0],"s":[0.05069648,0.1750002,0.1750001],"c":[0.1142857,0,1]}]},{"s":[{"p":[0.005306304,-0.2273552,-0.0008712709],"r":[358.0346,356.6689,1.181245],"s":[0.05069656,0.1750004,0.1750002],"c":[0.1142857,0,1]}]},{"s":[{"p":[-0.002065331,-0.46194,0.005125433],"r":[358.283,354.7407,358.7796],"s":[0.05069651,0.1750003,0.1750001],"c":[0.1142857,0,1]}]},{"s":[{"p":[-0.003504366,-0.6608689,0.01661497],"r":[354.8738,353.154,2.731575],"s":[0.05069665,0.1750006,0.1750005],"c":[0.1142857,0,1]}]}]}