{"n":"cock","v":9,"p":[{"b":109,"e":"R","s":[{"p":[0,0,0],"r":[0,0,0],"s":[0.003000006,0.003000004,0.003000002],"c":[1,1,1],"b":["cock"]}]}]}