{"v":9,"p":[{"s":[{"p":[0.004540823,-0.001689833,-0.003545535],"r":[359.6502,1.453884,359.1973],"s":[0.175,0.1750003,0.1750003],"c":[1,1,1],"b":["when touched then become next in 1s"]},{"p":[-0.00914222,0.02980764,0.04561848],"r":[356.2821,355.3393,1.282112],"s":[0.3279379,0.1750004,0.3267085],"c":[0.5238094,1,0.3333331],"b":["when starts then become previous in 1s"]}]}]}