{"v":9,"a":[1,2,22,15,18],"p":[{"s":[{"p":[0.006661177,0.003547312,0.003365339],"r":[45,4.620587E-06,1.115509E-05],"s":[0.001000424,0.03638753,0.03847911],"c":[1,0,0]}]},{"c":[[-12.163,-1.404,-1.069,6,6,8],[-16.26,0.446,1.274,3,6,8],[-0.603,-0.518,0.576,2,6,14],[-29.239,-1.467,1.739,0,13,10],[0.874,-0.469,-0.587,7,8,4]],"s":[{"p":[0.0003125668,0.005845904,-9.895302E-10],"r":[0,0,0],"s":[0.01030421,0.1392398,0.08013736],"c":[1,1,1]},{"p":[0.0003125668,0.005845904,-9.895302E-10],"r":[0,0,0],"s":[0.01030421,0.1392398,0.08013736],"c":[1,1,1]},{"p":[0.0003125668,0.005845904,-9.895302E-10],"r":[0,0,0],"s":[0.01030421,0.1392398,0.08013736],"c":[1,1,1]}]}]}