{"v":9,"a":[4,22,18],"p":[{"s":[{"p":[0,0,0],"r":[0,0,0],"s":[2.282758,0.2908013,6.763235],"c":[1,1,1]}]}]}