{"v":9,"p":[{"s":[{"p":[-0.2702836,-0.006030887,0.0449896],"r":[19.61218,350.0817,328.3855],"s":[0.4569547,0.05609646,0.1750004],"c":[1,1,1],"b":["when touches hand then become next in 0.5s"]},{"p":[0.09942767,-0.01110718,0.06061758],"r":[11.9803,342.2931,95.12228],"s":[0.001000001,0.3477222,0.1750001],"c":[1,1,1],"b":["when touches hand then become previous in 0.5s"]}]}]}