{"n":"beatomeato","v":9,"a":[31,48],"p":[{"s":[{"p":[0,0,0],"r":[0,0,0],"s":[0.1162577,0.1162577,0.1162576],"c":[1,1,1]}]}]}