{"n":"daffydiel hill","v":9,"p":[{"b":34,"i":[{"t":"5ed2cc908d9394623b235e6d","p":[-0.2706599,5.960464E-08,-0.3158461],"r":[90,247.5,0]}],"s":[{"p":[0.1548003,-1.170853,0.162302],"r":[339.8693,349.2332,108.8316],"s":[0.7931078,0.8052768,0.6216812],"c":[0.2275127,0.5555556,0.1851847],"b":["when starts then become next in 1.4","when starts and is wee = 1 then become next in 0.2s"]},{"p":[-0.1444551,-1.175827,0.1647224],"r":[338.2624,6.82565,71.89738],"s":[0.7931081,0.8052771,0.6216815],"c":[0.2275127,0.5555556,0.1851847],"b":["when starts then become next in 1.4","when starts and is wee = 1 then become next in 0.2s"]}]}]}