{"n":"key","v":9,"a":[1,2],"p":[{"s":[{"p":[0,0,0],"r":[0,0,3.415095E-06],"s":[0.08847063,0.0184762,0.1455202],"c":[1,1,1]}]},{"b":15,"s":[{"p":[0.001454228,-0.0008018485,-0.003223262],"r":[4.454501,269.1458,188.6027],"s":[0.01364726,0.01627342,0.007502043],"c":[1,0,0]}]}]}