{"n":"white","v":9,"a":[7],"p":[{"i":[{"t":"5ed819ab30c555316b133bfa","p":[-0.0001356531,0.08128089,0.003569476],"r":[0,0,-5.008957E-06]}],"s":[{"p":[0,0,0],"r":[0,0,0],"s":[1.203806,0.05193983,0.7421736],"c":[1,1,1]}]}]}