{"v":9,"a":[2,3,7],"p":[{"b":5,"s":[{"p":[0,0,0],"r":[0,0,0],"s":[0.01091176,0.01091065,0.1418754],"c":[1,1,1]}]},{"b":11,"s":[{"p":[0.005774737,0.001261584,0.06848002],"r":[0,0,90],"s":[0.01202813,0.009449649,0.01333456],"c":[0,0,0],"b":["when touches white then trail start with 1000000000000000","when touches white1 then trail end"]},{"p":[0.005774737,0.001261584,0.06848002],"r":[0,0,90],"s":[0.01202813,0.009449649,0.01333456],"c":[1,1,1],"b":["when touches white1 then trail end"]}]}]}