{"v":9,"p":[{"b":131,"e":"YOUR DEAD ","s":[{"p":[0,0,0],"r":[0,0,0],"s":[0.003000002,0.003000002,0.003000001],"c":[0,0.111111,0.111111]}]}]}