{"v":9,"p":[{"b":73,"s":[{"p":[0,0,0],"r":[0,0,0],"s":[0.08458468,0.08458464,0.08458462],"c":[0.8888889,0.7929453,0.691358]}]},{"b":73,"s":[{"p":[0.04656384,-0.005472636,0.01916129],"r":[1.040908,5.954641,5.35803],"s":[0.0845847,0.08458465,0.08458462],"c":[0.8888889,0.7929453,0.691358]}]},{"b":69,"s":[{"p":[-0.01419231,0.05669281,0.10429],"r":[59.29291,335.8856,178.4879],"s":[0.02373192,0.06033595,0.02044874],"c":[0.8888889,0.7929453,0.691358]}]},{"b":69,"t":2,"s":[{"p":[-0.4769891,0.3392729,1.26096],"r":[40.32648,58.44801,255.0562],"s":[0.001000005,0.6077254,0.001000002],"c":[0.9714286,1,0]}]}]}