{"v":9,"p":[{"b":76,"s":[{"p":[0,0,0],"r":[0,0,0],"s":[0.04163788,0.03923707,0.04289763],"c":[0.4444443,0.2285713,0]}]}]}