{"v":9,"p":[{"b":5,"t1":43,"t2":43,"s":[{"p":[0,0,0],"r":[0,0,4.268868E-07],"s":[0.004950773,0.003979443,0.2449033],"c":[0.4444443,0.4444443,0.4444443],"t1":{"c":[0,0,0],"x":0.5,"y":0.5,"a":0.8925,"m":0,"n":0,"r":0,"g":0,"o":0.5,"t":0.5,"e":0.5},"t2":{"c":[0.7777778,0.3999999,0],"x":0.5,"y":0.5,"a":0.8925,"m":0,"n":0,"r":0,"g":0,"o":0.5,"t":0.5,"e":0.5}}]},{"b":4,"s":[{"p":[-0.0008490868,0.002262861,-0.1030613],"r":[357.6354,188.5711,270.0197],"s":[0.006900702,0.00825402,0.009235117],"c":[0.4444443,0.4444443,0.4444443]}]}]}