{"v":9,"p":[{"b":153,"s":[{"p":[0,0,0],"r":[0,0,2.001032E-08],"s":[0.02131476,0.01513394,0.04000012],"c":[0.4444443,0.3047618,0]}]},{"b":150,"s":[{"p":[-4.144385E-05,0.02267718,-0.06623982],"r":[0.2710971,89.12733,3.187469],"s":[0.06000012,0.04300989,0.01331799],"c":[1,0.6857142,0]}]}]}