{"v":9,"a":[2,50],"p":[{"s":[{"p":[0,0,0],"r":[0,0,1.707547E-06],"s":[0.1750005,0.1750003,0.1750002],"c":[1,1,1],"b":["when touched then destroy "]},{"p":[0,0,0],"r":[0,0,1.707547E-06],"s":[0.1750005,0.1750003,0.1750002],"c":[1,1,1]}]}]}