{"v":9,"a":[7],"p":[{"b":18,"a":[19],"e":"FOLLOW ME TO\nDOC'S LAB","lh":1.2,"s":[{"p":[-0.01710105,0.01562381,0.06393659],"r":[90,-1.931869E-05,0],"s":[0.005406721,0.005406416,0.0054067],"c":[0,0,0]}]},{"s":[{"p":[-0.009972334,0.002002956,-0.01085818],"r":[0,0,0],"s":[0.5761172,0.02491897,0.1995423],"c":[1,1,1]}]}]}