{"n":"spawnpoint","v":9,"p":[{"s":[{"p":[0,0,0],"r":[0,0,0],"s":[0.1750005,0.1750008,0.1750009],"c":[1,1,1]}]}]}