{"v":9,"a":[7,18],"p":[{"b":83,"s":[{"p":[0,0,0],"r":[0,0,0],"s":[0.9476811,0.2283831,0.2785403],"c":[0.5555556,0.3756613,0.1851851]}]}]}