{"v":9,"a":[7,13,18],"p":[{"s":[{"p":[0,0,0],"r":[0,0,0],"s":[0.1754912,5.351279,5.723725],"c":[0.7777778,0.7530864,0.6049383]}]},{"s":[{"p":[0.033144,0.009757996,-0.7234414],"r":[0,0,8.537737E-06],"s":[0.1755119,5.351641,0.1178111],"c":[0.5555556,0.3756613,0.1851851]}]},{"s":[{"p":[0.033144,-1.617365,2.826083],"r":[0,0,8.537737E-06],"s":[0.1755607,8.493198,0.1178371],"c":[0.5555556,0.3756612,0.185185]}]},{"s":[{"p":[0,-2.644739,0.02164257],"r":[0,0,8.537737E-06],"s":[0.2331173,0.08078656,3.096812],"c":[0.5555556,0.3756613,0.1851851]}]}]}