{"v":9,"a":[7],"p":[{"b":166,"s":[{"p":[-0.003756252,-0.0004763794,0.1482802],"r":[0,270,90],"s":[0.03000528,0.03000438,0.03000184],"c":[0.5555556,0.2857141,0]}]},{"b":4,"a":[12],"i":[{"t":"5ee9fd707a7d995da00852b4","p":[-0.006957087,0.005348131,0.2903794],"r":[-1.258742E-05,-8.96438E-08,90.00002]}],"s":[{"p":[3.552714E-15,2.980233E-08,9.710831E-15],"r":[1.258742E-05,8.964189E-08,-1.366038E-05],"s":[0.03433746,0.03229431,0.02885881],"c":[1,1,1],"b":["when starts then all parts face nearest ebpr"]}]}]}