{"v":9,"a":[22,13,18],"p":[{"s":[{"p":[0.0122178,-0.4718836,-0.0067195],"r":[0,0,6.830189E-06],"s":[0.8521376,0.216032,0.0657526],"c":[0.5555556,0.3756611,0.1851849]}]},{"s":[{"p":[0.0122178,-0.4718839,1.525669],"r":[0,0,0],"s":[0.852211,0.2160868,0.06575982],"c":[0.5555556,0.3756611,0.1851849]}]},{"s":[{"p":[0.4625552,-0.4722728,0.7600459],"r":[-9.659348E-06,270,-4.829672E-06],"s":[1.598208,0.2161927,0.06575928],"c":[0.5555556,0.3756612,0.185185]}]},{"s":[{"p":[-0.4405648,-0.4728703,0.759104],"r":[-9.659348E-06,270,-4.829672E-06],"s":[1.59933,0.2163767,0.06577913],"c":[0.5555556,0.3756612,0.185185]}]}]}