{"v":9,"a":[7,13,18],"p":[{"s":[{"p":[0,0,0],"r":[0,0,0],"s":[0.1756382,1.176923,1.290676],"c":[0.7777778,0.7530864,0.6049383]}]},{"s":[{"p":[0,-0.009866476,-0.5925925],"r":[0,0,8.537737E-06],"s":[0.2326662,1.325673,0.1080241],"c":[0.5555556,0.3756612,0.185185]}]}]}