{"v":9,"a":[7,18],"p":[{"t1":43,"t2":27,"s":[{"p":[0,0,0],"r":[0,0,0],"s":[101.4118,0.3894079,1.495088],"c":[0.7777778,0.7777778,0.7777778],"t1":{"c":[0.5555556,0.5555556,0.5555556],"x":0.02897096,"y":0.7137517,"a":0.8925,"m":0,"n":0,"r":0,"g":0,"o":0.5,"t":0.5,"e":0.5},"t2":{"c":[0.5555556,0.5555556,0.5555556],"x":0.0726229,"y":0.6431457,"a":1,"m":0,"n":0,"r":0,"g":0,"o":0.5,"t":0.5,"e":0.5}}]},{"s":[{"p":[-0.08310065,-0.007435605,2.914842],"r":[-1.751587E-12,-1.001791E-05,1.531286E-19],"s":[101.42,0.223488,6.909751],"c":[0.222222,0.222222,0.222222]}]},{"t1":43,"t2":27,"s":[{"p":[-1.152102E-06,5.960485E-08,6.759703],"r":[1.001791E-05,-1.690016E-12,-1.001791E-05],"s":[101.419,0.3894427,1.495173],"c":[0.7777778,0.7777778,0.7777778],"t1":{"c":[0.5555556,0.5555556,0.5555556],"x":0.02897096,"y":0.7137517,"a":0.8925,"m":0,"n":0,"r":0,"g":0,"o":0.5,"t":0.5,"e":0.5},"t2":{"c":[0.5555556,0.5555556,0.5555556],"x":0.0726229,"y":0.6431457,"a":1,"m":0,"n":0,"r":0,"g":0,"o":0.5,"t":0.5,"e":0.5}}]}]}