{"v":9,"p":[{"t":2,"id":"5eec334c3df5e2893cf8aa66","im":"1184958115092568097/7F831FC8344F52E4798BCD682F385F8A1AA3ADAB/","s":[{"p":[0,0,0],"r":[0,0,-1.067217E-07],"s":[0.161,0.175,0.175],"c":[1,1,1]}]},{"t":2,"im":"1184958115092568097/7F831FC8344F52E4798BCD682F385F8A1AA3ADAB/","ac":{"id":"5eec334c3df5e2893cf8aa66","c":100},"s":[{"p":[0.01878185,0.09574217,0.01079165],"r":[3.593158,185.0383,20.33911],"s":[0.1632244,0.1720728,0.1750008],"c":[1,1,1],"b":["when starts then set constant rotation to 10 0 0","when starts then become next in 30"]},{"p":[0.01105747,0.06814266,0.00208548],"r":[4.656068,1.4073,346.8087],"s":[0.2415211,0.2044574,0.1991827],"c":[1,1,1],"b":["when starts then become next in 0"]}]}]}