{"v":9,"p":[{"b":91,"e":"TYPO","s":[{"p":[0,0,0],"r":[0,0,0],"s":[0.003000006,0.003000002,0.003000004],"c":[1,0,0]}]}]}