{"v":9,"a":[7,18],"p":[{"s":[{"p":[0,0,0],"r":[0,0,0],"s":[0.05679592,0.05282357,2.270464],"c":[0.5555556,0.3756613,0.1851851]}]}]}