{"v":9,"p":[{"s":[{"p":[0,0,0],"r":[0,0,0],"s":[0.05374304,0.01919107,0.175001],"c":[0.9714286,1,0]}]},{"i":[{"t":"5eed782cb29f2663cd6421af","p":[-0.02606351,-0.02756122,0.007511356],"r":[0.7846337,0.4148619,105.4319]}],"s":[{"p":[-0.03349619,-0.01689809,-0.002346847],"r":[359.2614,0.6624996,76.0876],"s":[0.05374324,0.01919108,0.1750016],"c":[0.9714286,1,0]}]},{"b":7,"s":[{"p":[-0.03285458,0.01673739,-0.01166694],"r":[359.8246,2.495657,291.2168],"s":[0.006504759,0.005233199,0.206609],"c":[0,0,0]}]}]}