{"v":9,"a":[2],"p":[{"a":[11],"t1":5,"t2":13,"s":[{"p":[0,0,0],"r":[0,0,0],"s":[1.180284,0.8837357,0.6645991],"c":[1,1,1],"b":["when starts then become next in 15s"],"t1":{"c":[0.8,0,1],"x":0.17,"y":0.17,"a":0.69625,"m":0.5,"n":1,"r":0,"g":0,"o":0.5,"t":0.5,"e":0.5},"t2":{"c":[0.1142858,0,1],"x":0.17,"y":0.17,"a":0.8925,"m":0.5,"n":0.5,"r":0,"g":0,"o":0.5,"t":0.5,"e":0.5}},{"p":[0,0,0],"r":[0,0,0],"s":[1.180284,0.8861411,0.6645991],"c":[1,1,1],"b":["when starts then become next in 15s"],"t1":{"c":[0.8,0,1],"x":0.17,"y":0.17,"a":0.69625,"m":0.2167956,"n":0.5120306,"r":0,"g":0,"o":0.5,"t":0.5,"e":0.5},"t2":{"c":[0.1142858,0,1],"x":0.17,"y":0.17,"a":0.8925,"m":0.5,"n":0.5,"r":0,"g":0,"o":0.5,"t":0.5,"e":0.5}},{"p":[0,0,0],"r":[0,0,0],"s":[1.180284,0.8861411,0.6645991],"c":[1,1,1],"b":["when starts then become next in 10s"],"t1":{"c":[0.8,0,1],"x":0.17,"y":0.17,"a":0.69625,"m":0.523155,"n":0.8306919,"r":0,"g":0,"o":0.5,"t":0.5,"e":0.5},"t2":{"c":[0.1142858,0,1],"x":0.17,"y":0.17,"a":0.8925,"m":0.5,"n":0.5,"r":0,"g":0,"o":0.5,"t":0.5,"e":0.5}},{"p":[0,0,0],"r":[0,0,0],"s":[1.180284,0.8861411,0.6645991],"c":[1,1,1],"b":["when starts then become next in 10s"],"t1":{"c":[0.8,0,1],"x":0.17,"y":0.17,"a":0.69625,"m":0.8260558,"n":0.5185441,"r":0,"g":0,"o":0.5,"t":0.5,"e":0.5},"t2":{"c":[0.1142858,0,1],"x":0.17,"y":0.17,"a":0.8925,"m":0.5,"n":0.5,"r":0,"g":0,"o":0.5,"t":0.5,"e":0.5}}]}]}