{"v":9,"p":[{"b":9,"pr":27,"s":[{"p":[0,0,0],"r":[0,0,0],"s":[0.04385595,0.09202284,0.02129465],"c":[1,0,0],"pr":{"c":[1,1,1],"a":0.25}}]}]}