{"v":9,"p":[{"b":60,"s":[{"p":[-0.04750717,0.06005521,-0.2693516],"r":[45.77056,210.8826,283.6274],"s":[0.3558787,0.0168559,0.3219193],"c":[1,1,1]}]},{"b":2,"s":[{"p":[0.036356,0.04899678,-0.04353857],"r":[356.0757,18.1725,350.7003],"s":[0.01429747,0.05050135,0.1250005],"c":[1,1,1]}]},{"b":132,"e":"WHAT\nWOULD\nYOU\nLIKE?","s":[{"p":[-0.1121648,0.06259242,-0.391039],"r":[8.999954,112.9433,223.2156],"s":[0.003,0.003,0.003],"c":[0,1,1]}]}]}