{"v":9,"a":[7,18],"p":[{"t1":141,"s":[{"p":[0,0,0],"r":[0,0,0],"s":[1.124397,0.1750463,2.418053],"c":[0.9968254,1,0.8888889],"t1":{"c":[0.7777778,0.7777778,0.7777778],"x":0.1127071,"y":0.4090233,"a":0.8925,"m":0,"n":0,"r":0,"g":0,"o":0.5,"t":0.5,"e":0.5}}]}]}