{"n":"planen","v":9,"a":[1,2,3,9,50],"tp_m": 4,"tp_d": 5,"tp_m": 4,"tp_d": 5,"tp_lr": [0,0,1],"p":[{"b":10,"s":[{"p":[-0.6878913,1.204708,-1.354147],"r":[341.5,90.875,-9.002977E-07],"s":[0.125,0.125,0.125],"c":[1,1,1]}]},{"b":55,"s":[{"p":[-0.6878913,1.204708,-1.354147],"r":[341.5,90.875,-9.002977E-07],"s":[0.125,0.125,0.125],"c":[1,1,1]}]}]}