{"v":9,"p":[{"b":73,"t":3,"a":[36],"s":[{"p":[0,0,0],"r":[0,0,-4.268868E-07],"s":[0.247201,0.2472013,0.2472011],"c":[0,0,0],"b":["when told by any bedroom-light then become next"]},{"p":[0,0,0],"r":[0,0,-4.268868E-07],"s":[0.2250001,0.2250004,0.2250002],"c":[0.8888889,0.8747795,0.7901235],"b":["when told by any bedroom-light then become previous"]},{"p":[0,0,0],"r":[0,0,-4.268868E-07],"s":[0.247201,0.2472013,0.2472011],"c":[0,0,0]}]}]}