{"v":9,"a":[7,18],"p":[{"a":[22],"s":[{"p":[-0.003619205,9.204086E-08,-5.069887E-08],"r":[-7.617268E-06,5.06928E-05,1.728891E-05],"s":[0.006408348,0.02181003,0.0415618],"c":[0.8888889,0.8888889,0.8888889]}]},{"s":[{"p":[0,0,0],"r":[-3.201651E-07,-2.134434E-07,1.003184E-05],"s":[0.006407916,0.1042848,0.1750558],"c":[1,1,1]}]},{"a":[36],"s":[{"p":[-0.005201594,2.27883E-08,-3.911555E-08],"r":[-4.101478E-06,225,1.535525E-06],"s":[0.008896407,0.01015341,0.04006734],"c":[0.8888889,0.8888889,0.8888889],"b":["when touched then tell any bedroom-light","when touched then become next in 0.35s"]},{"p":[-0.003619324,-7.485505E-08,-0.001054725],"r":[1.793255E-07,315,-7.236193E-06],"s":[0.008898243,0.01015539,0.04007542],"c":[0.8888889,0.8888889,0.8888889],"b":["when touched then tell any bedroom-light","when touched then become previous in 0.35s"]}]}]}