{"n":"ebpl","v":9,"a":[7,18],"p":[{"a":[12],"s":[{"p":[0,0,0],"r":[0,0,0],"s":[0.1750403,0.02360702,0.175025],"c":[1,1,1]}]}]}