{"v":9,"a":[1],"p":[{"b":18,"e":"THE NATURE OF\nTHE EXPRESSIVE MIND","s":[{"p":[-0.1359807,0.09331529,0.03735135],"r":[86.89581,183.1512,181.8913],"s":[0.003000014,0.003000031,0.003000026],"c":[0,0,0]}]},{"t1":4,"s":[{"p":[0.05922177,-0.4734921,-0.3652992],"r":[32.66084,4.552949,5.094264],"s":[0.05631967,1.207609,0.05141836],"c":[0.6666667,0.4804232,0.07407401],"t1":{"c":[0.6666667,0.342857,0],"x":0.17,"y":0.17,"a":0.69625,"m":0.5,"n":0.5,"r":0,"g":0,"o":0.5,"t":0.5,"e":0.5}}]},{"s":[{"p":[0.03499113,0.04579368,-0.02459446],"r":[2.18824,1.256648,0.9638311],"s":[0.3697048,0.06654491,0.1306443],"c":[1,1,1]}]},{"b":118,"e":"ON NATURE","s":[{"p":[-0.07842533,0.09986794,-0.03811775],"r":[87.7599,235.5924,234.5035],"s":[0.003900085,0.003900111,0.003900107],"c":[0,0,0]}]}]}