{"v":9,"a":[7,18],"p":[{"b":184,"s":[{"p":[0,0,0],"r":[0,0,0],"s":[0.8256887,1.424533,0.825689],"c":[0.1851848,0.5555556,0.5555556]}]}]}