{"v":9,"p":[{"a":[1],"s":[{"p":[0,0,0],"r":[0,0,0],"s":[1.484977,0.06706364,0.9971386],"c":[1,1,1]}]}]}