{"v":9,"a":[2,15],"p":[{"t":1,"s":[{"p":[0,0,0],"r":[1.707548E-06,-3.816666E-14,-2.561321E-06],"s":[0.0398698,0.03437737,0.2184176],"c":[1,0.342857,0],"pr":{"c":[1,0,0],"m":0.25,"a":0.25,"s":0.15,"z":0.25,"g":0.5,"h":0.25}}]}]}