{"v":9,"p":[{"b":17,"t":1,"s":[{"p":[0.2564908,0.0890923,-0.09184653],"r":[16.27175,21.627,27.53121],"s":[0.007061271,0.01547271,0.004303314],"c":[0.3333332,0.4857142,1]}]},{"t":1,"s":[{"p":[0.2519636,0.1192791,-0.08106875],"r":[17.08135,19.10635,16.21651],"s":[0.0117085,0.06302343,0.01222274],"c":[0.9714286,1,0]}]}]}