{"v":9,"p":[{"b":205,"a":[1],"s":[{"p":[0,0,0],"r":[0,0,-4.268868E-07],"s":[0.1829872,0.04542864,0.143121],"c":[1,1,1]}]},{"b":205,"a":[1],"s":[{"p":[-0.6713053,-0.2894338,-1.469442],"r":[350.5511,45.78827,327.5254],"s":[0.1398143,0.04500012,0.156573],"c":[1,1,1]}]}]}