{"v":9,"p":[{"b":3,"s":[{"p":[0,0,0],"r":[0,0,1.067217E-07],"s":[0.1250005,0.1250002,0.1250003],"c":[1,1,1]}]},{"b":3,"s":[{"p":[0.1415657,0.3012142,-0.3940155],"r":[304.4027,52.70455,24.252],"s":[0.1250003,0.1250002,0.1250002],"c":[1,1,1]}]}]}