{"v":9,"p":[{"t":1,"s":[{"p":[0,0,0],"r":[0,0,0],"s":[0.1750002,0.175,0.1750001],"c":[0.4444443,0.04938262,0.04938262]}]}]}