{"v":9,"p":[{"s":[{"p":[0,0,0],"r":[0,0,0],"s":[0.09165743,0.0896561,0.1750001],"c":[1,1,1]}]},{"s":[{"p":[0.1660226,0.001566738,0.004426226],"r":[0.6672009,3.334495,9.642175],"s":[0.07456224,0.03650484,0.1750002],"c":[1,1,1]}]}]}