{"v":9,"p":[{"b":141,"e":"2","s":[{"p":[0,0,0],"r":[0,0,6.670107E-09],"s":[0.002999998,0.003000003,0.003],"c":[1,1,1]}]}]}