{"v":9,"p":[{"b":26,"t1":76,"s":[{"p":[0.1078277,-0.008847062,-0.009911016],"r":[8.462684,88.53878,6.288972],"s":[0.07932652,0.02617952,0.07678079],"c":[1,1,1],"t1":{"c":[0,0,0],"x":0.5,"y":0.5,"a":0.8925,"m":0,"n":0,"r":0,"g":0,"o":0.5,"t":0.5,"e":0.5}}]},{"b":26,"t1":76,"s":[{"p":[0.03211933,-0.002489089,-0.01264986],"r":[4.355478,355.4941,356.856],"s":[0.07932714,0.02617957,0.07678144],"c":[1,1,1],"t1":{"c":[0,0,0],"x":0.5,"y":0.5,"a":0.8925,"m":0,"n":0,"r":0,"g":0,"o":0.5,"t":0.5,"e":0.5}}]},{"b":26,"t1":76,"s":[{"p":[0.03680925,0.002326355,-0.08554306],"r":[355.8582,265.7031,356.2045],"s":[0.07932722,0.02617955,0.07678152],"c":[1,1,1],"t1":{"c":[0,0,0],"x":0.5,"y":0.5,"a":0.8925,"m":0,"n":0,"r":0,"g":0,"o":0.5,"t":0.5,"e":0.5}}]},{"b":26,"t1":76,"s":[{"p":[0.1089571,-0.002254106,-0.08380301],"r":[358.2475,182.053,3.060773],"s":[0.07932672,0.02617956,0.07678104],"c":[1,1,1],"t1":{"c":[0,0,0],"x":0.5,"y":0.5,"a":0.8925,"m":0,"n":0,"r":0,"g":0,"o":0.5,"t":0.5,"e":0.5}}]}]}