{"n":"doormat1","v":9,"p":[{"s":[{"p":[0,0,0],"r":[0,0,0],"s":[0.1750135,0.464702,0.02423398],"c":[1,1,1]}]}]}