{"v":9,"a":[22,18],"p":[{"a":[12,37],"i":[{"t":"5efee7b1c772910640e5d78b","p":[0.002009802,0.005868232,0.006169796],"r":[0,0,-1.707547E-05]}],"s":[{"p":[0,0,0],"r":[0,0,0],"s":[0.1750555,0.1750264,0.03678172],"c":[1,1,1],"b":["when told by any cheer then become unsoftened next in 0.5s","when told by any clap then become unsoftened next in 0.5s"]},{"p":[0,-7.450581E-09,0.0658244],"r":[0,0,0],"s":[0.1750978,0.1750448,0.0367855],"c":[1,1,1],"b":["when starts then become unsoftened next in 0.5s"]},{"p":[0,0,0],"r":[0,0,0],"s":[0.1750555,0.1750264,0.03678172],"c":[1,1,1],"b":["when starts then become unsoftened next in 0.5s"]},{"p":[0,-7.450581E-09,0.0658244],"r":[0,0,-2.414837E-06],"s":[0.1750878,0.1750401,0.03678456],"c":[1,1,1],"b":["when starts then become unsoftened next in 0.5s"]}]}]}