{"v":9,"p":[{"b":3,"s":[{"p":[0,0,0],"r":[0,0,6.403303E-07],"s":[0.130619,0.001,0.07921705],"c":[0.111111,0.111111,0.111111]}]}]}