{"v":9,"p":[{"b":3,"t1":13,"s":[{"p":[-0.113647,0.1981764,-0.271569],"r":[0,0,89.99999],"s":[0.1249988,0.1250014,0.1250011],"c":[0.7777778,0.6148147,0.2592591],"t1":{"c":[1,0.8253968,0.4444444],"x":0.17,"y":0.1280479,"a":0.8925,"m":0.5,"n":0.5,"r":0,"g":0,"o":0.5,"t":0.5,"e":0.5}}]},{"b":58,"t":21,"t1":13,"s":[{"p":[-0.1119837,0.2037053,-0.2519286],"r":[270,1.466831E-05,0],"s":[0.1648831,0.09521061,0.1648909],"c":[0,0,0],"t1":{"c":[1,0.8253968,0.4444444],"x":0.17,"y":0.17,"a":0.8925,"m":0.5,"n":0.5,"r":0,"g":0,"o":0.5,"t":0.5,"e":0.5}}]},{"b":58,"t":21,"t1":13,"s":[{"p":[-0.1119837,0.2037053,-0.2515814],"r":[270,1.466831E-05,0],"s":[0.2590741,0.1203663,0.2590827],"c":[0,0,0],"t1":{"c":[1,0.8253968,0.4444444],"x":0.17,"y":0.17,"a":0.8925,"m":0.5,"n":0.5,"r":0,"g":0,"o":0.5,"t":0.5,"e":0.5}}]},{"b":14,"s":[{"p":[-0.1205449,0.1992526,0.1646054],"r":[-1.072956E-06,-1.072956E-06,270],"s":[0.01001029,0.01001044,0.1205772],"c":[0.3333332,0.3333332,0.3333332]}]}]}