{"v":9,"a":[7,18],"p":[{"b":169,"s":[{"p":[0,0,0],"r":[0,0,0],"s":[0.3248344,0.03314616,0.4364212],"c":[0.8,0,1]}]}]}