{"v":9,"p":[{"s":[{"p":[0,0,0],"r":[0,0,0],"s":[0.007228635,0.005493198,0.01590199],"c":[0,0,0]}]}]}