{"v":9,"a":[7,18],"p":[{"b":150,"s":[{"p":[-0.004966349,0.4248874,-0.3439479],"r":[0,0,0],"s":[0.4090978,0.2244027,0.2207704],"c":[0.5520282,0.5555556,0.4320987]}]},{"b":153,"s":[{"p":[-0.9649307,0.06815305,-0.1847373],"r":[0,0,90],"s":[0.181316,0.06275884,0.16872],"c":[0.5520282,0.5555556,0.4320987]}]},{"b":153,"s":[{"p":[0.9509658,0.07262667,-0.1724154],"r":[0,0,90],"s":[0.1811588,0.06089691,0.1685723],"c":[0.5520282,0.5555556,0.4320987]}]},{"b":153,"s":[{"p":[-9.184043E-10,0.01050532,6.053597E-08],"r":[0,0,5.008957E-06],"s":[0.4467671,0.1500884,0.1260852],"c":[0.5520282,0.5555556,0.4320987]}]}]}