{"v":9,"a":[7,18],"p":[{"s":[{"p":[0.2474425,0.2003117,-0.003131539],"r":[0,0,90.00001],"s":[0.39561,0.01720789,0.009493535],"c":[1,1,1]}]},{"s":[{"p":[-0.2520559,0.2003117,-0.003131539],"r":[0,0,90.00001],"s":[0.3956222,0.01720813,0.009493697],"c":[1,1,1]}]},{"s":[{"p":[0,0.38759,-2.980232E-07],"r":[0,0,5.008957E-06],"s":[0.5148717,0.02291552,0.009435976],"c":[1,1,1]}]},{"s":[{"p":[1.484746E-09,0.01698351,-1.862645E-09],"r":[0,0,1.001791E-05],"s":[0.5149167,0.02043012,0.009436369],"c":[1,1,1]}]}]}