{"n":"hive","v":9,"p":[{"b":3,"t":7,"a":[36],"s":[{"p":[0.0001273979,0.006233132,-0.002454962],"r":[84.08235,11.9959,10.64882],"s":[0.01013857,0.001000002,0.0101386],"c":[0.984127,1,0.4444442],"b":["when told by any honey then become next in 1s"]},{"p":[0.008960266,-0.004464008,-0.08651415],"r":[81.13943,52.32887,63.47436],"s":[0.01013855,0.07850578,0.01013858],"c":[0.984127,1,0.4444441],"b":["when touches jar then tell first of any filljar, become previous"]}]},{"b":3,"s":[{"p":[-0.001689507,0.001921551,-0.02213541],"r":[359.3086,355.6712,6.038791],"s":[0.0213545,0.02135444,0.02135459],"c":[0.3333331,0.2984125,0.222222],"b":["when starts then set attract 0.3"]}]}]}