{"n":"sewer","v":9,"a":[7,18,31],"p":[{"b":202,"s":[{"p":[0,0,0],"r":[0,0,0],"s":[0.212412,0.2124105,0.2124116],"c":[0.1975307,0.2116401,0.2222221]}]},{"b":201,"s":[{"p":[-0.003510666,-0.2496512,-0.02321954],"r":[0,0,-1.001791E-05],"s":[0.4024301,0.4021514,0.4023802],"c":[0.1975307,0.2116401,0.2222221]}]},{"b":82,"s":[{"p":[-0.02628245,-0.1199605,-0.03921793],"r":[-1.001791E-05,8.757938E-13,-1.001791E-05],"s":[0.5460861,0.4814366,0.5460843],"c":[0.06349195,0.2222221,0]}]},{"t":3,"a":[12,37],"s":[{"p":[0.004053208,0.5270383,0.004026414],"r":[1.001791E-05,0,0],"s":[0.02235264,0.02233862,0.02235396],"c":[1,1,1]}]}]}