{"v":9,"p":[{"b":18,"t":2,"e":"4","s":[{"p":[0,0,0],"r":[0,0,0],"s":[0.002999998,0.002999997,0.002999998],"c":[0,0,0]}]}]}