{"n":"person-dev-toggle","v":9,"a":[7,18],"p":[{"t":10,"t1":76,"s":[{"p":[0,0,0],"r":[0,0,0],"s":[0.175,0.1750002,0.1750001],"c":[0,0,0],"b":["when grabbed then is person.dev ++","when is person.dev > 1 then is person.dev = 0","when is person.dev then play win buzz","when is not person.dev then play zap bright disappear"],"t1":{"c":[0.9714285,0,1],"x":0.5,"y":0.5,"a":1,"m":0,"n":0,"r":0,"g":0,"o":0.5,"t":0.5,"e":0.5}}]},{"b":16,"t":2,"a":[36],"s":[{"p":[1.540697E-08,0.0881176,0],"r":[-1.001791E-05,270,1.001792E-05],"s":[0.02036181,0.01938149,0.02035958],"c":[1,0,0],"b":["when any state is person.dev then become 2","when any state is not person.dev then become 1"]},{"p":[1.540697E-08,0.0881176,0],"r":[-1.001791E-05,270,1.001792E-05],"s":[0.02036181,0.01938149,0.02035958],"c":[0.2857141,1,0]}]}]}