{"v":9,"p":[{"b":3,"s":[{"p":[0,0,0],"r":[0,0,0],"s":[0.006939617,0.01042752,0.01105962],"c":[0.4444443,0.4444443,0.4444443],"b":["when starts then all parts face nearest pull cord, project with 100% reach, show line with 0.01 width"]}]}]}