{"v":9,"p":[{"b":3,"sa":56,"s":[{"p":[0,0,0],"r":[0,0,0],"s":[0.1250005,0.01815531,0.1250004],"c":[0.3710755,0.4444441,0.2469133]}]}]}