{"v":9,"a":[21],"p":[{"b":51,"s":[{"p":[0,0,0],"r":[0,0,0],"s":[0.06930083,0.002946077,0.006480122],"c":[1,1,1]}]},{"b":51,"s":[{"p":[0.003994349,0.0001899623,0.0004899741],"r":[2.274058,182.0224,4.338079],"s":[0.119645,0.002946098,0.008028366],"c":[1,1,1]}]},{"b":51,"s":[{"p":[0.003160168,3.636442E-05,0.001351733],"r":[1.939838,182.1203,4.443516],"s":[0.06930137,0.002946097,0.004397508],"c":[1,1,1]}]}]}