{"v":9,"a":[1,22],"p":[{"s":[{"p":[-0.01222657,0.04074719,0.06028746],"r":[50.17428,0.9307851,357.9772],"s":[0.1750003,0.001000001,0.1750001],"c":[0,0,0]}]},{"b":11,"i":[{"t":"5f0ff4ade50c736306f30587","p":[-0.1589031,-0.02203558,0.05944244],"r":[64.55478,26.07638,215.0293]}],"s":[{"p":[-0.0623951,-5.259644E-07,0.003210307],"r":[0,0,0],"s":[0.1895079,0.1397503,0.04552891],"c":[0.4444443,0.4444443,0.4444443]}]},{"b":11,"s":[{"p":[-0.01369926,-0.003508423,0.05615665],"r":[342.6073,2.231335,358.9551],"s":[0.1000006,0.1000005,0.03936974],"c":[0.4444443,0.4444443,0.4444443]}]}]}