{"v":9,"p":[{"a":[1,4],"s":[{"p":[0,0,0],"r":[0,0,0],"s":[1.368313,0.04593463,0.841345],"c":[1,1,1]}]}]}