{"v":9,"p":[{"b":91,"e":"KEin headset bitte sry","s":[{"p":[0,0,0],"r":[0,0,0],"s":[0.003000012,0.003000003,0.003000014],"c":[1,1,1]}]}]}