{"v":9,"a":[2,3,12],"p":[{"b":69,"c":[[0.026,-1.894,-0.198,229,1,1,1,1,1,2,2,2,2,2,1,2,1,2,1,2,1,2,6,1,1,1,1,1,1,2,2,2,2],[0.173,-1.895,0.245,223,20],[-0.219,-1.921,-0.214,222,24],[-0.069,-1.919,-0.218,221,28],[0.151,-1.903,-0.282,224,17],[0.026,-1.922,-0.041,225,14],[-0.14,-1.902,-0.25,226,11],[-0.228,-1.907,-0.653,227,8],[0.085,-1.897,-0.41,228,33],[-0.349,-1.922,-0.374,260,15],[-0.077,-1.886,-0.426,220,32],[-0.315,-1.929,-0.146,219,36],[-0.043,-1.901,-0.24,218,51],[-0.321,-1.911,0.07,259,14],[-0.066,-1.905,-0.244,257],[0.092,-1.916,-0.114,258,13]],"sa":176,"s":[{"p":[-0.006129068,-0.004400969,0.2325639],"r":[305.2989,90.19937,89.60989],"s":[0.01502712,0.3355823,0.01502684],"c":[0.4444443,0.3047618,0],"b":["when hears baldurs bane then become 2"]},{"p":[-0.006129068,-0.004400969,0.2325639],"r":[305.2989,90.19937,89.60989],"s":[0.01502712,0.3355823,0.01502684],"c":[0.4444443,0.3047618,0],"b":["when trigger let go then propel forward with 100"]}]},{"b":51,"c":[[-0.165,-0.175,-0.345,57,3,38,5],[-0.164,-0.044,-0.193,93,3,38,5],[-0.052,-0.187,-0.55,17,3,38,5],[0.012,-0.325,-0.706,18,5,303],[0.081,-0.289,-0.681,14,5,309],[-0.027,-0.165,-0.51,13,3,38,5],[-0.074,-0.061,-0.367,49,3,38,5],[-0.086,-0.068,-0.339,53,3,38,5],[0.002,-0.175,-0.449,9,3,38,5],[-0.128,-0.01,-0.399,45,3,38,5],[-0.142,-0.01,-0.182,89,3,38,5],[0.065,-0.213,-0.59,10,5,314],[0.053,-0.218,-0.671,6,5,316],[0.074,-0.195,-0.733,3,4,318],[0.059,-0.139,-0.736,0,39,284],[0.044,-0.166,-0.75,35,1,286],[0.02,-0.289,-0.831,31,1,289],[-0.034,-0.062,-0.492,5,3,38,5],[-0.065,-0.022,-0.511,2,2,39,4],[-0.1,-0.055,-0.569,1,37,2,39],[-0.122,-0.054,-0.569,34,3,38,1],[-0.12,-0.069,-0.559,30,3,38,1],[0.049,-0.194,-0.78,27,1,292],[0.039,-0.206,-0.799,22,2,300],[-0.106,-0.089,-0.548,26,3,38,1],[-0.156,0,-0.369,41,37,2,39],[-0.159,-0.016,-0.405,42,2,39,4],[-0.205,-0.007,-0.371,74,3,38,1],[0.08,0.102,0.597,289,3,46],[0.065,0.121,0.681,285,3,48],[0.028,0.133,0.744,282,2,50],[0,0.079,0.79,306,3,24],[0.051,0.019,0.74,301,4,30],[0.07,0.046,0.672,297,3,37],[-0.013,0.053,0.745,310,3,19],[0.072,0.046,0.595,293,3,43],[-0.158,-0.009,-0.019,129,3,38,5],[-0.135,0.036,0.181,169,3,38,5],[-0.006,0.031,0.437,257,3,38,5],[-0.125,0.013,0.267,217,3,38,5],[-0.112,-0.058,0.3,221,4,37,2],[-0.255,0.063,-0.053,154,3,38,1],[-0.265,0.018,0.022,121,37,2,39],[-0.278,-0.005,0.041,150,3,38,1],[-0.267,0.009,0.167,190,3,38,1],[-0.261,0.052,0.249,194,3,38,1],[-0.188,0.054,0.338,202,2,39,4],[-0.232,0.032,0.194,162,2,39,4],[-0.239,0.053,-0.202,82,2,39,4],[-0.283,0.001,-0.213,114,3,38,1],[-0.261,-0.032,-0.301,110,3,38,1],[-0.227,0.023,-0.274,81,37,2,39]],"s":[{"p":[-0.009204695,0.004927725,0.3782342],"r":[31.61606,198.2807,44.70245],"s":[0.1250005,0.1250004,0.08163817],"c":[0.6666667,0.4571426,0]}]},{"b":51,"c":[[0.041,0.057,-0.754,3,4,318],[0.06,0.048,-0.675,6,5,316],[0.074,0.022,-0.669,14,5,309],[0.09,0.034,-0.644,18,5,303],[-0.011,-0.014,-0.816,35,1,286],[-0.181,-0.008,-0.203,97,3,38,5],[-0.177,0.02,-0.076,133,3,38,5],[-0.119,0.205,0.356,245,3,38,5],[-0.169,0.117,0.317,202,2,39,4],[-0.251,0.127,0.062,162,2,39,4],[-0.233,0.136,-0.087,121,37,2,39],[-0.123,0.083,-0.399,41,37,2,39],[-0.186,0.083,-0.262,81,37,2,39],[-0.027,0.018,-0.558,1,37,2,39],[-0.066,0.259,0.509,314,3,14],[-0.082,0.221,0.654,281,37,12],[-0.066,0.28,0.632,306,3,24],[-0.024,0.231,0.57,301,4,30],[-0.015,0.228,0.55,297,3,37],[-0.036,0.282,0.489,293,3,43],[-0.043,0.271,0.5,289,3,46],[-0.083,0.297,0.59,310,3,19],[-0.121,0.09,0.449,266,3,38,1],[-0.156,0.189,0.466,270,3,38,1],[-0.188,0.076,0.351,226,3,38,1],[-0.091,0.092,0.421,261,4,37,2],[-0.06,0.128,0.389,257,3,38,5],[-0.059,0.119,0.378,253,3,38,5],[-0.077,0.162,0.401,249,3,38,5],[-0.132,0.124,0.449,274,3,38,1],[-0.09,0.159,0.461,241,37,2,39],[-0.083,0.176,0.445,242,2,39,4],[-0.024,0.239,0.555,282,2,50],[-0.056,0.324,0.515,285,3,48],[-0.201,0.119,0.299,230,3,38,1],[-0.187,0.083,0.384,234,3,38,1],[-0.157,0.06,0.363,221,4,37,2],[-0.2,0.098,0.344,201,37,2,39],[-0.127,0.037,0.299,217,3,38,5],[-0.12,0.061,0.328,213,3,38,5],[-0.142,0.061,0.337,209,3,38,5],[-0.267,0.047,0.127,190,3,38,1],[-0.281,0.078,-0.043,154,3,38,1],[-0.25,0.094,0.111,194,3,38,1],[-0.299,0.026,-0.059,150,3,38,1],[-0.211,-0.005,0.109,186,3,38,1],[-0.211,0.007,0.118,181,4,37,2],[-0.194,0.009,0.115,177,3,38,5],[-0.179,0.024,0.131,173,3,38,5],[-0.247,0.001,-0.096,141,4,37,2],[-0.2,-0.031,-0.039,137,3,38,5],[-0.223,-0.03,0.002,146,3,38,1],[-0.27,0.01,-0.238,110,3,38,1],[-0.219,0.058,-0.085,125,3,38,5],[-0.257,-0.012,0,129,3,38,5]],"s":[{"p":[0.006702201,-0.01414493,0.2750838],"r":[0.4593368,149.5488,252.2935],"s":[0.1250007,0.1250005,0.08495992],"c":[0.6666667,0.4571426,0]}]},{"b":51,"c":[[0.043,0.007,0.765,306,3,24],[0.014,0.03,0.683,301,4,30],[0.065,-0.056,0.769,310,3,19],[-0.001,0.047,0.737,314,3,14],[-0.017,0.121,0.511,242,2,39,4],[-0.119,0.067,0.306,202,2,39,4],[-0.151,0.043,0.134,165,3,38,5],[-0.18,0.041,-0.014,125,3,38,5],[-0.163,0.026,-0.192,85,3,38,5],[-0.113,-0.04,-0.388,45,3,38,5],[-0.152,-0.139,-0.564,9,3,38,5],[-0.176,-0.215,-0.718,10,5,314],[-0.061,-0.076,-0.41,6,5,316],[-0.14,-0.144,-0.456,14,5,309],[-0.14,-0.165,-0.542,3,4,318],[-0.296,-0.335,-1.136,0,39,284],[-0.281,-0.337,-0.914,18,5,303],[-0.099,-0.216,-0.54,13,3,38,5],[-0.078,0.005,-0.471,5,3,38,5],[-0.183,-0.176,-0.732,35,1,286],[-0.293,-0.218,-0.844,31,1,289],[-0.304,-0.349,-1.09,22,2,300],[-0.221,-0.238,-0.85,27,1,292],[-0.226,-0.027,-0.716,2,2,39,4],[-0.271,-0.069,-0.705,1,37,2,39],[-0.238,-0.056,-0.696,26,3,38,1],[-0.249,-0.047,-0.655,34,3,38,1],[-0.244,-0.126,-0.738,30,3,38,1],[-0.234,-0.137,-0.694,17,3,38,5],[-0.268,-0.099,-0.672,21,4,37,2],[-0.187,0.046,0.154,162,2,39,4],[-0.19,0.059,0.161,161,37,2,39],[-0.257,0.017,0.222,194,3,38,1],[-0.216,0.024,0.377,201,37,2,39],[-0.229,-0.001,0.376,234,3,38,1],[-0.195,-0.024,0.417,230,3,38,1],[-0.104,-0.011,0.579,270,3,38,1],[-0.123,-0.048,0.556,266,3,38,1],[-0.013,-0.018,0.432,261,4,37,2],[-0.296,0.018,-0.082,154,3,38,1],[-0.251,0.064,-0.308,81,37,2,39],[-0.148,0.058,-0.246,89,3,38,5],[-0.125,-0.015,-0.476,49,3,38,5],[-0.131,-0.037,-0.294,97,3,38,5],[-0.293,0.002,0.132,186,3,38,1],[-0.201,-0.02,0.154,173,3,38,5],[-0.142,-0.122,0.123,177,3,38,5],[-0.098,-0.033,0.303,217,3,38,5],[-0.072,-0.034,0.342,213,3,38,5],[-0.059,-0.012,0.335,209,3,38,5]],"s":[{"p":[-0.0009502987,-0.009087145,0.5256988],"r":[339.7527,191.072,195.2056],"s":[0.1250006,0.1250005,0.1250005],"c":[0.6666667,0.4571426,0]}]},{"b":51,"c":[[0.078,-0.035,0.721,301,4,30],[0.06,0.003,0.75,306,3,24],[-0.011,-0.05,0.721,297,3,37],[0.048,-0.026,0.692,314,3,14],[0.074,-0.025,0.697,281,37,12],[-0.19,-0.014,0.349,234,3,38,1],[-0.146,0,0.379,226,3,38,1],[-0.068,0.037,0.559,270,3,38,1],[-0.075,0.014,0.545,274,3,38,1],[-0.107,-0.041,0.416,230,3,38,1],[-0.104,-0.034,0.369,221,4,37,2],[-0.11,-0.037,0.372,217,3,38,5],[-0.145,0.057,0.372,201,37,2,39],[-0.131,-0.052,0.13,177,3,38,5],[-0.167,-0.104,-0.052,137,3,38,5],[-0.255,-0.067,0.164,186,3,38,1],[-0.195,-0.076,0.173,190,3,38,1],[-0.238,-0.059,0.199,194,3,38,1],[-0.204,0.034,0.173,161,37,2,39],[-0.091,0.007,0.162,173,3,38,5],[-0.26,-0.05,0.191,181,4,37,2],[-0.283,-0.027,-0.025,154,3,38,1],[-0.267,0.015,-0.02,121,37,2,39],[-0.208,0.028,0.14,162,2,39,4],[-0.166,0.028,-0.055,122,2,39,4],[-0.217,0.024,-0.206,81,37,2,39],[-0.2,-0.004,-0.41,41,37,2,39],[-0.189,0.036,-0.418,42,2,39,4],[-0.165,-0.076,-0.584,1,37,2,39],[-0.132,-0.08,-0.74,3,4,318],[-0.1,-0.046,-0.78,0,39,284],[-0.073,-0.051,-0.719,6,5,316],[-0.146,-0.024,-0.768,35,1,286],[-0.083,-0.089,-0.707,10,5,314]],"s":[{"p":[0.00310034,0.001257926,-0.1705683],"r":[13.7462,352.4677,18.86407],"s":[0.1250009,0.1250014,0.1250017],"c":[0.6666667,0.4571426,0]}]},{"b":46,