{"v":9,"p":[{"s":[{"p":[0,0,0],"r":[0,0,0],"s":[0.1750016,0.1837721,0.07143029],"c":[1,1,1]}]}]}