{"n":"hinge","v":9,"a":[5,7,18],"p":[{"t":11,"i":[{"t":"5eb7796d2b5b236696b8c288","p":[-0.5551605,-0.1658325,0.009269782],"r":[90,90.00002,0]}],"s":[{"p":[0,0,0],"r":[0,0,0],"s":[0.04378494,0.7065558,0.1205809],"c":[0.4444443,0.4444443,0.4444443],"b":["when told dooropen then become next in 0.2s, tell any sq10","when told by any sq9 then play door screeching and squeaking with -0.5 octaves 65"]},{"p":[0,0,0],"r":[358.9604,9.767341,359.4362],"s":[0.0437877,0.706536,0.1206027],"c":[0.4444442,0.4444442,0.4444442],"b":["when starts then become untweened next in 0.5s, send one nearby onto td10"]},{"p":[0,0,0],"r":[358.9604,9.767342,359.4362],"s":[0.04378696,0.7065368,0.1205999],"c":[0.4444442,0.4444442,0.4444442],"b":["when starts then become next in 0.2s"]}]}]}