{"v":9,"p":[{"s":[{"p":[0,0,0],"r":[0,0,0],"s":[0.1750187,0.01342276,0.01404278],"c":[1,1,1]}]},{"b":92,"t":2,"e":"MUTED","s":[{"p":[-0.05843866,0.01190579,-0.004432499],"r":[-8.14222E-13,9.659346E-06,90.00001],"s":[0.003763075,0.003762522,0.003763236],"c":[1,1,1]}]},{"b":152,"t":1,"s":[{"p":[-0.03739935,0.07877902,0.0003038552],"r":[359.6264,270.3129,90.49509],"s":[0.04000413,0.001927758,0.02440311],"c":[1,0.8571429,0]}]}]}