{"v":9,"a":[5,7,18],"p":[{"t1":110,"s":[{"p":[0,0,0],"r":[0,0,0],"s":[2.892597,0.9161876,0.6520491],"c":[0.2222219,0.1862431,0.1481478],"t1":{"c":[0.5555556,0.3756613,0.1851851],"x":0.5,"y":0.6460037,"a":1,"m":0,"n":0,"r":0,"g":0,"o":0.5,"t":0.5,"e":0.5}}]},{"t1":36,"s":[{"p":[3.418954E-09,0.4794121,-0.03910828],"r":[1.001791E-05,0,0],"s":[2.92712,0.05909022,0.6964611],"c":[0.3333331,0.3333331,0.3333331],"t1":{"c":[1,1,1],"x":0.5,"y":0.6594772,"a":0.6469175,"m":0,"n":0,"r":0,"g":0,"o":0.5,"t":0.5,"e":0.5}}]}]}