{"v":9,"a":[7,13,18],"p":[{"t1":49,"s":[{"p":[2.344149,0.0008234978,0.6030961],"r":[8.964157E-08,-8.964157E-08,90],"s":[0.2531019,2.344181,3.074819],"c":[0.3333332,0.3333332,0.3333332],"t1":{"c":[0,0.3999997,1],"x":0.5,"y":0.6365204,"a":0.8925,"m":0,"n":0,"r":0,"g":0,"o":0.5,"t":0.5,"e":0.5}}]},{"b":83,"a":[15],"t1":49,"s":[{"p":[0,-2.980232E-08,0.2273159],"r":[0,0,0],"s":[0.7838755,0.2553277,1.538674],"c":[0.3333332,0.3333332,0.3333332],"t1":{"c":[0,0.3999997,1],"x":0.4582138,"y":0.6446533,"a":0.8925,"m":0,"n":0,"r":0.25,"g":0,"o":0.5,"t":0.5,"e":0.5}}]},{"b":83,"a":[15],"s":[{"p":[0,-1.490116E-08,0.148983],"r":[0,0,0],"s":[0.7838983,0.2489419,1.538862],"c":[0.3333329,0.08783037,0.03703704]}]}]}