{"n":"gun","v":9,"a":[1,2,3,7,18,49],"inc":[["bullet","5f14c3845fba190643ffded0"]],"p":[{"t":11,"a":[38],"s":[{"p":[0,-2.980232E-08,0.2081619],"r":[0,0,1.001791E-05],"s":[0.06171406,0.0564451,0.1357958],"c":[0.5555556,0.5555556,0.5555556]}]},{"t":11,"a":[22],"s":[{"p":[-0.06896973,-2.980232E-08,0.2795939],"r":[0,270,0],"s":[0.06171621,0.05912701,0.2854047],"c":[0.5555556,0.5555556,0.5555556]}]},{"b":2,"a":[12,37],"s":[{"p":[-0.2771847,-2.980232E-08,0.2795939],"r":[0,270,90],"s":[0.0191083,0.01911155,0.01910872],"c":[1,1,1],"b":["when triggered then play gun shot 5 with high-pitch ","when triggered then emit bullet"]}]}]}