{"n":"test","v":9,"a":[2,14,15,31],"p":[{"b":10,"s":[{"p":[0,0,0],"r":[0,0,0],"s":[0.01477533,0.01477525,0.01477533],"c":[1,1,1],"b":["when starts then propel forward with 10"]}]}]}