{"v":9,"p":[{"b":3,"pr":6,"s":[{"p":[0,0,0],"r":[0,0,-1.067217E-07],"s":[0.1250005,0.1250004,0.1250004],"c":[1,1,1],"pr":{"c":[0.1111111,0.1111111,0.1111111],"m":0.25,"a":0.01815701,"s":0,"z":0.6915178,"g":0.6485043,"h":0.25}}]}]}