{"n":"planter","v":9,"a":[22,18],"p":[{"b":200,"t1":58,"s":[{"p":[0,0,0],"r":[0,0,0],"s":[0.5198988,0.5198779,0.5198964],"c":[0.3333332,0.3333332,0.3333332],"t1":{"c":[0,0,0],"x":0.5,"y":0.5,"a":1,"m":0,"n":0,"r":0,"g":0,"o":0.5,"t":0.5,"e":0.5}}]},{"b":147,"s":[{"p":[0.03232193,0.5358044,-0.001108166],"r":[6.830189E-06,90.00001,270],"s":[0.1726787,0.5917361,0.5918291],"c":[0.1925924,0.3333332,0.07407398]}]},{"b":42,"t1":126,"c":[[0.267,0.012,-0.325,14,55],[0.282,0.458,-0.34,15,18],[0.224,0.038,-0.21,12,55],[0.215,0.394,-0.224,13,18],[0.187,0.048,-0.092,10,55],[0.187,0.399,-0.103,11,18],[0.149,0.046,0.008,8,55],[0.172,0.449,0.003,9,18],[0.185,0.418,0.122,7,18],[0.188,0.034,0.131,6,55],[-0.391,-0.023,-0.199,46,18],[-0.434,-0.028,0.014,44,18],[-0.388,-0.079,0.22,42,18],[-0.333,-0.021,0.414,40,18],[-0.328,-0.044,-0.4,48,18],[-0.264,-0.023,-0.615,50,18],[-0.168,-0.009,-0.752,52,18,9],[0.343,0.032,-0.507,16,55,7],[0.357,0.505,-0.493,17,18,42],[0.231,0.016,0.251,4,55],[0.218,0.427,0.245,5,18],[0.256,0.028,0.36,2,55],[0.246,0.43,0.373,3,18],[0.328,0.028,0.518,1,53,18],[0.35,0.476,0.519,0,20,53],[-0.257,-0.03,0.653,36,20],[-0.146,-0.008,0.785,37,18,20],[-0.317,0.487,0.008,26,19],[-0.168,0.554,-0.574,32,19],[-0.076,0.497,-0.735,34,19,23],[-0.156,0.506,0.572,18,21],[-0.044,0.466,0.72,19,19,36]],"s":[{"p":[0.9191953,0.5866821,-0.03498848],"r":[1.001791E-05,180,1.001791E-05],"s":[0.460964,0.1065025,0.6563607],"c":[0,0,0],"t1":{"c":[0.3333333,0.3333333,0.3333333],"x":0.5,"y":0.7059433,"a":1,"m":0,"n":0,"r":0.9406531,"g":0,"o":0.5,"t":0.5,"e":0.5}}]},{"b":42,"t1":126,"c":[[0.267,0.012,-0.325,14,55],[0.282,0.458,-0.34,15,18],[0.224,0.038,-0.21,12,55],[0.215,0.394,-0.224,13,18],[0.187,0.048,-0.092,10,55],[0.187,0.399,-0.103,11,18],[0.149,0.046,0.008,8,55],[0.172,0.449,0.003,9,18],[0.185,0.418,0.122,7,18],[0.188,0.034,0.131,6,55],[-0.391,-0.023,-0.199,46,18],[-0.434,-0.028,0.014,44,18],[-0.388,-0.079,0.22,42,18],[-0.333,-0.021,0.414,40,18],[-0.328,-0.044,-0.4,48,18],[-0.264,-0.023,-0.615,50,18],[-0.218,-0.034,-0.716,52,18,9],[0.343,0.032,-0.507,16,55,7],[0.357,0.505,-0.493,17,18,42],[0.231,0.016,0.251,4,55],[0.218,0.427,0.245,5,18],[0.256,0.028,0.36,2,55],[0.246,0.43,0.373,3,18],[0.328,0.028,0.518,1,53,18],[0.324,0.458,0.495,0,20,53],[-0.28,-0.077,0.571,36,20],[-0.223,-0.067,0.702,37,18,20],[-0.317,0.487,0.008,26,19],[-0.168,0.554,-0.574,32,19],[-0.096,0.539,-0.677,34,19,23],[-0.185,0.556,0.542,18,21],[-0.108,0.517,0.67,19,19,36]],"s":[{"p":[0.635148,0.5882725,0.6339179],"r":[1.710165E-05,135,7.083733E-06],"s":[0.460695,0.1064876,0.6560461],"c":[0,0,0],"t1":{"c":[0.3333333,0.3333333,0.3333333],"x":0.5,"y":0.7059433,"a":1,"m":0,"n":0,"r":0.9406531,"g":0,"o":0.5,"t":0.5,"e":0.5}}]},{"b":42,"t1":126,"v":2,"s":[{"p":[-0.02699285,0.5893042,0.9101877],"r":[2.003583E-05,89.99999,-8.142219E-13],"s":[0.4610173,0.1065032,0.6563981],"c":[0,0,0],"t1":{"c":[0.3333333,0.3333333,0.3333333],"x":0.5,"y":0.7059433,"a":1,"m":0,"n":0,"r":0.9406531,"g":0,"o":0.5,"t":0.5,"e":0.5}}]},{"b":200,"s":[{"p":[2.838053E-08,0.1623177,0],"r":[1.001791E-05,-1.690016E-12,-1.001791E-05],"s":[0.5242929,0.03589251,0.5281586],"c":[0.6666667,0.6666667,0.6666667]}]},{"b":200,"s":[{"p":[-3.979173E-08,-0.2275831,-9.536743E-07],"r":[1.001791E-05,-1.001791E-05,-6.157171E-14],"s":[0.5243596,0.035897,0.5282584],"c":[0.7777778,0.7777778,0.7777778]}]},{"b":200,"s":[{"p":[-5.632414E-07,-0.4941761,-1.344107E-06],"r":[-1.001791E-05,-1.001791E-05,1.690016E-12],"s":[0.5243803,0.03590118,0.5283501],"c":[0.7777778,0.7777778,0.7777778]}]},{"b":200,"s":[{"p":[9.379773E-08,0.5364597,-7.152557E-07],"r":[0,0,-1.001791E-05],"s":[0.5392014,0.06147375,0.5402105],"c":[0.7777778,0.7777778,0.7777778]}]},{"b":200,"s":[{"p":[7.371801E-08,0.4216178,0],"r":[1.001791E-05,-1.690016E-12,-1.001791E-05],"s":[0.5242814,0.05680955,0.528163],"c":[0.6666667,0.6666667,0.6666667]}]}]}