{"v":9,"a":[1,7,18],"p":[{"t":4,"i":[{"t":"5efbf6e989dd3e5d4bbcbd03","p":[-2.384186E-07,1.192093E-07,0],"r":[0,0,4.059946E-05]}],"s":[{"p":[-1.164153E-10,0.0004999638,0],"r":[0,0,0],"s":[0.2550501,0.0234823,0.2550524],"c":[1,0,0]}]},{"b":132,"e":"I LOVE PUSSY","s":[{"p":[0.2128372,-0.01469231,0.226558],"r":[270,180,0],"s":[0.003000628,0.003000057,0.003000613],"c":[1,0,0]}]}]}