{"n":"td15","v":9,"a":[7,48,49],"p":[{"s":[{"p":[0,0,0],"r":[0,0,0],"s":[0.1750004,0.07022932,0.1749999],"c":[1,0,0]}]}]}