{"v":9,"a":[22,18,25],"p":[{"a":[12,37],"s":[{"p":[0,0,0],"r":[0,0,2.035555E-13],"s":[0.1750163,0.1750062,0.175007],"c":[1,1,1],"b":["when starts then loop city rain"]}]}]}