{"v":9,"a":[2,3,12],"p":[{"s":[{"p":[-0.0598333,0.003010623,-0.003616672],"r":[0.03821607,0.05934992,357.9326],"s":[0.4839359,0.1948068,0.1759315],"c":[0.9714285,0,1],"b":["when starts then all parts face nearest camera","when triggered then tell any milk"]}]},{"b":99,"e":"fish","s":[{"p":[-0.1856755,-0.09221143,0.09218473],"r":[1.802281,179.1281,183.6894],"s":[0.01731312,0.01731294,0.01731316],"c":[0,0,0]}]}]}