{"v":9,"a":[2,3,12],"p":[{"s":[{"p":[-0.0598333,0.003010623,-0.003616672],"r":[0.03821607,0.05934992,357.9326],"s":[0.4839359,0.1948068,0.1759315],"c":[0.9714285,0,1],"b":["when starts then all parts face nearest camera","when triggered then tell any milk"]}]},{"b":99,"e":"dog","s":[{"p":[-0.2106287,-0.1003426,0.08608272],"r":[359.5265,179.6143,180.9031],"s":[0.01825616,0.01825606,0.01825617],"c":[0,0,0]}]}]}