{"v":9,"a":[7,12,18,48],"p":[{"s":[{"p":[0,0,0],"r":[0,0,7.656432E-20],"s":[0.2471507,0.1750122,0.1222777],"c":[1,0,0],"b":["when touched then send one nearby onto tdzz1, become next in 0.1s"]},{"p":[3.599562E-14,2.058709E-07,1.177444],"r":[0,0,7.656432E-20],"s":[0.2471699,0.1750156,0.1222834],"c":[1,0,0],"b":["when starts then become next in 1s"]},{"p":[3.599562E-14,2.058709E-07,1.177444],"r":[0,0,7.656432E-20],"s":[0.2471699,0.1750156,0.1222834],"c":[1,0,0],"b":["when starts then become 2 in 28s"]}]}]}