{"n":"gateway card","v":9,"a":[1,2,3,7,18],"p":[{"t":21,"s":[{"p":[0,0,0],"r":[0,0,0],"s":[0.1750053,0.006411614,0.1085194],"c":[0.4462079,0.5555556,0.4320985],"b":["when touches card reciever then play computer sci fi processing with very-high-pitch, become untweened next in 1s","when let go then play lose 2 with 0.2s duration destroy all parts","when told by any card then destroy all parts"]},{"p":[0,0,0],"r":[0,0,0],"s":[0.1750053,0.006411614,0.1085194],"c":[0.4462078,0.5555556,0.4320985],"b":["when starts then tell first of any transportgateway, send one nearby to scrap corp offices via 10s elevator"]}]},{"b":18,"a":[19],"e":"SCAN TO ENTER","s":[{"p":[-0.0003848076,0.008706804,0.04135275],"r":[90,0,0],"s":[0.001824264,0.001824971,0.001824792],"c":[0.1784831,0.222222,0.1728393]}]},{"b":18,"a":[19],"e":"SCRAP CORP.\nOFFICES","s":[{"p":[-0.0003848076,0.008706809,-0.001998424],"r":[90,0,0],"s":[0.001309033,0.00130904,0.001309033],"c":[0.1784831,0.222222,0.1728393]}]}]}