{"n":"tdzz1","v":9,"a":[7,18,48,49],"p":[{"s":[{"p":[0,0,0],"r":[0,0,0],"s":[0.1750044,0.06886871,0.1750038],"c":[1,0,0]}]}]}