{"n":"cubical","v":9,"a":[7,13,18],"p":[{"b":60,"c":[[-0.512,-0.5,0.5,5,11,35,26],[0.388,-0.5,0.5,4,7,37,26]],"s":[{"p":[0,0,0],"r":[0,0,0],"s":[0.01431562,0.991878,1.192529],"c":[1,1,1]}]},{"b":60,"v":0,"s":[{"p":[-1.132177,2.024491E-07,0],"r":[0,0,0],"s":[0.01431977,0.9919922,1.193118],"c":[1,1,1]}]},{"b":60,"c":[[-0.512,-0.5,0.5,5,11,35,26],[0.388,-0.5,0.5,4,7,37,26],[0.5,0.5,0.5,10,17,22,31],[-0.4,0.5,0.5,17,9,24,33]],"s":[{"p":[-0.5725767,-0.4893436,-1.788139E-07],"r":[0,0,270],"s":[0.01432722,1.131171,1.193213],"c":[1,1,1]}]}]}