{"v":9,"a":[5],"p":[{"b":166,"t1":43,"s":[{"p":[0,0,0],"r":[0,0,0],"s":[0.2282187,1.080824,0.3073792],"c":[0.2222221,0.1502644,0.07407398],"t1":{"c":[0.4444444,0.3485008,0.2469135],"x":0.5,"y":0.5,"a":0.7193384,"m":0,"n":0,"r":0,"g":0,"o":0.5,"t":0.5,"e":0.5}}]},{"b":155,"t":10,"s":[{"p":[-0.2017729,2.879264,-0.0391487],"r":[358.5407,84.83626,0.1576891],"s":[0.801194,1.646804,0.8011936],"c":[0,0.222222,0.05079354]}]}]}