{"n":"tdzz2","v":9,"a":[7,18,49],"p":[{"a":[12,37],"s":[{"p":[0,0,0],"r":[0,0,0],"s":[0.1750024,0.04070659,0.1750018],"c":[1,0,0]}]}]}