{"v":9,"a":[7,48,49],"p":[{"s":[{"p":[0,0,0],"r":[0,0,0],"s":[0.1750019,0.1750001,0.1750024],"c":[1,0.3428571,0],"b":["when neared then become next in 0.1s"]},{"p":[-2.350151,-2.795403,1.691842],"r":[0,0,0],"s":[0.1751986,0.07463661,0.1752078],"c":[1,0.3428569,0],"b":["when starts then play rat squeak with 75"]}]}]}