{"v":9,"a":[7,18],"p":[{"t":14,"s":[{"p":[0,0,0],"r":[0,0,0],"s":[1.534286,0.1728276,0.4126215],"c":[0,0,0]}]}]}