{"v":9,"a":[5,7,18],"p":[{"b":5,"t":1,"a":[3],"s":[{"p":[0.0003509521,-0.005111694,0.1034775],"r":[0,0,0],"s":[0.08177049,0.08177774,0.02219149],"c":[0.3333332,0.2973544,0.2592592]}]},{"b":5,"t":1,"s":[{"p":[0.0003509521,-0.00844574,-0.1352844],"r":[0,0,0],"s":[0.08443624,0.08707084,0.02218967],"c":[0.3333332,0.2973544,0.2592592]}]},{"b":5,"t":17,"s":[{"p":[0,-0.01053619,-0.02196503],"r":[0,0,0],"s":[0.07313541,0.0731682,0.2920969],"c":[0.8,1,0]}]},{"b":5,"t":7,"s":[{"p":[0,-0.01053619,-0.02159119],"r":[0,0,0],"s":[0.07745159,0.07744647,0.2919149],"c":[0.222222,0.222222,0.222222]}]}]}