{"v":9,"a":[24],"bod":{"al": {"i":"5e5831c1e3f0ef557ab32a4e","p":[-0.02717794,-0.03956637,-0.0842559],"r":[330.9973,6.382147,347.6797]},"ar": {"i":"5e5831c1e3f0ef557ab32a4e","p":[0.02695099,-0.0437491,-0.07025523],"r":[31.3958,17.64133,223.4711]},"ut": {"i":"5e58341c60dcd60626cb0dbb","p":[0.004087176,-0.1609142,0.01929311],"r":[277.1469,350.5732,180.3696]}},"p":[{"b":73,"s":[{"p":[0.08527856,-0.04084773,-0.0368143],"r":[4.368661,1.195586,7.967212],"s":[0.3980269,0.3980272,0.3980265],"c":[1,0.9682539,0.7777778]}]},{"b":69,"s":[{"p":[-0.08542421,0.07535514,-0.0414837],"r":[342.1777,142.8546,55.61394],"s":[0.01179279,0.018429,0.02147149],"c":[0,0,0]}]},{"b":69,"s":[{"p":[0.01748239,0.1190779,-0.1387941],"r":[356.9194,129.9095,49.72316],"s":[0.01179281,0.01842906,0.02147158],"c":[0,0,0]}]}]}