{"v":9,"a":[7,18,48,49,54],"p":[{"s":[{"p":[0,0,0],"r":[0,0,-9.588278E-08],"s":[0.1749999,0.175,0.175],"c":[1,0.3428571,0],"b":["when neared then tell nearby scrambleup, become next in 1s"]},{"p":[0,0,0],"r":[0,0,-9.588278E-08],"s":[0.1749999,0.175,0.175],"c":[1,0.342857,0],"b":["when starts then become next in 29s"]}]}]}