{"v":9,"p":[{"s":[{"p":[0,0,0],"r":[0,0,0],"s":[0.1749999,0.175,0.1749999],"c":[0,1,1]}]}]}