{"n":"phand1","v":9,"a":[27,31,48],"p":[{"i":[{"t":"5f1e1309a5bc7c70e7e452f8","p":[0,0,0.2000008],"r":[0,0,0],"a":[48,49]}],"s":[{"p":[0,0,0],"r":[0,0,0],"s":[0.02461307,0.02461307,0.02461307],"c":[1,1,1]}]}]}