{"n":"limb","v":9,"a":[7,12,18,21],"p":[{"i":[{"t":"5f1e1a3bdd4a4e605b5e00af","p":[-3.538844E-09,1.769422E-08,-0.1187439],"r":[-8.537737E-06,180,180]}],"s":[{"p":[0,0,0.08125687],"r":[1.024528E-05,180,180],"s":[0.04210707,0.002423716,0.2065169],"c":[0,0.2222218,0.5555556]}]},{"b":2,"t":7,"a":[12,37],"s":[{"p":[0,0,0],"r":[0,0,0],"s":[0.03753315,0.03754399,0.03753708],"c":[1,1,1],"b":["when starts then all parts face nearest pknee2 lock local x lock local z"]}]}]}