{"n":"limb","v":9,"a":[7,12,18,21],"p":[{"s":[{"p":[0,0,0.08125687],"r":[1.024528E-05,180,180],"s":[0.04210707,0.002423716,0.2065169],"c":[0,0.2222218,0.5555556]}]},{"b":2,"t":7,"a":[12,37],"s":[{"p":[0,0,0],"r":[0,0,0],"s":[0.03753315,0.03754399,0.03753708],"c":[1,1,1],"b":["when starts then all parts face nearest pfoot2 lock local x lock local z"]}]},{"s":[{"p":[0.007125854,0,0.1730156],"r":[0,180,0],"s":[0.05985044,0.002722217,0.02764562],"c":[0.3333332,0.2285713,0]}]}]}