{"n":"rug","v":9,"a":[7,18],"p":[{"b":179,"t1":60,"s":[{"p":[0,0,0],"r":[0,0,0],"s":[1.590373,1.075126,0.215079],"c":[0,0,0],"t1":{"c":[0,0,0],"x":0.026941,"y":1,"a":0,"m":0,"n":0,"r":0,"g":0,"o":0.5,"t":0.5,"e":0.5}}]}]}