{"v":9,"a":[1,7,18],"p":[{"b":5,"s":[{"p":[0,0,0],"r":[0,0,6.93691E-07],"s":[0.01162172,0.01162171,0.1064978],"c":[0.1111109,0.1111109,0.1111109]}]},{"b":5,"s":[{"p":[1.757542,1.128085,-4.073925],"r":[335.5927,179.0353,259.993],"s":[0.01152086,0.01113339,0.1100415],"c":[0.1111109,0.1111109,0.1111109]}]},{"s":[{"p":[0.0006845533,-0.004736231,0.006346787],"r":[288.2506,297.4118,79.27862],"s":[0.04632167,0.007725783,0.08450101],"c":[0,0,0]}]},{"s":[{"p":[1.76372,1.136048,-4.103495],"r":[288.2506,297.4118,259.2786],"s":[0.05425899,0.003814592,0.1006009],"c":[0,0,0]}]}]}