{"n":"2","v":9,"p":[{"t":21,"s":[{"p":[0,0,0],"r":[0,0,0],"s":[0.1750001,0.1750001,0.1750001],"c":[0.111111,0.111111,0.111111]}]}]}