{"n":"postit","v":9,"a":[1,7,18],"p":[{"s":[{"p":[0,0,0],"r":[0,0,0],"s":[0.3799824,0.005640686,0.5063486],"c":[1,0.8571429,0]}]},{"b":6,"s":[{"p":[0.1659165,0.004082173,0.2387572],"r":[0,292.5,0],"s":[0.03215213,0.002681043,0.03821075],"c":[1,0.8571429,0]}]},{"b":142,"e":"STRUCTURES","s":[{"p":[-0.172143,0.004058823,0.2246079],"r":[90,-5.757418E-13,0],"s":[0.003001147,0.003000408,0.003001278],"c":[0,0,0]}]},{"b":139,"e":"TOILETS!\nLEARN WEB PROGRAMMING","s":[{"p":[-0.1701503,0.005437836,0.1964852],"r":[90,-5.757418E-13,0],"s":[0.001971979,0.001971797,0.001972025],"c":[0,0,0]}]}]}