{"v":9,"a":[7,18,49],"p":[{"t":19,"s":[{"p":[0,0,0],"r":[0,0,0],"s":[2.332286,0.06330275,0.1751186],"c":[0,0,0]}]}]}