{"v":9,"p":[{"b":3,"s":[{"p":[0,0,0],"r":[0,0,0],"s":[0.1250001,0.1250001,0.1250001],"c":[0.5333333,0,0.6666667],"b":["when  sayed i want to go to the darknes"]},{"p":[0,0,0],"r":[0,0,0],"s":[0.1250001,0.1250001,0.1250001],"c":[0.5333333,0,0.6666667]}]},{"b":14,"s":[{"p":[0.09643183,-0.008078933,-0.1933708],"r":[350.5654,327.6282,10.84214],"s":[0.06000003,0.06000003,0.06000002],"c":[0.111111,0,0.05714276]}]}]}