{"v":9,"p":[{"t":7,"s":[{"p":[0.2359566,0.5025709,-0.00667572],"r":[288.9782,269.2987,288.0223],"s":[0.02103607,0.005672553,0.0615111],"c":[0.08888871,0.7777778,0]}]}]}