{"v":9,"a":[1,22,12,18,31],"p":[{"t":7,"a":[12],"i":[{"t":"5f21ab2456dc833193904445","p":[0.07074738,-0.04458618,-0.03585381],"r":[270,225,0]},{"t":"5f21ab2456dc833193904445","p":[0.07074738,-0.04458618,-0.03585381],"r":[270,225,0]}],"s":[{"p":[0,0,0],"r":[0,0,0],"s":[0.03537085,0.03537126,0.03537105],"c":[0,0,0]}]}]}