{"v":9,"a":[7,12,18],"p":[{"a":[12],"i":[{"t":"5f22d740dd4a4e605b5e02ad","p":[-0.1275587,0.09159472,26.48215],"r":[9.570542E-21,2.189484E-13,180]}],"s":[{"p":[0,0,0],"r":[0,0,0],"s":[0.09674022,0.1154232,0.8421192],"c":[1,1,1],"b":["when starts then set constant rotation to 0 0 10"]}]}]}