{"v":9,"a":[7],"p":[{"b":4,"t":2,"s":[{"p":[0,0,0],"r":[1.707547E-05,-3.415094E-06,3.415094E-06],"s":[0.01254545,0.01024623,0.01453148],"c":[0,1,1],"b":["when starts then project with 1000 default,show line"]}]},{"b":4,"t":2,"a":[12],"i":[{"t":"5f23f3dd8fd5ec70ed1c76b5","p":[0.02243543,-0.001361847,0.5119151],"r":[-1.162597E-06,1.162597E-06,90]}],"s":[{"p":[-0.005556822,0.000849247,-0.07138503],"r":[0,0,0],"s":[0.04183577,0.02772166,0.05388876],"c":[0,1,1],"b":["when starts then all parts face nearest 1273dtrf"]}]}]}