{"v":9,"a":[5,7,18,48],"p":[{"s":[{"p":[0,0,0],"r":[0,0,0],"s":[1.083039,0.01958172,1.419836],"c":[1,1,1]}]}]}