{"v":9,"p":[{"s":[{"p":[0,0,0],"r":[0,0,0],"s":[0.3049088,0.1639163,0.422475],"c":[0,1,0.2285714]}]},{"b":68,"s":[{"p":[0.01887571,0.09006096,0.007226113],"r":[0.5611998,359.4494,176.0739],"s":[0.1000001,0.001000002,0.1000001],"c":[0,0.05714257,1]}]},{"b":2,"s":[{"p":[-0.1942143,0.01001799,0.1539515],"r":[352.4643,282.7717,358.2227],"s":[0.05885641,0.05828955,0.07676294],"c":[1,0,0]}]},{"b":2,"s":[{"p":[0.201731,0.008709401,0.123926],"r":[348.8864,78.81343,183.868],"s":[0.05885629,0.05828945,0.07676298],"c":[1,0,0]}]}]}