{"n":"limit3","v":9,"a":[5,7,18,48],"p":[{"s":[{"p":[0,0,0],"r":[0,0,0],"s":[0.4859043,391.9836,13.15691],"c":[1,1,1]}]}]}