{"v":9,"a":[22],"p":[{"b":69,"s":[{"p":[-0.0660508,0.01920867,-0.03289752],"r":[1.622804,330.0997,317.1607],"s":[0.01235445,0.0330229,0.0123541],"c":[0,0,0]}]},{"b":69,"s":[{"p":[-0.003167364,-0.009700461,-0.003086207],"r":[349.9653,359.3874,355.4219],"s":[0.0123543,0.03302289,0.01235406],"c":[0,0,0]}]},{"b":69,"s":[{"p":[-0.05167701,-0.03389376,-0.02864305],"r":[1.622807,330.0998,69.66069],"s":[0.01235402,0.03164811,0.01235378],"c":[0,0,0]}]}]}