{"v":9,"p":[{"a":[29],"t1":138,"s":[{"p":[0,0,0],"r":[0,0,0],"s":[0.175,0.1750001,0.1750002],"c":[0.584127,0.4444443,0.6666667],"t1":{"c":[0.584127,0.4444444,0.6666667],"x":0.5,"y":0.5,"a":0.8925,"m":0,"n":0,"r":0,"g":0,"o":0.5,"t":0.5,"e":0.5}}]}]}