{"v":9,"p":[{"s":[{"p":[0,0,0],"r":[0,0,0],"s":[2.428988,0.1750003,2.058515],"c":[1,1,1]}]}]}