{"v":9,"p":[{"t":2,"s":[{"p":[0,0,0],"r":[0,0,0],"s":[0.2081375,0.00398453,0.2495651],"c":[0,0.2285712,1],"b":["when told by nearby 0 then play doorbell"]}]}]}