{"v":9,"a":[7,13],"p":[{"t":1,"t1":43,"s":[{"p":[1.230233,0.9432616,0.4400882],"r":[-1.502687E-05,270,5.008959E-06],"s":[1.362665,0.1755326,0.5207148],"c":[0,0,0],"t1":{"c":[0.5587303,0,0.8888889],"x":0.5,"y":0.5,"a":0.8925,"m":0,"n":0,"r":0,"g":0,"o":0.5,"t":0.5,"e":0.5}}]},{"b":68,"t":1,"t1":43,"s":[{"p":[1.55739,0.5078105,0.4272087],"r":[90,180,0],"s":[0.1005149,0.5764284,0.2867976],"c":[0,0,0],"t1":{"c":[0.5587303,0,0.8888889],"x":0.5,"y":0.5,"a":0.8925,"m":0,"n":0,"r":0,"g":0,"o":0.5,"t":0.5,"e":0.5}}]},{"b":5,"t":1,"t1":43,"s":[{"p":[1.203936,0.6609866,-0.2307969],"r":[5.008957E-06,89.99999,5.008955E-06],"s":[0.1000723,0.1001691,0.6257082],"c":[0,0,0],"t1":{"c":[0.5587303,0,0.8888889],"x":0.5,"y":0.5,"a":0.8925,"m":0,"n":0,"r":0,"g":0,"o":0.5,"t":0.5,"e":0.5}}]},{"b":5,"t":1,"t1":43,"s":[{"p":[1.193475,0.6617301,1.111299],"r":[5.008957E-06,90,5.008956E-06],"s":[0.1000758,0.1002667,0.6252313],"c":[0,0,0],"t1":{"c":[0.5587303,0,0.8888889],"x":0.5,"y":0.5,"a":0.8925,"m":0,"n":0,"r":0,"g":0,"o":0.5,"t":0.5,"e":0.5}}]}]}