{"v":9,"a":[7],"p":[{"t":1,"t1":43,"s":[{"p":[1.111441,1.203944,-0.8958099],"r":[305.0905,145.4827,220.5654],"s":[0.1129978,1.183807,0.4827551],"c":[0,0,0],"t1":{"c":[0.5587303,0,0.8888889],"x":0.5,"y":0.5,"a":0.8925,"m":0,"n":0,"r":0,"g":0,"o":0.5,"t":0.5,"e":0.5}}]},{"b":5,"t":1,"t1":43,"s":[{"p":[0.7742275,1.000503,-1.460642],"r":[305.0905,145.4827,220.5654],"s":[0.0999798,0.1001472,0.6038542],"c":[0,0,0],"t1":{"c":[0.5587303,0,0.8888889],"x":0.5,"y":0.5,"a":0.8925,"m":0,"n":0,"r":0,"g":0,"o":0.5,"t":0.5,"e":0.5}}]},{"b":5,"t":1,"t1":43,"s":[{"p":[1.036086,1.566366,-0.2958219],"r":[305.0905,145.4827,220.5654],"s":[0.1000916,0.09998737,0.6039514],"c":[0,0,0],"t1":{"c":[0.5587303,0,0.8888889],"x":0.5,"y":0.5,"a":0.8925,"m":0,"n":0,"r":0,"g":0,"o":0.5,"t":0.5,"e":0.5}}]},{"b":68,"t":1,"t1":43,"s":[{"p":[0.9044333,1.653149,-1.034981],"r":[54.90946,325.4827,319.4346],"s":[0.3086708,0.6482261,0.1000446],"c":[0,0,0],"t1":{"c":[0.5587303,0,0.8888889],"x":0.5,"y":0.5,"a":0.8925,"m":0,"n":0,"r":0,"g":0,"o":0.5,"t":0.5,"e":0.5}}]}]}