{"v":9,"a":[49],"p":[{"b":17,"t":9,"s":[{"p":[-0.007057488,-0.1670538,-0.4841906],"r":[31.98511,291.9327,347.4966],"s":[0.08413283,0.004507025,0.06000029],"c":[0.6666667,0,0]}]}]}