{"v":9,"a":[22,49],"p":[{"b":5,"t":1,"s":[{"p":[0,0,0],"r":[0,0,-3.415094E-06],"s":[0.005947657,0.005904239,0.02982174],"c":[0.6666667,0.6179894,0.5925926]}]},{"b":5,"t":1,"s":[{"p":[-0.03476614,-0.0842244,0.05996649],"r":[301.3997,42.73423,357.7342],"s":[0.005948718,0.005904505,0.02982743],"c":[0.6666667,0.6179894,0.5925926]}]}]}