{"v":9,"a":[7,18],"p":[{"t":10,"s":[{"p":[9.598152E-08,1.097901,0.0561465],"r":[0,0,1.001791E-05],"s":[8.413411,0.1227974,0.1960878],"c":[0.111111,0.08783055,0.03703704]}]},{"t":10,"s":[{"p":[1.242989E-08,0.1421814,0.05614614],"r":[0,0,-5.008957E-06],"s":[8.414813,0.1228106,0.196111],"c":[0.111111,0.08783055,0.03703704]}]}]}