{"v":9,"a":[12,31,48,49],"p":[{"b":9,"t":3,"s":[{"p":[0,0,0],"r":[0,0,6.936911E-07],"s":[0.1835214,0.1835214,0.1835212],"c":[0.5555556,0.3756613,0.1851851],"b":["when told by any taverndark then become next in 0.1s"]},{"p":[0,0,0],"r":[0,0,6.936911E-07],"s":[0.1835214,0.1835214,0.1835212],"c":[0,0,0],"b":["when starts then become next in 0s"]},{"p":[0,0,0],"r":[0,0,6.936911E-07],"s":[0.1835214,0.1835214,0.1835212],"c":[0,0,0],"b":["when starts then become previous in 0s"]}]}]}