{"n":"wp6","v":9,"a":[7,18],"p":[{"b":179,"im":"1464185415356710786/58304FC8DD88E895E1D62A914FFABD48B9D108FE/","s":[{"p":[0,0,0],"r":[0,0,3.828216E-20],"s":[1.434657,4.544758,1.438213],"c":[1,1,1]}]},{"b":179,"im":"1464185415356710786/58304FC8DD88E895E1D62A914FFABD48B9D108FE/","s":[{"p":[-0.7127001,0.006336871,-1.210485],"r":[-5.008957E-06,270,5.008956E-06],"s":[2.515857,4.555813,1.439611],"c":[1,1,1]}]}]}