{"v":9,"a":[6,7,18,31,49],"p":[{"b":73,"t":21,"a":[37,36],"s":[{"p":[-1.102198E-08,-0.1260767,-1.490116E-08],"r":[0,0,270],"s":[0.04763849,0.04765025,0.04764007],"c":[0.8888889,0,0],"b":["when told by any wrsh then become untweened 2"]},{"p":[0,0,0],"r":[0,0,1.001791E-05],"s":[0.04763468,0.04763179,0.04763563],"c":[0.8888889,0,0],"b":["when told by any wrsh1 then become untweened 1"]}]}]}