{"v":9,"p":[{"b":205,"a":[11,31],"i":[{"t":"5d82dd7dc37a927fec8c8549","p":[-0.05854695,0.003580903,0.09243303],"r":[2.954774,185.6217,155.1472]}],"s":[{"p":[-0.1587828,-0.02101707,-0.01181536],"r":[359.1915,6.241282,9.786301],"s":[0.01968423,0.03211483,0.01771808],"c":[1,1,1],"b":["when starts then become next in 0.4s"]},{"p":[-0.1769754,-0.02416007,0.001418762],"r":[356.7051,347.0185,10.81703],"s":[0.01968426,0.03211484,0.01771808],"c":[1,1,1],"b":["when starts then become next in 0.4s"]}]},{"b":205,"a":[31],"i":[{"t":"5d82dd79a1cf1e392b56ab1d","p":[0.05334568,-0.01151054,0.07427571],"r":[345.6453,174.8334,337.0878]}],"s":[{"p":[0,0,0],"r":[0,0,0],"s":[0.01968419,0.03211477,0.01771802],"c":[1,1,1],"b":["when starts then become next in 0.4s"]},{"p":[-0.009651422,0.00406038,-0.00834915],"r":[358.4684,348.6611,2.180171],"s":[0.01968423,0.03211479,0.01771803],"c":[1,1,1],"b":["when starts then become next in 0.3s"]}]}]}