{"v":9,"a":[1,2,4,12,48,49],"p":[{"b":4,"s":[{"p":[0,0,0],"r":[0,0,0],"s":[0.1250001,0.1250001,0.1250001],"c":[1,1,1]}]}]}