{"n":"h finder","v":9,"a":[7,31],"p":[{"b":5,"s":[{"p":[0,0,0],"r":[0,0,0],"s":[0.8799903,0.8799854,0.879988],"c":[1,0,0.3428572]}]}]}