{"n":"wp5","v":9,"a":[7,18,49],"p":[{"b":179,"im":"1464185415346878975/5C124D2EAFEF700D99D3CFC5C0DEB71845964BC1/","imt":1,"s":[{"p":[0,0,0],"r":[0,0,0],"s":[5.130672,3.103384,3.373647],"c":[1,1,1]}]}]}