{"n":"glass2","v":9,"a":[7,18],"p":[{"t":14,"s":[{"p":[0,0,0],"r":[0,0,0],"s":[5.12018,0.00530433,2.067298],"c":[0,0,0]}]}]}