{"v":9,"a":[7,18,48,49],"p":[{"b":205,"i":[{"t":"5f20e3a8d5ff73604ee61c13","p":[0.0005797662,-0.3875577,-1.218315],"r":[0,0,8.142219E-13]}],"s":[{"p":[0,2.384186E-07,-2.136288],"r":[0,0,1.001791E-05],"s":[0.07702639,0.07710121,0.07709289],"c":[0.1142854,1,0],"b":["when told by nearby gateupscare then become next in 0.3s, play slamming metal door with 500"]},{"p":[0,0,0],"r":[0,0,0],"s":[0.07702199,0.07707999,0.07707257],"c":[0.1142855,1,0],"b":["when starts then become next in 2s","when starts then become next in 2s, play piano bow broken string horror with 300"]},{"p":[0,0,0],"r":[0,0,0],"s":[0.07702199,0.07707999,0.07707257],"c":[0.1142855,1,0],"b":["when starts then become next in 6s, play chain on wood with 1 repeats"]}]}]}