{"v":9,"a":[5],"p":[{"b":4,"a":[12],"i":[{"t":"5f2ccae65b6b5c0618966404","p":[0.1416314,-0.005078465,0.1174727],"r":[352.885,346.4412,179.8521]}],"s":[{"p":[0,0,0],"r":[0,0,0],"s":[0.1250001,0.1250001,0.1250002],"c":[1,1,1],"b":["when told by nearby monsterleave then become next in 0.1s"]},{"p":[-0.03446826,-0.01911681,0.007020331],"r":[359.155,1.431666,357.8166],"s":[0.1250001,0.1250003,0.1250004],"c":[1,1,1],"b":["when starts then become untweened next in 0s"]},{"p":[-0.5392169,0.1804167,-1.198405],"r":[13.72995,74.5551,23.21105],"s":[0.1250002,0.1250003,0.1250004],"c":[1,1,1],"b":["when starts then become next in 0s"]},{"p":[-0.5392169,0.1804167,-1.198405],"r":[13.72995,74.5551,23.21105],"s":[0.1250002,0.1250003,0.1250004],"c":[1,1,1],"b":["when starts then become previous in 0s"]}]}]}