{"v":9,"a":[7,18,48],"p":[{"s":[{"p":[0,0,0],"r":[0,0,0],"s":[1.299988,1.955665,0.1750199],"c":[1,1,1]}]}]}