{"v":9,"a":[7,18],"p":[{"s":[{"p":[0,0,0],"r":[0,0,0],"s":[0.001,2.108881,2.061515],"c":[1,1,1]}]}]}