{"n":"liquid ","v":9,"a":[7,18,20,21],"p":[{"b":179,"a":[5,14],"s":[{"p":[0,0,0],"r":[0,0,0],"s":[497.9884,497.9556,497.9744],"c":[0.1728394,0.3111109,0.7777778]}]}]}