{"v":9,"a":[5,7,18],"p":[{"b":5,"t":7,"a":[17],"s":[{"p":[-1.862645E-09,-0.008300781,-0.01496506],"r":[0,0,0],"s":[0.06098234,0.06098983,0.2298207],"c":[0.6666667,0.6666667,0.6666667]}]},{"b":5,"t":7,"a":[3,17],"s":[{"p":[0.0002746573,-0.00402832,0.0815239],"r":[0,0,0],"s":[0.06442287,0.06442858,0.01748356],"c":[1,1,1]}]},{"b":5,"s":[{"p":[0.0002746568,-0.006652832,-0.1065865],"r":[0,0,0],"s":[0.06652308,0.06859875,0.01748213],"c":[0.3333332,0.2433861,0.148148]}]},{"b":5,"t":7,"a":[3,17],"s":[{"p":[0,-0.008300781,-0.03348541],"r":[0,0,8.537737E-06],"s":[0.05705862,0.05706417,0.1781982],"c":[0.6285715,1,0]}]}]}