{"v":9,"p":[{"b":3,"s":[{"p":[0,0,0],"r":[0,0,0],"s":[0.312281,0.1672172,0.4458156],"c":[1,0.8603175,0.5555556]}]},{"b":3,"s":[{"p":[0.08217505,0.1419008,0.1495298],"r":[70.45621,91.72697,200.4695],"s":[0.009804134,0.009756312,0.008833569],"c":[0.7777778,0.2666665,0]}]},{"b":3,"s":[{"p":[-0.1064501,0.1409672,0.1610408],"r":[85.52678,76.77354,198.333],"s":[0.009804137,0.009756315,0.008833571],"c":[0.7777778,0.2666665,0]}]}]}