{"v":9,"a":[5,7,13,18],"p":[{"t1":25,"s":[{"p":[0,0,0],"r":[0,0,0],"s":[1.699912,2.648529,0.1539113],"c":[0,0,0],"t1":{"c":[0.4444444,0.3245149,0.1975308],"x":0.3426666,"y":0.2035065,"a":1,"m":0,"n":0,"r":0,"g":0,"o":0.5,"t":0.5,"e":0.5}}]},{"t1":25,"s":[{"p":[-3.493897,3.054462E-07,0],"r":[0,0,1.001791E-05],"s":[1.701677,2.64989,0.1539991],"c":[0,0,0],"t1":{"c":[0.4444444,0.3245149,0.1975308],"x":0.3426666,"y":0.2035065,"a":1,"m":0,"n":0,"r":0,"g":0,"o":0.5,"t":0.5,"e":0.5}}]},{"t1":25,"s":[{"p":[-1.744446,0.2862856,-2.980232E-08],"r":[0,0,-5.008957E-06],"s":[1.803696,0.3738207,0.1539762],"c":[0,0,0],"t1":{"c":[0.4444444,0.3245149,0.1975308],"x":0.3426666,"y":0.2035065,"a":1,"m":0,"n":0,"r":0,"g":0,"o":0.5,"t":0.5,"e":0.5}}]}]}