{"n":"td25","v":9,"a":[7,48,49],"p":[{"s":[{"p":[0,0,0],"r":[0,0,0],"s":[0.1752996,0.1750277,0.1752619],"c":[1,1,1]}]}]}