{"v":9,"p":[{"s":[{"p":[0,0,0],"r":[0,0,0],"s":[0.1750003,0.1750001,0.1750003],"c":[1,1,1],"b":["when touches hand then become next"]},{"p":[0.09921701,0.135331,-0.09726854],"r":[40.05474,342.039,340.4126],"s":[0.08328526,0.07169235,0.07281704],"c":[1,1,1],"b":["when starts then become next"]}]}]}