{"n":"collumn","v":9,"a":[6],"p":[{"b":5,"t1":144,"t2":109,"s":[{"p":[-0.93929,0.1825595,1.034169],"r":[9.659347E-06,90.00001,8.142219E-13],"s":[0.1000478,0.1000797,2.325791],"c":[0.5555556,0,0],"t1":{"c":[0.6666667,0.2222221,0.2222221],"x":0.5,"y":0.5,"a":0.8925,"m":0,"n":0,"r":0,"g":0,"o":0.5,"t":0.5,"e":0.5},"t2":{"c":[0.2222221,0.09876537,0.09876537],"x":0.5,"y":0.5,"a":0.8925,"m":0,"n":0,"r":0,"g":0,"o":0.5,"t":0.5,"e":0.5}}]},{"b":5,"t1":144,"t2":109,"s":[{"p":[3.178241E-08,0.1817742,-1.043081E-07],"r":[0,0,0],"s":[0.1000038,0.1000376,3.229698],"c":[0.5555556,0,0],"t1":{"c":[0.6666667,0.2222221,0.2222221],"x":0.5,"y":0.5,"a":0.8925,"m":0,"n":0,"r":0,"g":0,"o":0.5,"t":0.5,"e":0.5},"t2":{"c":[0.2222221,0.09876537,0.09876537],"x":0.5,"y":0.5,"a":0.8925,"m":0,"n":0,"r":0,"g":0,"o":0.5,"t":0.5,"e":0.5}}]},{"b":5,"t1":144,"t2":109,"s":[{"p":[-0.01864733,-0.7934897,1.034169],"r":[270,90.00001,0],"s":[0.07549319,0.08758146,2.345975],"c":[0.5555556,0,0],"t1":{"c":[0.6666667,0.2222221,0.2222221],"x":0.5,"y":0.5,"a":0.8925,"m":0,"n":0,"r":0,"g":0,"o":0.5,"t":0.5,"e":0.5},"t2":{"c":[0.2222221,0.09876537,0.09876537],"x":0.5,"y":0.5,"a":0.8925,"m":0,"n":0,"r":0,"g":0,"o":0.5,"t":0.5,"e":0.5}}]},{"b":5,"t1":144,"t2":109,"s":[{"p":[-3.118339E-07,-1.783482,-3.576279E-07],"r":[0,0,-1.001791E-05],"s":[0.100004,0.1000468,3.230133],"c":[0.5555556,0,0],"t1":{"c":[0.6666667,0.2222221,0.2222221],"x":0.5,"y":0.5,"a":0.8925,"m":0,"n":0,"r":0,"g":0,"o":0.5,"t":0.5,"e":0.5},"t2":{"c":[0.2222221,0.09876537,0.09876537],"x":0.5,"y":0.5,"a":0.8925,"m":0,"n":0,"r":0,"g":0,"o":0.5,"t":0.5,"e":0.5}}]}]}