{"v":9,"a":[25,48,49],"p":[{"a":[39],"s":[{"p":[0,0,0],"r":[0,0,0],"s":[0.1750032,0.1750035,0.1750034],"c":[1,1,1],"b":["when neared then play metro background noise with low-pitch 70, become next in 0s"]},{"p":[0,0,0],"r":[0,0,0],"s":[0.1750032,0.1750035,0.1750034],"c":[1,1,1],"b":["when starts then become next in 0s"]},{"p":[0,0,0],"r":[0,0,0],"s":[0.1750032,0.1750035,0.1750034],"c":[1,1,1],"b":["when starts then become previous in 0s"]}]}]}