{"n":"index","v":9,"a":[7,18,27,48,49],"p":[{"a":[37,36],"i":[{"t":"5f30a0e93c5673630c79cda4","p":[0,-0.0408287,-1.229346E-07],"r":[-3.415094E-06,-1.707548E-06,1.024528E-05]}],"s":[{"p":[-0.1359736,0,2.431397E-08],"r":[0,90.00001,90],"s":[0.05305958,0.01651768,0.00992533],"c":[1,1,1],"b":["when told nese then become unsoftened next in .2"]},{"p":[-0.1359736,0,2.431397E-08],"r":[0,90.00001,90],"s":[0.05305958,0.01651768,0.00992533],"c":[1,1,1],"b":["when told nese then become unsoftened next in .2"]},{"p":[-0.1359736,0,2.431397E-08],"r":[0,90.00001,90],"s":[0.05305958,0.01651768,0.00992533],"c":[1,1,1],"b":["when told nese then become unsoftened next in .2"]},{"p":[-0.1359736,0,2.431397E-08],"r":[0,90.00001,90],"s":[0.05305958,0.01651768,0.00992533],"c":[1,1,1],"b":["when told nese then become unsoftened next in .2"]}]}]}