{"v":9,"a":[7,13,18],"p":[{"b":7,"t1":66,"c":[[1,0.694,0.6,1,3,18],[1,-0.6,0.6,2,11,8],[-1,0.7,0.6,7,1,15],[-1,-0.594,0.6,11,3,6]],"s":[{"p":[0.4258423,-2.119781,-1.041634],"r":[0,0,5.008956E-06],"s":[2.483538,0.6062418,0.7278364],"c":[0.4444443,0.4303349,0.3456789],"t1":{"c":[0.7777778,0.6691358,0.4320987],"x":0.5,"y":0.7485151,"a":0.8925,"m":0,"n":0,"r":0,"g":0,"o":0.5,"t":0.5,"e":0.5}}]},{"t1":66,"s":[{"p":[0.4258423,-2.087128,0.00984931],"r":[0,0,180],"s":[4.968002,0.7881276,1.269212],"c":[0.4444442,0.4303349,0.3456788],"t1":{"c":[0.7777778,0.6691358,0.4320987],"x":0.5,"y":0.7485151,"a":0.8925,"m":0,"n":0,"r":0,"g":0,"o":0.5,"t":0.5,"e":0.5}}]},{"b":7,"t1":66,"v":0,"s":[{"p":[0.4263306,-2.055085,1.077797],"r":[0,180,180],"s":[2.484252,0.6065207,0.7281724],"c":[0.4444443,0.4303349,0.3456789],"t1":{"c":[0.7777778,0.6691358,0.4320987],"x":0.5,"y":0.7485151,"a":0.8925,"m":0,"n":0,"r":0,"g":0,"o":0.5,"t":0.5,"e":0.5}}]}]}