{"v":9,"a":[48,49],"p":[{"b":4,"pr":6,"s":[{"p":[0,0,0],"r":[0,0,-5.336085E-08],"s":[0.0403343,0.04616926,0.007627844],"c":[1,1,1],"pr":{"c":[0.1111111,0.1111111,0.1111111],"m":0.7910461,"a":0.02285767,"s":0.02679443,"z":0.1040802,"g":0.6030273,"h":0.25}}]},{"s":[{"p":[-0.01694049,0.07867907,0.03033649],"r":[50.44529,356.8509,13.64668],"s":[0.1750012,0.1750017,0.1750015],"c":[1,1,1],"b":["when starts then play steam release with 3 low-pitch high-pass varied-pitch","when starts then become next in 0s"]},{"p":[-0.01694049,0.07867907,0.03033649],"r":[50.44529,356.8509,13.64667],"s":[0.1750012,0.1750017,0.1750015],"c":[1,1,1],"b":["when starts then become next in 0.4s"]}]}]}