{"n":"conveyor claw","v":9,"a":[22,12,31,32,48],"p":[{"t":7,"i":[{"t":"5caa1d3d0002a5480fc044b5","p":[0.8,-1.094749E-07,2.397773E-07],"r":[270,180,0]}],"s":[{"p":[-0.1000004,0,-8.742311E-09],"r":[270,-5.008956E-06,0],"s":[0.05671738,0.05671669,0.05672182],"c":[1,1,1],"b":["when told by nearby grabecrate then become untweened next"]},{"p":[-0.1000004,1.748462E-08,-8.742311E-09],"r":[270,180,0],"s":[0.05672082,0.05672068,0.05672577],"c":[1,1,1],"b":["when told back then become untweened 1"]}]}]}