{"v":9,"a":[7,18,32],"p":[{"b":61,"s":[{"p":[2.7,0,0.1000001],"r":[0,0,270],"s":[0.5659317,0.08901789,0.5658622],"c":[0.4444441,0.4444441,0.4444441]}]},{"b":60,"s":[{"p":[0,0,0],"r":[0,0,8.537737E-06],"s":[5.372103,2.2699,0.9089096],"c":[1,0.5142855,0]}]}]}