{"v":9,"a":[48,49,54],"p":[{"s":[{"p":[0,0,0],"r":[0,0,0],"s":[0.1750006,0.1750002,0.1750007],"c":[1,0.3428571,0],"b":["when neared then tell nearby spiedher, become next in 1s"]},{"p":[0,0,0],"r":[0,0,0],"s":[0.1750006,0.1750002,0.1750007],"c":[1,0.3428571,0],"b":["when starts then become next in 28s"]}]}]}