{"v":9,"a":[7,13,18],"p":[{"t1":61,"t2":66,"s":[{"p":[0,0,0],"r":[0,0,0],"s":[4.244475,0.1237122,14.55337],"c":[0.3333332,0.3333332,0.3333332],"t1":{"c":[0.5555556,0.5555556,0.5555556],"x":0.2377353,"y":0.09089994,"a":1,"m":0,"n":0,"r":0,"g":0,"o":0.5,"t":0.5,"e":0.5},"t2":{"c":[0.5555556,0.5167549,0.4320987],"x":0.6384611,"y":0.4780192,"a":1,"m":0,"n":0,"r":0,"g":0,"o":0.5,"t":0.5,"e":0.5}}]},{"t1":61,"t2":66,"s":[{"p":[2.922608,0.1414231,2.384186E-07],"r":[0,0,-7.656432E-20],"s":[1.634908,0.2022241,14.55022],"c":[0,0,0],"t1":{"c":[0.4444444,0.4134038,0.345679],"x":0.2350684,"y":0.050354,"a":1,"m":0,"n":0,"r":0,"g":0,"o":0.5,"t":0.5,"e":0.5},"t2":{"c":[0.5555556,0.5167549,0.4320987],"x":0.7067175,"y":0.4780192,"a":1,"m":0,"n":0,"r":0,"g":0,"o":0.5,"t":0.5,"e":0.5}}]},{"t1":61,"t2":66,"s":[{"p":[-2.922974,0.1414231,-2.384186E-07],"r":[0,0,-7.656432E-20],"s":[1.634908,0.2022241,14.55022],"c":[0,0,0],"t1":{"c":[0.4444444,0.4134038,0.345679],"x":0.2350684,"y":0.050354,"a":1,"m":0,"n":0,"r":0,"g":0,"o":0.5,"t":0.5,"e":0.5},"t2":{"c":[0.5555556,0.5167549,0.4320987],"x":0.7067175,"y":0.4780192,"a":1,"m":0,"n":0,"r":0,"g":0,"o":0.5,"t":0.5,"e":0.5}}]},{"t1":61,"t2":66,"s":[{"p":[0.002463754,0.1381537,6.461792],"r":[1.001791E-05,89.99999,-1.001791E-05],"s":[1.636891,0.2022381,7.488983],"c":[0,0,0],"t1":{"c":[0.4444444,0.4134038,0.345679],"x":0.2350684,"y":0.1020634,"a":1,"m":0,"n":0,"r":0,"g":0,"o":0.5,"t":0.5,"e":0.5},"t2":{"c":[0.5555556,0.5167549,0.4320987],"x":0.7067175,"y":0.6106833,"a":1,"m":0,"n":0.07280612,"r":0,"g":0,"o":0.5,"t":0.5,"e":0.5}}]}]}