{"v":9,"a":[7,48,49],"p":[{"a":[39],"s":[{"p":[0.3993454,-0.6584473,-0.1833958],"r":[0,0,0],"s":[0.1749915,0.1750188,0.1750096],"c":[1,1,1],"b":["when neared then play metal bars friction with very-low-pitch -2 octaves","when neared then play metal door close bang with high-pitch 200 1.4s delay","when neared then become next in 0s"]},{"p":[0.3993454,-0.6584473,-0.1833958],"r":[0,0,0],"s":[0.1749915,0.1750188,0.1750096],"c":[1,1,1],"b":["when starts then become next in 0s"]},{"p":[0.3993454,-0.6584473,-0.1833958],"r":[0,0,0],"s":[0.1749915,0.1750188,0.1750096],"c":[1,1,1],"b":["when starts then become previous in 0s"]}]}]}