{"v":9,"a":[7,18],"p":[{"t1":34,"s":[{"p":[0,0,0],"r":[0,0,0],"s":[8.111007,2.328373,0.1750464],"c":[0.2222221,0.2222221,0.2222221],"t1":{"c":[0.4444444,0.4444444,0.4444444],"x":0.5,"y":0.5,"a":0.6533948,"m":0,"n":0,"r":0,"g":0,"o":0.5,"t":0.5,"e":0.5}}]}]}