{"v":9,"a":[5,7,13,18],"p":[{"b":60,"t1":34,"s":[{"p":[0.0730896,0,0],"r":[0,0,1.024528E-05],"s":[0.7916166,3.938627,1.105324],"c":[0.3333332,0.3333332,0.3333332],"t1":{"c":[0,0,0],"x":0.5,"y":0.5,"a":0.7411481,"m":0,"n":0,"r":0,"g":0,"o":0.5,"t":0.5,"e":0.5}}]},{"b":60,"t1":34,"s":[{"p":[2.04361,0,0],"r":[0,0,1.024528E-05],"s":[0.7914093,3.937475,1.104971],"c":[0.3333332,0.3333332,0.3333332],"t1":{"c":[0,0,0],"x":0.5,"y":0.5,"a":0.7411481,"m":0,"n":0,"r":0,"g":0,"o":0.5,"t":0.5,"e":0.5}}]}]}