{"v":9,"p":[{"b":3,"t":2,"a":[5],"t1":167,"s":[{"p":[0,0,0],"r":[0,0,0],"s":[0.1250005,0.1250001,0.1250006],"c":[0,0.2285712,1],"b":["when starts then set attract 7"],"t1":{"c":[0,0,0],"a":0.9732285}}]}]}