{"n":"conveyor claw","v":9,"a":[22,12,31,32,48],"p":[{"t":7,"a":[11],"i":[{"t":"5f30b4bdc1e5680647249265","p":[-0.1000004,0,-8.742311E-09],"r":[1.001791E-05,270,1.001791E-05]},{"t":"5f31d9cc74cc4f06371f63fd","p":[0,0,0],"r":[1.001791E-05,180,2.003582E-05]}],"s":[{"p":[0,0,0],"r":[0,180,1.001791E-05],"s":[0.05671361,0.05670481,0.05671882],"c":[1,1,1],"b":["when told by any nextclaw then tell start","when told start then become untweened next"]},{"p":[0,0,0],"r":[0,0,0],"s":[0.05670406,0.05670306,0.05670923],"c":[1,1,1],"b":["when starts then become next in 5, tell nearby ecrateready"]},{"p":[1.748455E-07,0,-2],"r":[0,0,1.001791E-05],"s":[0.05671338,0.05670593,0.05671865],"c":[1,1,1],"b":["when starts then tell back, tell first of any nextclaw","when told back then become untweened 1"]}]}]}