{"v":9,"a":[22,18],"p":[{"t":2,"a":[17,24,29],"t1":15,"s":[{"p":[0,0,0],"r":[0,0,0],"s":[0.2834965,0.273768,0.3119151],"c":[0.3333332,0.3333332,0.3333332],"b":["when starts then become next in 15s"],"t1":{"c":[1,1,1],"x":0.1290313,"y":0.08302069,"a":1,"m":0.5,"n":0.5,"r":0,"g":0,"o":0.6561067,"t":0.5,"e":0.5}},{"p":[0,0,0],"r":[0,0,0],"s":[0.2834965,0.273768,0.3119151],"c":[0.3333332,0.3333332,0.3333332],"b":["when starts then become 1 in 15s"],"t1":{"c":[1,1,1],"x":0.1290313,"y":0.08302069,"a":1,"m":0.6121755,"n":0.5,"r":0,"g":0,"o":0.6561067,"t":0.5,"e":0.5}}]}]}