{"n":"cloud 6 rotator","v":9,"a":[7,18,20,48,49],"p":[{"b":2,"i":[{"t":"5e44e4f0a3a6473806f0ca31","p":[163.6484,-17.0899,204.5577],"r":[0,90,270]}],"s":[{"p":[0,0,0],"r":[0,0,0],"s":[0.01892182,0.1250157,0.1250248],"c":[1,1,1],"b":["when starts then set constant rotation to 35 0 0"]}]}]}