{"v":9,"p":[{"b":109,"t":2,"e":"SCRAP","s":[{"p":[0,0,0],"r":[0,0,2.668042E-08],"s":[0.003929511,0.003929516,0.003929515],"c":[1,1,1]}]}]}