{"v":9,"a":[7,21],"p":[{"b":140,"t":2,"e":"PG 4","s":[{"p":[-0.09495485,-0.04521489,-0.005464196],"r":[90,0,0],"s":[0.002527018,0.002525341,0.002527059],"c":[1,1,1],"b":["when touched then go to inventory page  4"]}]},{"t":9,"s":[{"p":[-0.06512964,-0.07567763,-0.0258503],"r":[0,0,90],"s":[0.05838832,0.05838702,0.05837417],"c":[0,0,0]}]}]}