{"v":9,"a":[13,48],"p":[{"b":4,"a":[37,36],"s":[{"p":[-0.002454209,0.004238603,-0.0001746689],"r":[358.9075,359.2753,4.055547],"s":[0.1250004,0.1250005,0.1250003],"c":[1,1,1],"b":["when starts then stream to camera monitor1","when told by any cament then become untweened 2"]},{"p":[-6.101776,3.429639,8.170732],"r":[43.33551,146.8726,343.4814],"s":[0.1250007,0.1250005,0.1250005],"c":[1,1,1],"b":["when starts then stream to camera monitor1","when told by any camdiner then become untweened 1"]}]}]}