{"v":9,"a":[7,18],"p":[{"t1":66,"s":[{"p":[0,0,0],"r":[0,0,0],"s":[3.823144,0.1179036,14.55024],"c":[0.4444443,0.09876532,0.09876532],"t1":{"c":[0.5555556,0.5167549,0.4320987],"x":0.6713743,"y":0.4682693,"a":1,"m":0,"n":0,"r":0,"g":0,"o":0.5,"t":0.5,"e":0.5}}]}]}