{"n":"hinge","v":9,"a":[5,7,18],"p":[{"t":1,"i":[{"t":"5b98933d4b621a057f47bf5e","p":[-0.005512313,-0.08427105,-0.548584],"r":[270,180,0]}],"s":[{"p":[0,0,0],"r":[0,0,0],"s":[0.1326796,0.5557346,0.04251024],"c":[0.111111,0.111111,0.111111],"b":["when told dooropen then become next in 4s, play door screeching and squeaking with -0.5 octaves 65"]},{"p":[0,0,0],"r":[-4.07111E-13,90.00001,1.001791E-05],"s":[0.1326952,0.5557437,0.04251488],"c":[0.1111109,0.1111109,0.1111109],"b":["when starts then become untweened next in 8s"]},{"p":[0,0,0],"r":[-8.14222E-13,90.00001,1.001791E-05],"s":[0.1326796,0.5557346,0.04251024],"c":[0.111111,0.111111,0.111111],"b":["when starts then become next in 2s"]}]}]}