{"v":9,"a":[7,18,48,49],"p":[{"b":205,"i":[{"t":"5bc3fdb7a4cc2554a4cf361f","p":[0.02902603,-0.2383728,-0.6747501],"r":[0,180,180]}],"s":[{"p":[0,0,0],"r":[0,0,0],"s":[0.04500312,0.04500413,0.0450049],"c":[1,1,1],"b":["when told by any boogirl then become untweened next in 0.1s"]},{"p":[0,0,-3.442398],"r":[0,0,1.024528E-05],"s":[0.04502093,0.04501623,0.04502128],"c":[1,1,1],"b":["when starts then become untweened next in 0.2s"]}]}]}