{"n":"hinge","v":9,"a":[5,7,18],"p":[{"t":1,"i":[{"t":"5bb18f5fffab866cc1d391e1","p":[-0.8520509,-0.01011086,0.001586795],"r":[270,180,0]}],"s":[{"p":[0,0,0],"r":[0,0,0],"s":[0.04378494,0.7065558,0.2192409],"c":[0.4444442,0.4021162,0.1481479],"b":["when told dooropen then become next in 4s, play door screeching and squeaking with -0.5 octaves 65"]},{"p":[0,0,0],"r":[1.001791E-05,90.00001,1.221333E-12],"s":[0.04378846,0.7065361,0.1206038],"c":[0.4444442,0.4021162,0.1481479],"b":["when starts then become untweened next in 15s"]},{"p":[0,0,0],"r":[1.001792E-05,90.00001,2.035555E-12],"s":[0.04378696,0.7065368,0.1205999],"c":[0.4444442,0.4021162,0.1481479],"b":["when starts then become next in 2s"]}]}]}