{"v":9,"p":[{"b":190,"t":9,"s":[{"p":[0,0,0],"r":[4.669075E-08,6.957465E-16,1.707548E-06],"s":[0.3769613,0.2947904,0.434582],"c":[0.8,1,0]}]},{"b":197,"t":9,"s":[{"p":[-0.04177731,-0.274473,0.05334141],"r":[5.095033,70.76033,182.6125],"s":[0.04764576,0.254481,0.06000369],"c":[0.5555556,0.3809522,0]}]}]}