{"v":9,"a":[48,49],"p":[{"s":[{"p":[0,0,0],"r":[-2.668042E-08,1.863605E-17,-8.004126E-08],"s":[0.1750004,0.1750001,0.1750003],"c":[1,0,0],"b":["when starts then become next in 0.5s","when told by any taverndark then end loop, become 3 in 1s"]},{"p":[0,0,0],"r":[-2.668042E-08,1.863605E-17,-8.004126E-08],"s":[0.1750004,0.1750001,0.1750003],"c":[1,0,0],"b":["when starts then loop city voices with 400","when told by any taverndark then end loop, become 3 in 1s"]},{"p":[0,0,0],"r":[-2.668042E-08,1.863605E-17,-8.004126E-08],"s":[0.1750004,0.1750001,0.1750003],"c":[1,0,0],"b":["when starts then become next in 1s"]},{"p":[0,0,0],"r":[-2.668042E-08,1.863605E-17,-8.004126E-08],"s":[0.1750004,0.1750001,0.1750003],"c":[1,0,0],"b":["when starts then become 3 in 10s"]}]}]}