{"v":9,"p":[{"b":5,"t":2,"s":[{"p":[-0.006585224,-0.2734737,0.141099],"r":[273.9084,113.9803,53.39077],"s":[0.1000093,0.1000113,0.6135629],"c":[1,0,0.5142856]}]},{"b":12,"t":2,"s":[{"p":[0.01241707,0.002787283,0.08782877],"r":[357.6704,347.4349,356.8609],"s":[0.1574367,0.06000016,0.1783084],"c":[1,0,0.3428572]}]}]}