{"v":9,"a":[7,18,48,49],"p":[{"b":205,"a":[36],"i":[{"t":"5bc5606283d5ad6359ec0a89","p":[0.08682824,0.04819491,0.06708719],"r":[90,8.142218E-13,0]}],"s":[{"p":[0,0,0],"r":[0,0,0],"s":[0.04501506,0.04500384,0.04500822],"c":[1,0.6857142,0],"b":["when told by nearby secretpumpkin11 then become untweened next in 1s"]},{"p":[8.337287E-14,-1.192093E-06,-2.111497],"r":[0,0,0],"s":[0.04503397,0.04500807,0.0450185],"c":[1,0.6857142,0],"b":["when starts then play magic 2 with 60"]}]}]}