{"v":9,"a":[4],"p":[{"s":[{"p":[0,0,0],"r":[0,0,0],"s":[0.0796339,0.07613001,26.59712],"c":[1,1,1]}]}]}