{"v":9,"a":[7,18,48,49],"p":[{"b":205,"a":[36],"i":[{"t":"5bc55f6096ca494ffd3f88fa","p":[0.07418634,-0.0006656498,0.06431908],"r":[346.8851,182.3762,263.705]}],"s":[{"p":[0,0,0],"r":[0,0,0],"s":[0.04501506,0.04500384,0.04500822],"c":[0.6285715,1,0],"b":["when told by nearby candybag#1 then become untweened next in 1s"]},{"p":[8.337287E-14,-1.192093E-06,-2.225709],"r":[0,0,5.008957E-06],"s":[0.04504517,0.04501451,0.04502408],"c":[0.6285715,1,0],"b":["when starts then play magic 2 with 60"]}]}]}