{"v":9,"p":[{"b":179,"s":[{"p":[0,0,0],"r":[0,0,0],"s":[0.3562799,0.7578578,0.2150022],"c":[1,1,1]}]}]}