{"v":9,"p":[{"b":4,"t1":168,"s":[{"p":[0.002106311,-0.00434415,0.265655],"r":[2.440166,359.9659,273.7489],"s":[0.02873338,0.0123263,0.08859595],"c":[0,0,0],"t1":{"c":[1,1,1],"a":0.05}}]},{"b":5,"t1":168,"s":[{"p":[0.008337325,-0.00606893,-0.1962193],"r":[359.0003,359.278,0.7537388],"s":[0.009549312,0.01955246,0.9129872],"c":[0,0,0],"t1":{"c":[1,1,1],"a":0.05}}]},{"b":69,"s":[{"p":[0.01411086,-0.0136881,-0.5196022],"r":[285.1097,280.0262,257.5871],"s":[0.02942766,0.07502871,0.04385235],"c":[1,1,1]}]}]}