{"v":9,"p":[{"b":16,"t":1,"s":[{"p":[0,0,0],"r":[0,0,8.537737E-07],"s":[0.004936011,0.01407845,0.005164074],"c":[0.647619,0.6666667,0]}]}]}