{"v":9,"a":[1,22,12,18,31],"p":[{"t":7,"a":[12],"i":[{"t":"5f400d9443ec5270f3e3dbde","p":[0.07074738,-0.0445862,-0.0358538],"r":[270,225,0]}],"s":[{"p":[0,0,0],"r":[0,0,0],"s":[0.03537085,0.03537126,0.03537105],"c":[0,0,0]}]}]}