{"v":9,"a":[2,3],"p":[{"b":69,"a":[42],"i":[{"t":"5f40df1f11766f3186f93efc","p":[0.02974342,0.3266733,0.004464909],"r":[354.0272,258.2766,269.1218]},{"t":"5f40df1f11766f3186f93efc","p":[-0.06629582,0.1281077,-0.3514402],"r":[8.424592,318.8054,237.5072]}],"s":[{"p":[0,0,0],"r":[0,0,7.470518E-07],"s":[0.07500011,0.07500017,0.07500018],"c":[1,1,1],"b":[" emit [drop from inventory]"]},{"p":[0,0,0],"r":[0,0,7.470518E-07],"s":[0.07500011,0.07500017,0.07500018],"c":[1,1,1]},{"p":[0,0,0],"r":[0,0,7.470518E-07],"s":[0.07500011,0.07500017,0.07500018],"c":[1,1,1]}]}]}