{"v":9,"a":[7,18],"p":[{"b":179,"t":23,"im":"1491208942110285552/90BF7B7E7A680330A2366A1D01C4E33935252CE4/","s":[{"p":[0,0,0],"r":[0,0,3.828216E-20],"s":[1.103239,0.6580216,0.3050466],"c":[1,1,1]}]}]}