{"n":"origin pointer","v":9,"a":[7,12,18],"p":[{"a":[12,37,23],"s":[{"p":[0,0,0],"r":[4.853141E-20,-6.830189E-06,8.14222E-13],"s":[0.004742444,0.004743382,0.004748672],"c":[1,1,1]}]},{"b":38,"a":[23],"s":[{"p":[-0.001069522,0.01847819,0.001404943],"r":[44.99998,90,180],"s":[0.003207756,0.01191865,0.01191885],"c":[1,1,1],"b":["when starts then all parts face up"]}]},{"b":18,"e":"ORIGIN","s":[{"p":[0.01873823,0.01183324,0.007116616],"r":[0,180,-1.024528E-05],"s":[0.001000459,0.001000194,0.00100035],"c":[1,1,1]}]}]}