{"n":"rwp","v":9,"a":[1,27],"p":[{"a":[12,37],"i":[{"t":"5ebb5fa5a5fc9804666247f6","p":[-0.03685829,0.3816187,-0.01446134],"r":[0,0,22.50003]},{"t":"5f427dfa2bde4006329e48c8","p":[-0.002856091,-0.0637575,0.0004464826],"r":[352.0491,78.17047,268.7737]}],"s":[{"p":[0,0,0],"r":[0,0,0],"s":[0.1750191,0.003877096,0.1750296],"c":[0,0,0]}]}]}