{"v":9,"a":[7,18,48,49,54],"p":[{"s":[{"p":[0,0,0],"r":[0,0,0],"s":[0.1750124,0.1750035,0.1750089],"c":[0.1142856,1,0],"b":["when neared then tell nearby doorslammo"]}]}]}