{"v":9,"a":[7,18],"p":[{"t":20,"s":[{"p":[0,0,0],"r":[0,0,0],"s":[2.517596,0.1750137,3.25436],"c":[0,0,0]}]}]}