{"v":9,"p":[{"b":96,"e":"SKEPPY = MEAN AND TOXIC","s":[{"p":[0,0,0],"r":[0,0,0],"s":[0.006868851,0.006868847,0.006868851],"c":[1,0,0]}]}]}