{"v":9,"p":[{"b":131,"e":"FROM UNCIVILIZED","s":[{"p":[0,0,0],"r":[0,0,0],"s":[0.003000001,0.003,0.003000003],"c":[1,0,0]}]},{"b":131,"e":"KARLSON","s":[{"p":[0.05871076,-0.03641818,0.001835287],"r":[2.271318,358.4118,359.3044],"s":[0.003000004,0.003000001,0.003000006],"c":[1,0,0]}]},{"s":[{"p":[0.1488153,-0.05048044,0.01846203],"r":[272.1985,161.6403,200.6911],"s":[0.3218376,0.01143883,0.1702266],"c":[1,1,1]}]}]}