{"v":9,"a":[7,18,48,49,54],"p":[{"s":[{"p":[0,0,0],"r":[0,0,0],"s":[0.175,0.1750002,0.175],"c":[0,1,0.2285714],"b":["when told by any firstdispell then become next in 0.1s"]},{"p":[0,0,0],"r":[0,0,0],"s":[0.175,0.1750002,0.175],"c":[0,1,0.2285714],"b":["when neared then tell any whatthewhat, become next in 1s"]}]}]}