{"v":9,"a":[7,12],"p":[{"t":2,"im":"1591414472862127576/F124C5736D89256DBDABF71A709E1825754AEA58/","s":[{"p":[-0.2097229,0.3108196,-0.399475],"r":[1.907239,121.5487,89.86939],"s":[0.6188047,0.02016317,0.4684793],"c":[1,1,1]}]}]}