{"v":9,"a":[5,7,18,21,49],"p":[{"b":166,"t":2,"a":[3],"s":[{"p":[0,0,0],"r":[1.933777E-12,-1.366038E-05,9.391509E-06],"s":[0.02799875,0.02831176,0.0283133],"c":[0.4571431,0,1]}]},{"b":57,"t":2,"a":[3],"pr":2,"s":[{"p":[0.0004272494,0.01609039,-0.005340579],"r":[272.7767,222.1822,130.1015],"s":[0.07423378,0.07423718,0.07423639],"c":[0.4571431,0,1],"pr":{"c":[0.2857142,0,1],"m":0.8522492,"a":1,"s":0.1283478,"z":0.6455994,"g":0.5918732,"h":0.25}}]}]}