{"v":9,"a":[22],"p":[{"b":205,"a":[12,37],"i":[{"t":"5f4ac78511766f3186f941e6","p":[-1.049073E-07,-0.6,1.049073E-07],"r":[270,180,0]}],"s":[{"p":[0,0,0],"r":[0,0,0],"s":[0.04500237,0.0450008,0.04500208],"c":[1,1,1],"b":["when told grabbox then become next in 1"]},{"p":[0,0,0],"r":[0,0,0],"s":[0.04500237,0.0450008,0.04500208],"c":[1,1,1],"b":["when starts then become next in 6"]},{"p":[-9.197474,0.01756268,3.704173],"r":[2.035555E-12,270,1.001791E-05],"s":[0.04503711,0.04501125,0.04503459],"c":[1,1,1],"b":["told moveback then become 1 in 3"]}]}]}