{"v":9,"a":[2],"p":[{"b":7,"s":[{"p":[0,0,0],"r":[0,0,0],"s":[0.021554,0.01805776,0.04244655],"c":[0.8888889,0.7901235,0.8747795]}]}]}