{"v":9,"a":[7,13,18],"p":[{"a":[15,32],"t1":38,"s":[{"p":[2.140075,0.5091395,0.78035],"r":[1.001792E-05,90,1.001792E-05],"s":[5.052763,2.585356,0.07427337],"c":[0.2222214,0.1248669,0.07407346],"t1":{"c":[0.3333333,0.2518518,0.07407402],"x":0.5,"y":0.5,"a":1,"m":0,"n":0,"r":0.25,"g":0,"o":0.5,"t":0.5,"e":0.5}}]},{"a":[32,33],"t1":38,"s":[{"p":[1.409851,0.5091395,-3.258392],"r":[4.030192E-12,180,7.484644E-12],"s":[1.538632,2.585403,0.07431247],"c":[0.2222214,0.1248669,0.07407346],"t1":{"c":[0.3333333,0.2518518,0.07407402],"x":0.5,"y":0.6707153,"a":1,"m":0,"n":0,"r":0.25,"g":0,"o":0.5,"t":0.5,"e":0.5}}]},{"a":[32],"s":[{"p":[2.138855,0.5091395,-3.133499],"r":[1.221333E-12,90,1.001791E-05],"s":[0.2401962,2.585841,0.07455432],"c":[0.2222214,0.1248669,0.07407346]}]},{"a":[33],"t1":38,"s":[{"p":[-0.002013683,1.654457,-3.262298],"r":[1.001791E-05,180,1.001791E-05],"s":[1.50471,0.8089834,0.07936876],"c":[0.2222214,0.1248669,0.07407346],"t1":{"c":[0.3333333,0.2518518,0.07407402],"x":0.6901264,"y":0.6707153,"a":1,"m":0,"n":0,"r":0.25,"g":0,"o":0.5,"t":0.5,"e":0.5}}]}]}