{"v":9,"p":[{"b":14,"s":[{"p":[0,0,0],"r":[0,0,0],"s":[0.06000001,0.05999998,0.05999999],"c":[0,0,0]}]}]}