{"v":9,"p":[{"b":69,"s":[{"p":[0,0,0],"r":[0,0,-2.134434E-07],"s":[0.02875024,0.1523932,0.02895355],"c":[0,0,0]}]}]}