{"v":9,"a":[5,22,18],"p":[{"b":73,"t":10,"t1":60,"s":[{"p":[-0.001169764,-0.0003713332,-0.01439501],"r":[0,0,0],"s":[0.1349752,0.1349735,0.1349725],"c":[0.2222221,0.1904761,0],"t1":{"c":[0.5555556,0.5555556,0.5555556],"x":0.5,"y":0.5,"a":0.8925,"m":0,"n":0,"r":0,"g":0,"o":0.5,"t":0.5,"e":0.5}}]},{"b":69,"t":10,"t1":60,"s":[{"p":[0.01053235,0.01132582,-0.05434372],"r":[64.59281,109.9579,309.1013],"s":[0.0620267,0.005355181,0.05860351],"c":[0.4444443,0.4373896,0.3950616],"t1":{"c":[0.5555556,0.5555556,0.5555556],"x":0.5,"y":0.5,"a":0.8925,"m":0,"n":0,"r":0,"g":0,"o":0.5,"t":0.5,"e":0.5}}]},{"b":69,"t":10,"t1":60,"s":[{"p":[-0.01678098,-0.01598753,0.0389098],"r":[64.59283,109.9579,309.1013],"s":[0.04739852,0.008913421,0.04786995],"c":[0.4444443,0.4373896,0.3950616],"t1":{"c":[0.5555556,0.5555556,0.5555556],"x":0.5,"y":0.5,"a":0.8925,"m":0,"n":0,"r":0,"g":0,"o":0.5,"t":0.5,"e":0.5}}]},{"b":69,"t":10,"s":[{"p":[-0.01988186,-0.0190884,0.04949686],"r":[64.59283,109.9579,309.1013],"s":[0.01255784,0.008913745,0.01246289],"c":[0,0,0]}]}]}