{"v":9,"a":[7,18,49],"p":[{"b":83,"t1":66,"s":[{"p":[0,0,0],"r":[0,0,0],"s":[0.275584,0.1250801,1.81847],"c":[0.4444443,0.4444443,0.4444443],"t1":{"c":[0.7777778,0.7777778,0.7777778],"x":0.7276344,"y":0.614398,"a":1,"m":0,"n":0,"r":0,"g":0,"o":0.5,"t":0.5,"e":0.5}}]},{"b":64,"t1":4,"t2":158,"s":[{"p":[0,0,0],"r":[0,180,180],"s":[0.2690057,0.103173,1.57329],"c":[0,0,0],"t1":{"c":[0.5555556,0,0],"x":0.17,"y":0.17,"a":0.25,"m":0.5,"n":0.5,"r":0,"g":1,"o":0,"t":0.7420053,"e":0},"t2":{"c":[0,0,0],"x":0.6637821,"y":0.6434679,"a":0,"m":0,"n":0.1773024,"r":0,"g":0,"o":0.5,"t":0.5,"e":0.5}}]},{"t1":66,"s":[{"p":[0,0,-0.8020644],"r":[270,180,0],"s":[1.064562,0.6302354,0.2393533],"c":[0.4444442,0.4444442,0.4444442],"t1":{"c":[0.7777778,0.7777778,0.7777778],"x":0.7146053,"y":0.7262974,"a":1,"m":0,"n":0,"r":0,"g":0,"o":0.5,"t":0.5,"e":0.5}}]},{"t1":66,"s":[{"p":[0,0,-0.4461117],"r":[270,180,0],"s":[0.8275221,0.0920248,0.1262183],"c":[0.4444442,0.4444442,0.4444442],"t1":{"c":[0.7777778,0.7777778,0.7777778],"x":0.7146053,"y":0.8246822,"a":1,"m":0,"n":0,"r":0,"g":0,"o":0.5,"t":0.5,"e":0.5}}]}]}