{"v":9,"a":[31],"p":[{"b":180,"t":2,"s":[{"p":[0,0,0],"r":[0,0,0],"s":[0.01481881,0.01481877,0.01481906],"c":[1,1,1]}]}]}