{"v":9,"p":[{"b":205,"a":[12,37,36],"s":[{"p":[0,0,0],"r":[-4.273662E-13,-6.830189E-06,1.367721E-06],"s":[0.04500053,0.04500116,0.04500051],"c":[1,1,1],"b":["when starts then all parts face view"]}]},{"b":18,"t":2,"a":[19],"e":"GESEBOG","s":[{"p":[-0.005252843,-0.004890445,-0.03946799],"r":[-2.4903E-06,6.830189E-06,180],"s":[0.003000354,0.003000045,0.003000366],"c":[1,1,1]}]}]}