{"v":9,"a":[7,18],"p":[{"s":[{"p":[0,0,0],"r":[0,0,-6.157171E-14],"s":[3.843295,0.1749958,1.463571],"c":[0.7777778,0.4320987,0.5506173]}]}]}