{"n":"ground","v":9,"a":[7,18],"p":[{"s":[{"p":[0,0,0],"r":[0,0,0],"s":[6.657618,0.01878813,7.351979],"c":[1,1,1]}]}]}