{"v":9,"a":[7,18],"p":[{"s":[{"p":[0,0,0],"r":[0,0,0],"s":[1.204448,0.02847801,7.045433],"c":[0.7777778,0.4320986,0.5506173]}]}]}