{"v":9,"a":[7,13,18],"p":[{"s":[{"p":[0,0,0],"r":[0,0,0],"s":[2.608104,0.02163203,2.972456],"c":[1,1,1]}]},{"s":[{"p":[3.02266,-2.642493E-07,0],"r":[0,0,-5.008957E-06],"s":[0.6506979,0.02163843,2.972797],"c":[1,1,1]}]},{"s":[{"p":[2.003252,-2.384186E-07,1.237501],"r":[0,0,1.001791E-05],"s":[1.406445,0.0216567,0.5122668],"c":[1,1,1]}]}]}