{"v":9,"a":[7,18],"p":[{"s":[{"p":[0,0,0],"r":[0,0,0],"s":[6.670864,0.02163058,3.101266],"c":[1,1,1]}]}]}