{"v":9,"a":[7,18],"p":[{"b":60,"s":[{"p":[-4.667434,-1.42688E-13,-8.160801E-07],"r":[1.531286E-19,-1.001791E-05,1.751587E-12],"s":[3.351023,8.166068,1.053174],"c":[0.5555556,0.5555556,0.5555556]}]},{"b":60,"s":[{"p":[0,0,0],"r":[0,0,0],"s":[3.350955,6.275946,1.05315],"c":[0.5555556,0.5555556,0.5555556]}]},{"b":60,"s":[{"p":[-1.668983,3.289421E-08,0.1881329],"r":[6.157181E-14,-1.001791E-05,1.001791E-05],"s":[3.351088,6.92488,1.053191],"c":[0.5555556,0.5555556,0.5555556]}]}]}