{"v":9,"a":[5,7,18],"p":[{"b":64,"t1":25,"t2":25,"s":[{"p":[0,0,0],"r":[0,0,7.656432E-20],"s":[1.981314,0.04472645,2.819206],"c":[0,0,0],"t1":{"c":[0.4444444,0.3245149,0.1975308],"x":0.5,"y":0.5,"a":1,"m":0,"n":0,"r":0,"g":0.1027534,"o":0.5,"t":0.5,"e":0.5},"t2":{"c":[0,1,0.2285715],"x":0.2602699,"y":0.3467586,"a":0.6549152,"m":0,"n":0,"r":0.06611705,"g":0,"o":0.5,"t":0.5,"e":0.5}}]}]}