{"n":"hinge","v":9,"a":[5,7,18],"p":[{"t":11,"i":[{"t":"5f18fc68159845318cdef66e","p":[0.546524,0.1724319,-0.004272365],"r":[270,90,0]}],"s":[{"p":[0,0,0],"r":[0,0,0],"s":[0.04378494,0.7065558,0.1205809],"c":[0.4444443,0.4444443,0.4444443],"b":["when told dooropen then become next in 4s, play door screeching and squeaking with -0.6 octaves 65"]},{"p":[0,0,0],"r":[0,90,0],"s":[0.04378938,0.7065336,0.1206074],"c":[0.4444442,0.4444442,0.4444442],"b":["when starts then become untweened next in 7s"]},{"p":[0,0,0],"r":[0,90,0],"s":[0.04378696,0.7065368,0.1205999],"c":[0.4444442,0.4444442,0.4444442],"b":["when starts then become next in 2s"]},{"p":[0,0,0],"r":[0,0,0],"s":[0.04378494,0.7065558,0.1205809],"c":[0.4444442,0.4444442,0.4444442],"b":["when starts then become next in 0.2s, play indoor wood door close"]}]}]}