{"v":9,"a":[7,18,49],"p":[{"b":16,"a":[3],"t1":43,"s":[{"p":[-1.574965E-08,-0.1230392,4.993217E-09],"r":[7.334152E-06,90.00001,-6.17646E-07],"s":[0.04606821,0.1199549,0.04607035],"c":[0.4444443,0.3513226,0.148148],"t1":{"c":[1,1,1],"x":0.3454132,"y":0.6335297,"a":0.6109067,"m":0,"n":0.1449356,"r":0,"g":0,"o":0.5,"t":0.5,"e":0.5}}]},{"b":5,"a":[3],"t1":43,"s":[{"p":[-1.674146E-08,-0.1271496,-0.00360107],"r":[270,180,0],"s":[0.05601185,0.05600077,0.0140597],"c":[0.4444443,0.3513226,0.148148],"t1":{"c":[1,1,1],"x":0.5603027,"y":0.661541,"a":0.6677724,"m":0,"n":0.1449356,"r":0,"g":0,"o":0.5,"t":0.5,"e":0.5}}]},{"b":5,"a":[3],"s":[{"p":[-1.829596E-08,-0.1392937,-0.003601069],"r":[270,180,0],"s":[0.06150657,0.06149461,0.01955188],"c":[0.4444443,0.3513226,0.148148]}]},{"b":77,"t1":43,"s":[{"p":[2.559714E-08,0.1463985,0],"r":[1.001791E-05,-1.751587E-12,-1.001791E-05],"s":[0.06269006,0.258027,0.06269636],"c":[0.4444443,0.3513226,0.148148],"t1":{"c":[1,1,1],"x":0.3454132,"y":0.6335297,"a":0.6109067,"m":0,"n":0,"r":0,"g":0,"o":0.5,"t":0.5,"e":0.5}}]}]}