{"v":9,"a":[7,18,49],"p":[{"t":20,"s":[{"p":[0,0,0],"r":[0,0,0],"s":[0.1388102,1.858545,0.1723352],"c":[0,0,0]}]}]}