{"v":9,"d":"SPOOOOOKY -- painting by Jinx","a":[7,18,49],"p":[{"t":2,"im":"947335958133372530/98AA4AA8FC31C0CFFED67C028643747E784272F8/","s":[{"p":[0,0,0],"r":[0,0,3.372619E-13],"s":[0.7973146,0.497316,0.003934814],"c":[0.7777778,0.7777778,0.7777778]}]},{"b":13,"a":[34],"s":[{"p":[-5.039606E-08,-0.2882318,0],"r":[270,1.931869E-05,0],"s":[0.3235448,0.008564554,0.0270968],"c":[0.2222218,0.1248673,0.07407377]}]},{"b":13,"a":[32],"s":[{"p":[-0.4370728,0.002065735,5.960464E-08],"r":[1.366038E-05,90,270],"s":[0.2176891,0.00568037,0.02711358],"c":[0.2222218,0.1248673,0.07407377]}]}]}