{"v":9,"a":[7,12,13,18,49],"p":[{"b":73,"t":9,"s":[{"p":[4.768372E-07,0.001220688,-0.1326138],"r":[1.024528E-05,90,89.98022],"s":[0.03942083,0.03939918,0.03941896],"c":[0.7777778,0.7777778,0.7777778]}]},{"b":179,"a":[23],"im":"1483325328769430035/08D4DC0571CF500742DF4D5DB6242D93BBA6F795/","s":[{"p":[4.768372E-07,-0.02219772,7.425565E-06],"r":[270.0198,-6.084012E-06,0],"s":[0.2736502,0.3648951,0.3648669],"c":[1,1,1]}]}]}