{"v":9,"p":[{"b":3,"s":[{"p":[0,0,0],"r":[0,0,4.268869E-07],"s":[0.4267007,0.1364862,0.2878633],"c":[1,0,0],"pr":{"c":[1,0.4444444,0.4444444],"m":0.25,"a":0.25,"s":0.15,"z":0.25,"g":0.5,"h":0.25}}]}]}