{"v":9,"p":[{"b":12,"s":[{"p":[0,0,0],"r":[0,0,0],"s":[0.2089924,0.0570575,0.1693653],"c":[1,1,1]}]},{"b":12,"s":[{"p":[0.8424289,0.01003708,-0.00927408],"r":[1.007371,1.096024,0.7048334],"s":[0.2089927,0.0570576,0.1693656],"c":[1,1,1]}]},{"b":12,"s":[{"p":[1.641421,0.02386874,-0.02675876],"r":[1.077303,359.37,1.537844],"s":[0.2054182,0.05705811,0.1679262],"c":[1,1,1]}]},{"b":12,"s":[{"p":[2.459795,0.03791374,-0.01060104],"r":[1.580603,359.4443,1.399371],"s":[0.2054185,0.05705818,0.1679265],"c":[1,1,1]}]}]}