{"v":9,"a":[7,18,48,49],"p":[{"b":3,"a":[3],"pr":12,"s":[{"p":[0,0,0],"r":[0,0,0],"s":[0.4224732,0.4224316,0.4224747],"c":[1,1,1],"pr":{"c":[0.1111111,0.1111111,0.1111111],"m":0.3457184,"a":0.09112549,"s":0.05768433,"z":0.02886963,"g":0.5,"h":0.25}}]}]}