{"n":"dusts","v":9,"a":[48,49],"p":[{"b":3,"a":[3],"pr":31,"s":[{"p":[0,0,0],"r":[0,0,0],"s":[0.1147902,0.1147828,0.1147995],"c":[1,1,1],"pr":{"c":[0.1111111,0.1111111,0.1111111],"m":1,"a":0.1044159,"s":0,"z":0.05932617,"g":0.5,"h":0.75}}]}]}