{"n":"ground","v":9,"a":[1,7,18],"p":[{"b":17,"t1":74,"s":[{"p":[0,0,0],"r":[0,0,0],"s":[42.76456,0.09039278,29.18064],"c":[0.9019608,0.8509804,0.7215686],"t1":{"c":[0.2962962,0.6666667,0.3809524],"x":0.5,"y":0.5,"a":0.8925,"m":0,"n":0,"r":0,"g":0,"o":0.5,"t":0.5,"e":0.5}}]}]}