{"v":9,"a":[7,18,49],"p":[{"b":60,"s":[{"p":[0,0,0],"r":[0,0,0],"s":[0.6653894,0.6653532,0.5924476],"c":[0.3333332,0.1386242,0.03703704]}]},{"b":60,"s":[{"p":[0,0,0.4059219],"r":[0,0,1.024528E-05],"s":[0.4465519,0.446506,0.3736172],"c":[0.2222221,0.2222221,0.2222221]}]},{"b":60,"s":[{"p":[0,0,0.5852051],"r":[0,0,1.024528E-05],"s":[0.3639424,0.3641341,0.01940585],"c":[0.111111,0.111111,0.111111]}]},{"b":60,"s":[{"p":[0,0,-0.5203018],"r":[0,0,0],"s":[0.7780632,0.7780048,0.7124979],"c":[0.222222,0.222222,0.222222]}]}]}