{"n":"ground","v":9,"a":[1],"p":[{"b":17,"s":[{"p":[0,0,0],"r":[0,0,0],"s":[1768.598,0.11062,2500],"c":[0.4320987,0.7777778,0.6296297]}]}]}