{"n":"come in","v":9,"a":[5,7,18,48,54],"p":[{"s":[{"p":[0.09564209,2.661873,-0.3255997],"r":[0,0,0],"s":[1.086485,0.03517501,1.868395],"c":[1,1,1],"b":["when looked at then play come in voice raspy with 160, become untweened next in 3s"]},{"p":[0.7540283,-1.348308E-07,0],"r":[0,0,90.00001],"s":[0.6995568,0.03517716,0.8888298],"c":[1,1,1],"b":["when starts then become next in 1s"]},{"p":[0.7540283,-1.348308E-07,0],"r":[0,0,90.00001],"s":[0.6995568,0.03517716,0.8888298],"c":[1,1,1],"b":["when starts then become 2 in 28s"]}]}]}