{"n":"babylon candle","v":9,"a":[49],"inc":[["thing","58c5bf3e223f213b10a712de"]],"p":[{"b":5,"s":[{"p":[0.001135826,0.002701401,-0.0007891658],"r":[270,270,0],"s":[0.0151861,0.01584331,0.276569],"c":[0.111111,0.111111,0.111111]}]},{"b":14,"s":[{"p":[0.0009352239,0.09513231,-0.002563307],"r":[272.7113,351.5922,190.3046],"s":[0.005002074,0.005002832,0.01908167],"c":[0.5555556,0.5379187,0.4320987]}]}]}