{"n":"moon","v":9,"d":"We don't context-laser the moon.","a":[5,20,54],"p":[{"b":3,"t":20,"a":[3],"s":[{"p":[0,0,0],"r":[0,0,0],"s":[7.527291,7.527291,7.527291],"c":[0.4444442,0.3978834,0.2962961],"b":["when told by any learnedmagick then become next in 0.2s"]},{"p":[0,0,0],"r":[0,0,0],"s":[7.527291,7.527291,7.527291],"c":[1,0,0],"b":["when starts then become next in 1s"]},{"p":[0,0,0],"r":[0,0,0],"s":[7.527291,7.527291,7.527291],"c":[1,0,0],"b":["when starts then become 2 in 28s"]}]}]}