{"v":9,"a":[7,48,49],"p":[{"s":[{"p":[0,0,0],"r":[0,0,0],"s":[0.1750085,0.1750018,0.1750103],"c":[0.4656086,0.2962962,0.6666667],"b":["when told by nearby cultrun5k then play female buddhist monks chanting with 500, become next in 1s"]},{"p":[0,0,0],"r":[0,0,0],"s":[0.1750085,0.1750018,0.1750103],"c":[0.4656086,0.2962962,0.6666667],"b":["when starts then become next in 1s"]}]}]}