{"v":9,"p":[{"b":63,"s":[{"p":[-0.262054,0.3319366,-0.09632602],"r":[281.5253,199.8843,288.4854],"s":[0.03992587,0.02362963,0.03433697],"c":[0.111111,0.9238093,1]}]},{"b":63,"s":[{"p":[-0.1992509,0.4514839,-0.08772364],"r":[327.1198,72.22841,43.27564],"s":[0.03992597,0.02362966,0.03433694],"c":[0.111111,0.9238093,1]}]},{"b":251,"s":[{"p":[-0.1841003,0.3629465,-0.1678147],"r":[359.2064,357.3379,253.538],"s":[0.4149716,0.2594704,0.3851984],"c":[1,1,1]},{"p":[0.04246176,-0.07145907,-0.2803788],"r":[60.48446,87.50416,86.99739],"s":[0.403048,0.5002891,0.1541196],"c":[1,1,1]}]}]}