{"v":9,"p":[{"s":[{"p":[0,0,0],"r":[0,0,0],"s":[0.175,0.175,0.175],"c":[1,1,1]}]},{"s":[{"p":[-0.2612075,-0.1310623,-0.1273711],"r":[355.9502,353.005,331.9271],"s":[0.175,0.1750001,0.1750001],"c":[1,1,1]}]}]}