{"n":"hinge","v":9,"a":[5,7,18],"p":[{"t":11,"i":[{"t":"5f4b2b3e56dc8331939051fd","p":[0.5484314,0.2363586,-0.006652825],"r":[270,90.00002,0]}],"s":[{"p":[0,0,0],"r":[0,0,0],"s":[0.04378494,0.7065558,0.1205809],"c":[0.4444443,0.4444443,0.4444443],"b":["when told dooropen then become next in 0.2s, tell any sq43","when told by any sq44 then play door screeching and squeaking with -0.5 octaves 65"]},{"p":[0,0,0],"r":[358.9604,9.767341,359.4362],"s":[0.0437877,0.706536,0.1206027],"c":[0.4444442,0.4444442,0.4444442],"b":["when starts then become untweened next in 0.5s, send one nearby onto td43"]},{"p":[0,0,0],"r":[358.9604,9.767342,359.4362],"s":[0.04378696,0.7065368,0.1205999],"c":[0.4444442,0.4444442,0.4444442],"b":["when starts then become next in 0.2s"]}]}]}