{"v":9,"a":[48],"p":[{"s":[{"p":[1.262848,-0.04014349,-0.8910381],"r":[14.91173,354.9556,1.046352],"s":[6.361579,2.372034,0.1820475],"c":[1,1,1]}]}]}