{"v":9,"a":[7,18,49],"p":[{"b":13,"s":[{"p":[0,0,0],"r":[0,0,0],"s":[0.03955768,0.0769629,0.06000312],"c":[0.222222,0.222222,0.222222]}]},{"b":13,"s":[{"p":[5.960464E-08,0.5084229,0],"r":[-3.415095E-06,0,180],"s":[0.03956319,0.08695563,0.06001514],"c":[0.222222,0.222222,0.222222]}]},{"b":13,"s":[{"p":[2.980232E-08,0.2461853,0],"r":[-1.707547E-06,1.272222E-13,180],"s":[0.03956224,0.09267905,0.06001256],"c":[0.222222,0.222222,0.222222]}]}]}