{"n":"rla","v":9,"a":[31,32],"p":[{"b":10,"s":[{"p":[0,0,0],"r":[0,0,0],"s":[0.0149398,0.01493921,0.01494039],"c":[1,1,1]}]}]}