{"v":9,"a":[12,31],"p":[{"b":10,"i":[{"t":"5f66c11985719034b06e2324","p":[0.3625,-6.338153E-08,2.980232E-08],"r":[9.659347E-06,180,270]}],"s":[{"p":[0,0,0],"r":[0,0,0],"s":[0.01322202,0.01321935,0.01322191],"c":[1,1,1]}]}]}