{"n":"rla","v":9,"a":[31],"p":[{"b":10,"s":[{"p":[0,0,0],"r":[0,0,0],"s":[0.01706511,0.01706353,0.0170649],"c":[1,1,1]}]}]}