{"v":9,"a":[12,31,32],"p":[{"b":10,"i":[{"t":"5f66c12bb6e00b417c072a21","p":[-6.338151E-08,0,0.3625],"r":[0,270,270]}],"s":[{"p":[0,0,0],"r":[0,0,0],"s":[0.01974317,0.01973685,0.01974318],"c":[1,1,1],"b":["when when starts then all parts face nearest re"]}]}]}