{"v":9,"a":[7,18],"p":[{"a":[15],"t1":38,"s":[{"p":[4.02767E-14,2.303559E-07,1.317482],"r":[8.14222E-13,270,2.003583E-05],"s":[3.895006,0.07100465,13.84617],"c":[0,0,0],"t1":{"c":[0.3333333,0.2518518,0.07407402],"x":0.502594,"y":0.3867188,"a":0.8925,"m":0,"n":0,"r":0,"g":0,"o":0.5,"t":0.5,"e":0.5}}]},{"a":[15],"t1":38,"s":[{"p":[-7.788446E-14,-4.454472E-07,-2.547661],"r":[-1.001791E-05,1.751587E-12,-1.001791E-05],"s":[5.914676,0.07314911,16.80929],"c":[0,0,0],"t1":{"c":[0.3333333,0.2518518,0.07407402],"x":0.502594,"y":0.6175537,"a":0.8925,"m":0,"n":0,"r":0.25,"g":0,"o":0.5,"t":0.5,"e":0.5}}]}]}