{"v":9,"p":[{"s":[{"p":[0,0,0],"r":[0,0,0],"s":[0.1750003,0.1750002,0.1750002],"c":[1,1,1],"b":["when touches bullet then become next in 1s"]},{"p":[0,0,0],"r":[0,0,0],"s":[0.1750003,0.1750002,0.1750002],"c":[0.9714286,1,0],"b":["when touches bullet then become previous in 1s"]}]}]}