{"n":"bullet","v":9,"a":[22,18,31],"p":[{"b":187,"t":9,"s":[{"p":[0.02335103,0.07974129,-0.0233603],"r":[20.70483,339.1487,9.007175],"s":[0.001800245,0.001800219,0.001800235],"c":[0,0,0],"b":["when touched then become next in 2s","when touches superhot vase then tell shatter"]},{"p":[0.01998507,0.07341425,-0.02301997],"r":[15.69987,2.265797,16.32496],"s":[0.001800356,0.001800273,0.001800288],"c":[0,0,0],"b":["when starts then destroy all parts"]}]},{"b":187,"t":2,"a":[12,37],"s":[{"p":[0.0293404,0.07533,-0.0181656],"r":[15.69987,2.265799,16.32497],"s":[0.01370551,0.01370477,0.01370503],"c":[1,0,0],"b":["when starts then trail start with 0.1"]}]}]}