{"v":9,"a":[5,22,13,18],"p":[{"a":[32],"t1":38,"s":[{"p":[-1.531646,1.7462,-3.689248],"r":[-1.001791E-05,-1.001791E-05,22.49999],"s":[11.72439,0.175046,16.99243],"c":[0,0,0],"t1":{"c":[0.3333333,0.2518518,0.07407402],"x":0.6826935,"y":0.6175537,"a":0.8925,"m":0.2106476,"n":0.149292,"r":0.25,"g":0,"o":0.5,"t":0.5,"e":0.5}}]}]}