{"n":"card","v":9,"a":[1,2,3,7,18],"p":[{"b":60,"t":11,"t1":161,"s":[{"p":[0,0,0],"r":[1.536792E-05,1.707548E-05,1.195283E-05],"s":[0.1660602,0.006024659,0.09872711],"c":[0,0.0571425,1],"t1":{"c":[0,0.01904746,0.3333333],"x":0.5,"y":0.5,"a":1,"m":0,"n":0,"r":0,"g":0,"o":0.5,"t":0.5,"e":0.5}}]},{"b":142,"e":"Swoggity","s":[{"p":[-0.07578702,0.004951512,-0.01439931],"r":[90,2.414837E-05,0],"s":[0.003001024,0.00300011,0.003001017],"c":[1,1,1]}]},{"b":142,"e":"1019 0628 9647 5364","s":[{"p":[-0.07937974,0.004951611,-0.0002959962],"r":[90,-1.151484E-12,0],"s":[0.001395295,0.001395303,0.001395275],"c":[1,1,1]}]},{"b":142,"e":"Anyland ID card","s":[{"p":[-0.07690609,0.004951607,0.0347296],"r":[90,-1.151484E-12,0],"s":[0.002167828,0.002167859,0.002167768],"c":[1,1,1]}]}]}