{"v":9,"a":[49],"p":[{"b":17,"t1":25,"c":[[-1.289,1.186,0.026,483,69,2,67],[-1.325,1.231,0.534,548,3,66,5],[-1.112,1.158,0.931,544,3,66,5],[-1.379,0.296,-0.434,340,3,66,5],[-1.3,0.082,0.096,339,69,2,67],[-1.314,0.201,0.699,404,3,66,5],[-1.296,-0.244,0.363,267,69,2,67],[-1.249,-0.331,0.679,332,3,66,5],[-1.366,-0.228,-0.344,268,3,66,5],[-0.839,-0.364,1.227,328,3,66,5],[-1.302,-0.668,0.134,195,69,2,67],[-1.195,-0.722,0.675,260,3,66,5],[-1.272,-0.63,-0.569,196,3,66,5],[-0.911,-0.731,-1.082,200,3,66,5],[-1.204,-1.046,0.171,123,69,2,67],[-0.837,-1.078,0.725,188,3,66,5],[-0.978,-1.154,-0.702,60,3,62,5],[-0.838,-1.247,0.242,3,117,2,67],[1.311,-0.187,-0.434,293,7,66,5],[1.281,-0.709,-0.55,221,7,66,5],[1.252,-0.231,0.049,297,7,66,5],[1.046,-0.255,0.509,301,7,66,5],[0.987,-0.662,0.56,229,7,66,5],[1.429,-0.875,-0.153,153,7,66,5],[1.235,-1.04,-0.871,149,7,66,5],[1.364,1.226,-0.613,509,7,66,5],[1.361,1.249,-1.292,505,7,66,5],[1.491,1.221,0.016,513,7,66,5],[1.005,1.196,0.272,589,7,66,5],[1.025,0.742,0.042,441,7,66,5],[1.151,0.466,-0.434,437,7,66,5],[1.055,0.607,0.467,445,7,66,5],[1.299,0.247,-0.038,369,7,66,5],[1.209,0.222,-0.651,365,7,66,5],[1.015,0.17,-1.257,361,7,66,5],[1.211,0.222,0.426,373,7,66,5],[1.091,-0.164,-1.101,289,7,66,5],[0.874,-0.184,-1.152,285,7,66,5],[0.942,-0.207,0.778,305,7,66,5],[0.695,-0.306,1.321,309,7,66,5],[0.243,-0.153,1.571,313,7,66,5],[0.39,0.276,1.712,385,7,66,5],[0.666,0.642,1.256,453,7,66,5],[0.237,0.66,1.471,457,7,66,5],[0.279,-0.711,1.498,241,7,66,5],[0.686,-0.623,1.263,237,7,66,5],[-0.167,-0.616,1.647,245,6,67,4],[-0.194,-0.108,1.699,317,6,67,4],[0.421,-1.195,0.751,93,7,66,5],[1.395,1.001,0.276,517,7,66,5],[0.838,0.957,-1.529,501,7,66,5],[0.42,1.21,-0.808,573,7,66,5],[0.569,1.278,-0.707,577,7,66,5],[1.011,1.349,-0.717,581,7,66,5],[1.132,-0.798,-1.127,145,7,66,5],[1.098,-0.718,-1.39,217,7,66,5],[1.27,-0.704,-0.062,225,7,66,5],[0.876,-1.244,-0.867,73,7,66,5],[1.028,-1.254,-0.431,77,7,66,5],[1.089,-1.281,-0.033,81,7,66,5],[-0.638,-1.437,-0.138,4,55,62,5],[-0.808,-1.352,0.329,116,3,66,5],[-1.194,-0.891,-0.627,124,3,66,5],[-1.206,-0.938,-1.05,128,3,66,5]],"s":[{"p":[0.004041935,-0.5396111,-0.03461131],"r":[4.110744,2.542856,1.646724],"s":[0.1464573,0.2544302,0.09129044],"c":[0.6666667,0.6137567,0.296296],"t1":{"c":[0.4444444,0.3047618,0],"x":0.5,"y":0.5,"a":0,"m":0,"n":0,"r":0,"g":0,"o":0.5,"t":0.5,"e":0.5}}]},{"b":5,"t":10,"s":[{"p":[0.003378478,-0.1763007,-0.006452454],"r":[276.6043,280.5816,0.4824888],"s":[0.05641513,0.07638232,0.06471757],"c":[0,0,0]}]},{"b":17,"t1":25,"c":[[-1.289,1.186,0.026,483,69,2,67],[-1.301,1.205,0.538,548,3,66,5],[-1.112,1.158,0.931,544,3,66,5],[-1.043,0.23,-0.257,340,3,66,5],[-1.049,0.047,0.208,339,69,2,67],[-0.987,0.094,0.888,404,3,66,5],[-1.005,-0.219,0.39,267,69,2,67],[-0.904,-0.28,0.645,332,3,66,5],[-1.088,-0.244,-0.231,268,3,66,5],[-0.84,-0.358,1.112,328,3,66,5],[-0.967,-0.598,-0.021,195,69,2,67],[-0.998,-0.678,0.533,260,3,66,5],[-1.009,-0.574,-0.451,196,3,66,5],[-0.911,-0.731,-1.082,200,3,66,5],[-0.88,-1.031,0.237,123,69,2,67],[-0.837,-1.078,0.725,188,3,66,5],[-0.729,-1.079,-0.546,60,3,62,5],[-0.838,-1.247,0.242,3,117,2,67],[0.908,-0.194,-0.286,293,7,66,5],[1.067,-0.696,-0.257,221,7,66,5],[0.838,-0.206,0.343,297,7,66,5],[0.945,-0.244,0.567,301,7,66,5],[0.987,-0.662,0.56,229,7,66,5],[1.013,-0.92,0.056,153,7,66,5],[0.933,-1.007,-0.416,149,7,66,5],[0.659,1.155,-0.62,509,7,66,5],[0.737,1.117,-1.126,505,7,66,5],[0.82,1.159,0.104,513,7,66,5],[0.742,1.182,0.019,589,7,66,5],[0.568,0.83,0.404,441,7,66,5],[0.515,0.764,-0.276,437,7,66,5],[0.538,0.851,0.43,445,7,66,5],[0.755,0.169,0.261,369,7,66,5],[0.694,0.174,-0.299,365,7,66,5],[0.683,0.154,-0.928,361,7,66,5],[0.718,0.162,0.605,373,7,66,5],[0.837,-0.177,-0.855,289,7,66,5],[0.874,-0.184,-1.152,285,7,66,5],[0.942,-0.207,0.778,305,7,66,5],[0.695,-0.306,1.321,309,7,66,5],[0.243,-0.153,1.571,313,7,66,5],[0.374,0.248,1.33,385,7,66,5],[0.445,0.812,0.433,453,7,66,5],[0.009,0.771,0.419,457,7,66,5],[0.279,-0.711,1.498,241,7,66,5],[0.686,-0.623,1.263,237,7,66,5],[-0.167,-0.616,1.647,245,6,67,4],[-0.194,-0.108,1.699,317,6,67,4],[0.421,-1.195,0.751,93,7,66,5],[0.748,1.19,0.502,517,7,66,5],[0.609,0.985,-1.294,501,7,66,5],[0.45,1.196,-1.482,573,7,66,5],[0.634,1.245,-1.297,577,7,66,5],[0.82,1.298,-0.608,581,7,66,5],[0.46,0.866,0.442,449,7,66,5],[-0.907,0.806,-0.204,411,69,2,67],[-0.816,0.748,0.349,476,3,66,5],[-0.555,0.796,0.192,472,3,66,5],[-0.881,0.684,-0.35,412,3,66,5],[-1.091,0.924,-0.573,484,3,66,5],[-0.823,0.808,-0.388,416,3,66,5],[-0.516,0.801,-0.649,420,3,66,5],[-0.156,0.758,-0.692,424,4,65,6],[0.073,0.738,-0.894,425,7,66,5],[0.458,0.753,-0.597,429,7,66,5],[0.499,0.738,-0.415,433,7,66,5],[-0.345,0.719,0.587,461,6,67,4],[-0.52,0.812,0.303,468,3,66,5],[0.476,1.46,-0.126,657,7,58,4],[0.013,1.497,0.099,699,3,3,3,3,1,3,3,3,3,3,3,3,5,3,3,3,3],[-0.145,1.346,-0.462,636,3,64,4],[-0.049,1.358,-0.306,640,4,62,4],[-0.35,1.153,-1.441,564,3,66,5],[-0.319,1.318,-0.361,632,3,65,4],[-0.213,1.235,-1.398,568,4,65,6],[-0.433,1.112,-1.536,492,3,66,5],[0.105,1.221,-1.155,569,7,66,5],[0.205,0.984,-1.577,497,7,66,5],[-1.091,-0.282,-0.833,272,3,66,5],[-0.952,0.061,1.222,400,3,66,5],[-0.997,0.132,-0.682,344,3,66,5],[-0.955,-0.601,0.895,256,3,66,5],[0.578,0.28,0.93,377,7,66,5],[0.595,0.272,1.191,381,7,66,5],[1.032,-0.533,0.164,225,7,66,5],[-0.635,1.431,0.138,627,69,2,50],[0.791,0.968,0.761,521,7,66,5],[0.617,0.989,0.994,525,7,66,5]],"s":[{"p":[0.03267633,-1.241792,-0.1299222],"r":[6.144016,16.92292,184.8566],"s":[0.1484137,0.3375353,0.08262208],"c":[0.6666667,0.6137567,0.2962959],"t1":{"c":[0.4444444,0.3047618,0],"x":0.5,"y":0.5,"a":0,"m":0,"n":0,"r":0,"g":0,"o":0.5,"t":0.5,"e":0.5}}]},{"b":5,"t":10,"s":[{"p":[0.0216934,-0.8438347,-0.07466006],"r":[279.7511,326.1564,313.5865],"s":[0.07384834,0.1066509,0.05675493],"c":[0,0,0]}]},{"b":5,"t":10,"s":[{"p":[0.05907433,-1.483354,-0.1653492],"r":[275.9716,346.6106,296.1202],"s":[0.05433315,0.09724236,0.05675502],"c":[0,0,0]}]},{"b":17,"t1":25,"s":[{"p":[-0.00407561,-0.02011165,-0.002603059],"r":[1.11169,1.794793,358.9473],"s":[0.0928878,0.1116052,0.08808981],"c":[0.6666667,0.6137567,0.2962962],"t1":{"c":[0.4444444,0.3047618,0],"x":0.5,"y":0.5,"a":0,"m":0,"n":0,"r":0,"g":0,"o":0.5,"t":0.5,"e":0.5}}]},{"b":17,"t1":25,