{"v":9,"a":[22],"p":[{"b":27,"t":17,"s":[{"p":[-0.1570058,-0.0002183765,-0.007168055],"r":[0,0,0],"s":[0.01523457,0.4794846,0.01523697],"c":[0.5555556,0.5555556,0.5555556]}]},{"t":17,"s":[{"p":[-0.0005146901,-2.384186E-07,-0.001857565],"r":[0,0,0],"s":[0.2981919,0.2392969,0.006435256],"c":[0.5555556,0.5555556,0.5555556]}]},{"t":17,"s":[{"p":[-0.1471323,-2.235174E-07,-0.04877913],"r":[-1.884445E-06,67.50001,-9.473744E-06],"s":[0.07999219,0.239324,0.006436069],"c":[0.5555556,0.5555556,0.5555556]}]}]}