{"n":"lamp ball","v":9,"a":[7,48,49],"p":[{"b":9,"t":3,"s":[{"p":[0,0,0],"r":[0,0,0],"s":[0.1250001,0.1250003,0.1250001],"c":[0.304762,0,0.6666667]}]}]}