{"v":9,"a":[7,18,49],"p":[{"b":178,"t":2,"s":[{"p":[0,0,0],"r":[0,0,0],"s":[0.2188391,0.1999813,0.004084286],"c":[0.2539683,0,0.5555556]}]},{"b":178,"t":2,"s":[{"p":[0.9982871,0.259919,0],"r":[0,0,202.5],"s":[0.1404432,0.2003073,0.004088591],"c":[0.2539683,0,0.5555556]}]},{"b":205,"t":2,"s":[{"p":[1.527129,0.3499126,-0.003921509],"r":[22.50001,90,180],"s":[0.007756972,0.05311082,0.1888947],"c":[0.2539683,0,0.5555556]}]},{"b":5,"t":2,"s":[{"p":[2.025692,0.1803972,0.007736206],"r":[-7.404068E-07,1.108097E-06,67.50001],"s":[0.13429,0.1000473,0.04038141],"c":[0.2539682,0,0.5555556]}]}]}