{"v":9,"p":[{"t1":47,"s":[{"p":[0,0,0],"r":[0,0,0],"s":[1.569351,0.5170171,3.874016],"c":[0.3333328,0.2984123,0.2222217],"t1":{"c":[0.8888889,0.7957672,0.5925926],"x":0.2458649,"y":0.6906738,"a":0.8925,"m":0,"n":0,"r":0.1848144,"g":0,"o":0.5,"t":0.5,"e":0.5}}]},{"t1":47,"s":[{"p":[0.07741167,-1.903194,0.05169059],"r":[359.3965,8.006428,359.6033],"s":[1.569368,0.5208154,3.498933],"c":[0.3333328,0.2984123,0.2222217],"t1":{"c":[0.8888889,0.7957672,0.5925926],"x":0.2458649,"y":0.6906738,"a":0.8925,"m":0,"n":0,"r":0.2739868,"g":0,"o":0.5,"t":0.5,"e":0.5}}]}]}