{"v":9,"a":[49],"p":[{"b":62,"t1":25,"s":[{"p":[0,0,0],"r":[0,0,0],"s":[0.5246996,0.5009114,1.813229],"c":[0.3333327,0.3333327,0.3333327],"t1":{"c":[0.3372134,0.2469135,0.4444444],"x":0.5,"y":0.5,"a":0.8925,"m":0,"n":0,"r":0,"g":0,"o":0.5,"t":0.5,"e":0.5}}]},{"b":62,"t1":25,"s":[{"p":[0.331237,-0.3699701,0.06399143],"r":[341.4589,10.22095,28.7132],"s":[0.5246983,0.50091,1.813222],"c":[0.3333327,0.3333327,0.3333327],"t1":{"c":[0.3372134,0.2469135,0.4444444],"x":0.5,"y":0.5,"a":0.8925,"m":0,"n":0,"r":0,"g":0,"o":0.5,"t":0.5,"e":0.5}}]},{"b":62,"t1":25,"s":[{"p":[0.8266801,-0.5951063,-0.03675067],"r":[342.8902,16.64975,19.09225],"s":[0.5246984,0.5009101,1.813223],"c":[0.3333327,0.3333327,0.3333327],"t1":{"c":[0.3372134,0.2469135,0.4444444],"x":0.5,"y":0.5,"a":0.8925,"m":0,"n":0,"r":0,"g":0,"o":0.5,"t":0.5,"e":0.5}}]},{"b":62,"t1":25,"s":[{"p":[1.520769,-0.4760481,-0.2363017],"r":[355.0172,14.61738,83.48034],"s":[0.5246997,0.5009114,1.813229],"c":[0.3333327,0.3333327,0.3333327],"t1":{"c":[0.3372134,0.2469135,0.4444444],"x":0.5,"y":0.5,"a":0.8925,"m":0,"n":0,"r":0,"g":0,"o":0.5,"t":0.5,"e":0.5}}]}]}