{"v":9,"a":[7,18,49],"p":[{"b":205,"a":[12],"i":[{"t":"5f715884a8c6cc38fed453a7","p":[-0.1059266,0.005661029,0.2364654],"r":[17.30412,321.109,182.2422]}],"s":[{"p":[0,0,0],"r":[0,0,-7.656432E-20],"s":[0.04501293,0.04500306,0.1160747],"c":[1,1,1],"b":["when told shakeitbaby then become next in 0.2s, play break snap crack"]},{"p":[0,0,0],"r":[337.5,-5.868359E-06,-8.253975E-07],"s":[0.04501426,0.04500532,0.1160779],"c":[1,1,1],"b":["when starts then become next in 0.5s, play stone bouncing on stone"]},{"p":[0,0,0],"r":[22.50001,-1.416747E-05,-8.25399E-07],"s":[0.04501688,0.04500638,0.1160847],"c":[1,1,1],"b":["when starts then become next in 0.5s, tell nearby latergater"]}]},{"b":62,"t":19,"s":[{"p":[-0.1003723,0.0193329,0.002273542],"r":[270,180,0],"s":[0.05398632,0.001000686,0.1226334],"c":[0,0,0]}]}]}