{"v":9,"p":[{"a":[12,31],"i":[{"t":"5f73fb8a6c092c2e2d275f7e","p":[0.01196049,-0.7476192,-1.034477],"r":[328.5874,356.3448,27.14837]}],"s":[{"p":[-0.01105544,0.03525643,-0.01355227],"r":[4.514568,6.673886,359.8439],"s":[0.077917,0.1750012,0.07566933],"c":[1,1,1],"b":["when starts then become next in 9s"]},{"p":[0.1545168,-0.1231789,-0.03648628],"r":[2.306288,2.074719,331.6414],"s":[0.07791773,0.1750023,0.07566984],"c":[1,1,1],"b":["when starts then become next in 9s"]}]}]}