{"v":9,"a":[7,18],"p":[{"a":[22],"s":[{"p":[-3.12643E-10,-0.003576219,0],"r":[0,0,0],"s":[0.2526351,0.003393088,0.191243],"c":[0.7777778,0.2765428,0.1728391],"b":["when touches hand then tell open game"]}]},{"b":179,"im":"1558766335891263285/07B21A9F8BD718F95588A6483BC51E1F31250B59/","s":[{"p":[-2.794971E-10,-0.001598537,0],"r":[90,270,0],"s":[0.1914754,0.2519549,0.2150132],"c":[1,1,1],"b":["when touches hand then tell open game"]}]}]}