{"n":"hi","v":9,"a":[7,18,31],"p":[{"t":21,"s":[{"p":[0,0,0],"r":[0,0,0],"s":[0.09506325,0.09506139,0.09506176],"c":[0,0,0]}]}]}