{"v":9,"a":[7,12,18],"p":[{"a":[12,37,31,39],"i":[{"t":"5f7817e14adbc563254dd6ec","p":[0.02593967,-0.794922,4.565716E-05],"r":[90,-1.967726E-05,0]}],"s":[{"p":[0,0,0],"r":[0,0,0],"s":[0.09606756,0.175047,0.08058599],"c":[1,1,1],"b":["when told by any platraise then become next in 0.5s"]},{"p":[0,-9.536743E-07,8.402238],"r":[0,0,3.585654E-07],"s":[0.09605744,0.17501,0.08057674],"c":[1,1,1],"b":["when starts then become next in 2s"]},{"p":[0,-9.536743E-07,8.435822],"r":[0,0,0],"s":[0.09605891,0.1750117,0.08057754],"c":[1,1,1],"b":["when starts then become previous in 2s"]}]}]}