{"v":9,"a":[21,49],"p":[{"b":3,"t":9,"i":[{"t":"5f7819f9a122632a3ba073c8","p":[0.5237649,-0.1754893,0.1511951],"r":[347.7183,326.7937,322.579]},{"t":"5f781b812e2c6b3fc5f1a4fc","p":[0.8457077,-0.2502578,0.4826998],"r":[12.52394,313.3147,22.51458]}],"t1":43,"s":[{"p":[-0.01405279,-0.01240424,-0.01572386],"r":[351.4659,0.3248427,357.7582],"s":[0.4021577,0.1335009,0.1335012],"c":[0.2539682,0,0.5555556],"b":["when starts then become next in 4.3s"],"t1":{"c":[0.8888889,0.1975308,0.1975308],"x":0.5,"y":0.5,"a":0.8925,"m":0,"n":0,"r":0,"g":0,"o":0.5,"t":0.5,"e":0.5}},{"p":[-0.05625661,0.01410291,0.1039691],"r":[321.8239,335.4402,353.8176],"s":[0.4021578,0.133501,0.1335013],"c":[0.2539682,0,0.5555556],"b":["when starts then become next in 4.6s"],"t1":{"c":[0.8888889,0.1975308,0.1975308],"x":0.5,"y":0.5,"a":0.8925,"m":0,"n":0,"r":0,"g":0,"o":0.5,"t":0.5,"e":0.5}}]}]}