{"v":9,"a":[7,12,18,48],"p":[{"b":63,"t":2,"s":[{"p":[-0.2753747,1.106851E-14,0],"r":[6.984912E-14,6.106404E-21,1.001791E-05],"s":[0.1250002,0.1250004,0.125],"c":[1,0,0]}]},{"t":2,"s":[{"p":[0,0,0],"r":[0,0,0],"s":[0.4227819,0.03731728,0.0674178],"c":[1,0,0]}]}]}