{"v":9,"p":[{"b":60,"t":7,"s":[{"p":[0,0,0],"r":[-1.90765E-05,-1.024529E-05,1.387382E-05],"s":[0.1975544,0.01636778,0.05416764],"c":[1,1,1]}]},{"b":60,"t":7,"s":[{"p":[0.0008764773,0.002850764,0.0004901672],"r":[-4.583697E-05,-6.830191E-06,5.976417E-06],"s":[0.1888638,0.01298277,0.04460948],"c":[0,0,0]}]},{"b":51,"t":21,"s":[{"p":[-0.05148193,-0.009577885,-0.08397317],"r":[4.960468,217.4601,283.1049],"s":[0.1192928,0.1192927,0.119293],"c":[0.5555556,0.5555556,0.5555556]}]},{"b":18,"e":"\"THING\"","s":[{"p":[-0.06383134,0.01414061,0.01946831],"r":[90,-1.001791E-05,0],"s":[0.002869971,0.002869219,0.002869809],"c":[0,0,0]}]}]}