{"v":9,"a":[7,18,48,49],"p":[{"b":205,"i":[{"t":"5f797489148e0b3fbed37753","p":[0.01351927,-0.02792361,-0.1435242],"r":[2.33935,202.2336,180]}],"s":[{"p":[0,0,0],"r":[0,0,0],"s":[0.04502081,0.04500418,0.04502093],"c":[1,1,1],"b":["when told by any ewfinale2 then become untweened next in 1s"]},{"p":[-5.363526,9.538765E-07,0.09201097],"r":[-2.204186E-12,1.926961E-19,-1.001791E-05],"s":[0.04506183,0.04500985,0.04506449],"c":[1,1,1]}]}]}