{"v":9,"a":[7,48,49,54],"p":[{"s":[{"p":[0,0,0],"r":[0,0,0],"s":[0.175002,0.1750004,0.1750017],"c":[1,0,0],"b":["when neared then tell any ritcavalier"]}]}]}