{"v":9,"p":[{"b":75,"s":[{"p":[0,0,0],"r":[0,0,0],"s":[0.07500006,0.07500008,0.07500008],"c":[1,1,1]}]}]}