{"v":9,"a":[1,5,7,18],"p":[{"b":64,"t1":43,"s":[{"p":[0,0,0],"r":[-2.189484E-13,5.008957E-06,5.008956E-06],"s":[0.2635261,0.1424389,0.5344101],"c":[0.3333332,0.3333332,0.3333332],"t1":{"c":[0.5555556,0.5555556,0.5555556],"x":0.5,"y":0.5,"a":0.8925,"m":0,"n":0,"r":0,"g":0,"o":0.5,"t":0.5,"e":0.5}}]},{"b":124,"e":"R.I.P.","s":[{"p":[0.1487007,0.07502741,-0.2347279],"r":[90,180,0],"s":[0.02166089,0.02165172,0.02166252],"c":[0.2222221,0.2222221,0.2222221]}]},{"b":124,"a":[19],"e":"PIRACY","s":[{"p":[-0.001536615,0.07341005,0.04770352],"r":[90,180,0],"s":[0.01362708,0.01362252,0.01362587],"c":[0.2222219,0.2222219,0.2222219]}]},{"b":124,"a":[19],"e":"(YAAAR)","s":[{"p":[-0.001536615,0.07341006,0.1784359],"r":[90,180,0],"s":[0.005792413,0.005787701,0.005790791],"c":[0.2222219,0.2222219,0.2222219]}]}]}