{"n":"scarewarning","v":9,"a":[48,49],"p":[{"s":[{"p":[0,0,0],"r":[0,0,0],"s":[0.1750002,0.1750005,0.1750004],"c":[0.6285715,1,0],"b":["when starts then tell nearby scarewarning, become next in 0.5s"]},{"p":[0,0,0],"r":[0,0,0],"s":[0.1750002,0.1750005,0.1750004],"c":[0.6285715,1,0],"b":["when starts then become next in 0.5s"]}]}]}