{"v":9,"a":[1],"p":[{"t":2,"im":"1662350172464813980/CD93537DFBF8A897591A08E20F1672759AFA2B92/","s":[{"p":[0,0,0],"r":[0,0,0],"s":[0.7040008,0.01500344,0.3960005],"c":[1,1,1]}]}]}