{"v":9,"a":[7,18,48,49],"p":[{"b":205,"i":[{"t":"5f82908a7a4ec8631f1144e0","p":[0.008724213,-0.194061,-1.614747],"r":[0,0,1.001791E-05]},{"t":"5f829c937a4ec8631f1144f6","p":[0.009246826,-0.1389768,-1.775247],"r":[0,0,1.001791E-05]}],"s":[{"p":[0,4.768372E-07,-3.662986],"r":[0,0,1.001791E-05],"s":[0.07053738,0.08229643,0.0873315],"c":[1,1,1],"b":["when told by any wrongroom then become next in 1s"]},{"p":[0,0,0],"r":[0,0,0],"s":[0.07051945,0.08226599,0.08729009],"c":[1,1,1],"b":["when starts then become next in 1s"]},{"p":[0,0,0],"r":[0,0,0],"s":[0.07051945,0.08226599,0.08729009],"c":[1,1,1],"b":["when starts then become 2 in 27s"]}]}]}