{"n":"deadmansparty","v":9,"a":[7,48,49],"p":[{"s":[{"p":[0,0,0],"r":[0,0,0],"s":[0.1750633,0.1750257,0.1750431],"c":[1,1,1]}]}]}