{"v":9,"a":[5,7,18,48,54],"p":[{"s":[{"p":[0,0,0],"r":[0,0,0],"s":[2.13726,0.06830408,1.092584],"c":[1,1,1],"b":["when starts then become next in 3s"]},{"p":[0,0,0],"r":[0,0,0],"s":[2.13726,0.06830408,1.092584],"c":[1,1,1],"b":["when looked at then tell any wrongroom, become next in 20s"]}]}]}