{"v":9,"a":[48,49],"inc":[["2hand","5f82085e22f2a2631937bfba"],["2hand 2","5f820ed8fe99c863186cfb24"],["2hand 3","5f82115622f2a2631937bfd8"]],"p":[{"b":205,"a":[14],"s":[{"p":[2.665264E-09,0.01394653,0.01654053],"r":[-1.001791E-05,180,180],"s":[0.03513636,0.04500075,0.0349486],"c":[1,0,0],"b":["when told by any ewfinale2 then become next in 8.3s"]},{"p":[2.665264E-09,0.01394653,0.01654053],"r":[-1.001791E-05,180,180],"s":[0.03513636,0.04500075,0.0349486],"c":[1,0,0],"b":["when starts then emit gravity-free 2hand 3 with 7, play martial arts kick whoosh with 400"]}]}]}