{"v":9,"a":[7,48,49,54],"p":[{"s":[{"p":[0,0,0],"r":[0,0,0],"s":[0.1750383,0.1750045,0.1750373],"c":[0.9714286,1,0],"b":["when neared then tell any ewfinale1, play long horror shrill scream with stretch 200, become next in 5s"]},{"p":[1.321991,2.179688,-0.992401],"r":[0,0,0],"s":[0.1751105,0.1750073,0.1751086],"c":[0.9714286,1,0],"b":["when starts then play long horror shrill scream with stretch 400, tell any alldonehere"]}]}]}