{"n":"journal page","v":9,"a":[2,3,5,22],"p":[{"b":112,"e":"THE EYES.\nTHE EYES ARE KEY.\nBUT WHAT DO THE KEYS UNLOCK?\nI NEED MORE SIGHT.\nMORE INSIGHT.\n\nPERHAPS AT THE LIBRARY I MAY\nLEARN MORE.\n\nTHE MOON. IS IT REAL?\nIT IS... NOT RIGHT.  WHY AM I\nSEEING IT LIKE THIS?\nWHAT HAS HAPPENED TO ME?\n\n--A.W.","s":[{"p":[-0.08188225,0.003967305,0.1128013],"r":[90,-7.244509E-06,0],"s":[0.001,0.001,0.001],"c":[0,0,0]}]},{"s":[{"p":[9.194359E-10,-1.607593E-16,-0.01051712],"r":[0,0,-1.001791E-05],"s":[0.198499,0.002738093,0.2858677],"c":[0.8888889,0.8268077,0.691358]}]}]}