{"v":9,"a":[22,49],"p":[{"s":[{"p":[0.001484486,-0.04695699,0.02192272],"r":[307.8369,358.5283,1.290134],"s":[0.2124335,0.003501883,0.1225634],"c":[1,1,1]}]},{"s":[{"p":[5.500442E-08,0.005168805,-6.123446E-08],"r":[0,0,0],"s":[0.2124263,0.003501697,0.122557],"c":[1,1,1]}]},{"b":20,"t":2,"a":[19],"e":"TELEPORT\nPOTIONS","s":[{"p":[-0.00421679,0.007400986,0.05729211],"r":[90,-1.001791E-05,0],"s":[0.003000255,0.00299598,0.003000624],"c":[0,0,0]}]},{"b":20,"t":2,"e":"POP THE CORK & DRINK\nTO VISIT OUR OTHER HAUNTED\nEXPERIENCES IN ANYLAND!","s":[{"p":[-0.09461927,0.01048096,-0.009486084],"r":[90,-2.003583E-05,0],"s":[0.001474416,0.001471196,0.001474791],"c":[0,0,0]}]}]}