{"v":9,"a":[5,7,18,48],"p":[{"s":[{"p":[0,0,0],"r":[0,0,0],"s":[11.52644,0.04700888,5.472631],"c":[0,1,0.2285714]}]}]}