{"v":9,"a":[2,22],"p":[{"t":3,"t1":77,"s":[{"p":[0,0,0],"r":[0,0,0],"s":[0.08106551,0.2729926,0.194043],"c":[0.8,0,1],"t1":{"c":[0,0,0],"x":0.2508545,"y":0.2541711,"a":1,"m":0,"n":0,"r":0,"g":0,"o":0.5,"t":0.5,"e":0.5}}]},{"t":3,"t1":77,"s":[{"p":[1.958571E-05,0.2729895,-0.04954648],"r":[0,0,5.088888E-14],"s":[0.08041912,0.2733482,0.09593192],"c":[0.8,0,1],"t1":{"c":[0,0,0],"x":0.2508545,"y":0.2541711,"a":1,"m":0,"n":0,"r":0,"g":0,"o":0.5,"t":0.5,"e":0.5}}]},{"t":3,"t1":77,"s":[{"p":[0.001094826,0.271238,0.04865398],"r":[0,0,5.088888E-14],"s":[0.08042921,0.2734295,0.09593697],"c":[0.8,0,1],"t1":{"c":[0,0,0],"x":0.2508545,"y":0.2541711,"a":1,"m":0,"n":0,"r":0,"g":0,"o":0.5,"t":0.5,"e":0.5}}]}]}