{"v":9,"a":[5],"p":[{"a":[12,31],"i":[{"t":"5f28dbe9f8777c06458f47fb","p":[-0.3213894,-0.02643658,0.0998423],"r":[3.835433,4.695333,352.5964]}],"s":[{"p":[0,0,0],"r":[0,0,0],"s":[0.1750022,0.1750016,0.1750019],"c":[1,1,1],"b":["when told by nearby floatf then become next in 1s"]},{"p":[-0.7023042,-0.1550412,0.9438926],"r":[21.32233,38.91717,350.9874],"s":[0.1750035,0.1750031,0.1750037],"c":[1,1,1],"b":["when starts then become next in 13s"]},{"p":[-0.8851384,-0.3571139,0.7960534],"r":[30.54599,19.54085,5.204782],"s":[0.1750029,0.1750024,0.1750029],"c":[1,1,1],"b":["when starts then become previous in 13s"]}]}]}