{"v":9,"a":[2],"p":[{"b":54,"s":[{"p":[0,0,0],"r":[0,0,0],"s":[0.04578338,0.008721903,0.04567546],"c":[1,0.8888889,0.2222221]}]}]}