{"n":"tight","v":9,"p":[{"b":196,"t":10,"sa":0,"s":[{"p":[0,0,0],"r":[0,0,0],"s":[0.04272492,0.08167111,0.07446054],"c":[0.3111108,0.333333,0.2222219]}]},{"b":196,"t":10,"sa":0,"s":[{"p":[-0.05851143,0.1633399,-0.02136189],"r":[356.4897,355.8661,174.0654],"s":[0.06811265,0.07808574,0.0681118],"c":[0.3111108,0.333333,0.2222219]}]},{"b":196,"t":10,"sa":0,"s":[{"p":[-0.05907638,-0.02753752,-0.004129261],"r":[6.271081,168.1137,339.2844],"s":[0.06811266,0.0780859,0.06811185],"c":[0.3111108,0.333333,0.2222219]}]}]}