{"v":9,"a":[7,31],"p":[{"b":35,"s":[{"p":[0,0,0],"r":[0,0,-6.157171E-14],"s":[0.04108291,0.04107935,0.04108454],"c":[0.1851833,0.2698395,0.5555556]}]},{"b":35,"s":[{"p":[-8.742311E-09,-0.05000019,8.742311E-09],"r":[0,0,-6.157171E-14],"s":[0.04108291,0.04107935,0.04108454],"c":[0.1851833,0.2698395,0.5555556]}]},{"b":35,"s":[{"p":[-1.748458E-08,-0.1000001,1.748458E-08],"r":[0,0,-6.157171E-14],"s":[0.04108291,0.04107935,0.04108454],"c":[0.1851833,0.2698395,0.5555556]}]},{"b":35,"s":[{"p":[-2.622685E-08,-0.1500001,2.622685E-08],"r":[0,0,-6.157171E-14],"s":[0.04108291,0.04107935,0.04108454],"c":[0.1851833,0.2698395,0.5555556]}]}]}