{"v":9,"a":[2,3],"p":[{"s":[{"p":[0.02011482,0.07021286,-0.02877348],"r":[0.7001466,3.274319,345.5373],"s":[0.1145518,0.08291709,0.0192408],"c":[0,0,0]}]},{"b":3,"s":[{"p":[0.002431243,-0.01053841,-0.00134297],"r":[0.691009,359.3954,1.398628],"s":[0.1250004,0.1250003,0.1250002],"c":[0.9714286,1,0]}]},{"s":[{"p":[-0.02126325,0.06655174,0.02645525],"r":[6.593997,357.0222,7.32681],"s":[0.05015023,0.08633754,0.04255607],"c":[0,0,0]}]},{"s":[{"p":[0.04987907,0.05382193,0.0191034],"r":[9.823466,1.219514,340.4978],"s":[0.05015022,0.08633736,0.04255595],"c":[0,0,0]}]}]}