{"v":9,"p":[{"s":[{"p":[0,0,0],"r":[0,0,0],"s":[16.15264,81.1089,0.1757731],"c":[1,1,1]}]}]}