{"v":9,"p":[{"b":198,"s":[{"p":[0,0,0],"r":[0,0,2.134434E-07],"s":[0.005654726,0.00372869,0.002592812],"c":[0.9714286,1,0]}]}]}