{"v":9,"p":[{"b":116,"e":"CRINGE","s":[{"p":[0,0,0],"r":[0,0,0],"s":[0.01773465,0.01773463,0.01773464],"c":[0,1,1]}]}]}