{"v":9,"p":[{"b":205,"s":[{"p":[0,0,0],"r":[0,0,1.707547E-06],"s":[0.01450012,0.02149125,0.01276053],"c":[0.4444443,0.4444443,0.4444443]}]}]}