{"v":9,"a":[7],"p":[{"b":36,"t":19,"i":[{"t":"5f93e3ed7a4ec8631f117c94","p":[0.1523926,0.001045123,0.05592349],"r":[3.415095E-06,89.99999,225]}],"s":[{"p":[0,0,0],"r":[0,0,0],"s":[0.2763113,0.1250006,0.1250006],"c":[0,0,0]}]}]}