{"v":9,"a":[22],"p":[{"s":[{"p":[0,0,0],"r":[0,0,0],"s":[0.01084931,2.068743,0.1211277],"c":[1,1,1]}]}]}