{"v":9,"a":[31],"p":[{"b":57,"t":3,"s":[{"p":[0,0,0],"r":[0,0,1.707547E-06],"s":[4.363038,0.001,4.222279],"c":[1,1,1]}]}]}