{"v":9,"a":[7],"p":[{"b":5,"a":[11,31],"i":[{"t":"5f942edb27de33053318b154","p":[-0.1641401,0.2802068,0.8118692],"r":[-1.195283E-05,270,270]}],"s":[{"p":[0,0,0],"r":[0,0,0],"s":[0.09999822,0.1000006,0.100002],"c":[1,1,1],"b":["when starts then become 2 in 5"]},{"p":[0,0,0],"r":[0,0,180],"s":[0.09999822,0.1000006,0.100002],"c":[1,1,1],"b":["when starts then become 3 in 5","when "]},{"p":[0,0,0],"r":[0,0,9.659347E-06],"s":[0.09999822,0.1000006,0.100002],"c":[1,1,1],"b":["when starts then become 1"]}]}]}