{"v":9,"a":[7],"p":[{"t":10,"s":[{"p":[0,0,0],"r":[0,0,0],"s":[0.07904147,0.4668426,0.03526153],"c":[0.3333332,0.3333332,0.3333332]}]},{"b":101,"e":"NO","s":[{"p":[-2.751786,20.56134,14.32752],"r":[0,0,180],"s":[0.02915429,0.02915686,0.02915641],"c":[0,0,0]}]}]}