{"v":9,"p":[{"b":8,"t":7,"a":[12],"s":[{"p":[0,0,0],"r":[1.548824,315.0209,359.3499],"s":[0.02899049,0.01903171,0.01259454],"c":[1,1,1],"b":["when starts then become 2 in 2s"]},{"p":[0,0,0],"r":[358.4449,44.97889,359.3651],"s":[0.02899049,0.01903171,0.01259454],"c":[1,1,1],"b":["when starts then become 1 in 2s"]}]}]}