{"v":9,"p":[{"b":30,"id":"5f95f0614441fa3ab8a471a8","s":[{"p":[0.03254691,0.1800169,0.702011],"r":[340.8542,347.7396,6.615177],"s":[13.74902,13.75987,13.65987],"c":[1,1,1]}]},{"b":30,"ac":{"id":"5f95f0614441fa3ab8a471a8","c":5},"s":[{"p":[4.602966,-1.182959,1.134671],"r":[1.256484,331.9223,17.04931],"s":[13.77387,13.78328,13.67843],"c":[1,1,1]}]}]}