{"v":9,"p":[{"b":5,"t":3,"s":[{"p":[0.3928267,0.06349418,0.1637653],"r":[24.01773,23.86682,38.32063],"s":[0.01360723,0.0136074,3.166004],"c":[1,1,1],"b":["when told by any qwe then become 2","when told by any qwe then tell any qwe"]},{"p":[0.3928267,0.06349418,0.1637653],"r":[24.01774,23.86682,38.32063],"s":[0.01360723,0.0136074,3.166003],"c":[0,0,0],"b":["when told by any qwe then become 1","when told by any qwe then tell any qwe"]}]}]}