{"v":9,"a":[5,22,18,49],"p":[{"b":202,"t":19,"a":[5],"s":[{"p":[0,0,0],"r":[270,270,0],"s":[41.30023,258.0006,41.51845],"c":[0,0,0]}]},{"b":144,"t":19,"a":[5,32],"s":[{"p":[-250.4794,4.290113E-05,-1.661548E-05],"r":[89.98022,-2.003582E-05,0],"s":[1.046952,50.29907,50.29104],"c":[0,0,0]}]}]}