{"n":"skele-park ticket","v":9,"a":[2,3,7,18,49],"p":[{"b":60,"a":[23,38],"s":[{"p":[0,0,0],"r":[0,0,0],"s":[0.04228002,0.007368639,0.0748619],"c":[0.7703704,0.7777778,0.5185185],"b":["when grabbed then tell t2taken"]}]},{"b":91,"a":[19],"e":"SKELE\nPARK","s":[{"p":[-0.01106977,0.004315497,2.366963E-07],"r":[90,270,0],"s":[0.0009999869,0.001000014,0.001000082],"c":[0,0,0]}]},{"b":91,"a":[19],"e":"----------","s":[{"p":[-0.02898932,0.004315501,2.351297E-07],"r":[90,270,0],"s":[0.001971271,0.001971347,0.001971423],"c":[0,0,0]}]},{"b":91,"a":[19],"e":"----------","s":[{"p":[0.002884389,0.004315495,2.379162E-07],"r":[90,270,0],"s":[0.001971302,0.00197145,0.001971601],"c":[0,0,0]}]}]}