{"v":9,"p":[{"b":3,"s":[{"p":[0,0,0],"r":[0,0,0],"s":[0.1799743,0.1690871,0.1672683],"c":[1,1,1]}]}]}