{"v":9,"a":[7],"p":[{"s":[{"p":[0,0,0],"r":[0,0,0],"s":[63.68447,1016.383,0.5810181],"c":[1,1,1]}]}]}