{"v":9,"a":[22,18],"p":[{"s":[{"p":[-1.164153E-10,-0.00100708,-8.804175E-11],"r":[0,4,0],"s":[2.317032,86.02379,265.1938],"c":[1,1,1]}]}]}