{"v":9,"a":[22,18],"p":[{"s":[{"p":[5.187587,-3.891953,0.0005187988],"r":[0,0,67.5],"s":[13.3479,14.30871,1.526183],"c":[1,1,1]}]},{"s":[{"p":[2.861023E-06,-0.07012939,0],"r":[0,0,0],"s":[6.319118,21.72067,6.282344],"c":[1,1,1]}]}]}