{"v":9,"a":[7,18,49],"p":[{"s":[{"p":[0.003471375,0.003071544,-0.007350923],"r":[-1.001792E-05,9.203016E-20,-1.052702E-12],"s":[230.4222,0.2654347,17.15673],"c":[0.5555556,0.5555556,0.5555556]}]}]}