{"v":9,"p":[{"b":3,"t":3,"s":[{"p":[0,0,0],"r":[0,0,0],"s":[0.1250003,0.04885262,0.1250003],"c":[1,0.936508,0.5555556]}]}]}