{"v":9,"p":[{"b":132,"e":"V2 GANGGG","s":[{"p":[-0.1741635,0.1111702,0.1036577],"r":[88.03925,326.7115,329.0028],"s":[0.003263084,0.003263085,0.003263086],"c":[1,0,0]}]},{"s":[{"p":[0.01601444,0.01386971,0.01720879],"r":[0.1092581,356.8292,0.402311],"s":[0.53587,0.1750005,0.7772453],"c":[1,1,1]}]}]}