{"n":"left arm","v":9,"a":[1,7,18],"p":[{"a":[12,37],"s":[{"p":[0.102767,0.03553104,0.0009832409],"r":[89.98022,-5.008955E-06,0],"s":[0.07786322,0.07784726,0.07785615],"c":[1,1,1]}]},{"a":[3],"s":[{"p":[0.02133274,0.2387836,0.002190592],"r":[1.001791E-05,180,1.172546E-05],"s":[0.04764931,0.04408117,0.04768528],"c":[1,0,0]}]},{"a":[3],"s":[{"p":[0.008860826,0.198294,0.002190591],"r":[1.001791E-05,180,22.50002],"s":[0.06642298,0.06339871,0.06642952],"c":[0.5555556,0.8857141,1]}]},{"c":[[-0.5,0.6,0.5,3,6,8],[-0.5,0.6,-0.5,5,6,7]],"s":[{"p":[-0.0005884172,0.03053981,0.00196743],"r":[1.001791E-05,180,1.172546E-05],"s":[0.1110982,0.306748,0.1111083],"c":[0,0.05714224,1]}]}]}