{"n":"popcorn","v":9,"a":[2,23,38,49],"p":[{"b":167,"s":[{"p":[0.001405942,0.001695282,-0.01528262],"r":[14.48397,264.0978,30.03107],"s":[0.007232415,0.005689919,0.006750287],"c":[0.7777778,0.6666667,0]}]},{"b":167,"s":[{"p":[0.0002199178,0.005716306,-0.02249806],"r":[0.6979209,279.3402,280.6898],"s":[0.008299978,0.008300694,0.008301157],"c":[1,0.952381,0.6666666]}]},{"b":61,"a":[12,38],"s":[{"p":[0.002860965,0.006366167,-0.01914624],"r":[9.452529,128.0551,355.8008],"s":[0.03579183,0.03713531,0.03704037],"c":[1,0.952381,0.6666666],"b":["when consumed then play munching bite with 0.5s duration, add crumbles, destroy all parts"]}]}]}