{"v":9,"a":[7,18,20],"p":[{"s":[{"p":[0,0,0],"r":[0,0,0],"s":[321.6305,0.217107,295.0984],"c":[1,0.5555556,0.9365079]}]}]}