{"v":9,"a":[7,18,20,21,48,49],"p":[{"b":8,"t":7,"a":[36],"i":[{"t":"5fa24c13fe99c863186d3f54","p":[1.506963,-0.8993073,-14.04382],"r":[355.323,179.4937,196.0401]}],"s":[{"p":[0,0,0],"r":[0,0,0],"s":[0.564607,0.5646068,0.5646062],"c":[0,1,0.5714287],"b":["when told by any whitedown  then become next in 2"]},{"p":[-1.088071,-10.07443,123.1375],"r":[4.677023,359.4937,343.96],"s":[0.5660654,0.56619,0.5654498],"c":[0,1,0.5714287],"b":["when told by any whiteup  then become next in 2"]}]}]}