{"v":9,"a":[21],"p":[{"b":16,"s":[{"p":[0,0,0],"r":[0,0,0],"s":[0.00422485,0.004224832,0.00422485],"c":[0.9904761,0.6666666,1]}]},{"b":5,"s":[{"p":[-0.0002850361,-0.006004706,-0.002027564],"r":[273.2849,26.50553,325.1391],"s":[0.002314298,0.002553094,0.01564662],"c":[0.8888889,0.8268077,0.691358]}]},{"b":3,"s":[{"p":[0.003800728,-0.01278243,-0.004352686],"r":[327.4848,26.69903,3.860408],"s":[0.005281062,0.005281046,0.005281067],"c":[0.8888889,0.8268077,0.691358]}]},{"b":3,"s":[{"p":[-0.004849508,-0.01250925,-0.003691225],"r":[337.266,30.65434,309.1378],"s":[0.005281069,0.005281047,0.005281074],"c":[0.8888889,0.8268077,0.691358]}]}]}