{"n":"inkspacespawn","v":9,"a":[7,18,20,48,49],"p":[{"b":205,"s":[{"p":[0,0,0],"r":[0,0,0],"s":[0.0450005,0.04500016,0.0450005],"c":[1,1,1]}]}]}