{"v":9,"a":[7,18,31],"p":[{"b":5,"t1":143,"s":[{"p":[0,0,0],"r":[0,0,0],"s":[0.2400785,0.2400522,0.01131788],"c":[0.5555556,0.435626,0.3086419],"t1":{"c":[0,0,0],"x":0.5,"y":0.5,"a":0.8925,"m":0,"n":0,"r":0,"g":0,"o":0.5,"t":0.5,"e":0.5}}]},{"b":59,"t":12,"s":[{"p":[0.008009913,0.01096916,-0.002833724],"r":[270,180,0],"s":[0.3384936,0.3384603,0.3384913],"c":[1,1,1]}]},{"b":5,"t":12,"s":[{"p":[0.02143097,0.01652578,-0.2228473],"r":[0,0,-1.001791E-05],"s":[0.02229845,0.0223015,0.521952],"c":[1,1,1]}]},{"b":5,"t":12,"s":[{"p":[0.01990986,0.01353651,-0.4254876],"r":[-8.964189E-08,-8.964185E-08,270],"s":[0.1215285,0.1214919,0.008576317],"c":[1,1,1]}]}]}