{"n":"edgy-plank","v":9,"p":[{"b":168,"s":[{"p":[0,0,0],"r":[0,0,0],"s":[0.04500002,0.04500002,0.04500002],"c":[1,1,1]}]}]}