{"n":"cyl-bev1","v":9,"p":[{"b":146,"s":[{"p":[0,0,0],"r":[0,0,-1.707547E-06],"s":[0.09,0.09000004,0.09000005],"c":[1,1,1]}]}]}