{"n":"cloud","v":9,"p":[{"b":167,"s":[{"p":[0,0,0],"r":[0,0,0],"s":[0.04500003,0.04500006,0.04500012],"c":[1,1,1]}]}]}