{"n":"poly-mound","v":9,"p":[{"b":156,"s":[{"p":[0,0,0],"r":[0,0,0],"s":[0.07999998,0.08000002,0.07999998],"c":[1,1,1]}]}]}