{"n":"gumdrop","v":9,"p":[{"b":181,"s":[{"p":[0,0,0],"r":[0,0,0],"s":[0.06000001,0.06000003,0.06000001],"c":[1,1,1]}]}]}