{"v":9,"p":[{"b":32,"s":[{"p":[0,0,0],"r":[0,0,0],"s":[0.125,0.1250001,0.125],"c":[1,1,1]}]},{"b":32,"s":[{"p":[-0.2330445,-0.1333882,-0.3150907],"r":[315.5813,302.7747,210.3368],"s":[0.1250001,0.125,0.1250002],"c":[1,1,1]}]},{"b":250,"s":[{"p":[-2.509351,3.830642,0.264111],"r":[347.0377,330.976,327.5981],"s":[0.2400005,0.2400005,0.2400005],"c":[1,1,1]}]}]}