{"n":"darkness","v":9,"a":[7,13,18,49],"p":[{"b":202,"s":[{"p":[0,0,0],"r":[0,0,0],"s":[24.85024,85.26937,24.85023],"c":[0,0,0]}]}]}