{"v":9,"a":[7,18,29],"p":[{"b":68,"s":[{"p":[0,0,0],"r":[0,0,0],"s":[0.7221031,0.2520921,0.2443715],"c":[0.2222221,0,0]}]},{"b":68,"s":[{"p":[0,-0.2470684,0.140047],"r":[22.50001,2.884585E-06,1.450178E-05],"s":[0.7222505,0.08209737,0.4815792],"c":[0.222222,0,0]}]},{"s":[{"p":[0.004528999,-0.0395546,-0.2574462],"r":[90,0,0],"s":[1.575487,0.1552405,0.8118274],"c":[0.3333332,0.2433861,0.148148]}]}]}