{"v":9,"a":[1,27,31],"p":[{"b":73,"s":[{"p":[-0.229379,-0.4032035,0.2202198],"r":[350.8114,24.23044,51.49144],"s":[0.09660076,0.0966006,0.0966008],"c":[0.1851845,0.2698406,0.5555556],"b":["when starts then become 2 in 2"]},{"p":[0,0,0],"r":[0,0,0],"s":[0.09660067,0.09660053,0.0966007],"c":[0.1851845,0.2698406,0.5555556],"b":["when starts then become 3 in 1s via 4"]},{"p":[-0.3980997,-0.4562992,0.3401763],"r":[347.8832,32.81479,49.66244],"s":[0.09660076,0.09660058,0.09660076],"c":[0.1851845,0.2698406,0.5555556],"b":["when starts then become untweened 1 in 1s"]},{"p":[-0.2753818,0.1576215,0.3728252],"r":[28.80931,26.46575,26.2525],"s":[0.09660079,0.09660061,0.09660078],"c":[0.1851844,0.2698405,0.5555556]}]}]}