{"v":9,"a":[7,18],"p":[{"t":1,"id":"5fa99ae84954a04cd4fd7cd9","s":[{"p":[0,0,0],"r":[0,0,0],"s":[1.027423,0.02207242,0.3235493],"c":[0.6666667,0.4571426,0]}]},{"t":1,"ac":{"id":"5fa99ae84954a04cd4fd7cd9","c":8},"s":[{"p":[2.214662E-08,-0.365574,-0.2533278],"r":[1.001791E-05,0,0],"s":[1.027763,0.02207102,0.3236017],"c":[0.6666667,0.4571426,0]}]}]}