{"v":9,"a":[7,18],"p":[{"b":25,"t":1,"a":[13],"s":[{"p":[0,0,0],"r":[0,0,0],"s":[2.000005,1.000013,2.000028],"c":[0.7555556,0.7777778,0]}]},{"b":91,"a":[12,19],"e":"FRONT","s":[{"p":[-8.736217E-08,0.0116949,0.07288349],"r":[90,-1.001791E-05,0],"s":[0.01210366,0.01210369,0.01210376],"c":[0,0,0]}]}]}