{"v":9,"a":[7,18],"p":[{"b":4,"a":[12],"s":[{"p":[0,0,0],"r":[0,0,0],"s":[0.1249956,0.1250031,0.125],"c":[1,1,1],"b":["when told by any purpledoor01 then become 2 in 0.1s"]},{"p":[0,0,0],"r":[0,0,0],"s":[0.1249956,0.1250031,0.125],"c":[1,1,1],"b":["when starts then tell any bedroomdoor01","when starts then become 3 in 0.1s"]},{"p":[0,0,0],"r":[0,0,0],"s":[0.1249956,0.1250031,0.125],"c":[1,1,1],"b":["when starts then become 4 in 0.1s"]},{"p":[0,0,0],"r":[0,0,0],"s":[0.1249956,0.1250031,0.125],"c":[1,1,1],"b":["when starts then become 1 in 0.1s"]}]}]}