{"v":9,"a":[22,18],"p":[{"b":18,"t":2,"a":[19],"e":"BUTTON INVISIBLE?\nTAP HERE","s":[{"p":[-5.892543E-09,0.02089191,0.05043768],"r":[0,0,3.053333E-13],"s":[0.002305222,0.002305413,0.002305335],"c":[1,1,1],"b":["when starts then become next in 1s"]},{"p":[-5.892543E-09,0.02089191,0.05043768],"r":[0,0,3.053333E-13],"s":[0.002895243,0.002895433,0.002895356],"c":[1,1,1],"b":["when starts then become next in 1s"]}]}]}