{"v":9,"a":[1,2,3,12,24],"inc":[["beam","5f7d268f7a4ec8631f1140a9"],["beam 2","5f7d277efe99c863186cf78d"],["beam 3","5f7d27f222f2a2631937bc5e"],["beam 4","5fad93e9b0922d44f8031e17"],["beam 5","5fad94f3427d8b44f2d3e535"]],"bod":{"ht": {"i":"5f2f39358fd5ec70ed1c7b97","p":[0.01606001,0.08002439,0.08779064],"r":[1.285007,17.74305,183.8041]},"al": {"i":"5f2f435a87268606129e45fa","p":[-0.1029423,-0.003347404,-0.2979956],"r":[359.4893,288.9476,261.2728]}},"p":[{"b":14,"s":[{"p":[0,0,0],"r":[0,0,-5.336085E-08],"s":[0.02515531,0.04815562,0.03096543],"c":[1,1,1],"b":["when triggered then emit gravity-free beam 5 with 25%"]}]}]}