{"v":9,"a":[2,7,12,15,18],"p":[{"a":[12,42],"pr":20,"s":[{"p":[-0.00395631,0.005164863,-0.06793249],"r":[2.601524E-12,180,4.364634E-05],"s":[0.02767579,0.02770318,0.02769608],"c":[0.7777778,0.6666667,0],"pr":{"c":[1,0.5142856,0],"m":0.3596513,"a":0.08482653,"s":0.07250327,"z":0.2472639,"g":0.3227548,"h":0.5}}]},{"b":17,"t":2,"s":[{"p":[0,0,0],"r":[0,0,-9.83863E-06],"s":[0.01497793,0.01646389,0.03383479],"c":[0.7777778,0,0]}]},{"b":17,"t":7,"s":[{"p":[-0.003956319,-0.001979083,0.003552438],"r":[90,180,0],"s":[0.02236453,0.03739767,0.02237247],"c":[1,0.342857,0]}]},{"b":17,"t":7,"s":[{"p":[-0.003956321,-0.003170044,0.01424861],"r":[90,180,0],"s":[0.03039853,0.04544665,0.03042151],"c":[0.7777778,0.6666667,0],"b":["when starts then play big woomph","when touched then destroy all parts, add crumbles for all parts"]}]}]}