{"v":9,"p":[{"t":3,"pr":11,"c":[[-0.522,0.439,0.471,3,6,8]],"s":[{"p":[0,0,0],"r":[0,0,0],"s":[0.1750003,0.1750005,0.1750006],"c":[0.8888889,0.7760141,0.09876531],"pr":{"c":[1,0.8571429,0],"m":0.7262578,"a":0.1970344,"s":0.15,"z":0.25,"g":0.611641,"h":0.1595162}}]}]}