{"v":9,"p":[{"b":5,"t":10,"t1":58,"t2":43,"s":[{"p":[0,0,0],"r":[0,0,-2.134434E-07],"s":[0.1000002,0.1000003,1.720093],"c":[0.4444443,0.388007,0.04938262],"t1":{"c":[1,0.6857142,0],"x":0.2227819,"y":0.1572206,"a":0.8925,"m":0,"n":0,"r":0,"g":0.4521425,"o":0.5,"t":0.5,"e":0.5},"t2":{"c":[1,0.8571429,0],"x":0.1649008,"y":0.3004298,"a":0.8925,"m":0,"n":0,"r":0,"g":0.2561255,"o":0.5,"t":0.5,"e":0.5}}]}]}