{"v":9,"a":[7,18],"p":[{"t":1,"s":[{"p":[0,0,0],"r":[0,0,0],"s":[2.938883,0.1750048,2.412632],"c":[0,0.08888856,0.2222219]}]}]}