{"v":9,"p":[{"b":10,"s":[{"p":[-0.02639006,0.0009628059,-0.01470014],"r":[336.8247,349.9782,350.5042],"s":[0.01899442,0.01899427,0.01899434],"c":[1,0,0.3428572],"b":["when touched then tell pressed "]}]},{"b":65,"a":[22],"s":[{"p":[-0.01248328,0.055785,-0.03607509],"r":[8.723255,76.21204,66.53732],"s":[0.08405675,0.01715911,0.03860042],"c":[0.4320987,0.7777778,0.7777778],"b":["when told pressed then become next in 0.1s"]},{"p":[0.0247493,0.03688723,-0.02128006],"r":[48.45033,51.09509,53.60538],"s":[0.08407234,0.01715996,0.03860915],"c":[1,1,1],"b":["when starts then become next in 0.7s"]}]}]}