{"v":9,"a":[22,18],"p":[{"s":[{"p":[0,0,0],"r":[0,0,0],"s":[5.99518,0.6901814,0.4412602],"c":[1,1,1]}]}]}