{"v":9,"a":[30],"p":[{"c":[[0.2,0.3,-0.5,2,6,14,-18,6,11],[-0.1,0.5,0.2,3,6,8]],"s":[{"p":[0,0,0],"r":[0,0,0],"s":[0.299793,0.1649146,0.0499384],"c":[1,1,1]}]}]}