{"v":9,"a":[7],"p":[{"t1":58,"s":[{"p":[0,0,0],"r":[0,0,0],"s":[0.1750029,52.66532,29.65704],"c":[0.2730157,0.6666667,0.2222221],"t1":{"c":[0,0,0],"x":0.5,"y":0.5,"a":0.8925,"m":0,"n":0,"r":0,"g":0,"o":0.5,"t":0.5,"e":0.5}}]}]}