{"v":9,"p":[{"b":180,"s":[{"p":[0.3774484,0.1828387,-0.4309598],"r":[38.54889,205.412,103.6828],"s":[0.04825655,0.002667904,0.04145762],"c":[0.05079356,0.111111,0]}]},{"b":180,"s":[{"p":[0.4187053,0.2439508,-0.3207038],"r":[34.26112,208.8021,115.5627],"s":[0.01857547,0.002667909,0.0174848],"c":[0.05079356,0.111111,0]}]}]}