{"n":"screen","v":9,"p":[{"a":[1],"s":[{"p":[0,0,0],"r":[0,0,0],"s":[0.6796322,0.03528471,0.4750861],"c":[0.3333332,0.3280422,0.2962962]}]}]}