{"v":9,"p":[{"b":183,"s":[{"p":[0,0,0],"r":[0,0,0],"s":[0.008097459,0.02049369,0.006066693],"c":[1,1,1]}]},{"b":196,"s":[{"p":[-0.001071193,0.09636477,0.001459796],"r":[353.7991,221.5478,358.6885],"s":[0.009290911,0.005037011,0.009334353],"c":[0.9714286,1,0]}]},{"b":197,"s":[{"p":[-0.0004788153,0.1066839,0.002881605],"r":[352.1798,231.0763,12.32566],"s":[0.01609391,0.01140291,0.00140664],"c":[1,0.6857142,0]}]}]}