{"v":9,"a":[7,18,20],"p":[{"b":9,"t":11,"s":[{"p":[0,0,0],"r":[0,0,0],"s":[20.99753,8.203188,20.9981],"c":[0.7777778,0.2592591,0.2592591]}]}]}