{"v":9,"p":[{"s":[{"p":[0,0,0],"r":[0,0,0],"s":[0.08912259,0.06373373,0.07289928],"c":[1,1,1]}]}]}