{"v":9,"a":[7,12,18],"p":[{"t1":45,"s":[{"p":[0.315826,0.05126809,0.2390781],"r":[359.9802,1.180609E-06,90],"s":[0.1750066,0.1750114,0.02888537],"c":[0.222222,0.1142855,0],"t1":{"c":[0.4444444,0.2497354,0.1481481],"x":0.5,"y":0.5,"a":0.8925,"m":0,"n":0,"r":0,"g":0,"o":0.5,"t":0.5,"e":0.5}}]},{"s":[{"p":[0,0,0],"r":[1.213292E-05,-8.652341E-10,-5.00925E-06],"s":[0.01535029,0.175016,0.2725056],"c":[1,1,1]}]}]}