{"v":9,"a":[21],"p":[{"t1":75,"s":[{"p":[0.001897171,0.002988666,0.04183087],"r":[355.6015,6.421625,22.07153],"s":[0.0830152,0.108581,0.08301574],"c":[0.4444441,0.3202819,0.04938251],"t1":{"c":[0.4444444,0.3202821,0.04938267],"x":0.5,"y":0.5,"a":0.8925,"m":0,"n":0,"r":0,"g":0,"o":0.5,"t":0.5,"e":0.5}}]},{"b":11,"t1":43,"s":[{"p":[0.01425251,0.009633951,0.09646412],"r":[349.4845,147.1418,249.967],"s":[0.05491622,0.03435857,0.03435722],"c":[0.5555556,0.2857141,0],"t1":{"c":[0,0,0],"x":0.5,"y":0.5,"a":0.8925,"m":0,"n":0,"r":0,"g":0,"o":0.5,"t":0.5,"e":0.5}}]},{"s":[{"p":[-0.05126717,0.02026935,0.02000654],"r":[356.8878,7.048864,114.7763],"s":[0.02267452,0.00538176,0.0304357],"c":[0.5555556,0.1904761,0]}]},{"b":10,"s":[{"p":[-0.05733054,0.02679859,0.02006615],"r":[343.581,35.48463,114.2838],"s":[0.002254489,0.002254468,0.002254465],"c":[0.7703704,0.8888889,0.2962962]}]}]}