{"v":9,"a":[2,7,14,15,18],"p":[{"t":21,"i":[{"t":"5fb86fe64dbe9626e3985a9c","p":[-0.1387758,-0.01541547,0.0006830841],"r":[6.830189E-06,90.00002,270]}],"s":[{"p":[0,0,0],"r":[0,0,0],"s":[0.05883251,0.09678824,0.05883542],"c":[0,0,0],"b":["when starts then set constant rotation to 0 -150 0"]}]}]}