{"v":9,"a":[22],"p":[{"a":[23],"s":[{"p":[0,0,0],"r":[0,0,3.415095E-06],"s":[0.05448527,0.04598273,0.1143441],"c":[0.3333332,0.3333332,0.3333332]}]},{"s":[{"p":[0.0001354218,-0.0006990097,-0.04754616],"r":[0,0,3.415095E-06],"s":[0.06801786,0.05145855,0.01945926],"c":[0.3333332,0.3333332,0.3333332]}]},{"s":[{"p":[0.0003318787,0.000165998,0.02859046],"r":[90,0,0],"s":[0.01776299,0.01272617,0.04685439],"c":[0.2090339,0.2090339,0.2090339]}]},{"s":[{"p":[-0.0002205372,0.0003200406,-0.01910119],"r":[90,0,0],"s":[0.01776755,0.01272922,0.04687441],"c":[0.2090339,0.2090339,0.2090339]}]}]}