{"v":9,"a":[2,17],"p":[{"b":73,"s":[{"p":[0,0,0],"r":[0,0,0],"s":[0.2250005,0.2250004,0.2250008],"c":[1,1,1]}]}]}