{"v":9,"a":[22],"p":[{"b":29,"t":7,"t1":43,"s":[{"p":[0,0,0],"r":[0,0,0],"s":[2.159337,2.967489,2.722785],"c":[0.5555556,0.9619047,1],"t1":{"c":[1,1,1],"x":0.7178383,"y":0.568573,"a":1,"m":0,"n":0,"r":0,"g":1,"o":0.5,"t":0.5,"e":0.5}}]}]}