{"v":9,"p":[{"b":3,"s":[{"p":[0.1650045,0.221958,-0.142832],"r":[335.2487,180.1762,282.3846],"s":[0.2713566,0.3437839,0.3663167],"c":[1,1,1]}]},{"b":89,"s":[{"p":[-0.08827171,0.1244076,0.05254592],"r":[1.21354,278.5131,193.6444],"s":[0.125001,0.125001,0.125001],"c":[1,1,1]}]},{"b":89,"s":[{"p":[0.03144691,0.06938417,0.1398645],"r":[326.9472,60.53189,309.9366],"s":[0.1250008,0.1250004,0.1250007],"c":[1,1,1]}]},{"b":49,"s":[{"p":[-0.2617931,0.151978,0.6895856],"r":[350.1246,135.6512,213.812],"s":[0.1250007,0.1250006,0.1250006],"c":[1,1,1]}]}]}