{"v":9,"p":[{"b":10,"s":[{"p":[-0.003374325,-0.003545523,-0.2178515],"r":[0.6808655,2.994322,87.83691],"s":[0.001471683,0.01851986,0.323847],"c":[1,1,1]}]},{"b":49,"s":[{"p":[-0.006112776,0.002323695,0.09530991],"r":[353.8658,346.3987,152.3282],"s":[0.1114653,0.1207216,0.1552265],"c":[1,1,1]}]}]}