{"n":"ground","v":9,"a":[1],"p":[{"b":17,"s":[{"p":[0,0,0],"r":[0,0,0],"s":[38.10021,0.4063815,21.41325],"c":[0.2031744,0.4444443,0]}]}]}