{"v":9,"p":[{"b":14,"s":[{"p":[-0.06341033,0.161786,-0.1614909],"r":[274.915,224.6108,36.96988],"s":[0.06000035,0.06000033,0.06000018],"c":[0.3333332,0.2910052,0.03703704]}]},{"b":14,"s":[{"p":[-0.08005442,0.1693475,-0.05298953],"r":[356.5503,352.7114,0.4372039],"s":[0.01559976,0.06000045,0.1612731],"c":[0,0,0]}]},{"s":[{"p":[-0.04206835,0.1428752,-0.4035367],"r":[354.6205,352.2684,272.4356],"s":[0.0821303,0.06693403,0.4085608],"c":[0.3333332,0.2910052,0.03703704]}]}]}