{"v":9,"p":[{"s":[{"p":[0,0,0],"r":[0,0,0],"s":[0.1750004,0.1750004,0.1750006],"c":[0.4320987,0.4603174,0.5555556]}]},{"b":2,"s":[{"p":[0.006059913,-0.007779971,0.1426235],"r":[355.0557,0.04207985,357.0604],"s":[0.1250003,0.1250004,0.1250004],"c":[0.07407398,0.1079364,0.2222221]}]},{"s":[{"p":[0.01311695,0.08796082,-0.03151368],"r":[359.2919,358.1022,1.892652],"s":[0.06347546,0.00502721,0.10298],"c":[0,0,0]}]}]}