{"v":9,"p":[{"b":60,"s":[{"p":[0,0,0],"r":[0,0,0],"s":[0.06590871,0.05982757,0.5556146],"c":[0,0,0]}]},{"b":29,"s":[{"p":[-0.1775404,-0.001785971,0.306792],"r":[1.153159,358.1321,180.9971],"s":[0.4496925,0.1250005,0.1250002],"c":[0.5555556,0.3509699,0.3086419]}]}]}