{"v":9,"p":[{"b":60,"c":[[0.321,0.544,-0.446,22,17,14,33]],"s":[{"p":[0,0,0],"r":[0,0,0],"s":[0.06104546,0.05595364,0.4052169],"c":[0,0,0]}]},{"b":166,"s":[{"p":[-0.007913418,0.008625507,0.2127679],"r":[25.84887,0.0956188,278.0541],"s":[0.0300001,0.03000021,0.0300002],"c":[0,0,0]}]},{"b":14,"s":[{"p":[-0.006041276,0.02088618,0.3923664],"r":[355.3726,358.1886,7.78577],"s":[0.06000112,0.006880083,0.1006216],"c":[0.333333,0.05714261,0]}]}]}