{"v":9,"a":[22,18],"p":[{"b":18,"t":2,"a":[19,23],"e":"WELCOME BACK","s":[{"p":[-2.090286E-08,-0.5799997,-0.003431183],"r":[1.001791E-05,-1.001791E-05,180],"s":[0.01117353,0.01117865,0.0111779],"c":[1,1,1]}]},{"b":18,"t":2,"a":[19,23],"e":"ACK","s":[{"p":[-0.3344283,-0.5799997,-0.02621446],"r":[-1.260336E-06,348,180],"s":[0.01117404,0.01117547,0.01117508],"c":[1,1,1]}]},{"b":18,"t":2,"a":[19,23],"e":"WEL","s":[{"p":[0.336509,-0.5799997,-0.02561317],"r":[1.086459E-05,12.5,180],"s":[0.01117342,0.01117953,0.01117848],"c":[1,1,1]}]},{"b":245,"t":3,"a":[23],"c":[[0.5,-0.5,-0.545,1],[0.5,-0.25,-0.545,0],[0.5,0,-0.545,12],[0.5,0.25,-0.545,18],[0.5,0.5,-0.545,24],[-0.5,-0.5,-0.545,10],[-0.5,-0.25,-0.545,11],[-0.5,0,-0.545,17],[-0.5,0.25,-0.545,23],[-0.5,0.5,-0.545,29],[0.3,-0.5,-0.158,2],[0.3,-0.25,-0.158,3],[0.3,0,-0.158,13],[0.3,0.25,-0.158,19],[0.3,0.5,-0.158,25],[-0.3,-0.5,-0.158,8],[-0.3,-0.25,-0.158,9],[-0.3,0,-0.158,16],[-0.3,0.25,-0.158,22],[-0.3,0.5,-0.158,28]],"sa":106,"s":[{"p":[9.936536E-08,0.1139107,1.391261E-07],"r":[1.001791E-05,-8.757937E-13,-7.656432E-20],"s":[2.211311,1.579823,0.6148772],"c":[0.4007054,0.3950616,0.4444443]}]}]}