{"n":"cuboid body","v":9,"a":[7,33],"p":[{"b":68,"s":[{"p":[0,0,0],"r":[0,0,0],"s":[0.1000606,0.2736441,0.1097481],"c":[0,0,0]}]},{"b":3,"s":[{"p":[-0.09340847,0.1980243,0.002075799],"r":[270.3846,181.3912,268.5529],"s":[0.02698567,0.02698713,0.02698503],"c":[1,0,0]}]},{"b":2,"s":[{"p":[-0.1017226,0.2066731,0.0456319],"r":[359.8196,179.955,179.8927],"s":[0.001000185,0.04770309,0.03078143],"c":[1,0,0]}]},{"b":2,"s":[{"p":[-0.09877624,0.2078322,-0.04475562],"r":[0.652395,0.3776401,0.2641898],"s":[0.001000381,0.04771493,0.03078798],"c":[1,0,0]}]}]}