{"n":"right arm","v":9,"a":[1,7,18],"p":[{"a":[12,37],"s":[{"p":[-0.1146333,0.03553107,0.000983417],"r":[90,-9.659345E-06,0],"s":[0.07785758,0.07784667,0.07785547],"c":[1,1,1]}]},{"a":[3],"s":[{"p":[-0.01986833,0.2404323,-0.002028467],"r":[0,0,-8.310365E-06],"s":[0.04764931,0.04408117,0.04768528],"c":[1,0,0]}]},{"a":[3],"s":[{"p":[-0.007396425,0.1999427,-0.002028466],"r":[2.194195E-14,4.364525E-15,22.5],"s":[0.06642298,0.06339871,0.06642953],"c":[0.5555556,0.8857141,1]}]},{"c":[[-0.5,0.6,0.5,3,6,8],[-0.5,0.6,-0.5,5,6,7]],"s":[{"p":[0.00205279,0.03218853,-0.001805305],"r":[0,0,-8.310365E-06],"s":[0.1110982,0.306748,0.1111083],"c":[0,0.05714224,1]}]}]}