{"v":9,"p":[{"b":3,"s":[{"p":[0,0,0],"r":[0,0,-8.537735E-07],"s":[0.125,0.1250001,0.1250001],"c":[1,0.6857142,0]}]}]}