{"n":"rug","v":9,"a":[7,18,21],"p":[{"b":10,"t1":58,"s":[{"p":[0,0,0],"r":[0,0,0],"s":[2.599106,1.664555,0.008489644],"c":[0.3333332,0.2116401,0.148148],"t1":{"c":[0.1234567,0.296296,0.5555556],"x":0.5,"y":0.5,"a":0.8925,"m":0,"n":0,"r":0,"g":0,"o":0.5,"t":0.5,"e":0.5}}]},{"b":10,"t1":58,"s":[{"p":[0,0,0.01263028],"r":[0,0,0],"s":[2.40081,1.549353,0.008491286],"c":[0.7308642,0.8888889,0.09876534],"t1":{"c":[0.1234567,0.296296,0.5555556],"x":0.5,"y":0.5,"a":0.8925,"m":0,"n":0,"r":0,"g":0,"o":0.5,"t":0.5,"e":0.5}}]},{"b":10,"t1":58,"s":[{"p":[0,0,0.01917195],"r":[0,0,-1.024528E-05],"s":[2.266372,1.454854,0.008492506],"c":[0.3333332,0.2116401,0.148148],"t1":{"c":[0.1234567,0.296296,0.5555556],"x":0.5,"y":0.5,"a":0.8925,"m":0,"n":0,"r":0,"g":0,"o":0.5,"t":0.5,"e":0.5}}]}]}