{"n":"adventure time wallpaint","v":9,"a":[1,7,21],"p":[{"b":179,"im":"865118133949584654/3379B0EA50F0D452302FC396A169D27D04008BDE/","s":[{"p":[0,0,0],"r":[0,0,2.035555E-13],"s":[7.826743,2.939549,2.609428],"c":[1,1,1]}]}]}