{"n":"glass2","v":9,"a":[7,18],"p":[{"t":14,"s":[{"p":[0,0,0],"r":[0,0,0],"s":[3.502149,0.00530463,2.682415],"c":[0,0,0]}]}]}