{"v":9,"a":[2,3,7,18,31],"p":[{"b":60,"t":7,"c":[[0.45,0.418,-0.45,1,43,16,31],[0.45,0.418,0.45,0,7,54,11],[-0.45,0.418,0.45,6,9,47,14],[-0.45,0.418,-0.45,14,31,18,30],[-0.45,0.774,-0.276,29,9,16,35],[0.45,0.774,0.298,23,1,28,27],[-0.45,0.774,0.298,25,3,27,26],[0.45,0.774,-0.276,22,17,14,33]],"s":[{"p":[0,0,0],"r":[0,0,0],"s":[0.0246205,0.01341421,0.03853959],"c":[0.6666667,0.3597881,0.296296]}]}]}