{"v":9,"p":[{"a":[29],"t1":18,"s":[{"p":[0,0,0],"r":[0,-3.415095E-06,0],"s":[0.1750004,0.1750001,0.1750003],"c":[1,1,1],"t1":{"c":[1,0.8571429,0],"x":0.17,"y":0.17,"a":0.8925,"m":0.5,"n":0.5,"r":0,"g":0,"o":0.5,"t":0.02571988,"e":0.5}}]}]}