{"n":"arm","v":9,"p":[{"b":14,"s":[{"p":[0,0,0],"r":[0,0,0],"s":[0.06000028,0.06000016,0.136287],"c":[0,0.03809492,0.6666667]}]}]}