{"v":9,"p":[{"b":152,"t":1,"s":[{"p":[0,0,0],"r":[0,0,0],"s":[0.08546969,0.004692452,0.08175489],"c":[1,0.8571429,0]}]}]}