{"v":9,"p":[{"b":17,"s":[{"p":[-0.2809893,0.2178076,0.169399],"r":[45.92728,305.3336,260.782],"s":[0.06000007,0.06000003,0.06000004],"c":[0.5555556,0.4938272,0.1234567]}]},{"b":14,"s":[{"p":[-0.2913814,0.251388,0.01477322],"r":[350.2278,186.4482,31.18048],"s":[0.01019697,0.009143,0.09813902],"c":[1,0.936508,0.5555556]}]}]}