{"v":9,"p":[{"b":3,"s":[{"p":[0.0110467,-0.0817479,0.003168659],"r":[77.50977,335.8649,225.922],"s":[0.0152163,0.01461488,0.01062152],"c":[1,0.7206349,0.111111]}]},{"b":57,"s":[{"p":[0.04062443,-0.01252034,-6.823055E-05],"r":[358.3388,6.618588,336.298],"s":[0.01398495,0.3850318,0.01599633],"c":[0.5555556,0.3809522,0]}]}]}