{"v":9,"a":[2],"p":[{"s":[{"p":[0,0,0],"r":[0,0,0],"s":[0.175,0.1750001,0.1750001],"c":[1,1,1]}]},{"b":2,"s":[{"p":[-0.008264484,-0.007893607,0.1502618],"r":[357.751,0.4007458,357.0166],"s":[0.125,0.1250001,0.1250001],"c":[1,1,1]}]}]}