{"v":9,"a":[7],"p":[{"t":2,"t1":6,"t2":59,"s":[{"p":[0,0,0],"r":[0,0,0],"s":[22.72432,0.001000065,19.10115],"c":[0.1523808,0.3333332,0],"t1":{"c":[0.4571427,1,0],"x":0.17,"y":0.17,"a":0.69625,"m":0.5,"n":0.5,"r":0,"g":0,"o":0.5,"t":0.25,"e":0.5},"t2":{"c":[0.6984127,1,0.4444444],"x":0.5,"y":0.5,"a":0.8925,"m":0,"n":0,"r":0,"g":0,"o":0.5,"t":0.5,"e":0.5}}]}]}