{"v":9,"a":[2,3,22],"inc":[["thing","5fd0b8203a9a4728b48273a5"]],"p":[{"b":205,"s":[{"p":[0,0,0],"r":[0,0,0],"s":[0.04500124,0.04500014,0.04500101],"c":[1,1,1],"b":["when triggered then emit thing"]}]}]}