{"v":9,"a":[2,16],"p":[{"s":[{"p":[0,0,0],"r":[0,0,1.067217E-07],"s":[0.1750002,0.1750002,0.1750002],"c":[1,1,1]}]}]}