{"n":"origin","v":9,"a":[7,18,48,54],"p":[{"b":7,"s":[{"p":[0,0,0],"r":[0,0,0],"s":[0.1249948,0.1250171,0.1250058],"c":[1,0.1714284,0]}]},{"b":205,"s":[{"p":[0.001829923,0.05084615,0.01438931],"r":[270,180,0],"s":[0.04499558,0.04500468,0.04501478],"c":[0,0.05714229,1],"b":["when is person.dev then turn thing visible","when starts and is person.dev then turn thing visible"]}]},{"b":18,"a":[19],"e":"[THING NAME]\n[X]\n[Y]\n[Z]","lh":0.75,"s":[{"p":[0.002108218,0.01312363,0.05456817],"r":[0,180,5.008957E-06],"s":[0.002319152,0.002320442,0.002320116],"c":[1,1,1]}]}]}