{"v":9,"p":[{"b":179,"a":[1],"s":[{"p":[0,0,0],"r":[0,0,0],"s":[0.6888987,0.9361707,0.7129001],"c":[1,1,1]}]}]}