{"v":9,"a":[7,18],"p":[{"i":[{"t":"5fd53591353c1f054b8adc06","p":[0.3198548,0.7928162,0.4722365],"r":[1.001791E-05,180,180]},{"t":"5fd53b98dc626728b5914508","p":[0.0246583,0.8698808,0.6164321],"r":[-1.001791E-05,1.628444E-12,-1.423631E-19]},{"t":"5fd53a61c8052e054482855c","p":[-0.3946684,0.9352227,-0.03811665],"r":[90,270,0]},{"t":"5fd53bea14dae71a6aa96618","p":[-0.004547014,0.5283012,-0.1460496],"r":[-1.001791E-05,1.628444E-12,-1.423631E-19]}],"t1":38,"s":[{"p":[0,0,0],"r":[0,0,0],"s":[3.033217,0.03232571,2.516247],"c":[1,0.8253968,0.4444443],"t1":{"c":[0.7777778,0.5259259,0.2592592],"x":0.0195694,"y":0.04090118,"a":0.8925,"m":0,"n":0,"r":0,"g":0,"o":0.5,"t":0.5,"e":0.5}}]}]}