{"v":9,"a":[22,18],"p":[{"b":232,"t":19,"c":[[0.201,-0.193,0,3],[-0.083,-0.087,0,5],[0.066,0.066,0,7],[0.174,-0.161,0,8]],"s":[{"p":[-9.348207E-09,-0.1069307,-2.980233E-07],"r":[0,0,315],"s":[0.2088314,0.2107657,0.2151124],"c":[0.7901235,0.863492,0.8888889]}]},{"b":245,"t":19,"c":[[-0.1,-0.177,0,15],[0.1,-0.177,0,14],[0.149,-0.03,0,20],[-0.1,-0.102,0,21],[-0.132,0.034,0,27],[0.13,0.034,0,26],[-0.148,0.5,0,28],[0.131,0.5,0,25]],"s":[{"p":[-1.233472E-09,-0.0141092,-5.960465E-08],"r":[-1.001791E-05,4.378969E-13,-3.828217E-20],"s":[0.2150402,0.1909256,0.2150433],"c":[0.7901235,0.863492,0.8888889],"b":["when any part touched then send one nearby to doc's home via 7.5s digiscape transfer"]}]}]}