{"v":9,"a":[2,9,21],"p":[{"b":159,"c":[[-0.992,-0.904,-0.271,25,53],[-0.995,1.115,-0.282,60,12],[-1.031,0.838,0.229,75],[-0.979,1.068,-0.037,73],[-0.721,-0.795,-0.749,86,43,38],[-0.268,-0.612,-0.968,125,44],[0.244,-0.84,-0.932,132],[0.702,-0.747,-0.695,142,33,3],[0.836,-0.836,-0.481,141,15,23],[0.969,-0.898,0.293,159],[0.87,-0.957,0.503,34,80,49],[0.847,0.851,0.492,64,49,51],[0.657,-0.853,0.721,32,80],[0.235,-0.794,0.926,30,85]],"s":[{"p":[0.004060119,0.006284564,0.004158397],"r":[2.60899E-06,315,-7.087447E-06],"s":[0.04436557,0.00319811,0.04436025],"c":[0.7777778,0.7283951,0.4320985]}]},{"b":159,"c":[[-0.979,-0.695,-0.22,25,53],[-0.995,1.115,-0.282,60,12],[-1.02,0.885,0.254,75],[-1.023,1.068,-0.106,73],[-0.721,-0.795,-0.749,86,43,38],[-0.268,-0.612,-0.968,125,44],[0.242,-0.717,-0.916,132],[0.702,-0.747,-0.695,142,33,3],[0.836,-0.836,-0.481,141,15,23],[0.969,-0.898,0.293,159],[0.87,-0.957,0.503,34,80,49],[0.847,0.851,0.492,64,49,51],[0.657,-0.853,0.721,32,80],[0.235,-0.794,0.926,30,85],[-0.228,1.287,-0.996,69,52],[0.469,-0.534,-0.834,134,42,1],[0.249,1.052,-0.94,123,20],[-1.035,-0.338,0.259,26,54],[-0.727,1.133,-0.733,67,20,41],[0.403,-0.801,-0.699,4,132],[0.2,-0.633,-0.752,2,131],[-0.021,-0.477,-0.949,124],[-0.022,-0.616,-0.819,1,129],[-0.198,-0.678,-0.767,0,131],[-0.422,-0.602,-0.669,3],[-0.605,-0.736,-0.581,5],[-0.703,-0.833,-0.353,7,76],[-0.772,-0.789,-0.206,9,75],[-0.816,-0.866,0.006,11],[-0.486,-0.742,-0.846,127,41],[0.559,-0.634,-0.527,6],[0.681,-0.707,-0.397,8,150],[0.744,-0.734,-0.224,10,147],[0.769,-0.775,-0.01,12,150]],"s":[{"p":[0.004060673,0.002012816,0.004158698],"r":[1.667459E-06,315,3.467847E-06],"s":[0.05122399,0.005795904,0.05122375],"c":[0.8888889,0.8324515,0.4938272]}]},{"b":159,"v":0,"s":[{"p":[0.004059942,0.01626987,0.004158313],"r":[7.65556E-07,292.5,-3.848709E-06],"s":[0.04436562,0.00319811,0.0443604],"c":[0.7777778,0.7283951,0.4320985]}]},{"b":159,"c":[[-0.992,-0.904,-0.271,25,53],[-0.995,1.115,-0.282,60,12],[-1.02,0.885,0.254,75],[-1.023,1.068,-0.106,73],[-0.721,-0.795,-0.749,86,43,38],[-0.268,-0.612,-0.968,125,44],[0.244,-0.84,-0.932,132],[0.702,-0.747,-0.695,142,33,3],[0.836,-0.836,-0.481,141,15,23],[0.969,-0.898,0.293,159],[0.87,-0.957,0.503,34,80,49],[0.847,0.851,0.492,64,49,51],[0.657,-0.853,0.721,32,80],[0.235,-0.794,0.926,30,85],[-0.228,1.287,-0.996,69,52],[0.469,-0.534,-0.834,134,42,1],[0.249,1.052,-0.94,123,20],[-1.035,-0.338,0.259,26,54],[-0.727,1.133,-0.733,67,20,41]],"s":[{"p":[0.004059535,0.01199774,0.004158358],"r":[8.929935E-07,292.5,4.794151E-06],"s":[0.05122411,0.005795904,0.05122385],"c":[0.8888889,0.8324515,0.4938272]}]},{"b":159,"v":0,"s":[{"p":[0.004060362,0.02595901,0.004158569],"r":[1.963679E-05,-7.315276E-14,-4.268868E-07],"s":[0.04436554,0.003198111,0.04436026],"c":[0.7777778,0.7283951,0.4320985]}]},{"b":159,"v":3,"s":[{"p":[0.004060072,0.02168734,0.00415837],"r":[1.985024E-05,1.77475E-12,1.024528E-05],"s":[0.05122402,0.0057959,0.05122366],"c":[0.8888889,0.8324515,0.4938272]}]},{"b":159,"v":0,"s":[{"p":[0.004059716,0.03589421,0.004158236],"r":[6.979859E-06,337.5,-9.766944E-06],"s":[0.04436568,0.00319811,0.04436031],"c":[0.7777778,0.7283951,0.4320985]}]},{"b":159,"v":0,"s":[{"p":[0.004059779,0.04554452,0.004158318],"r":[2.60899E-06,315,-7.087447E-06],"s":[0.04436557,0.00319811,0.04436025],"c":[0.7777778,0.7283951,0.4320985]}]},{"b":159,"v":3,"s":[{"p":[0.004059945,0.0412728,0.004158255],"r":[1.667459E-06,315,3.467847E-06],"s":[0.05122399,0.005795904,0.05122375],"c":[0.8888889,0.8324515,0.4938272]}]},{"b":159,"v":3,"s":[{"p":[0.004060303,0.03162246,0.004158423],"r":[6.46651E-06,337.5,7.811689E-07],"s":[0.05122409,0.005795903,0.05122378],"c":[0.8888889,0.8324515,0.4938272]}]},{"b":159,"v":0,"s":[{"p":[0.003562346,0.05595854,0.00425669],"r":[359.597,321.5008,0.5607615],"s":[0.0443655,0.003198108,0.04436021],"c":[0.7777778,0.7283951,0.4320985]}]},{"b":159,"v":3,"s":[{"p":[0.003576232,0.05168705,0.004306166],"r":[359.597,321.5008,0.5607719],"s":[0.05122397,0.005795901,0.05122361],"c":[0.8888889,0.8324515,0.4938272]}]},{"b":172,"s":[{"p":[0.01905893,0.05956613,-0.003894881],"r":[0.6815323,186.5022,359.8885],"s":[0.003147688,0.002289175,0.005209853],"c":[0.9904761,1,0.6666666]}]},{"b":172,"s":[{"p":[-0.002303977,0.0595234,0.008681944],"r":[0.5869784,164.001,359.6362],"s":[0.003147858,0.002289248,0.005210104],"c":[0.9904761,1,0.6666666]}]},{"b":201,"a":[22],"s":[{"p":[0.002855822,-0.002692708,0.0039877],"r":[358.8929,111.3621,0.5919287],"s":[0.02913358,0.0009448974,0.02913412],"c":[1,1,1]}]},{"b":146,"s":[{"p":[0.002965545,-0.002696008,0.004268608],"r":[359.5385,93.40331,270.4654],"s":[0.006863577,0.02939354,0.02939409],"c":[1,1,1]}]},{"b":3,"s":[{"p":[-0.04462566,0.0367043,-0.02672977],"r":[278.7325,238.2202,283.1754],"s":[0.003319921,0.00775856,0.01148597],"c":[0,0,0],"b":["when starts then become next in 17"]},{"p":[-0.04462566,0.0367043,-0.02672977],"r":[278.7325,238.2202,283.1754],"s":[0.003319921,0.00775856,0.01148597],"c":[0,0,0],"b":["when starts then become next in .1"]},{"p":[-0.04265707,0.0298682,-0.0270898],"r":[278.2797,222.3596,296.1893],"s":[0.003319927,0.007758569,0.001064662],"c":[0,0,0],"b":["when starts then become next in .1"]}]},{"b":3,"s":[{"p":[-0.04200798,0.04683116,-0.0266169],"r":[270,337.5,0],"s":[0.004949674,0.013657,0.02438154],"c":[1,1,1],"b":["when starts then become next in 17"]},{"p":[-0.04200798,0.04683116,-0.0266169],"r":[270,337.5,0],"s":[0.004949674,0.013657,0.02438154],"c":[1,1,1],"b":["when starts then become next in .1"]},{"p":[-0.04002709,0.03060819,-0.0267824],"r":[274.5807,102.5414,234.8747],"s":[0.004949664,0.01365701,0.004326344],"c":[1,1,1],"b":["when starts then become next in .1"]}]},{"b":3,"s":[{"p":[-0.04920398,0.04515734,0.01288065],"r":[270,2.414836E-05,0],"s":[0.004948677,0.01365406,0.02437356],"c":[1,1,1],"b":["when starts then become next in 17"]},{"p":[-0.04920398,0.04515734,0.01288065],"r":[270,2.414836E-05,0],"s":[0.004948677,0.01365406,0.02437356],"c":[1,1,1],"b":["when starts then become next in .1"]},{"p":[-0.0474168,0.02707982,0.01180015],"r":[274.3116,78.13303,282.8796],"s":[0.004948675,0.01365406,0.004609422],"c":[1,1,1],"b":["when starts then become next in .1"]}]},{"b":3,"s":[{"p":[-0.05145778,0.03499519,0.01301554],"r":[280.6836,290.566,252.6502],"s":[0.003319928,0.007758567,0.01148597],"c":[0,0,0],"b":["when starts then become next in 17"]},{"p":[-0.05145778,0.03499519,0.01301554],"r":[279.0265,261.9045,278.158],"s":[0.00331993,0.007758569,0.01148598],"c":[0,0,0],"b":["when starts then become next in .1"]},{"p":[-0.04962344,0.02743023,0.01160103],"r":[275.5143,248.2505,291.098],"s":[0.003319927,0.007758571,0.001351884],"c":[0,0,0],"b":["when starts then become next in .1"]}]},{"b":5,"t":1,"sa":103,"s":[{"p":[0.005023279,0.06383687,0.003899525],"r":[272.8062,87.97911,10.37403],"s":[0.007652058,0.007651491,0.01434262],"c":[0.7777778,0.7777778,0.7777778]}]},{"b":5,"t":1,"sa":103,"s":[{"p":[0.005172925,0.06689949,0.003904649],"r":[272.8063,87.97914,10.374],"s":[0.001000064,0.001000055,0.01954792],"c":[0.7777778,0.7777778,0.7777778]}]},{"b":36,"t":1,"s":[{"p":[0.006552036,0.08056034,0.008753759],"r":[0.5051358,8.340942,87.23958],"s":[0.01054008,0.01053996,0.0105345],"c":[0.7777778,0.7777778,0.7777778]}]},{"b":36,"t":1,"s":[{"p":[0.007049106,0.09071001,0.008771311],"r":[272.8062,87.97911,10.37403],"s":[0.01054053,0.01054055,0.01053489],"c":[0.7777778,0.7777778,0.7777778]}]},{"b":36,"t":1,"s":[{"p":[0.00557874,0.09148741,-0.001485357],"r":[359.4949,188.341,272.7604],"s":[0.01054222,0.01054199,0.01053841],"c":[0.7777778,0.7777778,0.7777778]}]}]}