{"v":9,"a":[7,12,13,18],"p":[{"t":2,"s":[{"p":[0,0,0],"r":[0,0,0],"s":[0.001000062,3.321823,2.326421],"c":[0,0,0]}]},{"t":2,"a":[34],"s":[{"p":[0.5436182,-1.488536,7.152557E-07],"r":[0,0,90],"s":[0.001000306,3.322625,2.326878],"c":[0,0,0]}]},{"t":2,"s":[{"p":[1.08655,-2.384186E-07,1.096925],"r":[6.171555E-06,90,-1.162597E-06],"s":[0.001000138,3.322023,2.326581],"c":[0,0,0]}]},{"t":2,"s":[{"p":[1.086551,0,-0.9911448],"r":[6.171555E-06,90.00001,-1.162596E-06],"s":[0.001000413,3.322981,2.327241],"c":[0,0,0]}]}]}