{"n":"gramsse","v":9,"a":[7],"p":[{"b":9,"t":18,"t1":158,"t2":74,"s":[{"p":[0,0,0],"r":[0,0,0],"s":[2.277888,2.415508,0.2759598],"c":[0.1142855,1,0],"t1":{"c":[1,0,0],"x":0.5,"y":0.5,"a":0.8925,"m":0,"n":0,"r":0,"g":0,"o":0.5,"t":0.5,"e":0.5},"t2":{"c":[1,0,0],"x":0.5,"y":0.5,"a":0.8925,"m":0,"n":0,"r":0,"g":0,"o":0.5,"t":0.5,"e":0.5}}]}]}