{"v":9,"a":[7,18],"p":[{"b":205,"a":[8,36],"s":[{"p":[0,0,0],"r":[0,0,0],"s":[0.04500551,0.04500208,0.04500534],"c":[1,1,1],"b":["when told by any stcs then become untweened 2 in 10"]},{"p":[0,0,0],"r":[0,0,0],"s":[0.04500551,0.04500208,0.04500534],"c":[1,1,1],"b":["when starts then become next in 9"]},{"p":[1.192093E-07,1.192093E-07,-1.067035],"r":[0,0,1.001791E-05],"s":[0.04501288,0.04500445,0.04501051],"c":[1,1,1],"b":["when starts then become untweened 4 "]},{"p":[1.192093E-07,1.192093E-07,-1.067035],"r":[0,0,1.001791E-05],"s":[0.04501288,0.04500445,0.04501051],"c":[1,1,1],"b":["when told by any bc1 then become untweened 1","when starts then tell any lghf"]}]}]}