{"n":"at","v":9,"a":[22],"p":[{"b":22,"t":2,"e":"A N Y L A N D\nT O N I G H T","lh":0.8,"s":[{"p":[0,0,0],"r":[0,0,0],"s":[0.04219356,0.04219369,0.04219332],"c":[0.3104056,0.1975306,0.4444443]}]}]}