{"v":9,"a":[7,18],"p":[{"t1":77,"s":[{"p":[0,0,0],"r":[0,0,0],"s":[97.70626,0.03080239,69.98603],"c":[0.385185,0.6666667,0.148148],"t1":{"c":[0.2031745,0.4444444,0],"x":0.01136279,"y":0.016433,"a":0.8925,"m":0,"n":0,"r":0,"g":0,"o":0.5,"t":0.5,"e":0.5}}]}]}