{"v":9,"a":[7,18],"p":[{"b":225,"c":[[0.49,-0.507,-0.043,4,65],[0.461,0.516,-0.492,10,11],[0.494,0.501,0.544,2,20],[0.473,-0.488,-0.479,8,58,-3],[0.486,0.49,-0.479,25,5,7],[0.366,0.503,0.652,11,23],[0.482,-0.488,0.513,31,-30,72],[0.458,0.518,-0.499,54,5],[0.5,0.467,0.237,70,6],[0.49,0.485,0.535,26],[0.458,0.498,-0.495,62,5,15],[0.485,-0.509,-0.234,65,-59],[0.484,0.507,0.169,60],[0.447,0.484,0.532,32,40,3],[0.422,0.482,-0.24,64,16],[0.487,0.463,0.204,68,10]],"s":[{"p":[0,0,0],"r":[0,0,0],"s":[0.1809815,0.4518985,0.2716918],"c":[1,1,1]}]},{"b":139,"e":"YES HOMO","s":[{"p":[0.1006511,0.05204391,0.06969357],"r":[-5.122642E-06,270,270],"s":[0.003624358,0.003624096,0.003624356],"c":[0,0,0]}]}]}