{"v":9,"p":[{"b":195,"t":10,"s":[{"p":[16.04229,2.219762,-2.488007],"r":[12.41415,338.6458,17.13446],"s":[0.8404142,0.655581,0.6623954],"c":[0,0,0]}]},{"b":195,"t":10,"s":[{"p":[0.1837117,0.5534723,0.2281729],"r":[0.272334,1.607533,349.2526],"s":[0.5055754,0.6894433,0.5687095],"c":[0,0,0]}]},{"b":195,"t":10,"s":[{"p":[0.5937517,0.2249571,1.248457],"r":[20.15074,299.1943,341.3264],"s":[0.3469407,0.5351034,0.4401721],"c":[0,0,0]}]}]}