{"v":9,"a":[7,18,20,21,48],"p":[{"b":8,"t":7,"a":[36],"i":[{"t":"5fa2524a27de33053318b718","p":[-1.310471,3.334109,-8.448656],"r":[0,0,22.5]},{"t":"5fa3d85bfe99c863186d3fe2","p":[21.77398,-9.954247,-10.82218],"r":[0,180,202.5]}],"s":[{"p":[0,0,0],"r":[0,0,0],"s":[0.4204302,0.4203528,0.4203513],"c":[0.285714,1,0],"b":["when told by any whitedown  then become next in 2"]},{"p":[0,-7.629395E-06,53.314],"r":[0,0,1.001791E-05],"s":[0.4202597,0.421046,0.4205407],"c":[0.2857138,1,0],"b":["when told by any whiteup then become next in 2"]}]}]}