{"v":9,"a":[7,18],"p":[{"b":8,"t":7,"a":[36],"i":[{"t":"5fe99966ef4cdb3662a0a247","p":[22.64376,-14.73491,-0.2578659],"r":[336.4667,273.2181,295.3154]},{"t":"5fe9969995a51c4565a8c294","p":[5.045829,-27.81359,-1.8301],"r":[90,-9.659345E-06,0]},{"t":"5fe9c0a01dcacc178438fc6a","p":[6.861856,-11.25293,8.077745],"r":[28.61705,325.7426,250.8593]}],"s":[{"p":[-9.536743E-07,0,-18.35273],"r":[0,0,0],"s":[0.7985864,0.7985911,14.68783],"c":[0,0,0],"b":["when told by any blackup then become next in 4"]},{"p":[0,0,0],"r":[0,0,0],"s":[0.7629988,0.7629994,0.7629992],"c":[0,0,0],"b":["when told by any blackdown then become next in 4"]}]}]}