{"v":9,"a":[21],"p":[{"b":195,"sa":0,"s":[{"p":[0,0,0],"r":[0,0,0],"s":[2.440284,2.135661,2.440277],"c":[0,0,0]}]}]}