{"v":9,"p":[{"b":195,"t":10,"s":[{"p":[16.88009,2.378784,-3.768404],"r":[28.49712,342.1088,3.588692],"s":[2.078141,0.8411339,0.6445048],"c":[0,0,0]}]},{"b":195,"t":10,"s":[{"p":[10.61281,1.481507,-6.964355],"r":[59.42676,236.6899,259.4536],"s":[0.2821428,0.4539875,0.20535],"c":[0,0,0]}]}]}