{"v":9,"p":[{"b":195,"sa":0,"s":[{"p":[0,0,0],"r":[0,0,0],"s":[2.202695,0.7219431,1.675862],"c":[0,0,0]}]}]}