{"v":9,"p":[{"s":[{"p":[0,0,0],"r":[0,0,0],"s":[0.03845043,0.04251584,1.199068],"c":[0.3333332,0.3015872,0.111111]}]}]}