{"n":"cloud rot","v":9,"a":[7,18,21],"p":[{"b":2,"t":7,"a":[12],"i":[{"t":"5fed60ae3ecfaa5754ab7628","p":[-14.78669,-2.530156,135.4077],"r":[5.008957E-06,89.99999,180]}],"s":[{"p":[0,0,0],"r":[0,0,0],"s":[0.3228556,0.3228441,0.9914311],"c":[0.5555556,0.4779541,0.3086419],"b":["when starts then set constant rotation to 0 3 0"]}]}]}