{"n":"jadi island","v":9,"a":[7],"p":[{"b":157,"t1":4,"s":[{"p":[0,0,0],"r":[0,0,6.157171E-14],"s":[3.507654,1.914639,3.872822],"c":[0.2328041,0.4444443,0.148148],"t1":{"c":[0.4465609,0.6666667,0.07407404],"x":0.17,"y":0.17,"a":0.69625,"m":0.5,"n":0.5,"r":0,"g":0,"o":0.5,"t":0.5,"e":0.5}}]}]}