{"v":9,"a":[7,18],"p":[{"b":8,"t":7,"a":[36],"i":[{"t":"5feabcd195a51c4565a8c2b4","p":[3.095547,-29.17355,0.6982927],"r":[0,0,8.537737E-06]}],"s":[{"p":[-0.05179548,0,-18.70211],"r":[0,0,8.537737E-06],"s":[0.3165899,0.3169508,14.00748],"c":[0,0,0],"b":["when told by any blackup then become next in 4"]},{"p":[0,0,0],"r":[0,0,0],"s":[0.3165603,0.3165564,0.3165616],"c":[0,0,0],"b":["when told by any blackdown then become next in 4"]}]}]}