{"v":9,"a":[7,18],"p":[{"b":8,"t":7,"a":[36],"i":[{"t":"5feab50ccc9d0f5760dccf87","p":[2.666132,-33.77299,-1.981226],"r":[7.872134,244.8221,350.2376]},{"t":"5feab4e13ecfaa5754ab75ed","p":[4.731384,-36.52362,-0.748363],"r":[30.8093,251.0154,344.7366]}],"s":[{"p":[0,9.536743E-07,-7.201316],"r":[0,0,8.537737E-06],"s":[1.060128,0.5168529,5.160213],"c":[0,0,0],"b":["when told by any blackup then become next in 4"]},{"p":[0,0,0],"r":[0,0,0],"s":[0.5375856,0.5167277,5.321887],"c":[0,0,0],"b":["when told by any blackdown then become next in 4"]}]}]}