{"v":9,"p":[{"a":[1],"s":[{"p":[0,0,0],"r":[0,0,0],"s":[0.7486737,0.001,0.4634204],"c":[0,0,0]}]}]}