{"v":9,"a":[12,48,49],"p":[{"b":2,"i":[{"t":"5ff1998975b38c455dbdc274","p":[0.2333284,2.09723,-1.281494],"r":[352.709,271.9653,307.7754]}],"s":[{"p":[0,0,0],"r":[348.8075,1.141341,359.9555],"s":[0.6282539,0.1250003,0.1239315],"c":[1,1,1],"b":["when starts then become next in 3"]},{"p":[0,0,0],"r":[22.37604,357.5825,359.3857],"s":[0.4729295,0.1250003,0.1250011],"c":[1,1,1],"b":["when starts then become next in 2.5"]}]}]}