{"v":9,"a":[20,31],"p":[{"b":249,"t":11,"s":[{"p":[0,0,0],"r":[0,0,1.334021E-06],"s":[9.544296,9.544296,9.544296],"c":[1,1,1],"b":["when starts then become next in 23"]},{"p":[0,0,0],"r":[0,0,1.334021E-06],"s":[26.38828,26.38828,26.38828],"c":[1,1,1],"b":["when starts then become next in 14"]}]}]}