{"v":9,"a":[7,18],"p":[{"t":1,"s":[{"p":[0,0,0],"r":[0,0,0],"s":[0.3881745,0.6131522,2.03039],"c":[0.4444443,0.4444443,0.4444443]}]}]}