{"v":9,"a":[20,48,49],"p":[{"b":2,"t":7,"a":[36],"i":[{"t":"5ff14226c1fdfc17859b02cd","p":[23.72346,-8.510742,86.68104],"r":[334.6328,320.5841,68.49312]}],"s":[{"p":[-9.208703,0.07170868,3.727284],"r":[359.3363,284.0374,352.6059],"s":[0.09022912,0.1250009,0.2506192],"c":[0.5555556,0.5555556,0.5555556],"b":["when told by any grayup then become next in 2.1"]},{"p":[0,0,0],"r":[0,0,0],"s":[0.09022871,0.1250006,0.2506186],"c":[0.5555556,0.5555556,0.5555556],"b":["when told by any graydown then become next in 2.6"]}]}]}