{"v":9,"a":[20,48,49],"p":[{"b":2,"t":7,"a":[36],"i":[{"t":"5ff143f93a53450552d69a1a","p":[11.74347,-0.1770708,73.87796],"r":[12.07939,314.7645,117.8135]}],"s":[{"p":[-0.8993896,-0.0191707,-0.2767998],"r":[358.7085,280.3507,0.8155072],"s":[0.09022878,0.1250007,0.2506188],"c":[0.5555556,0.5555556,0.5555556],"b":["when told by any grayup then become next in 3.5"]},{"p":[0,0,0],"r":[0,0,0],"s":[0.09022871,0.1250006,0.2506186],"c":[0.5555556,0.5555556,0.5555556],"b":["when told by any graydown then become next in 4"]}]}]}