{"v":9,"a":[2,3],"p":[{"s":[{"p":[0.1950744,0.1233871,0.1167666],"r":[5.190949,20.89911,192.5974],"s":[0.3896464,0.1752225,0.06706513],"c":[1,1,1]}]},{"b":5,"s":[{"p":[0.3931207,-0.2435211,0.4606434],"r":[34.70484,28.57585,47.02549],"s":[0.02833584,0.02833583,1.275879],"c":[1,1,1]}]},{"b":5,"a":[5],"s":[{"p":[0.1855676,0.2064645,0.127748],"r":[12.2142,290.0139,324.8789],"s":[0.01950959,0.01950954,0.4601959],"c":[1,1,1],"b":["when triggered then become 2","when starts then set attract 0"]},{"p":[0.1855676,0.2064645,0.127748],"r":[12.2142,290.0139,324.8789],"s":[0.01950959,0.01950954,0.4601959],"c":[1,1,1],"b":["when starts then become 1 in 1s","when starts then set attract 10"]}]}]}