{"v":9,"a":[2],"p":[{"s":[{"p":[0,0,0],"r":[0,0,0],"s":[0.02177799,0.05391809,0.04972529],"c":[1,1,1]}]}]}