{"v":9,"a":[7,31,48,49],"p":[{"t":21,"s":[{"p":[0,0,0],"r":[0,0,0],"s":[0.05205155,0.05205272,0.05205304],"c":[0,0,0]}]}]}