{"v":9,"a":[7,14,18,19,31],"p":[{"b":62,"t":2,"t1":167,"s":[{"p":[0,0,0],"r":[0,0,0],"s":[0.0703831,0.07038206,0.1310588],"c":[0.4444443,0.3358023,0.09876534],"b":["when consumed then destroy all parts","when consumed then play metallic beep with 30"],"t1":{"c":[0.6666667,0.4571427,0],"a":0.5675914}}]},{"b":57,"t":2,"t1":167,"s":[{"p":[0,0,0],"r":[90,-9.659345E-06,0],"s":[0.03558762,0.03558347,0.03558674],"c":[0.4444443,0.3358023,0.09876534],"t1":{"c":[0.6666667,0.4571427,0],"a":0.5631458}}]},{"b":57,"t":2,"t1":167,"s":[{"p":[7.450581E-09,0,0.02902687],"r":[90,-9.659345E-06,0],"s":[0.02224607,0.02223472,0.02224565],"c":[0.4444443,0.3358023,0.09876534],"t1":{"c":[0.6666667,0.4571427,0],"a":0.3281982}}]},{"b":57,"t":2,"t1":167,"s":[{"p":[7.450581E-09,-5.960464E-08,-0.03417939],"r":[90,0,0],"s":[0.02224607,0.02223472,0.02224565],"c":[0.4444443,0.3358023,0.09876534],"t1":{"c":[0.6666667,0.4571427,0],"a":0.3419362}}]}]}