{"v":9,"a":[48,49],"p":[{"b":2,"t":7,"a":[36],"i":[{"t":"5ff1417b3a53450552d69a16","p":[18.94425,1.222964,79.71584],"r":[349.278,341.5505,15.46633]}],"s":[{"p":[-17.20263,-0.7947769,1.945454],"r":[356.649,287.1946,0.6824571],"s":[0.09022897,0.1250007,0.2506191],"c":[0.5555556,0.5555556,0.5555556],"b":["when told by any grayup then become next in 2.5"]},{"p":[0,0,0],"r":[0,0,0],"s":[0.09022871,0.1250006,0.2506186],"c":[0.5555556,0.5555556,0.5555556],"b":["when told by any graydown then become next in 3"]}]}]}