{"n":"innerd","v":9,"a":[7,13,18,20,21,23],"p":[{"b":5,"t":9,"a":[5,14],"t1":28,"s":[{"p":[0,0,0],"r":[0,0,0],"s":[14.12829,14.14125,0.6616221],"c":[0,0,0],"b":["when starts then set constant rotation to 0 0 0.3"],"t1":{"c":[0.3950617,0.4444444,0.4444444],"x":0.5,"y":0.5,"a":0,"m":0,"n":0,"r":0,"g":0,"o":0.5,"t":0.5,"e":0.5}}]}]}