{"v":9,"p":[{"b":46,"s":[{"p":[0,0,0],"r":[0,0,-1.173939E-06],"s":[0.1250001,0.1250001,0.1250002],"c":[1,1,1]}]},{"b":46,"s":[{"p":[-0.2462135,0.03301291,0.333099],"r":[325.9617,270.6324,41.42374],"s":[0.1250004,0.1250002,0.1250003],"c":[1,1,1]}]},{"b":46,"s":[{"p":[-0.130972,-0.02760881,0.1029024],"r":[346.821,312.3988,27.88091],"s":[0.1250005,0.1250004,0.1250003],"c":[1,1,1]}]}]}