{"v":9,"a":[22,12,18,21],"p":[{"t":19,"i":[{"t":"5ffe969496d2e10547791228","p":[-0.007804129,0.09918953,-5.915031],"r":[-3.415095E-06,270,90.00002]}],"s":[{"p":[0,0,0],"r":[-1.500039E-27,-8.142219E-13,-2.111117E-13],"s":[1.02302,0.3233283,14.05918],"c":[0.8888889,0.6095237,0]}]},{"b":65,"t":19,"i":[{"t":"5ffe96cee328580550c5d093","p":[-2.445031,0.000252232,-2.416222],"r":[15.04872,13.1939,271.2208]}],"s":[{"p":[-0.02256515,0.1224369,9.322845],"r":[1.837527E-06,225,2.761645E-06],"s":[3.238261,0.1817294,3.237968],"c":[0.8888889,0.6095237,0]}]},{"b":3,"s":[{"p":[3.414863,0.1226892,9.302475],"r":[15.04875,238.1939,271.2208],"s":[0.1250007,0.1250002,0.1250007],"c":[1,1,1]}]},{"b":3,"s":[{"p":[3.414861,0.1226892,9.302475],"r":[15.04872,238.1939,271.2208],"s":[0.1250007,0.1250002,0.1250007],"c":[1,1,1]}]}]}