{"v":9,"p":[{"s":[{"p":[0.003488105,-0.2463872,-0.07047911],"r":[20.03762,357.8115,326.6495],"s":[0.001,0.5967574,0.4848368],"c":[1,1,1]}]}]}