{"v":9,"a":[1,2,15],"p":[{"b":8,"s":[{"p":[0,0,0],"r":[0,0,4.268868E-07],"s":[0.01419845,0.01797678,0.03320237],"c":[1,1,1]}]}]}