{"v":9,"a":[7,12,18,20],"p":[{"t":19,"s":[{"p":[0,0,0],"r":[0,0,0],"s":[0.1750097,0.1750129,29.98601],"c":[0.8888889,0.6095237,0],"b":["when starts then all parts face nearest oila"]}]}]}