{"v":9,"a":[7,18],"p":[{"b":8,"t":7,"a":[12,37,36],"i":[{"t":"5ffe9157d8561e054e8c5c2e","p":[32.06276,29.91319,0.589304],"r":[270,180,0]},{"t":"5ffa56016be9b67d551cb74c","p":[-37.6247,-56.28699,0.2603226],"r":[22.50001,270,270]}],"s":[{"p":[-91.77548,0,0],"r":[0,0,0],"s":[1.159611,0.376645,0.6328929],"c":[1,0.6857142,0],"b":["when told by any orangeup then become next in 5"]},{"p":[0,0,0],"r":[0,0,0],"s":[1.158875,0.3764334,0.6326208],"c":[1,0.6857142,0],"b":["when told by any orangedown then become next in 1.4"]}]}]}