{"v":9,"p":[{"s":[{"p":[0,0,0],"r":[0,0,-3.415094E-06],"s":[0.001000005,0.5253363,0.5064268],"c":[1,1,1]}]}]}