{"v":9,"a":[7,18,20],"p":[{"b":8,"t":7,"a":[36],"i":[{"t":"600390820002c1304ecbec26","p":[14.98691,-70.26552,1.194061],"r":[-1.674738E-06,-3.331261E-07,202.5]},{"t":"6003ac839756070557b0385b","p":[26.52738,-163.2841,17.41263],"r":[3.415095E-06,270,90.00001]},{"t":"6003b05c207d8521365d4a5a","p":[-18.04733,-52.7087,11.56386],"r":[3.415095E-06,270,90.00001]}],"s":[{"p":[0,-0.0396843,0],"r":[90,-9.659346E-06,0],"s":[0.03729784,0.4380222,0.2454398],"c":[0,0.3999994,1],"b":["when told by any blueup then become next in 4.6"]},{"p":[0,0,0],"r":[0,0,0],"s":[0.03729718,0.4380227,0.2454343],"c":[0,0.3999993,1],"b":["when told by any bluedown then become next in 2.3"]}]}]}