{"v":9,"a":[5,22,20,49],"p":[{"a":[5,11],"t1":13,"s":[{"p":[0,0,0],"r":[0,0,0],"s":[11.95475,14.21774,0.06320773],"c":[0,0.1269839,0.5555556],"b":["when starts then become next in 40s"],"t1":{"c":[0.1111111,0.3142855,1],"x":0.06100595,"y":0.09283642,"a":0.8253904,"m":0.5074691,"n":0.5119828,"r":0.2668613,"g":1,"o":0,"t":0.2851406,"e":0.548934}},{"p":[0,0,0],"r":[0,0,0],"s":[11.95475,14.21774,0.06320773],"c":[0,0.1269839,0.5555556],"b":["when starts then become next in 0,1s"],"t1":{"c":[0.1111111,0.3142855,1],"x":0.2156551,"y":0.09283642,"a":0.8828145,"m":0.5596594,"n":0.5483029,"r":0.272007,"g":0.7166345,"o":1,"t":0.2920904,"e":0.5785267}}]}]}