{"v":9,"a":[22],"p":[{"a":[5,11,37],"t1":13,"s":[{"p":[0,0,0],"r":[0,0,0],"s":[137.5842,214.3206,0.08248089],"c":[0,0.1269839,0.5555556],"b":["when starts then become next in 20s"],"t1":{"c":[0.2222221,0.3999999,1],"x":0.04140472,"y":0.03151314,"a":0.8611852,"m":0.2079563,"n":0.3352356,"r":0,"g":0.0288353,"o":0.02845001,"t":0.01025772,"e":0.5}},{"p":[0,0,0],"r":[0,0,0],"s":[137.5842,214.3206,0.08248089],"c":[0,0.1269839,0.5555556],"b":["when starts then become 1 in 20s"],"t1":{"c":[0.2222221,0.3999999,1],"x":0.04140472,"y":0.03151314,"a":0.9347402,"m":0.2079563,"n":0.3352356,"r":0,"g":0.5525284,"o":0.3718128,"t":0.2877998,"e":0.4402981}},{"p":[0,0,0],"r":[0,0,0],"s":[137.5842,214.3206,0.08248089],"c":[0,0.1269839,0.5555556],"t1":{"c":[0.2222221,0.3999999,1],"x":0.03866577,"y":0.03777878,"a":0.3813287,"m":0.2079563,"n":0.3352356,"r":0,"g":0.2290306,"o":0.08638573,"t":0.01116371,"e":0.5}}]}]}