{"v":9,"a":[22,18],"p":[{"b":5,"t1":161,"s":[{"p":[0,0,0],"r":[0,0,0],"s":[0.1000545,0.1000793,1.599532],"c":[0,0,0],"b":["when starts then become next in 30s"],"t1":{"c":[1,0.8571429,0],"x":0.5,"y":0.1429489,"a":1,"m":0,"n":1,"r":0,"g":1,"o":0.5,"t":0.5,"e":0.5}},{"p":[0,0,0],"r":[0,0,0],"s":[0.1000545,0.1000793,1.599532],"c":[0,0,0],"b":["when starts then become next in 30s"],"t1":{"c":[1,0.8571429,0],"x":0.5,"y":0.1429489,"a":1,"m":0,"n":0,"r":0,"g":1,"o":0.5,"t":0.5,"e":0.5}}]},{"b":5,"t":2,"s":[{"p":[-0.0004504651,-0.004572153,-0.6084281],"r":[-8.373686E-07,180,337.5],"s":[0.1474486,0.147475,0.0187333],"c":[0.9714286,1,0]}]}]}