{"v":9,"a":[20,31,49],"p":[{"b":35,"s":[{"p":[-0.6287255,-0.01667482,-0.1188672],"r":[6.952541,355.7617,3.884785],"s":[1.897345,0.925515,0.9255151],"c":[0.3333332,0.2634919,0.111111]}]},{"b":16,"a":[36],"s":[{"p":[0.3706286,-0.07308286,0.3318228],"r":[78.95959,188.0154,103.1563],"s":[0.02521139,0.02520859,0.02521265],"c":[0.4444442,0.320282,0.04938257],"b":["when told by any brownup then become next in 5.4"]},{"p":[0.3706286,-0.07308286,0.3318228],"r":[78.95959,188.0154,103.1563],"s":[0.001,0.001,0.001],"c":[0.4444442,0.320282,0.04938257],"b":["when starts then become next in 0.6"]},{"p":[0.3706286,-0.07308286,0.3318228],"r":[78.95959,188.0154,103.1563],"s":[0.7404143,0.7404115,0.7404156],"c":[0.4444443,0.320282,0.0493826],"b":["when told by any browndown then become next in 1"]}]}]}