{"v":9,"a":[22,20,31,49],"p":[{"b":35,"s":[{"p":[-3.842434,-0.1019356,-0.7264265],"r":[6.952549,355.7617,3.884826],"s":[11.59559,5.656282,5.656326],"c":[0.3333332,0.2634919,0.111111]}]},{"b":16,"a":[36],"s":[{"p":[2.265088,-0.4466995,2.027939],"r":[78.95967,188.0152,103.1562],"s":[0.4016239,0.4016034,0.4016258],"c":[0.4444442,0.320282,0.04938257],"b":["when told by any brownup then become next in 5.3"]},{"p":[2.265088,-0.4466995,2.027939],"r":[78.95967,188.0152,103.1562],"s":[0.001,0.001,0.001],"c":[0.4444442,0.320282,0.04938257],"b":["when starts then become next in 0.6"]},{"p":[2.265088,-0.4466995,2.027939],"r":[78.95967,188.0153,103.1563],"s":[4.525011,4.524991,4.525013],"c":[0.4444443,0.320282,0.0493826],"b":["when told by any browndown then become next in 1"]}]}]}