{"v":9,"a":[7,18],"p":[{"s":[{"p":[-0.1946293,-0.4741859,3.349528],"r":[1.001791E-05,90.00001,1.628444E-12],"s":[2.465654,0.1061281,0.7743181],"c":[0.4571431,0,1]}]}]}