{"v":9,"a":[22,18],"p":[{"b":53,"a":[23],"c":[[0.466,2.208,0.808,20,3,36],[0.466,2.208,-0.808,12,3,42],[0.932,2.208,0,16,3,39]],"s":[{"p":[-0.01032262,0.1966479,-0.09299281],"r":[1.707547E-06,225,315],"s":[0.1350804,0.02306468,0.04847516],"c":[0.6666667,0.6666667,0.6666667]}]},{"b":53,"t":2,"t1":13,"t2":13,"c":[[0.466,2.208,0.808,20,3,36],[0.466,2.208,-0.808,12,3,42],[0.932,2.208,0,16,3,39]],"sa":70,"s":[{"p":[-0.01255658,0.1966479,-0.09075886],"r":[1.707547E-06,225,315],"s":[0.1190976,0.02306941,0.04058456],"c":[0,1,0.2285714],"b":["when starts then become next in 0.02s"],"t1":{"c":[0,0.05714262,1],"x":0.17,"y":0.17,"a":1,"m":0.5,"n":0.5,"r":0,"g":0.8259146,"o":0.5,"t":0.004644871,"e":0.5},"t2":{"c":[1,0.1714285,0],"x":0.17,"y":0.17,"a":0.8925,"m":0.5,"n":0.5,"r":0,"g":0,"o":0.5,"t":0.01210952,"e":0.5}},{"p":[-0.01255658,0.1966479,-0.09075886],"r":[8.537737E-07,225,315],"s":[0.1190976,0.02306941,0.04058456],"c":[0,1,0.2285714],"b":["when starts then become next in 0.03s"],"t1":{"c":[0,0.05714262,1],"x":0.17,"y":0.17,"a":1,"m":0.5,"n":0.5,"r":0,"g":0.8259146,"o":0.5,"t":0.004644871,"e":0.5},"t2":{"c":[1,0.1714285,0],"x":0.17,"y":0.17,"a":0.8925,"m":0.5,"n":0.5,"r":0,"g":0,"o":0.5,"t":0.0002641678,"e":0.5}}]}]}