{"v":9,"a":[5,7,13,18],"p":[{"t":1,"s":[{"p":[0,0,0],"r":[4.07111E-13,-1.446349E-27,-4.07111E-13],"s":[4.830679,0.8373882,0.5377015],"c":[0.6285716,0,1]}]}]}