{"v":9,"p":[{"b":196,"t":11,"s":[{"p":[0,0,0],"r":[0,0,1.707547E-06],"s":[0.03947191,0.0765513,0.05510835],"c":[0.2222218,0.2222218,0.2222218]}]},{"b":196,"t":11,"s":[{"p":[-0.02765899,0.06473778,-0.003457926],"r":[0.9915791,356.5421,2.205436],"s":[0.02521032,0.05280659,0.03821798],"c":[0.2222218,0.2222218,0.2222218]}]}]}