{"v":9,"p":[{"b":196,"t":11,"s":[{"p":[0,0,0],"r":[0,0,1.707547E-06],"s":[0.03947191,0.0765513,0.05510835],"c":[0.2222218,0.2222218,0.2222218]}]},{"b":196,"t":11,"s":[{"p":[-0.03311777,0.04726842,0.0156107],"r":[7.138677,211.1935,348.5567],"s":[0.02408652,0.06116647,0.03972318],"c":[0.2222218,0.2222218,0.2222218]}]}]}