{"v":9,"a":[5,7,18],"p":[{"t1":160,"s":[{"p":[0,0,0],"r":[0,0,0],"s":[2.931567,0.09075361,7.80745],"c":[0.7777778,0.7777778,0.7777778],"t1":{"c":[0,1,1],"x":0.5831017,"y":0.6037254,"a":0.8925,"m":0,"n":0,"r":0,"g":0,"o":0.5,"t":0.5,"e":0.5}}]}]}