{"n":"arm","v":9,"a":[12,48,49],"p":[{"b":205,"t":7,"s":[{"p":[0,0,0],"r":[-1.067217E-06,3.975694E-15,-4.268869E-07],"s":[0.06159209,0.1097533,0.01431935],"c":[0.4444439,0.4444439,0.4444439],"b":["when starts then all parts face nearest moonmanelbow1","when starts then become next"]},{"p":[0,0,0],"r":[-1.067217E-06,3.975694E-15,-4.268869E-07],"s":[0.06159209,0.1097533,0.01431935],"c":[0.4444439,0.4444439,0.4444439],"b":["when starts then become next"]}]}]}