{"v":9,"p":[{"b":14,"t":1,"s":[{"p":[0,0,0],"r":[0,0,0],"s":[0.06000004,0.06000002,0.06000003],"c":[0.5555556,0.09523798,0]}]}]}