{"v":9,"a":[1,2,9,17,50],"tp_m": 666,"tp_ad": 5,"p":[{"b":10,"t":20,"s":[{"p":[0,0,0],"r":[0,0,8.537738E-07],"s":[0.03278047,0.03557943,0.03684574],"c":[0.9714286,1,0]}]}]}