{"v":9,"p":[{"b":3,"s":[{"p":[0.2491014,0.4343633,-0.1567239],"r":[0.01806121,357.7849,30.18788],"s":[0.09797502,0.1250014,0.3345613],"c":[1,1,1]}]},{"b":16,"s":[{"p":[-0.08057034,0.5952178,0.430384],"r":[1.77289,336.8343,9.468573],"s":[0.04509879,0.1000002,0.04244557],"c":[1,1,1]}]}]}