{"v":9,"a":[7,18,36,37,49],"p":[{"b":9,"t":12,"a":[3],"t1":14,"t2":14,"s":[{"p":[-0.08486941,0.5184394,0.1044616],"r":[0,0,0],"s":[0.2849509,0.2849488,0.2849504],"c":[1,1,1],"t1":{"c":[0,0.7428569,1],"x":0.1055725,"y":0.1359889,"a":0,"m":0.5,"n":0.5,"r":0,"g":1,"o":0.5,"t":0.5,"e":0.5},"t2":{"c":[0,0.7428566,1],"x":0.07188527,"y":0.03726976,"a":0,"m":0.5,"n":0.5170232,"r":0.1892971,"g":1,"o":0.5,"t":0.5,"e":0.5}}]}]}