{"v":9,"a":[7],"p":[{"s":[{"p":[0,0,0],"r":[0,0,0],"s":[0.1750005,0.1750005,0.1750011],"c":[1,1,1],"b":["when touched then become 2 in 0.2s"]},{"p":[0,0,0],"r":[0,0,0],"s":[0.1750005,0.1750005,0.1750011],"c":[0.8888889,0,0.4571429],"b":["when touched then become 1 in 0.2s"]}]}]}