{"v":9,"a":[7,18,21],"p":[{"b":3,"s":[{"p":[0,0,0],"r":[0,0,0],"s":[0.01731397,0.01731347,0.01731401],"c":[0.7777778,0.7777778,0.7777778]}]},{"b":5,"s":[{"p":[1.46484E-08,0.0837791,2.527578E-10],"r":[270,270,0],"s":[0.0007762914,0.0007057787,0.1994114],"c":[0.3333332,0.3333332,0.3333332]}]}]}