{"v":9,"a":[22,18],"p":[{"s":[{"p":[0,0,0],"r":[0,0,0],"s":[0.2703636,0.01003009,0.3564734],"c":[1,1,1]}]}]}