{"v":9,"a":[22],"p":[{"b":5,"s":[{"p":[0.00452265,-0.03353305,0.01060037],"r":[359.7584,329.1989,358.6313],"s":[0.01000051,0.01500105,0.2910173],"c":[1,1,1]}]},{"b":44,"s":[{"p":[-0.05678646,-0.0373864,0.0947414],"r":[292.2982,332.5332,356.3907],"s":[0.02654425,0.02530755,0.0322162],"c":[1,1,1]}]}]}