{"v":9,"a":[48,49],"p":[{"b":10,"a":[12],"pr":32,"s":[{"p":[0,0,0],"r":[0,0,1.707547E-06],"s":[0.1250001,0.125,0.1250002],"c":[1,1,1],"pr":{"c":[1,0,0],"a":0.1093562}}]}]}