{"v":9,"p":[{"a":[1],"s":[{"p":[0,0,0],"r":[0,0,0],"s":[1.703592,0.001000003,0.7488534],"c":[1,1,1]}]}]}