{"v":9,"a":[7,18,31],"p":[{"b":179,"t":2,"im":"1761439225729734331/858B83142DD0542E56F5A3AEA167C71362963E57/","imt":1,"s":[{"p":[0,0,0],"r":[0,0,0],"s":[0.7218266,1.127759,1.127748],"c":[1,1,1]}]}]}