{"v":9,"a":[22],"p":[{"s":[{"p":[0,0,0],"r":[0,0,0],"s":[0.8572324,0.06394665,1.661398],"c":[0,0,0]}]},{"b":120,"e":"REDACTED","s":[{"p":[-0.1745796,0.03278539,0.1478108],"r":[90,0,0],"s":[0.009238435,0.009237222,0.009238533],"c":[1,1,1]}]}]}