{"v":9,"a":[22,18],"p":[{"t1":38,"s":[{"p":[0,0,0],"r":[0,0,0],"s":[6.928418,1.194033,0.1751229],"c":[0.4444443,0.3047618,0],"t1":{"c":[0,0,0],"x":0.5,"y":0.5,"a":0.8925,"m":0,"n":0,"r":0,"g":0,"o":0.5,"t":0.5,"e":0.5}}]},{"t1":38,"s":[{"p":[-4.678805E-06,0.5974874,-0.1112213],"r":[1.001791E-05,-8.757938E-13,-1.001791E-05],"s":[6.931986,0.08623276,0.3981114],"c":[0.4444443,0.3047618,0],"t1":{"c":[0,0,0],"x":0.5,"y":0.746315,"a":0.8925,"m":0,"n":0,"r":0,"g":0,"o":0.5,"t":0.5,"e":0.5}}]}]}