{"v":9,"a":[7,18],"p":[{"s":[{"p":[0,0,0],"r":[0,0,-7.656432E-20],"s":[0.1752057,0.1749383,0.1751152],"c":[0.8888889,0.8888889,0.8888889]}]}]}