{"n":"ferny","v":9,"a":[1,22,21],"p":[{"t":23,"im":"817876119336160251/BBEBFBFCC6790C792148BB3533CD8AE93A1A2FC6/","s":[{"p":[0,0,0],"r":[0,0,0],"s":[0.5675628,0.000625875,1.057937],"c":[1,1,1]}]}]}