{"v":9,"a":[1,31],"p":[{"b":3,"t":20,"c":[[-0.079,0.106,-0.059,16],[0.048,-0.095,-0.104,37],[0.208,0.494,-0.832,4]],"sa":107,"s":[{"p":[0,0,0],"r":[0,0,0],"s":[0.1250006,0.1250007,0.1250006],"c":[0,0,0]}]},{"b":3,"t":20,"s":[{"p":[0.04953729,0.02843875,-0.009473078],"r":[41.91453,357.1701,4.650682],"s":[0.01763221,0.01763213,0.01763223],"c":[1,0,0]}]},{"b":3,"t":20,"s":[{"p":[-0.004288153,0.04572451,-0.008993496],"r":[19.80785,308.6198,349.2754],"s":[0.01763221,0.01763212,0.01763222],"c":[1,0,0]}]}]}