{"v":9,"a":[7,18,48,49],"p":[{"b":205,"i":[{"t":"601385ec6344ed5a966d45cb","p":[3.368199,-0.996207,-0.3589593],"r":[-9.928272E-06,270,180]}],"s":[{"p":[7.152551E-07,-3.576279E-06,-2.856287],"r":[0,0,0],"s":[0.06193013,0.08163054,0.122631],"c":[0,0.7428569,1],"b":["when told by any foampartay then become next in 15s"]},{"p":[0,0,0],"r":[0,0,0],"s":[0.06192539,0.08157907,0.1225376],"c":[0,0.7428569,1],"b":["when starts then become next in 9s"]},{"p":[0,0,0],"r":[0,0,0],"s":[0.06192539,0.08157907,0.1225376],"c":[0,0.7428569,1],"b":["when starts then become next in 6s, play boiling water with 300"]}]}]}