{"v":9,"a":[6,7,20,48,49],"inc":[["thing","595a951940f0aa16141a0279"]],"p":[{"a":[12,14],"s":[{"p":[0,0,0],"r":[0,0,0],"s":[0.09782541,0.09565769,0.1750016],"c":[0.9714286,1,0],"b":["when told by any fwyellow then become next in 0.1s"]},{"p":[0,0,0],"r":[0,0,0],"s":[0.09782541,0.09565769,0.1750016],"c":[0.9714286,1,0],"b":["when starts then emit thing with 45, become next in 0.1s, tell any launch1"]}]}]}