{"n":"relb","v":9,"a":[12,31],"p":[{"t":7,"a":[12],"s":[{"p":[0,0,0],"r":[0,0,-1.707547E-06],"s":[0.01320662,0.1750109,0.01716272],"c":[1,1,1]}]}]}