{"n":"hand armor","v":9,"a":[22,18],"p":[{"b":205,"t":1,"c":[[-0.4,0,-0.8,27,4,24],[0.3,0,-0.8,11,13,6],[-0.9,0.2,0.1,28,7,16,3],[0.8,0.2,0.1,7,1,21,5],[-0.3,-0.5,0.8,15,3,26,5],[0,-0.1,1.8,36,7,3,-46,37,5,-28,26,5,-44,12,28],[0.2,-0.5,0.8,2,3,7,5],[-0.6,-0.5,0,19,3,26,5],[0.4,-0.5,0,6,3,7,5],[0.3,-0.2,-0.6,10,10,5],[-0.4,-0.2,-0.6,23,3,26],[-0.8,0.2,0.8,32,7,8,3],[0.7,0.2,0.8,3,1,29,5]],"s":[{"p":[0,0,0],"r":[0,0,0],"s":[0.05252147,0.04505519,0.05494048],"c":[0.6666667,0.6666667,0.6666667]}]}]}