{"v":9,"p":[{"b":10,"s":[{"p":[0.08561403,0.4698049,0.4936299],"r":[311.756,109.5369,254.3382],"s":[0.1250001,0.1250001,0.1250001],"c":[1,1,1]}]},{"b":10,"s":[{"p":[0.148645,0.2917944,0.492763],"r":[317.6286,109.5215,289.1015],"s":[0.1250007,0.1250003,0.1250007],"c":[1,1,1]}]}]}