{"v":9,"p":[{"im":"1747928426851202493/2AE7343778188A6602BC9967D29D1055821C61FE/","s":[{"p":[0,0,0],"r":[0,0,0],"s":[0.1312501,0.1750001,0.1750002],"c":[1,1,1]}]}]}