{"v":9,"p":[{"b":11,"s":[{"p":[0,0,0],"r":[0,0,0],"s":[0.1000001,0.1000002,0.1000001],"c":[1,1,1]}]},{"b":12,"t":2,"s":[{"p":[-0.4008693,0.9185896,-0.05777726],"r":[274.9976,70.56734,318.548],"s":[0.06000021,0.06000008,0.06000017],"c":[0.1142855,1,0]}]}]}