{"v":9,"p":[{"b":140,"e":"LASER","s":[{"p":[0,0,0],"r":[0,0,0],"s":[0.003000746,0.003000105,0.00300112],"c":[1,1,1]}]},{"b":140,"e":"SHIELD","s":[{"p":[0.1756002,0.009230583,0.06344225],"r":[0,0,-1.001791E-05],"s":[0.003001275,0.00300013,0.003001698],"c":[1,1,1]}]}]}