{"n":"ampelbol","v":9,"a":[7],"p":[{"s":[{"p":[0,0,0],"r":[0,0,0],"s":[0.01990801,0.02303152,0.0225265],"c":[1,1,1]}]}]}