{"v":9,"p":[{"b":2,"i":[{"t":"60208f4684c245027f3e4bea","p":[-0.01056385,-0.02946395,0.118966],"r":[52.78295,96.92947,95.53224]}],"s":[{"p":[0,0,0],"r":[0,0,0],"s":[0.01893732,0.04379872,0.1250004],"c":[1,1,1],"b":["when starts then set constant rotation to 0 0 15","when starts then all parts face nearest camera"]}]}]}