{"v":9,"a":[7,12,18],"p":[{"b":159,"a":[22],"c":[[0.857,0.804,0.504,64,49,51],[0.954,0.802,0.277,66,88],[0.582,1.089,0.636,52,47],[-0.231,0.841,-1.007,69,52],[-0.876,0.77,-0.429,59,23],[-0.804,1.006,-0.196,45,26],[-0.953,0.848,-0.263,60,12],[0.304,-1.117,0.632,22,94],[0.171,-0.98,0.894,30,85],[0.532,-1.129,0.453,18],[0.787,-0.889,0.488,34,80,49],[0.638,-0.94,0.704,32,80],[0.796,-1.094,0.177,14,147],[0.79,-1.11,-0.04,12,150],[0.726,-1.115,-0.155,10,147],[0.873,-0.931,0.032,160],[0.875,-0.896,0.229,159],[0.894,-0.874,-0.183,155],[0.754,-0.89,-0.437,141,15,23],[0.441,-1.093,-0.717,4,132],[0.645,-1.115,-0.598,6],[0.735,-1.094,-0.349,8,150],[0.609,-0.946,-0.706,142,33,3],[0.457,-0.969,-0.862,134,42,1],[0.103,-1.024,-0.957,124],[0.272,-1.025,-0.872,132],[-0.161,-1.051,-0.958,125,44],[-0.657,-1.177,-0.812,86,43,38],[-0.399,-1.144,-0.92,127,41],[-0.74,-1.078,-0.727,81,85],[-0.922,-1.258,-0.204,25,53],[-0.945,-1.173,0.121,24,55],[-0.892,-1.136,0.365,26,54],[-0.768,-1.127,0.631,27,58,18,70],[0.401,-1.026,0.813,33,78],[-0.073,-1.049,0.952,31,77],[-0.362,-1.048,0.816,28,79],[-0.531,-1.051,0.76,29,71],[-0.616,-1.08,0.74,101,71]],"sa":0,"s":[{"p":[0.002072847,0.01072177,0.1963854],"r":[-5.122642E-06,90,270],"s":[0.05978145,0.1672511,0.07644019],"c":[1,1,1]}]},{"b":3,"i":[{"t":"602459d2f793b703069ee236","p":[-0.002358591,0.3182221,-0.00761959],"r":[270,3.733867E-05,0]}],"c":[[0.785,0.051,0.379,48],[0.905,0.331,-0.056,37],[0.7,0.088,-0.617,36],[0.521,0.128,-0.921,3,35],[0.916,-0.286,-0.001,34],[-0.474,-0.013,0.801,28],[-0.696,-0.526,0.494,22],[-0.926,0.138,0.25,19],[-0.892,0.402,-0.278,12],[-0.884,-0.305,0.009,9],[-0.939,0.084,-0.317,7],[-0.703,0.13,-0.781,5],[-0.69,-0.084,-0.74,2],[-0.261,0.324,-0.892,4]],"sa":0,"s":[{"p":[0.002072821,0.01072179,0.05022622],"r":[90,-1.001791E-05,0],"s":[0.08118378,0.08215795,0.06085143],"c":[1,1,1],"b":["when starts then all parts face nearest wristrp"]}]}]}