{"v":9,"a":[31],"p":[{"t":17,"s":[{"p":[0,0,0],"r":[0,0,0],"s":[0.04721122,0.04721081,0.04721094],"c":[0.3333332,0.3333332,0.3333332]}]}]}