{"v":9,"p":[{"b":5,"s":[{"p":[-0.37,6.556707E-08,0.004999963],"r":[270,2.003583E-05,0],"s":[0.1978195,0.1981433,0.02209047],"c":[1,1,1]}]},{"b":4,"s":[{"p":[-0.37,0.03000004,-3.759179E-08],"r":[90,90,0],"s":[0.015656,0.01565394,0.01565374],"c":[0,0.2285712,1]}]},{"b":75,"t":7,"s":[{"p":[-0.3699999,0.1249999,0.004999942],"r":[-3.071122E-06,337.5,180],"s":[0.133845,0.1338697,0.1338603],"c":[1,1,1]}]},{"s":[{"p":[-0.235,0.02500002,0.02999995],"r":[-3.763252E-13,3.289939E-20,-1.001791E-05],"s":[0.02975482,0.02973212,0.05729848],"c":[0.1142856,1,0]}]}]}