{"v":9,"a":[12],"p":[{"b":5,"s":[{"p":[-0.001545203,-0.2468314,0.02088774],"r":[280.5504,346.8136,352.7199],"s":[0.1000004,0.1000005,0.04511164],"c":[1,1,1]}]},{"b":203,"s":[{"p":[-0.004093343,-0.1371273,0.03158727],"r":[9.970396,356.9478,2.254981],"s":[0.03536608,0.06000026,0.03475305],"c":[1,1,1]}]},{"b":181,"s":[{"p":[-0.008635359,-0.006297171,0.0509501],"r":[7.143524,24.4202,6.467139],"s":[0.05851579,0.06000027,0.06000066],"c":[1,1,1]}]}]}