{"v":9,"a":[1,2,3,7,18],"p":[{"a":[1],"s":[{"p":[0,0,0],"r":[0,0,0],"s":[3.311549,0.1088289,2.08828],"c":[0,0,0]}]}]}