{"v":9,"a":[12],"p":[{"b":10,"t":7,"a":[12],"i":[{"t":"603210f614c64c60a942c8ff","p":[-0.01532104,0.02209554,0.02326773],"r":[304.3759,15.65658,171.4135]}],"s":[{"p":[0.003365626,-0.008885929,-0.01159186],"r":[335.3491,356.6239,300.5443],"s":[0.005555018,0.003481242,0.09311138],"c":[1,1,1],"b":["when any state starts then become unsoftened next in 0.1"]},{"p":[0.02310595,-0.002215357,-0.003586678],"r":[351.382,308.7206,90.123],"s":[0.005554945,0.003481224,0.09311],"c":[1,1,1]},{"p":[0.00101906,-0.01305798,-0.0001499085],"r":[323.4843,78.44547,323.6967],"s":[0.005554929,0.003481196,0.09310959],"c":[1,1,1]}]}]}