{"v":9,"a":[7,18],"p":[{"s":[{"p":[0,0,0],"r":[0,0,0],"s":[2.843819,8.144327,0.1750925],"c":[0.5555556,0.8857141,1]}]},{"s":[{"p":[-2.086163E-06,-9.3126,-8.141336E-07],"r":[0,0,0],"s":[2.844607,8.14745,0.1752179],"c":[0.5555556,0.8857141,1]}]},{"s":[{"p":[-1.335144E-05,-16.63098,-1.453929E-06],"r":[0,-1.001791E-05,0],"s":[2.845375,4.462743,0.1753393],"c":[0.5555556,0.8857141,1]}]}]}