{"v":9,"a":[1,7,18],"p":[{"t":7,"a":[5],"id":"60348c8f236ece02b8a07579","s":[{"p":[0,0,0],"r":[0,0,0],"s":[2500,0.1750019,2500],"c":[0.06172816,0.4285708,0.5555556]}]},{"t":7,"ac":{"id":"60348c8f236ece02b8a07579","c":8},"s":[{"p":[0,-0.2951918,0],"r":[0,0,1.001791E-05],"s":[2500.227,0.1750111,2500.223],"c":[0.06172816,0.4285708,0.5555556]}]}]}