{"n":"disk slot","v":9,"a":[7,18,31],"p":[{"b":86,"i":[{"t":"603440a632023260a219b687","p":[-0.001048786,0.01249039,0.002959369],"r":[1.366038E-05,-4.829673E-06,180]}],"t1":10,"s":[{"p":[-2.483279E-05,0.1027614,-0.0003925562],"r":[-3.415095E-06,0,180],"s":[0.0350001,0.01700073,0.03500282],"c":[0.1142857,0,1],"b":["when touches hand then become soft start next in 0.5s","when touches hand then tell next"],"t1":{"c":[0,0.01904746,0.3333333],"a":0}},{"p":[-2.482533E-05,0.1557613,-0.08039343],"r":[270,180,0],"s":[0.0350001,0.01700073,0.03500282],"c":[0.1142855,0,1],"b":["when touches hand then become soft start next in 0.5s","when touches hand then tell next"],"t1":{"c":[0,0.01904746,0.3333333],"a":0}}]}]}