{"n":"health","v":9,"a":[49],"p":[{"b":107,"a":[36],"e":"HEALTH: [DAMAGETAKEN VALUE]","s":[{"p":[-0.1803478,-0.05329794,-0.1890071],"r":[53.08868,169.7582,166.3495],"s":[0.01038397,0.01038397,0.01038397],"c":[1,0,0],"b":["when starts then is damagetaken = 10"]}]},{"a":[12,37,36],"s":[{"p":[-0.1550519,-0.05442546,-0.1861971],"r":[31.28383,7.239893,9.380847],"s":[0.05186234,0.02583091,0.04465473],"c":[1,1,1],"b":["when told by any damagetaken then is damagetaken --","when told by any startpirategame then is damagetaken = 10","when is damagetaken = 0 then play sad trombone, then tell any stoppirategame"]}]},{"a":[12,37,36],"s":[{"p":[-0.07699089,-0.0627213,-0.1439849],"r":[30.5136,8.390535,14.40364],"s":[0.0518624,0.02583092,0.04465479],"c":[1,1,1],"b":["when is damagetaken = 9 then tell any damage9","when is damagetaken = 8 then tell any damage8","when is damagetaken = 7 then tell any damage7","when is damagetaken = 6 then tell any damage6","when is damagetaken = 5 then tell any damage5","when is damagetaken = 4 then tell any damage4","when is damagetaken = 3 then tell any damage3","when is damagetaken = 2 then tell any damage2","when is damagetaken = 1 then tell any damage1"]}]},{"a":[12,37,36],"s":[{"p":[0.01553418,-0.05008493,-0.147042],"r":[29.35827,5.969102,9.68646],"s":[0.05186247,0.02583092,0.04465484],"c":[1,1,1],"b":["when told by any heal101 then is damagetaken ++"]}]}]}