{"n":"bucket hook","v":9,"p":[{"b":36,"t":1,"s":[{"p":[0,0,0],"r":[0,0,0],"s":[0.1250001,0.1250004,0.1250002],"c":[0,0,0]}]}]}