{"v":9,"p":[{"s":[{"p":[0,0,0],"r":[0,0,-8.537737E-07],"s":[0.0259881,0.0441507,0.06108665],"c":[1,1,1]}]}]}