{"v":9,"p":[{"t":7,"a":[31],"i":[{"t":"60375d4932023260a219b710","p":[0.006335821,0.003403295,0.04883987],"r":[3.172453,8.666798,358.3534]}],"s":[{"p":[0,0,0],"r":[0,0,0],"s":[0.175,0.1750002,0.1750003],"c":[0,1,1],"b":["when starts then become next in 0.2s via 3"]},{"p":[0.4567884,0.02050983,0.01110446],"r":[3.182404,271.9218,3.398202],"s":[0.1750002,0.1750004,0.1750003],"c":[1,1,1],"b":["when starts then become 1 in 0.4ss via 3"]},{"p":[-0.009305574,-0.05251038,0.6194437],"r":[357.0191,63.60279,352.0735],"s":[0.1750003,0.1750005,0.1750005],"c":[1,1,1]}]}]}