{"v":9,"a":[1,7],"p":[{"s":[{"p":[0,0,0],"r":[0,0,0],"s":[0.1750152,0.1750081,0.1750069],"c":[1,1,1],"b":["when touches hand then become 2 in 1s"]},{"p":[0.02324462,-0.04649803,-0.1969854],"r":[90,5.008957E-06,0],"s":[0.06518761,0.1750221,0.09559148],"c":[0.4063489,0.8888889,0],"b":["when touches hand then become 1 in 1s"]}]}]}