{"n":"cp","v":9,"a":[1,7,18,21],"p":[{"b":53,"a":[23],"s":[{"p":[0,0,0],"r":[0,0,0],"s":[3.121143,0.6433154,3.12114],"c":[0.5555556,0.5555556,0.5555556]}]},{"b":52,"t":19,"a":[23],"s":[{"p":[0,0.2715553,-4.748029E-08],"r":[-1.001791E-05,0,0],"s":[1.822084,0.1282242,1.822093],"c":[0.4444443,0.4444443,0.4444443]}]},{"b":52,"t":19,"s":[{"p":[0,0.341091,-5.963832E-08],"r":[-4.071109E-13,-3.559077E-20,1.001791E-05],"s":[1.509233,0.01998224,1.509254],"c":[0.8888889,0.8888889,0.8888889]}]},{"b":4,"a":[12],"pr":33,"s":[{"p":[0,9.948913,0],"r":[90,89.99999,0],"s":[0.1250056,0.1250051,0.1250138],"c":[1,1,1],"pr":{"c":[0.3333333,0.8285711,1],"m":0.6741199,"a":0.09081078,"s":0.4841423,"z":1,"g":1,"h":0.92342}}]}]}