{"v":9,"a":[21],"p":[{"b":16,"t":19,"c":[[0.818,0.04,-1.296,9,52],[1.445,0.096,-0.786,11,49],[1.653,0.178,0.033,13,18,27],[1.386,0.239,0.736,30,29],[0.841,0.257,1.267,34,28],[-0.053,0.207,1.492,36,28],[-0.845,0.143,1.264,37,29],[-1.289,0.073,0.564,39,29],[-1.457,0.039,-0.005,1,40,28]],"s":[{"p":[0.03611759,-0.4140726,0.03283808],"r":[0,0,0],"s":[0.1991895,0.8252588,0.2097723],"c":[1,1,1]}]},{"b":69,"t":19,"t1":168,"s":[{"p":[0.03596915,-0.1678578,0.03514332],"r":[1.707547E-06,180,4.268868E-07],"s":[0.2453902,0.2709815,0.2317955],"c":[0.8888889,0.733686,0.3950613],"t1":{"c":[0,0.5714284,1],"a":0.05}}]},{"b":57,"t":19,"s":[{"p":[0.05031446,-0.3431159,0.03576514],"r":[0.6706246,295.0243,197.2771],"s":[0.283889,0.3373687,0.2739774],"c":[1,1,1]}]}]}