{"v":9,"p":[{"b":179,"s":[{"p":[0,0,0],"r":[0,0,-6.670107E-09],"s":[0.07446677,0.01010283,0.2150062],"c":[0,0,0]}]},{"t":7,"a":[12],"i":[{"t":"5cfed87e6a2bcc25187a32d0","p":[-0.004003989,-0.000567314,0.00290968],"r":[358.0523,1.707807,359.5064]}],"s":[{"p":[-0.001424967,-0.02477848,0.0305768],"r":[89.70993,259.634,79.28527],"s":[0.2060016,0.06630204,0.1200214],"c":[1,1,1]}]}]}