{"v":9,"p":[{"b":73,"t":19,"t1":168,"s":[{"p":[0,0,0],"r":[5.336084E-08,-1.067217E-07,-2.401238E-06],"s":[1.102281,1.102283,1.102271],"c":[0.8888889,0.733686,0.3950613],"t1":{"c":[0,0.5714284,1],"a":0.05}}]}]}