{"n":"09","v":9,"a":[7,18],"p":[{"t":7,"a":[12],"i":[{"t":"603c87ca034d6216467b7e72","p":[0.2943004,-5.261973E-08,0.0001554489],"r":[0,0,0]}],"s":[{"p":[0,0,0],"r":[0,0,0],"s":[0.03343273,0.08877323,0.1336911],"c":[1,1,1]}]}]}