{"v":9,"a":[7,18],"p":[{"b":179,"t1":59,"s":[{"p":[0,0,0],"r":[0,0,0],"s":[1.693595,6.508327,0.2150844],"c":[0.6285716,0,1],"t1":{"c":[0.1142856,1,0],"x":0.6849985,"y":0.5765687,"a":0.8925,"m":0,"n":0,"r":0,"g":0.177567,"o":0.5,"t":0.5,"e":0.5}}]}]}