{"v":9,"a":[7,18],"p":[{"t":9,"s":[{"p":[0,0,0],"r":[0,0,0],"s":[4.47186,0.1750454,0.175041],"c":[0.5555556,0.375661,0.1851848]}]}]}