{"v":9,"a":[22],"p":[{"im":"1763694261541122141/72C707C8893DFB9CFDF006BF6946E6B405492880/","imt":1,"s":[{"p":[0,0,0],"r":[0,0,0],"s":[0.3479435,0.001,0.2608303],"c":[1,1,1]}]}]}