{"v":9,"a":[1,2,22,21,41],"p":[{"b":5,"t":9,"a":[32],"s":[{"p":[0.01056575,0.01281201,-0.02951182],"r":[270,0,0],"s":[0.006271479,0.006271593,0.006271436],"c":[0,0.7777778,0.1777778]}]},{"b":5,"t":9,"a":[32],"s":[{"p":[0.01056576,0.01281202,-0.009224895],"r":[270,1.448902E-05,0],"s":[0.006272032,0.006272145,0.006271942],"c":[0,0.7777778,0.1777778]}]},{"b":5,"t":9,"a":[32],"s":[{"p":[0.01056576,0.01281202,0.009799001],"r":[270,1.448902E-05,0],"s":[0.006272328,0.006272315,0.006272127],"c":[0,0.7777778,0.1777778]}]},{"t":9,"a":[23,32],"s":[{"p":[-9.313226E-10,-1.748142E-09,-0.009998203],"r":[-1.001791E-05,-8.757938E-13,1.001791E-05],"s":[0.04110003,0.02422721,0.06207396],"c":[0.2222221,1,0.4]}]}]}