{"v":9,"a":[7,21],"p":[{"im":"1763694261541114988/C1C2EEED07D75D782A019392F139B2E6F7C2C14D/","imt":1,"s":[{"p":[0,0,0],"r":[0,0,0],"s":[1.617577,0.02010345,0.8908215],"c":[1,1,1]}]}]}