{"v":9,"p":[{"b":102,"t":2,"e":"SCRAP","s":[{"p":[0,0,0],"r":[0,0,0],"s":[0.003000014,0.003000004,0.003000009],"c":[0.2222221,1,1]}]}]}