{"v":9,"a":[7,21],"p":[{"im":"1763694261541116956/020EBBF874F5DFD2755EA15A420730C876A400E3/","s":[{"p":[0,0,0],"r":[0,0,0],"s":[1.345536,0.003868745,1.008658],"c":[1,1,1]}]}]}