{"v":9,"a":[7,18],"p":[{"t1":91,"s":[{"p":[0,0,0],"r":[0,0,0],"s":[7.813733,0.03124064,2.147152],"c":[0.9714286,1,0],"t1":{"c":[0.9714285,0,1],"x":0.1900039,"y":0.4158564,"a":0.8925,"m":0.1803236,"n":0.1553431,"r":0,"g":0,"o":0.5,"t":0.5,"e":0.5}}]}]}