{"v":9,"a":[7,18],"p":[{"b":179,"t1":59,"s":[{"p":[0,0,0],"r":[0,0,0],"s":[0.7756464,6.536607,0.2151154],"c":[0.6285716,0,1],"t1":{"c":[0.1142856,1,0],"x":0.7405152,"y":0.597519,"a":0.8925,"m":0,"n":0,"r":0,"g":0.177567,"o":0.5,"t":0.5,"e":0.5}}]},{"b":179,"t1":59,"s":[{"p":[-1.219108,1.065778E-07,1.192093E-07],"r":[0,0,0],"s":[0.356948,6.538107,0.2151385],"c":[0.6285716,0,1],"t1":{"c":[0.1142856,1,0],"x":0.7779035,"y":0.597519,"a":0.8925,"m":0,"n":0,"r":0,"g":0.177567,"o":0.5,"t":0.5,"e":0.5}}]},{"b":179,"t1":59,"s":[{"p":[-0.7138326,-1.074941,5.960464E-08],"r":[0,0,0],"s":[0.6561462,2.516745,0.215218],"c":[0.6285716,0,1],"t1":{"c":[0.1142856,1,0],"x":0.7348585,"y":0.6353231,"a":0.8925,"m":0,"n":0,"r":0,"g":0.177567,"o":0.5,"t":0.5,"e":0.5}}]},{"b":179,"t1":59,"s":[{"p":[-0.7138323,1.604034,-0.001762331],"r":[-1.001791E-05,4.378969E-13,-3.828217E-20],"s":[0.6564065,0.158844,0.2153083],"c":[0.6285716,0,1],"t1":{"c":[0.1142856,1,0],"x":0.7355967,"y":0.8070756,"a":0.8925,"m":0,"n":0,"r":0,"g":0.177567,"o":0.5,"t":0.5,"e":0.5}}]}]}