{"v":9,"a":[7,18],"p":[{"t":3,"s":[{"p":[0,0,0],"r":[0,0,0],"s":[1.116466,0.2255101,0.02469651],"c":[1,1,1]}]}]}