{"v":9,"a":[7,18],"p":[{"b":3,"s":[{"p":[0,0,0],"r":[0,0,0],"s":[11.663,1.442707,7.739406],"c":[0.7777778,0.7407408,0.5185185]}]},{"b":3,"s":[{"p":[12.94553,-2.263468E-06,1.131734E-06],"r":[-3.763252E-13,3.289939E-20,-1.001791E-05],"s":[11.59045,1.442834,7.725647],"c":[0.7777778,0.7407408,0.5185185]}]},{"b":3,"s":[{"p":[-11.14808,2.861023E-06,0],"r":[1.001791E-05,0,0],"s":[12.06099,1.442961,7.717334],"c":[0.7777778,0.7407408,0.5185185]}]},{"b":3,"s":[{"p":[-23.87766,-0.09425926,-0.123867],"r":[1.001791E-05,8.757938E-13,1.001791E-05],"s":[16.90157,1.405478,8.415753],"c":[0.7777778,0.7407408,0.5185185]}]}]}