{"v":9,"a":[7,31,48,49],"p":[{"b":9,"t":3,"s":[{"p":[0,0,0],"r":[0,0,0],"s":[0.0548626,0.05486625,0.05487426],"c":[0.4444443,0.3724867,0.2962962]}]}]}