{"n":"rock","v":9,"a":[5,50],"p":[{"b":170,"t1":148,"s":[{"p":[0,0,0],"r":[0,0,-4.585698E-08],"s":[0.03655957,0.03025871,0.0350877],"c":[0.3333331,0.3333331,0.3333331],"t1":{"c":[0,0,0],"x":0.5,"y":0.5,"a":0.8925,"m":0,"n":0,"r":0,"g":0,"o":0.5,"t":0.5,"e":0.5}}]}]}