{"v":9,"a":[7,18],"p":[{"b":3,"t1":150,"s":[{"p":[0,0,0],"r":[0,0,0],"s":[15.02656,1.442707,7.833501],"c":[0.2469134,0.4444442,0.2920633],"t1":{"c":[0.3703703,0.6666667,0.4380952],"x":0.3128159,"y":0.4357617,"a":0.8925,"m":0,"n":0,"r":0,"g":0,"o":0.5,"t":0.5,"e":0.5}}]},{"b":3,"t1":150,"s":[{"p":[-13.40384,2.820439E-06,-1.171802E-06],"r":[0,0,0],"s":[14.35712,1.779885,7.873819],"c":[0.2469133,0.4444442,0.2920633],"t1":{"c":[0.3703703,0.6666667,0.4380952],"x":0.3128159,"y":0.4357617,"a":0.8925,"m":0,"n":0,"r":0,"g":0,"o":0.5,"t":0.5,"e":0.5}}]},{"b":3,"t1":150,"s":[{"p":[12.94553,-2.494416E-06,4.133518],"r":[-2.442666E-12,270,1.001791E-05],"s":[11.58993,1.761012,9.818621],"c":[0.2469134,0.4444442,0.2920633],"t1":{"c":[0.3703703,0.6666667,0.4380952],"x":0.3128159,"y":0.4357617,"a":0.8925,"m":0,"n":0,"r":0,"g":0,"o":0.5,"t":0.5,"e":0.5}}]}]}