{"v":9,"p":[{"t":7,"a":[12,36],"i":[{"t":"6038c44e75a752715b4bd15e","p":[0.03434832,0.006013694,-0.02990368],"r":[358.6688,270.0924,86.0787]}],"s":[{"p":[0,0,0],"r":[0,0,0],"s":[0.1032785,0.1206905,0.1488555],"c":[1,1,1],"b":["when told by any dad2 then become next"]},{"p":[0.0129838,-0.1666035,0.3539803],"r":[1.688408,45.89262,42.79689],"s":[0.1032786,0.1206907,0.1488557],"c":[1,1,1],"b":["when told by any dad3 then become next"]}]}]}