{"v":9,"a":[7,18],"p":[{"t":1,"a":[36],"s":[{"p":[-0.0113585,-0.03900146,0],"r":[0,0,0],"s":[0.638273,0.01995001,1.224943],"c":[1,1,1],"b":["when told by any mirroropen then become next"]},{"p":[0,-0.0795517,-1.222723],"r":[0,0,0],"s":[0.6753939,0.01995077,1.224861],"c":[1,1,1],"b":["when told by any mirrorclose then become next"]}]}]}