{"n":"bonfire light","v":9,"a":[48,49],"p":[{"t":3,"s":[{"p":[0,0,0],"r":[0,0,0],"s":[0.1749999,0.1749999,0.1749998],"c":[1,0.6857142,0],"b":["when starts then become next in 0.1s"]},{"p":[0,0,0],"r":[0,0,0],"s":[0.1749999,0.1749999,0.1749998],"c":[0.9714286,1,0],"b":["when starts then become next in 0.2s"]},{"p":[0,0,0],"r":[0,0,0],"s":[0.1749999,0.1749999,0.1749998],"c":[1,0.6857142,0],"b":["when starts then become next in 0.2s"]},{"p":[0,0,0],"r":[0,0,0],"s":[0.1749999,0.1749999,0.1749998],"c":[0.9714286,1,0],"b":["when starts then become next in 0.1s"]}]}]}