{"v":9,"a":[48],"p":[{"s":[{"p":[0,0,0],"r":[0,0,0],"s":[0.05547906,0.001000002,0.5257588],"c":[1,1,1],"b":["when looked at then send one nearby to bulbs home"]}]}]}