{"v":9,"p":[{"b":124,"a":[37],"e":"PICK AND THROW ","s":[{"p":[0,0,0],"r":[0,0,0],"s":[0.01531534,0.01531534,0.01531534],"c":[1,1,1]}]}]}