{"n":"rhand","v":9,"a":[27],"p":[{"t":7,"a":[12,37],"s":[{"p":[0,0,0],"r":[0,0,-1.067217E-07],"s":[0.03869613,0.04170365,0.06762414],"c":[0.8888889,1,1]}]}]}