{"v":9,"a":[2,3,12],"p":[{"t":19,"t1":168,"s":[{"p":[0,0,0],"r":[-6.83019E-06,-4.162147E-06,4.268869E-06],"s":[1.660175,0.1142126,0.1031457],"c":[0.1142855,1,0],"b":["when starts then all parts face nearest camera","when triggered then tell any milk"],"t1":{"c":[0,0,0],"a":0.05}}]},{"b":99,"e":"Amy and her dad are snuggling.","s":[{"p":[-0.7897182,-0.05981116,0.05553496],"r":[1.409292,179.3423,180.6008],"s":[0.01169729,0.01169709,0.01169761],"c":[0,0,0]}]}]}