{"v":9,"a":[7,21],"p":[{"t":1,"s":[{"p":[0,0,0],"r":[0,0,0],"s":[3.316361,3.316668,3.316543],"c":[0,0,0]}]},{"t":3,"s":[{"p":[2.294983,0,0],"r":[0,0,90.00002],"s":[3.316558,0.0189488,3.316873],"c":[1,0.1714285,0],"b":["when starts then become next in 1s"]},{"p":[-2.23497,0,0],"r":[0,0,90.00002],"s":[3.31687,0.01895053,3.317159],"c":[1,0.1714284,0],"b":["when starts then become next in 1s"]}]}]}