{"n":"grass","v":9,"p":[{"b":12,"t":10,"c":[[-2.525,0.541,-2.156,562,4,309],[-2.357,0.684,-1.473,558,3,310,1],[-2.257,0.417,-1.564,434,3,118,5],[-2.291,0.722,-0.627,550,3,310,1],[-2.24,1.267,2.39,413,125,309,1],[-1.849,1.406,2.198,400,3,124,5],[-1.861,0.791,2.255,815,1,30,3],[-2.474,1.181,0.95,414,127,310,1],[-2.576,0.773,1.595,408,3,124],[-1.891,-0.119,-0.415,422,3,118,5],[-2.499,0.892,-0.976,554,3,310,1],[-2.279,-0.049,-1.406,306,3,122,5],[-2.257,0.451,-1.124,242,3,58,5],[-2.097,-0.56,-1.84,438,4,117,6],[-1.838,0.444,-2.292,563,7,273,31]],"s":[{"p":[0,0,0],"r":[0,0,-7.003612E-08],"s":[1.424755,0.1187985,1.977178],"c":[0.3209875,0.5555556,0.1234567]}]}]}