{"v":9,"a":[4,7,18],"p":[{"b":82,"s":[{"p":[0,0,0],"r":[0,0,0],"s":[0.7396061,91.18805,0.7955507],"c":[1,1,1]}]}]}