{"v":9,"p":[{"b":3,"t1":150,"t2":107,"s":[{"p":[0,0,0],"r":[0,0,0],"s":[0.04719832,0.05895367,0.08730614],"c":[0.4444443,0.4444443,0.4444443],"t1":{"c":[0,0,0],"x":0.5,"y":0.5,"a":0.8925,"m":0,"n":0,"r":0,"g":0,"o":0.5,"t":0.5,"e":0.5},"t2":{"c":[0,0,0],"x":0.5,"y":0.5,"a":0.8925,"m":0,"n":0,"r":0,"g":0,"o":0.5,"t":0.5,"e":0.5}}]}]}