{"v":9,"p":[{"b":60,"i":[{"t":"604ea18c6f512d054201bdc7","p":[-0.01088119,0.05975485,0.4717636],"r":[0,180,0]}],"t1":141,"s":[{"p":[0,0,0],"r":[0,0,0],"s":[0.9985374,0.125004,1.684954],"c":[0.8888889,0.6095237,0],"t1":{"c":[0,0,0],"x":0.730885,"y":0.7970564,"a":0.8925,"m":0,"n":0,"r":0,"g":0,"o":0.5,"t":0.5,"e":0.5}}]},{"b":3,"t":3,"a":[12,37,36],"s":[{"p":[0.02326594,0.1723722,0.7746062],"r":[317.7297,52.00531,71.44424],"s":[0.1249997,0.1250017,0.1250051],"c":[0.7777778,0.7234568,0.6049383]}]}]}