{"v":9,"a":[5,22],"p":[{"b":12,"t":21,"a":[5,12],"s":[{"p":[0,0,0],"r":[0,0,0],"s":[150,0.1504189,150],"c":[1,0.1714285,0]}]}]}