{"v":9,"p":[{"b":3,"t":3,"s":[{"p":[0,0,0],"r":[0,0,2.134434E-07],"s":[0.1220111,0.125,0.001],"c":[1,0.895238,0.6666666]}]}]}