{"v":9,"a":[22],"p":[{"b":13,"a":[23],"s":[{"p":[0,0,0],"r":[0,0,0],"s":[146.971,15.55154,0.001001135],"c":[0,1,0.2285714]}]}]}