{"v":9,"a":[7],"p":[{"s":[{"p":[0,0,0],"r":[0,0,0],"s":[0.175042,0.1750123,0.1750105],"c":[1,1,1]}]}]}