{"v":9,"a":[21],"p":[{"b":69,"t":19,"t1":168,"s":[{"p":[0,0,0],"r":[0,0,0],"s":[0.0288246,0.04317023,0.0278619],"c":[0.7777778,0.6049383,0.7234568],"t1":{"c":[0,1,0.9142858],"a":0.05}}]}]}