{"v":9,"a":[21],"p":[{"b":16,"s":[{"p":[0,0,0],"r":[0,0,4.268868E-07],"s":[0.02431519,0.07924061,0.02537777],"c":[0.4320987,0.7777778,0.7481482]}]},{"b":69,"t":19,"t1":168,"s":[{"p":[0.003003113,-0.03865196,0.001672942],"r":[5.244725E-06,89.99999,1.769622E-05],"s":[0.02863951,0.03642491,0.028244],"c":[0.7777778,0.6049383,0.7234568],"t1":{"c":[0,1,1],"a":0.04582882}}]}]}