{"v":9,"a":[1,22,12,18,31],"p":[{"a":[12],"i":[{"t":"6055a00bac52bb054d95a003","p":[0.07074599,-0.04458322,-0.03586126],"r":[270,225,0]}],"s":[{"p":[0,0,0],"r":[0,0,0],"s":[0.03537085,0.03537126,0.03537105],"c":[1,1,1]}]}]}