{"v":9,"a":[7,18,21],"p":[{"b":4,"t":3,"pr":6,"s":[{"p":[0,0,0],"r":[0,0,0],"s":[0.5346414,0.5347655,0.5347147],"c":[0.6666667,0.6666667,0.6666667],"pr":{"c":[1,1,1],"m":0.2034035,"a":0.4056892,"s":0.5544437,"z":0.5829735,"g":0.5,"h":0.25}}]}]}