{"n":"swamp","v":9,"a":[22,18,36],"p":[{"b":196,"t":7,"s":[{"p":[0,0,0],"r":[0,0,0],"s":[5.189169,4.920655,0.001000298],"c":[0.02469136,0.2222219,0.1714283]}]}]}