{"v":9,"a":[7,18,48],"p":[{"b":3,"pr":15,"s":[{"p":[0,0,0],"r":[0,0,0],"s":[10.21597,0.09216501,26.81997],"c":[1,1,1],"pr":{"c":[0.1044091,0.09876538,0.1111111],"m":0.3204799,"a":0.008178711,"s":0,"z":0.6135168,"g":0.5,"h":0.25}}]}]}