{"v":9,"a":[7,18,49],"p":[{"b":3,"s":[{"p":[0,0,0],"r":[0,0,0],"s":[0.4377846,0.1731126,0.1733864],"c":[1,1,1]}]},{"b":3,"s":[{"p":[0.5659054,-9.894605E-08,-5.960464E-08],"r":[0,0,-1.001791E-05],"s":[0.4378524,0.1731167,0.1734093],"c":[1,1,1]}]},{"b":3,"s":[{"p":[0.2783575,-4.866958E-08,-0.0863705],"r":[1.001791E-05,0,0],"s":[0.4379579,0.1922459,0.2561603],"c":[1,1,1]}]},{"b":3,"s":[{"p":[-0.4308263,-0.08730869,8.940697E-08],"r":[-1.001792E-05,8.757941E-13,-1.001791E-05],"s":[0.4382243,0.173138,0.1735169],"c":[1,1,1]}]}]}