{"v":9,"a":[5,7,18,49],"p":[{"t1":28,"s":[{"p":[0.115799,4.667139E-07,-4.917383E-07],"r":[1.001791E-05,-4.37897E-13,-3.828218E-20],"s":[6.963503,0.1899606,0.1922832],"c":[0.3333331,0.3333331,0.3333331],"t1":{"c":[0.3333333,0.3333333,0.3333333],"x":0.5,"y":0.5,"a":0.8925,"m":0,"n":0,"r":0,"g":0,"o":0.5,"t":0.5,"e":0.5}}]},{"b":60,"t1":28,"s":[{"p":[0.04508972,-0.05840065,4.61936E-07],"r":[90,270,0],"s":[0.232573,7.120361,0.03744151],"c":[0.4444442,0.4444442,0.4444442],"t1":{"c":[0.3333333,0.3333333,0.3333333],"x":0.5,"y":0.5,"a":0.8925,"m":0,"n":0,"r":0,"g":0,"o":0.5,"t":0.5,"e":0.5}}]},{"b":60,"t1":28,"s":[{"p":[0.1105347,0.03211403,9.462237E-07],"r":[90,270,0],"s":[0.2325716,6.991213,0.09004899],"c":[0.4444442,0.4444442,0.4444442],"t1":{"c":[0.3333333,0.3333333,0.3333333],"x":0.5,"y":0.5,"a":0.8925,"m":0,"n":0,"r":0,"g":0,"o":0.5,"t":0.5,"e":0.5}}]},{"b":60,"t1":28,"s":[{"p":[0.08899689,-0.08881214,4.544854E-07],"r":[90,270,0],"s":[0.1534028,6.973957,0.01548523],"c":[0.222222,0.222222,0.222222],"t1":{"c":[0.3333333,0.3333333,0.3333333],"x":0.5,"y":0.5,"a":0.8925,"m":0,"n":0,"r":0,"g":0,"o":0.5,"t":0.5,"e":0.5}}]}]}