{"v":9,"p":[{"t":2,"a":[29],"s":[{"p":[0,0,0],"r":[0,0,0],"s":[0.1750004,0.1750002,0.1750003],"c":[0,0,0],"b":["when starts then become 2 in 2"]},{"p":[0,0,0],"r":[0,0,0],"s":[0.1750004,0.1750002,0.1750003],"c":[0,1,0.3999999],"b":["when starts then become 3 in 2"]},{"p":[-0.002394781,-0.00452886,-0.01693714],"r":[359.8182,358.3672,359.3548],"s":[0.1750007,0.1750004,0.1750005],"c":[0,0.4444443,0.1777776],"b":["when starts then become 1 in 2"]}]}]}