{"v":9,"p":[{"s":[{"p":[0,0,0],"r":[0,0,0],"s":[0.07051606,1.183097,0.175],"c":[1,1,1]}]},{"s":[{"p":[0.7964517,-0.02367993,-0.09460527],"r":[356.5144,9.594612,1.79035],"s":[0.07051603,1.183097,0.175],"c":[1,1,1]}]},{"s":[{"p":[0.4440929,-0.2277792,-0.1580479],"r":[275.0283,34.4001,61.51438],"s":[0.03666789,1.005519,0.595338],"c":[1,1,1]}]},{"s":[{"p":[0.4269205,0.6558626,-0.1465434],"r":[270.4567,33.27361,65.9692],"s":[0.03666794,0.9380264,0.3287517],"c":[1,1,1]}]}]}