{"n":"swords","v":9,"a":[2,3,22],"p":[{"b":14,"s":[{"p":[0,0,0],"r":[0,0,0],"s":[0.03472342,0.0400655,0.03486968],"c":[0,0,0]}]},{"b":2,"s":[{"p":[-0.00184835,0.0009888858,0.08615196],"r":[0,0,-1.366038E-05],"s":[0.0383413,0.03835468,0.03835392],"c":[0.2158729,0.2222221,0]}]},{"b":28,"a":[5],"c":[[0.5,0,0.2,1,37,38,-76,12,65],[-0.5,-0.1,-0.5,26,49,5,-26,20,9],[-0.5,-0.2,-0.3,24,49,-21,20],[-0.4,-0.1,-0.1,22,49,-21,20],[-0.3,-0.1,0.1,20,49,-21,18],[-0.2,-0.2,0.2,18,19,31],[-0.1,-0.3,0.3,16,19],[0.1,-0.2,0.4,14,19],[0.8,0,0.5,28,12,-30,21],[1.3,0.6,0.5,29,10,40,-68,19,48],[-0.2,0.9,-0.5,27,38,16],[-0.2,-0.7,-0.5,55,9,18],[-0.2,-0.3,-0.4,53,9],[-0.2,0.4,-0.4,25,38]],"s":[{"p":[0.001082685,0.04753858,0.3700627],"r":[-6.037093E-07,6.037091E-07,90],"s":[0.1250682,0.0167596,0.5524333],"c":[0.7777778,0.7777778,0.7777778],"b":["when triggered then play air cut","when touched then play chiptune snare"]}]},{"t":7,"s":[{"p":[0.0005361941,0.0147523,0.2223481],"r":[0,0,-6.830188E-06],"s":[0.001000409,0.01155142,0.2547929],"c":[1,1,1],"b":["when told by body hand triggered left then trail start ","when told by body hand triggered right then trail start ","when told by body hand trigger let go left then trail end","when told by body hand trigger let go right then trail end"]}]}]}