{"v":9,"a":[7,18],"p":[{"a":[12],"s":[{"p":[0,0,0],"r":[0,0,0],"s":[0.1750214,0.1750074,0.1750083],"c":[1,1,1],"b":["when told by nearby red1go then become next in 8s, play church bell resonance"]},{"p":[6.132143,0,0],"r":[0,0,5.008957E-06],"s":[0.175064,0.1750217,0.1750232],"c":[1,1,1],"b":["when starts then become next in 2s"]},{"p":[6.132143,0,0],"r":[0,0,5.008957E-06],"s":[0.175064,0.1750217,0.1750232],"c":[1,1,1],"b":["when starts then become 1 in 7s"]}]}]}