{"v":9,"p":[{"b":4,"t":4,"s":[{"p":[0,0,0],"r":[0,0,1.040537E-06],"s":[0.1250006,0.1250006,0.1250004],"c":[1,0,0]}]}]}