{"v":9,"a":[31],"p":[{"b":3,"t":9,"s":[{"p":[0,0,0],"r":[0,0,0],"s":[0.0267628,0.02676572,0.02676582],"c":[1,1,1]}]},{"b":57,"t":9,"s":[{"p":[3.403447E-09,0.01946545,1.862645E-09],"r":[0,0,-1.001791E-05],"s":[0.01479689,0.01479801,0.0147983],"c":[0.1728394,0.207407,0.7777778]}]}]}