{"v":9,"a":[7,18,31],"p":[{"b":5,"s":[{"p":[0,0,0],"r":[0,0,0],"s":[1.160804,0.4389993,0.0417474],"c":[0.6666667,0.6666667,0.6666667]}]},{"b":179,"t":22,"im":"1738926641098587240/7026C39D965F1B574273B97204D345ADF1C9CB55/","s":[{"p":[-0.5708361,-0.02965498,-0.0219087],"r":[-2.871162E-20,6.568453E-13,180],"s":[1.768129,1.768669,1.768102],"c":[1,1,1]}]},{"b":179,"t":22,"im":"1738926641098596999/A88BA36682D59CCE63C1D2E263A252CE98B6AB0B/","s":[{"p":[0.7635604,0.002080437,-0.01746523],"r":[-2.871162E-20,6.568453E-13,180],"s":[1.228333,1.2292,1.228298],"c":[1,1,1]}]}]}