{"v":9,"a":[5,7,18,49],"p":[{"b":64,"t":20,"s":[{"p":[0,0,0],"r":[0,0,0],"s":[0.7104035,0.03555569,2.01906],"c":[0,0,0]}]},{"b":64,"t":20,"s":[{"p":[-2.932279,0,0],"r":[0,0,0],"s":[0.7106528,0.03555746,2.019432],"c":[0,0,0]}]},{"b":64,"t":20,"s":[{"p":[3.044945,0,0],"r":[0,0,0],"s":[0.710573,0.03556493,2.019869],"c":[0,0,0]}]}]}