{"v":9,"a":[7],"inc":[["thing","6067fc376c5769055862bdca"]],"p":[{"b":4,"a":[12,37,14],"s":[{"p":[0,0,0],"r":[0,0,0],"s":[0.06889682,0.06888412,0.02048482],"c":[1,1,1],"b":["when starts then emit gravity-free thing with 0","when starts then become next in 0s"]},{"p":[0,0,0],"r":[0,0,0],"s":[0.06889682,0.06888412,0.02048482],"c":[1,1,1],"b":["when starts then become previous in 30s"]}]}]}