{"n":"chevron mask","v":9,"a":[2,7,14,18,31],"inc":[["onion","60677aed1174ae4ee03fda71"],["onion 2","60678d3e6a4cfe3922b11e76"],["apple","606898351174ae4ee03fdaa4"]],"tp_d": 0.5,"tp_ad": 1,"p":[{"b":45,"t":2,"c":[[-0.185,-0.084,-0.195,46,18],[-0.162,0.869,-0.383,30,19],[-0.162,0.369,-0.383,48,18],[-0.116,0.369,-0.363,12,55],[-0.185,0.416,-0.195,28,19],[-0.196,-0.001,0,26,19],[-0.196,-0.501,0,44,18],[-0.185,0.416,0.195,24,19],[-0.136,0.416,0.185,7,18],[-0.185,-0.084,0.195,42,18],[-0.162,0.869,0.383,22,19],[-0.162,0.369,0.383,40,18],[-0.116,0.869,0.364,5,18],[-0.116,0.369,0.364,4,55],[-0.136,-0.084,0.185,6,55],[-0.146,-0.001,0,9,18],[-0.146,-0.501,0,8,55],[-0.136,-0.084,-0.185,10,55],[-0.136,0.416,-0.185,11,18],[-0.116,0.869,-0.363,13,18],[-0.106,0.8,0.556,36,20],[-0.106,1.3,0.556,18,21],[-0.064,1.3,0.528,3,18],[-0.064,0.8,0.528,2,55],[-0.106,1.3,-0.555,32,19],[-0.064,1.3,-0.527,15,18],[-0.106,0.8,-0.555,50,18],[-0.064,0.8,-0.527,14,55],[0.013,1.657,0.707,19,19,36],[0.013,1.657,-0.707,34,19,23],[0.013,1.157,-0.707,52,18,9],[0.048,1.657,-0.672,17,18,42],[0.048,1.157,-0.672,16,55,7],[0.048,1.657,0.672,0,20,53],[0.013,1.157,0.707,37,18,20],[0.048,1.157,0.672,1,53,18]],"s":[{"p":[4.020765E-09,0.05711585,-0.005561819],"r":[5.008967E-06,90,180],"s":[0.08226649,0.05230015,0.1162482],"c":[1,0.8445881,0.3710974]}]},{"b":45,"t":1,"v":0,"s":[{"p":[-5.267945E-09,-0.04823339,-0.006012448],"r":[-5.008964E-06,270,-5.008962E-06],"s":[0.08414517,0.04087733,0.08011573],"c":[0.9,0.7601293,0.3339874],"b":["when destroyed then tell any scrapmaskon"]}]},{"b":69,"t":1,"a":[36],"c":[[0,1,-0.42,121,160],[0.407,-1,-0.506,150],[0,-1,-0.42,122,30],[-0.407,-1,-0.506,123],[-0.407,1,-0.506,120],[0.407,1,-0.506,280],[0.397,-1.222,-0.184,151],[0,-1.222,-0.1,124,29],[-0.396,-1.222,-0.184,125],[-0.396,1.223,-0.184,91],[0,1.223,-0.1,90,20],[0.397,1.223,-0.184,109],[0,1.434,0.286,89,16],[0.366,1.434,0.208,104],[-0.366,1.434,0.208,88],[0.366,-1.434,0.208,177],[0,-1.434,0.286,162,16],[-0.366,-1.434,0.208,161],[-0.743,1,0.105,119],[-0.743,-1,0.105,126],[0.743,-1,0.105,148],[0.743,1,0.105,279],[0.725,1.223,0.168,108],[-0.724,1.223,0.168,92],[-0.724,-1.222,0.393,127],[0.725,-1.222,0.393,149],[0.67,-1.434,0.378,176],[-0.67,-1.434,0.378,160],[-0.669,1.434,0.417,87],[0.67,1.434,0.417,103]],"sa":180,"cx":0,"s":[{"p":[0,0,0],"r":[0,0,6.157171E-14],"s":[0.08202425,0.0565719,0.02074016],"c":[1,0.8445881,0.3710974],"b":["when any state let go then become 2","when taken then tell first of any scrapmaskremove","when taken then become 3"]},{"p":[0,0,0],"r":[0,0,6.157171E-14],"s":[0.08202425,0.0565719,0.02074016],"c":[1,0.8445881,0.3710973],"b":["when told by any scrapsnap then tell remove","when told remove? then tell first of any scrapmaskon","when told remove? then destroy all parts with 0s restore","when told by any scrapsnapl then become 5"]},{"p":[0,0,0],"r":[0,0,6.157171E-14],"s":[0.08177088,0.05631854,0.0204868],"c":[1,0.8445881,0.3710972],"b":["when told by any scrapsnap then play glass tap with high-pitch varied-pitch 40, tell spark","when told sparkx then become next"]},{"p":[0,0,0],"r":[0,0,6.157171E-14],"s":[0.08177088,0.05631854,0.0204868],"c":[1,0.8445881,0.3710972],"b":["when starts then tell fire","when told firex then become 3"]},{"p":[0,0,0],"r":[0,0,6.157171E-14],"s":[0.08177088,0.05631854,0.0204868],"c":[1,0.8445881,0.3710972],"b":["when starts then tell any scrapsendmask","when starts then become next"]},{"p":[0,0,0],"r":[0,0,6.157171E-14],"s":[0.08177088,0.05631854,0.0204868],"c":[1,0.8445881,0.3710971],"b":["when starts then tell remove"]}]},{"b":69,"t":21,"a":[37,36],"s":[{"p":[0,1.862645E-09,-0.01239133],"r":[0,0,0],"s":[0.001000045,0.001000017,0.001000012],"c":[0,0,0],"b":["when taken then become untweened next","when told remove then become untweened next"]},{"p":[0,0,0],"r":[0,0,-5.008957E-06],"s":[0.1075282,0.07529508,0.04033518],"c":[0,0,0],"b":["when starts then become next in 0.1s"]},{"p":[0,0,0],"r":[0,0,-5.008957E-06],"s":[0.08620772,0.06075447,0.02492219],"c":[1,1,1],"b":["when starts then become next in 0.1s","when starts then tell remove?"]},{"p":[0,0,0],"r":[0,0,-5.008957E-06],"s":[0.1075282,0.07529508,0.04033518],"c":[0,0,0],"b":["when starts then become next in 0.1s"]},{"p":[0,1.862645E-09,-0.01239133],"r":[0,0,0],"s":[0.001000045,0.001000017,0.001000012],"c":[0,0,0],"b":["when starts then become untweened next"]}]},{"b":205,"t":7,"a":[12,37,18,36],"pr":1,"s":[{"p":[-0.0002036035,0.03397845,0.157348],"r":[86.5905,59.66096,60.97458],"s":[0.001,0.001,0.001],"c":[1,1,1],"b":["when starts then tell sparkx","when told spark then become next in 0.1s"],"pr":{"c":[1,0.8571429,0],"m":0,"a":0,"s":0,"z":0,"g":0.6106948,"h":0.25}},{"p":[0.001628345,0.03466236,0.04986544],"r":[84.01595,119.4228,116.5467],"s":[0.03454525,0.03454721,0.03455213],"c":[1,1,1],"b":["when starts then become next in 0.1s"],"pr":{"c":[1,0.8571429,0],"m":1,"a":0.25,"s":0.346342,"z":0.2974491,"g":0.6106948,"h":0.25}},{"p":[0.001628345,0.03466236,0.04986544],"r":[84.01598,119.4228,116.5468],"s":[0.03454525,0.0345472,0.03455212],"c":[1,1,1],"b":["when starts then become next in 0.1s"],"pr":{"c":[1,0.8571429,0],"m":1,"a":0.25,"s":0.346342,"z":0.2974491,"g":0.6106948,"h":0.25}}]},{"b":9,"t":3,"a":[12,37,36],"s":[{"p":[-0.007085808,-0.01429343,-0.01773143],"r":[90,180,0],"s":[0.00100001,0.001000056,0.001000068],"c":[0,0,0],"b":["when told fire then become next in 0.5s"]},{"p":[-0.007085776,-0.01429343,0.07164311],"r":[90,180,0],"s":[0.06816599,0.06816664,0.06816828],"c":[0.09876513,0.2793647,0.8888889],"b":["when told firex then become previous in 0.5s"]}]},{"t":7,"a":[12,36],"s":[{"p":[-9.917773E-10,-5.76211E-08,-0.01134455],"r":[90,90.00001,0],"s":[0.001000001,0.001000005,0.001000005],"c":[1,1,1],"b":["when taken then become next in 0.2s"]},{"p":[0,0,0],"r":[90,89.99998,0],"s":[0.01641282,0.142894,0.2115428],"c":[1,1,1],"b":["when touches face then tell first of any scrapmaskon","when touches face then destroy all parts with 0s restore"]}]},{"t":7,"a":[12],"s":[{"p":[-0.08085394,-0.005189653,0.01421726],"r":[89.98022,0,0],"s":[0.02814868,0.02815093,0.04243631],"c":[1,1,1],"b":["when touches hand then tell acws"]}]},{"t":7,"a":[12],"s":[{"p":[0.08085394,-0.005189653,0.01421726],"r":[89.98022,0,0],"s":[0.02814868,0.02815093,0.04243631],"c":[1,1,1],"b":["when touches hand then tell cws"]}]},{"t":2,"a":[12,37],"s":[{"p":[0,0,0],"r":[90,-1.001791E-05,0],"s":[0.01204463,0.01204532,0.01204552],"c":[1,0.8445881,0.3710973],"b":["when told cws then become next","when told acws then become 13"]},{"p":[-7.372688E-09,-0.099778,0.01544426],"r":[90,-9.65935E-06,0],"s":[0.01204499,0.01204749,0.01204753],"c":[1,0.8445881,0.3710972],"b":["when starts then trail start with 1s","when starts then become next"]},{"p":[0.05412339,-0.08605684,0.01544414],"r":[89.98022,2.414836E-06,0],"s":[0.01204537,0.0120493,0.01204936],"c":[1,0.8445881,0.3710972],"b":["when starts then trail start with 1s","when starts then become next"]},{"p":[0.06998014,-0.05211503,0.01544414],"r":[90,-1.001791E-05,0],"s":[0.01204549,0.01205047,0.01205044],"c":[1,0.8445881,0.3710971],"b":["when starts then trail start with 1s","when starts then become next"]},{"p":[0.06998015,0.04809403,0.01544416],"r":[90,4.829673E-06,0],"s":[0.01204563,0.01205156,0.01205147],"c":[1,0.8445881,0.3710971],"b":["when starts then trail start with 1s","when starts then become next"]},{"p":[0.04969455,0.07570552,0.01544417],"r":[90,9.659349E-06,0],"s":[0.01204566,0.01205214,0.01205202],"c":[1,0.8445881,0.371097],"b":["when starts then trail start with 1s","when starts then become next"]},{"p":[0.004065523,0.08960181,0.01544417],"r":[90,-9.659347E-06,0],"s":[0.01204569,0.01205285,0.01205274],"c":[1,0.8445881,0.371097],"b":["when starts then trail start with 1s","when starts then become next"]},{"p":[-0.04707097,0.07869286,0.01544418],"r":[89.98022,4.829675E-06,0],"s":[0.01204575,0.0120533,0.01205318],"c":[1,0.8445881,0.3710969],