{"n":"spawnpoint","v":9,"a":[22,12,18],"p":[{"a":[12],"s":[{"p":[0,0,0],"r":[0,0,0],"s":[0.1752647,0.01142617,0.1751074],"c":[1,1,1]}]}]}