{"v":9,"a":[7,18,49],"p":[{"b":83,"t":1,"s":[{"p":[0,0.1540608,-0.009003162],"r":[0,0,1.024528E-05],"s":[0.1250731,0.02929531,0.05881676],"c":[0.3333332,0.3333332,0.3333332]}]},{"b":83,"t":1,"s":[{"p":[0,-0.01394725,0.06183648],"r":[0,0,1.024528E-05],"s":[0.1250643,0.0292942,0.05881339],"c":[0.3333332,0.3333332,0.3333332]}]}]}