{"v":9,"p":[{"b":5,"s":[{"p":[0,0,0],"r":[0,0,0],"s":[0.1000001,0.5715245,0.1000001],"c":[1,1,1]}]},{"b":5,"s":[{"p":[-0.04695027,0.2061944,-0.28984],"r":[9.406553,55.24657,80.86296],"s":[0.1000003,0.5715249,0.1000003],"c":[1,1,1]}]},{"b":5,"s":[{"p":[0.3539365,-0.13499,-0.5200439],"r":[0.8035486,54.48035,63.22169],"s":[0.1000003,0.5569881,0.1000003],"c":[1,1,1]}]}]}