{"v":9,"a":[7,20,31],"p":[{"b":179,"t":22,"im":"1728794360124229179/8C672003683E8F7950F0D3673E739C31887BC2A8/","s":[{"p":[0,0,0],"r":[0,0,0],"s":[7.491096,7.491097,5.779598],"c":[1,1,1]}]}]}