{"v":9,"a":[7],"p":[{"i":[{"t":"000000000000000000000001","p":[-0.2331911,-0.1001712,0.3547215],"r":[0.1172267,219.1161,0.3792155]}],"s":[{"p":[0,0,0],"r":[0,0,0],"s":[12.82262,0.1750039,9.914044],"c":[0,1,0.3999999]}]}]}