{"v":9,"a":[7,18],"p":[{"a":[36],"i":[{"t":"5f438ca956dc833193905016","p":[0.4575996,0.01513473,-0.03143084],"r":[0,0,270]}],"s":[{"p":[0,0,0],"r":[0,0,0],"s":[0.1750087,0.1750067,0.1750052],"c":[1,1,1],"b":["when touched then become next in 1"]},{"p":[0,0,0],"r":[0,0,0],"s":[0.01012912,0.01767834,0.01596445],"c":[0,1,1],"b":["when starts then become next in 4, playvocal robotic"]},{"p":[-4.587475,8.203044E-07,0],"r":[0,0,270],"s":[0.1750183,0.1750456,0.1750369],"c":[0.8888889,1,1],"b":["when touched then become next in 1s"]},{"p":[-4.587475,8.203044E-07,0],"r":[0,0,270],"s":[0.01985693,0.0231324,0.02658299],"c":[0,1,0.7428571],"b":["when starts then become next in 4, play vocal robotic"]}]}]}