{"v":9,"p":[{"b":131,"e":"INCLUDE TREES TOGETHER\nMAKE OCEAN BIGGER\nPATH TO STYX'S PLOT\nSIGNPOSTS FOR NAVIGATION?\nBACKGROUND FOR TREES\nFOILAGE FILLER FOR TREES\nFINISH MOUTAINS\nBACKGROUND ISLANDS FOR OCEAN\nBRIDGE FOR PATH\nENTRENCE PATH FACAD","s":[{"p":[0,0,0],"r":[0,0,-7.656432E-20],"s":[0.003000024,0.003000038,0.003000007],"c":[0.332275,0.3333332,0.2962962]}]},{"a":[23],"s":[{"p":[0.2787329,-0.1556332,0.009162951],"r":[270,1.001791E-05,0],"s":[0.6069509,0.01789033,0.3865045],"c":[0.9968254,1,0.8888889]}]}]}