{"n":"scan trigger","v":9,"a":[2,3,7,16,18],"p":[{"b":45,"s":[{"p":[0.001714712,0.02176011,-0.08585],"r":[0,0,270],"s":[0.2878529,0.008692285,0.2466826],"c":[1,1,1]}]}]}