{"n":"ground","v":9,"a":[7,18],"p":[{"s":[{"p":[0,0,0],"r":[0,0,0],"s":[2452.367,0.896061,2500],"c":[0.222222,0.222222,0.222222]}]}]}