{"n":"stall lock","v":9,"a":[7,13,18],"p":[{"b":5,"t":1,"s":[{"p":[0.08093645,0.01041413,0.0003280649],"r":[270,180,0],"s":[0.002515538,0.002515538,0.01719073],"c":[0.7777778,0.7777778,0.7777778]}]},{"b":5,"t":1,"s":[{"p":[0.08093645,0.01735688,0.0003280658],"r":[270,180,0],"s":[0.002960218,0.002960218,0.01066309],"c":[0.4444443,0.4444443,0.4444443],"b":["when touches hand then tell any s1-lock"]}]},{"b":60,"t":1,"s":[{"p":[0.07236291,0.00524903,0.0008087163],"r":[0,180,-5.008957E-06],"s":[0.07335894,0.008656787,0.02639625],"c":[0.7777778,0.7777778,0.7777778]}]}]}