{"n":"penisroom","v":9,"a":[7,48],"p":[{"s":[{"p":[0,0,0],"r":[0,0,0],"s":[0.1750017,0.1750005,0.1750023],"c":[0,0,0]}]}]}