{"n":"drain","v":9,"a":[22,18,21],"p":[{"b":3,"t":23,"s":[{"p":[0,0,0],"r":[-6.106667E-13,-1.707547E-06,-4.325554E-13],"s":[0.08388588,0.01940829,0.08388191],"c":[0,0,0]}]},{"b":58,"s":[{"p":[-0.002410402,0.01565552,-0.006217476],"r":[-3.071122E-06,337.5,4.596255E-06],"s":[0.03557838,0.02824928,0.03557374],"c":[0.7777778,0.7654321,0.691358]}]}]}