{"n":"bathroom","v":9,"a":[7,13,18],"p":[{"s":[{"p":[-5.120579,2.106972,-9.536743E-07],"r":[0,1.001791E-05,90],"s":[5.111239,0.1755664,8.338345],"c":[1,0.984127,0.8888889]}]},{"b":5,"t":23,"s":[{"p":[-0.8794823,0.938034,-0.2946703],"r":[0,90,1.151484E-12],"s":[0.07549407,0.06988361,0.1000183],"c":[0,0,0]}]}]}