{"n":"blue light","v":9,"a":[31,48,49],"p":[{"t":3,"s":[{"p":[0,0,0],"r":[-1.250645E-08,-1.164754E-17,1.067217E-07],"s":[0.08794657,0.08794568,0.08794649],"c":[0,0.03174577,0.5555556]}]}]}