{"n":"pole","v":9,"a":[7,12,13,18,48,50],"tp_lp": [1,0,1],"tp_lp": [1,0,1],"tp_lr": [1,1,1],"p":[{"b":5,"t":7,"a":[36],"su":[{"i":"6080a99b039d93411c0d0666","t":"6080aa3234c0b125a249cd92","p":[-19.56753,2.395594,-3.695537],"r":[0,0,263.352]},{"i":"6080aa15039d93411c0d066a","t":"6080aa2efec50c055078a864","p":[-19.56753,2.395594,-4.194631],"r":[0,0,270]}],"s":[{"p":[0.04827887,-1.215529,0.02117872],"r":[0,0,90],"s":[0.7985362,0.7721661,685.3519],"c":[1,1,1],"b":["when starts then set gravity to 0 0 0"]}]}]}