{"n":"ground","v":9,"a":[1],"p":[{"b":17,"t":2,"t1":23,"s":[{"p":[0,0,0],"r":[0,0,0],"s":[3.363346,0.11062,3.201102],"c":[0.7777778,0.7234568,0.6049383],"t1":{"c":[1,0.895238,0.6666666],"x":0.17,"y":0.17,"a":0.69625,"m":0.5,"n":0.5,"r":0,"g":0,"o":0.5,"t":0.5,"e":0.5}}]}]}