{"v":9,"a":[22,18],"p":[{"a":[15],"t1":38,"s":[{"p":[0,0,0],"r":[0,0,0],"s":[2.285126,0.1750027,0.4500203],"c":[0.1111107,0.07513184,0.03703704],"t1":{"c":[0.4444444,0.1523809,0],"x":0.5,"y":0.742619,"a":1,"m":0,"n":0.03801262,"r":0.5,"g":0,"o":0.5,"t":0.5,"e":0.5}}]},{"a":[15],"t1":38,"s":[{"p":[0.02016716,-0.1689622,-0.3206968],"r":[1.001791E-05,-8.757938E-13,-1.001791E-05],"s":[2.829934,0.1750116,0.7452847],"c":[0.1111106,0.07513172,0.03703704],"t1":{"c":[0.4444444,0.1523809,0],"x":0.5,"y":0.7230526,"a":1,"m":0,"n":0.04609251,"r":0.5,"g":0,"o":0.5,"t":0.5,"e":0.5}}]}]}