{"v":9,"a":[7,18,31],"p":[{"b":205,"t":7,"a":[12,37,36],"i":[{"t":"608356355a14143080717be5","p":[4.777734E-09,-0.01226902,-1.948546E-09],"r":[90,180,0]}],"s":[{"p":[3.818584E-09,0.04367951,1.396627E-15],"r":[-1.001791E-05,4.378968E-13,-3.828215E-20],"s":[0.02235869,0.02237032,0.02235606],"c":[1,1,1],"b":["when starts then all parts face nearest scraplegface lock x"]}]},{"b":5,"t":1,"s":[{"p":[2.14262E-09,0.02450871,4.28524E-09],"r":[90,180,0],"s":[0.01916414,0.01916152,0.01915535],"c":[0.5555556,0.5555556,0.5555556]}]},{"b":5,"t":1,"s":[{"p":[1.958804E-09,0.0224061,-0.0008481702],"r":[90,180,0],"s":[0.01748969,0.01749032,0.017483],"c":[1,1,1]}]}]}