{"n":"zwh","v":9,"a":[5,7,18],"p":[{"t":2,"a":[36],"im":"1774958062172901762/E782B4FDB595C64B19E58F66A6B55B8F45E28F5F/","imt":1,"s":[{"p":[-1.422951E-06,-20.0002,-0.0432415],"r":[2.003582E-05,180,180],"s":[1.814324,2.0847,0.04318155],"c":[1,1,1],"b":["when told by any tzwh then become untweened 2 in 0.2s, tell any effects"]},{"p":[-2.603054,-11.31561,-0.04324284],"r":[2.003582E-05,180,180],"s":[1.814324,2.0847,0.04318155],"c":[1,1,1],"b":["when touches hand then send one nearby to zork white house","when told by any framereset then become untweened 1 in 0.2s"]}]}]}