{"n":"nmld","v":9,"a":[5,7,18],"p":[{"t":2,"a":[36],"im":"1774958062172889691/4414E93CFA56C69749A99B3A1B1B010A0D19E4DE/","s":[{"p":[-1.430511E-06,-15.31207,-0.0432415],"r":[1.001791E-05,180,180],"s":[1.814324,2.0847,0.04318155],"c":[1,1,1],"b":["when told by any tnmld then become untweened 2 in 0.2s, tell any effects"]},{"p":[1.549721E-06,13.69895,-0.04324436],"r":[1.001791E-05,180,180],"s":[1.814324,2.0847,0.04318155],"c":[1,1,1],"b":["when touches hand then send one nearby to no man's land deathmatch","when told by any framereset then become untweened 1 in 0.2s"]}]}]}