{"v":9,"a":[48,49],"p":[{"a":[36],"s":[{"p":[0,0,0],"r":[0,0,2.134434E-07],"s":[0.1750002,0.1750003,0.1750003],"c":[1,1,1],"b":["when starts then tell any bit, then  become untweened 2 in 160s"]},{"p":[0,0,0],"r":[0,0,2.134434E-07],"s":[0.1750002,0.1750003,0.1750003],"c":[1,1,1],"b":["when starts then tell any bit, then become untweened next in 300s"]}]}]}