{"n":"ball light","v":9,"a":[2,7,18,31],"p":[{"b":9,"t":3,"s":[{"p":[0,0,0],"r":[0,0,1.067217E-06],"s":[0.03025125,0.03025134,0.03025115],"c":[0.5555556,0.5555556,0.5555556],"b":["when touched then become next in 0.2s"]},{"p":[0,0,0],"r":[0,0,1.067217E-06],"s":[0.03037964,0.03037973,0.03037954],"c":[1,0.9682539,0.7777778],"b":["when touched then become next in 0.2s"]}]}]}