{"v":9,"a":[7,18,49],"p":[{"b":179,"s":[{"p":[0,0,0],"r":[0,0,0],"s":[177.3,44.73281,0.2269182],"c":[0.5555556,0.5555556,0.5555556]}]}]}