{"v":9,"a":[7,18],"p":[{"t":13,"s":[{"p":[0,0,0],"r":[0,0,0],"s":[0.1750009,0.1750011,0.175001],"c":[0.07407401,0.4126982,0.6666667]}]}]}