{"v":9,"a":[7],"p":[{"t":9,"s":[{"p":[-1.573647E-06,-18.00042,0.0003852844],"r":[0,0,0],"s":[445.4462,0.01146693,549.3772],"c":[0,0,0]}]}]}