{"v":9,"p":[{"b":5,"s":[{"p":[-0.3942778,-0.2265604,0.1851504],"r":[351.3763,15.4299,338.3282],"s":[0.1000001,0.1000002,0.1000002],"c":[1,1,1]}]},{"b":5,"s":[{"p":[0.2968368,-0.3147567,0.2109409],"r":[348.1404,348.1033,56.56571],"s":[0.1000003,0.1011034,0.1000002],"c":[1,1,1]}]},{"b":5,"s":[{"p":[0.1682321,-0.1080071,0.03305912],"r":[346.4078,350.7,36.76987],"s":[0.1000002,0.1000002,0.1000001],"c":[1,1,1]}]},{"b":5,"s":[{"p":[-0.1335087,-0.001448177,-0.008838326],"r":[352.3857,2.02163,359.6986],"s":[0.1000002,0.1000002,0.1000002],"c":[1,1,1]}]}]}