{"n":"scanner","v":9,"a":[7,18,31,49],"p":[{"t":19,"a":[23],"s":[{"p":[1.306474E-09,0.01976132,-0.004817009],"r":[90,-1.001791E-05,0],"s":[0.1750031,0.01119184,0.1750102],"c":[0.111111,0.111111,0.111111]}]},{"t":19,"a":[23],"s":[{"p":[1.72759E-09,0.01976132,0],"r":[90,-2.302967E-12,0],"s":[0.1433104,0.003106697,0.1433233],"c":[0.2222221,0.2222221,0.2222221]}]},{"b":4,"a":[12,37],"i":[{"t":"608f546175f29430860593d0","p":[3.248394E-09,0.01976132,0.01739597],"r":[90,-0.0001001791,0],"a":[48]}],"s":[{"p":[0,0,0],"r":[0,0,0],"s":[0.0217985,0.02180227,0.02180248],"c":[1,1,1],"b":["when starts then project with 0.2 max"]}]}]}