{"v":9,"a":[7,18],"p":[{"s":[{"p":[0,0,0],"r":[0,0,0],"s":[2.458059,0.4141202,0.01304156],"c":[0.111111,0.05714275,0]}]}]}