{"v":9,"a":[7,18],"p":[{"t":9,"a":[36],"s":[{"p":[7.086694E-13,8.225441E-06,-1.08981],"r":[0,0,1.001791E-05],"s":[0.9398961,0.0106063,0.2318995],"c":[0,0,0],"b":["when told by nearby livinglightoff then become 2 in 2"]},{"p":[0,0,0],"r":[0,0,0],"s":[0.9394109,0.01060426,2.147622],"c":[0,0,0],"b":["when told by nearby livinglighton then become 1 in 2"]}]}]}