{"v":9,"a":[7,18],"p":[{"t":19,"s":[{"p":[0,0,0],"r":[0,0,0],"s":[0.02333301,0.1750329,0.175033],"c":[0,0,0]}]},{"t":7,"a":[12,36],"s":[{"p":[-0.001151562,-0.001786724,0.1226775],"r":[0,0,0],"s":[0.158957,0.06815909,0.06035009],"c":[1,1,1]}]}]}