{"v":9,"a":[7,18],"p":[{"b":64,"t1":38,"t2":3,"s":[{"p":[0,0,0],"r":[0,0,0],"s":[0.0145333,1.023506,0.005829968],"c":[0.1111107,0.07619018,0],"t1":{"c":[0.2222221,0.1262786,0.02469136],"x":0.8032506,"y":0.2914637,"a":0.8082814,"m":0,"n":0,"r":0,"g":0,"o":0.5,"t":0.5,"e":0.5},"t2":{"c":[0.1111111,0.05714279,0],"x":0.17,"y":0.17,"a":0.69625,"m":0.5,"n":0.5,"r":0,"g":0,"o":0.5,"t":0.5,"e":0.5}}]}]}