{"v":9,"a":[30],"p":[{"b":5,"t":1,"i":[{"t":"6094a09fd2f8b925a38dafbf","p":[9.313226E-10,-0.002284646,0.00695032],"r":[1.001792E-05,270,1.001792E-05]}],"s":[{"p":[0,0,0],"r":[0,0,0],"s":[0.0240363,0.02403578,0.008971875],"c":[0.4444437,0.4571425,0.6666667]}]}]}