{"n":"mat3","v":9,"a":[7,18],"p":[{"s":[{"p":[0,0,0],"r":[0,0,0],"s":[0.1750008,0.1750054,1.061478],"c":[0.4444443,0.4444443,0.4444443]}]}]}