{"n":"mat2","v":9,"a":[7,18],"p":[{"s":[{"p":[0,0,0],"r":[0,0,0],"s":[1.592845,0.175015,0.7130766],"c":[0.5555556,0.5555556,0.5555556]}]}]}