{"v":9,"a":[22,31,50],"p":[{"b":60,"s":[{"p":[0,0,0],"r":[0,0,0],"s":[0.09616697,0.09616216,0.09616211],"c":[0,0.05079314,0.8888889]}]},{"b":60,"t":3,"s":[{"p":[-0.01252651,-1.169694E-07,0],"r":[0,0,0],"s":[0.08626895,0.08626328,0.08626224],"c":[0,0.7428569,1]}]},{"b":3,"i":[{"t":"609632555a14143080717ea1","p":[0,0,0],"r":[2.233463E-06,4.916179E-06,348.0045]}],"s":[{"p":[0.1794923,-1.341105E-07,-3.138342E-08],"r":[0,90.00001,270],"s":[0.04652339,0.04651687,0.04652919],"c":[1,1,1]}]},{"b":140,"t":2,"a":[19],"e":"IM\nMOVABLE","s":[{"p":[0.009537108,0.002786636,0.04869366],"r":[-8.14222E-13,180,90.00001],"s":[0.002285047,0.002284602,0.002285062],"c":[0,0.7428569,1]}]}]}