{"v":9,"a":[7,18,31],"p":[{"s":[{"p":[0,0,0],"r":[0,0,0],"s":[0.8570219,0.8568527,0.1678003],"c":[0.7777778,0.7777778,0.7777778]}]},{"b":18,"e":"CURRENT MODEL","s":[{"p":[-0.4025113,0.4368063,0.07051325],"r":[90,-1.001791E-05,0],"s":[0.009123608,0.009121444,0.009123426],"c":[0,0,0]}]}]}