{"n":"pm18ra","v":9,"a":[7,18],"p":[{"b":3,"a":[12,36],"s":[{"p":[0,0,0],"r":[0,0,0],"s":[0.03846709,0.008741811,0.06690983],"c":[1,1,1]}]}]}