{"v":9,"a":[31],"p":[{"b":72,"s":[{"p":[0,0,0],"r":[0,0,2.134434E-07],"s":[0.02441202,0.02441192,0.02441202],"c":[1,1,1],"b":["when touches hand then tell first of any octenter"]}]}]}