{"v":9,"p":[{"b":2,"s":[{"p":[0,0,0],"r":[0,0,0],"s":[0.1250002,0.1250002,0.1250003],"c":[1,1,1],"b":["when starts then set constant rotation to 15 12 29"]}]}]}