{"v":9,"p":[{"t1":30,"s":[{"p":[0,0,0],"r":[0,0,0],"s":[0.1845587,0.0118044,0.101312],"c":[0.8888889,0.8888889,0.8888889],"t1":{"c":[0.3333333,0.3333333,0.3333333],"x":0.5,"y":0.5,"a":0.3900614,"m":0,"n":0,"r":0,"g":0,"o":0.5,"t":0.5,"e":0.5}}]},{"b":63,"t1":30,"s":[{"p":[0.002617361,0.005025386,0.01034594],"r":[359.855,270.5135,359.968],"s":[0.05448936,0.01605123,0.1036495],"c":[1,1,1],"t1":{"c":[0.3333333,0.3333333,0.3333333],"x":0.5,"y":0.5,"a":0.3900614,"m":0,"n":0,"r":0,"g":0,"o":0.5,"t":0.5,"e":0.5}}]}]}