{"v":9,"p":[{"a":[12,37,31,36],"i":[{"t":"60a135b15a14143080718030","p":[-0.001142298,0.00776018,-0.003512018],"r":[72.82409,82.16859,78.5538]}],"s":[{"p":[0,0,0],"r":[0,0,5.336085E-08],"s":[0.1750014,0.1750014,0.1750017],"c":[1,1,1],"b":["when starts then set constant rotation to 10 10 10"]}]}]}