{"v":9,"a":[7,18],"p":[{"s":[{"p":[0,0,0],"r":[0,0,0],"s":[1.008245,0.9101467,0.02858149],"c":[1,1,1]}]}]}