{"v":9,"a":[7,18],"p":[{"s":[{"p":[0,0,0],"r":[0,0,0],"s":[2.212102,0.001331971,2.516761],"c":[1,1,1]}]}]}