{"v":9,"p":[{"b":179,"t":20,"t1":168,"t2":10,"s":[{"p":[0,0,0],"r":[0,0,-5.336085E-08],"s":[0.2150002,0.2150001,0.215],"c":[1,1,1],"t1":{"c":[1,1,1],"a":0},"t2":{"c":[1,1,1],"a":1}}]}]}