{"v":9,"p":[{"a":[23],"s":[{"p":[0,0,0],"r":[0,0,0],"s":[0.239226,0.2481813,0.07634465],"c":[0,0,0]}]},{"t":21,"a":[12,37],"s":[{"p":[-0.2708849,0.4286824,-0.05121678],"r":[90,90,0],"s":[0.01088678,0.006531093,0.01053091],"c":[0,0,0],"b":["when told scrapsavage then tell fire","when told scrap savage then tell fire","when told scrap then send fire","when told scraps4vage then tell fire","when told skrapsavage then tell fire","when told s0rapsavage then tell fire"]}]},{"b":82,"id":"60a5e5445903df552c2a0103","c":[[-1.4,0.5,1.4,64,20,43,-64,19,-20,18,-15,60,-59,57,-62,11,-13,62],[-1.4,0.5,-1.4,71,20,-21,19,-20,10,7,-18,9,-10,8,-29,47],[1.4,0.5,-1.4,47,48,-47,49,-48,50,1,-50,53,-52,54],[1.4,0.5,1.4,58,61,-62,60,-61,57,1,-59,56,-57,55,-57,55],[1.4,-0.5,-1.4,32,62,-61,63,-62,64,3,-66,67,-66,68],[1.5,-0.5,-1.5,9,5,3],[-1.4,-0.5,-1.4,19,71,-70,68,-67,57,9,-65,54,-53,51,-56,74],[-1.4,-0.5,1.4,30,92,-93,95,-96,57,41,-99,56,-57,55,-57,49],[1.4,-0.5,1.4,43,75,-76,74,-75,71,3,-75,70,-71,69,-71,69,-75,89]],"s":[{"p":[1.035641E-08,0.1184635,-1.490116E-08],"r":[7.24451E-06,90,180],"s":[0.0262958,0.008828755,0.08066671],"c":[0.222222,0.222222,0.222222]}]},{"b":82,"ac":{"id":"60a5e5445903df552c2a0103","c":9},"v":2,"s":[{"p":[-1.109018E-07,0.09502746,-1.490116E-08],"r":[7.24451E-06,90,180],"s":[0.02631605,0.00883479,0.08074109],"c":[0.222222,0.222222,0.222222]}]}]}