{"v":9,"a":[7,18],"p":[{"b":60,"t":21,"s":[{"p":[0.01036084,0.004900455,0.0006058211],"r":[0,0,-5.008957E-06],"s":[0.003161144,0.01805237,0.008228032],"c":[1,0,0]}]},{"a":[23],"s":[{"p":[0,0,0],"r":[0,0,0],"s":[0.02834569,0.02390675,0.01580981],"c":[0.222222,0.222222,0.222222],"b":["when touched then tell nearby onoffsmall"]}]},{"b":129,"a":[20],"e":"I/O","s":[{"p":[1.046705E-09,0.01197291,0.005772112],"r":[90,-1.001791E-05,0],"s":[0.001079928,0.001079755,0.001079928],"c":[0.3333332,0.3333332,0.3333332]}]}]}