{"v":9,"a":[7],"p":[{"a":[1,42],"s":[{"p":[0,0,0],"r":[0,0,0],"s":[0.6252536,0.01659703,0.4029887],"c":[1,0.5142855,0]}]}]}