{"v":9,"p":[{"a":[1],"s":[{"p":[0.1488588,1.148118,0.518721],"r":[356.75,220.625,0],"s":[0.175,0.175,0.175],"c":[1,1,1]}]}]}