{"n":"train car","v":9,"a":[7,18],"p":[{"b":69,"s":[{"p":[0.02788607,0.4066724,0.002922124],"r":[-6.830189E-06,270,89.99999],"s":[0.1133725,0.001000046,0.1120979],"c":[0.222222,0.222222,0.222222]}]},{"b":69,"s":[{"p":[0.7401059,0.4066722,0.002922],"r":[-1.366038E-05,270,89.99999],"s":[0.1133733,0.001000299,0.1121026],"c":[0.222222,0.222222,0.222222]}]},{"c":[[0.613,-2.019,0.5,0,13,10],[-0.609,-2.482,0.493,1,13,2]],"s":[{"p":[0.3761497,-0.007938656,0.002921991],"r":[89.98022,5.008957E-06,0],"s":[1.036234,0.001,0.7566235],"c":[0.2222219,0.2222219,0.2222219]}]}]}