{"n":"void","v":9,"a":[7,18],"p":[{"t":19,"s":[{"p":[0,0,0],"r":[0,0,0],"s":[1.085345,0.03263333,1.78358],"c":[0,0,0]}]}]}