{"v":9,"p":[{"s":[{"p":[0,0,0],"r":[0,0,1.067217E-06],"s":[0.1750001,0.1750001,0.1750001],"c":[1,1,1]}]},{"b":14,"s":[{"p":[-0.8123655,1.033205,-0.9456325],"r":[14.58235,32.45314,25.22983],"s":[0.06000002,0.06000005,0.06000003],"c":[1,1,1],"b":["when touches hand","then become soft in 1s"]}]}]}