{"v":9,"p":[{"i":[{"t":"60b46a2d5a14143080718368","p":[0,0,0],"r":[3.180555E-15,4.268868E-07,-8.537737E-07]}],"s":[{"p":[0,0,0],"r":[0,0,1.067217E-06],"s":[0.1750001,0.1750001,0.1750001],"c":[1,1,1]}]}]}