{"n":"slap","v":9,"a":[22,18],"p":[{"t":1,"t1":43,"s":[{"p":[0,0,0],"r":[0,0,-8.142219E-13],"s":[0.04574423,0.01440906,0.4429812],"c":[0.4444443,0.428924,0.3950616],"t1":{"c":[0.6666667,0.342857,0],"x":0.5,"y":0.5,"a":0.8925,"m":0,"n":0,"r":0,"g":0,"o":0.5,"t":0.5,"e":0.5}}]},{"b":10,"t":1,"t1":43,"s":[{"p":[0.0005331027,0.00758931,0.1942133],"r":[90,-7.416127E-06,0],"s":[0.01972544,0.01971604,0.00738388],"c":[0.2222219,0.2144618,0.1975306],"t1":{"c":[0.4444444,0.2285713,0],"x":0.5,"y":0.5,"a":0.8925,"m":0,"n":0,"r":0,"g":0,"o":0.5,"t":0.5,"e":0.5}}]},{"b":10,"t":1,"t1":43,"s":[{"p":[-0.0004668249,0.00758937,-0.1957877],"r":[90,-5.859371E-07,0],"s":[0.01972544,0.01971604,0.00738388],"c":[0.2222221,0.214462,0.1975307],"t1":{"c":[0.4444444,0.2285713,0],"x":0.5,"y":0.5,"a":0.8925,"m":0,"n":0,"r":0,"g":0,"o":0.5,"t":0.5,"e":0.5}}]}]}