{"n":"shelf","v":9,"a":[7,18],"p":[{"s":[{"p":[0,0,0],"r":[0,0,0],"s":[0.2412201,0.2265089,0.02491168],"c":[0.3333331,0.3333331,0.3333331]}]}]}