{"v":9,"a":[1,7],"p":[{"a":[12],"s":[{"p":[0,0,0],"r":[0,0,0],"s":[0.2078018,0.1750044,0.04380907],"c":[1,1,1],"b":["when touches hand then tell any ampchair1"]}]}]}