{"v":9,"p":[{"b":14,"s":[{"p":[0,0,0],"r":[0,0,0],"s":[0.06000009,0.06000003,0.06000008],"c":[1,0.8253968,0.4444443]}]}]}