{"v":9,"p":[{"b":9,"s":[{"p":[0,0,0],"r":[0,0,0],"s":[0.1250001,0.125,0.1250001],"c":[1,1,1]}]},{"b":13,"s":[{"p":[-0.002157427,0.01127593,-0.0142038],"r":[356.6646,351.3229,11.98384],"s":[0.06000007,0.05999999,0.06000005],"c":[1,1,1]}]}]}