{"n":"fridge","v":9,"a":[7,18],"p":[{"a":[23],"s":[{"p":[-5.960464E-08,-0.2228279,-0.3704109],"r":[-3.415095E-06,0,180],"s":[0.7214975,0.01145239,1.43971],"c":[0.5555556,0.5555556,0.5555556]}]},{"s":[{"p":[-1.917876E-08,-0.2193794,-0.3704109],"r":[0,0,180],"s":[0.7215269,0.007201313,0.02375654],"c":[0.4444442,0.4444442,0.4444442]}]},{"s":[{"p":[0.1869888,-0.2122803,-0.01172253],"r":[0,0,180],"s":[0.1360894,0.01483805,0.02375901],"c":[0.111111,0.111111,0.111111],"b":["when grabbed then play fridge door close with 0.2s skip, tell door, become soft start next in 0.1s"]},{"p":[0.1869888,-0.2122803,-0.01172253],"r":[0,0,180],"s":[0.1360894,0.01483805,0.02375901],"c":[0.3333332,0.3333332,0.3333332],"b":["when starts then become soft end next in 0.1s"]}]}]}