{"n":"bumpo","v":9,"a":[7,18],"p":[{"s":[{"p":[0.009513916,3.571622E-07,-0.005251468],"r":[0,180,180],"s":[0.001,0.009813158,0.004670223],"c":[0.2222221,0.2222221,0.2222221]}]}]}