{"n":"ground","v":9,"a":[1],"p":[{"b":17,"s":[{"p":[0,0,0],"r":[0,0,0],"s":[3.363346,0.11062,3.201102],"c":[0.9019608,0.8509804,0.7215686]}]},{"b":7,"s":[{"p":[1.224927,1.386797,-2.247708],"r":[271.7039,161.2929,192.796],"s":[0.125,0.1250004,0.1250003],"c":[1,1,1]}]},{"b":14,"s":[{"p":[0.9259615,1.185937,-2.351088],"r":[335.1986,307.0652,20.00348],"s":[0.05999999,0.06000002,0.06],"c":[1,1,1]}]},{"b":5,"s":[{"p":[-1.346934,1.078167,-3.126613],"r":[339.7574,109.0876,269.0662],"s":[0.1000003,0.1000002,0.1000003],"c":[1,1,1]}]}]}