{"n":"fucking wood","v":9,"p":[{"b":168,"id":"60c94c8340d69520bc2badae","s":[{"p":[0,0,0],"r":[0,0,0],"s":[0.0517761,0.04500006,0.2303475],"c":[0.4444443,0.430335,0.3456789]}]},{"b":168,"ac":{"id":"60c94c8340d69520bc2badae","c":14},"s":[{"p":[0.3223877,4.927852E-15,2.818403E-08],"r":[-1.673366E-27,3.828216E-20,180],"s":[0.05180356,0.04501077,0.2304508],"c":[0.4444443,0.4303349,0.3456789]}]}]}