{"n":"flashlight","v":9,"a":[36,37],"p":[{"b":5,"t":1,"s":[{"p":[0,0,0],"r":[0,0,0],"s":[0.0203866,0.02038627,0.0203866],"c":[0.3333332,0.3333332,0.3333332]}]},{"b":5,"t":1,"s":[{"p":[-3.72529E-09,-8.025144E-09,-0.04589844],"r":[-1.001791E-05,0,0],"s":[0.01654489,0.01654257,0.09826845],"c":[0.3333332,0.3333332,0.3333332]}]},{"b":5,"t":2,"s":[{"p":[9.313226E-10,1.253929E-09,0.007171632],"r":[-1.001791E-05,0,0],"s":[0.01959129,0.01958658,0.004297558],"c":[1,1,1]}]},{"b":4,"t":4,"a":[12,37,17,24],"s":[{"p":[-2.328306E-10,-2.561216E-10,-0.001464844],"r":[-9.748989E-06,-8.964298E-08,90],"s":[0.1846406,0.1846411,0.1846409],"c":[1,1,1]}]}]}