{"v":9,"a":[2,9,50],"p":[{"b":9,"s":[{"p":[0,0,0],"r":[0,0,0],"s":[0.1250008,0.1250004,0.1250008],"c":[1,1,1]}]}]}