{"n":"floor","v":9,"a":[7,18],"p":[{"t":9,"t1":156,"s":[{"p":[0,0,0],"r":[0,0,-7.656432E-20],"s":[30.93684,0.1750871,47.86301],"c":[1,1,1],"t1":{"c":[0,0,0],"x":0.01645947,"y":0.01339602,"a":0.4083314,"m":0,"n":0,"r":0,"g":0,"o":0.5,"t":0.5,"e":0.5}}]}]}