{"n":"shirt","v":9,"a":[2],"p":[{"b":200,"c":[[-1.386,1.182,0.555,111,20],[-1.455,1.27,-0.094,113,10],[-2.009,0.629,0.669,8,102],[-2.305,0.887,-0.087,2,110],[-1.94,0.536,-0.783,3,91,26],[-0.455,-1.435,-1.823,7,9,71],[-1.356,-0.405,-1.35,5,87],[-0.541,-0.532,-1.325,93,29,8,7],[-1.102,0.349,-1.04,116,5,7],[-1.292,0.777,-0.666,114,12],[-0.674,-0.975,-0.24,52,73],[-1.078,-0.729,-0.008,54,70],[-0.815,-0.502,0.423,56,76],[-0.682,-0.322,0.834,57,77],[-0.073,-2,-2.003,14,6,21],[0.005,-1.541,-1.854,17,4,65],[-0.278,-1.202,-1.555,89,51,1],[0.601,-1.605,-1.601,18,67],[0.455,-0.597,-1.299,90,27,27],[-0.353,-1.024,-1.18,45,3,81,9],[-2.19,-0.292,-0.866,0,47,2],[-0.507,-0.719,-0.793,46,5,76],[-2.619,-0.104,-0.154,1,52],[-1.689,-0.652,-1.368,4,39,7],[1.077,0.124,-0.844,95,23,28],[1.328,-1.676,-0.807,68,9,68],[2.663,-1.658,0.124,67,80],[0.265,-1.176,-1.165,65,13,65],[-0.01,-1.598,-1.281,44,18,77,3],[-0.364,-2.872,-2.272,6,9,25],[1.201,-0.482,-1.238,22,66],[0.593,-2.036,-1.767,19,23,21],[2.007,0.63,-0.637,24,67,28],[2.435,-0.815,-0.72,25,41,10],[1.526,-1.72,-1.322,23,41],[2.869,-0.721,0.629,27,42],[2.453,0.988,0.266,26,71],[1.577,1.006,-0.367,96,52],[0.02,-2.833,1.496,35,2,47],[0.911,-2.94,1.498,33,49],[1.796,-2.942,1.236,31,43,5],[2.27,-1.658,1.293,29,43],[2.45,-2.152,0.956,71,80],[2.31,-0.297,1.175,28,71],[1.547,-0.928,1.586,30,72],[0.725,-1.677,1.723,32,73],[-0.635,-1.183,1.731,34,4,77],[-0.892,-2.311,1.535,13,23,25,22],[-1.064,-0.167,1.584,12,27,67],[-1.612,0.201,1.244,10,97],[0.154,0.299,1.631,104,54,1],[1.001,0.195,1.537,103,53],[1.991,1.237,0.247,98,52],[1.641,0.143,1.363,101,53],[1.756,0.373,0.886,100,52],[0.024,-0.419,0.962,60,20,77,3],[0.75,-0.593,1.055,75,6,74],[-0.369,-0.325,0.933,59,77,25],[-2.545,-1.092,0.575,9,46],[2.653,-1.581,0.559,70,79],[2.125,-3.219,0.882,73,80],[-1.721,-1.727,1.317,11,47],[-0.715,0.744,1.23,108,27,27]],"sa":98,"s":[{"p":[-0.01340954,0.02159033,0.07567013],"r":[43.22356,267.4005,358.998],"s":[0.02463655,0.01364395,0.0350128],"c":[0.3880069,0.5555556,0.2469135]}]},{"b":16,"t":19,"t1":168,"s":[{"p":[0.0262633,-0.01050712,0.07851341],"r":[66.72569,289.5099,13.3521],"s":[0.03112845,0.06105617,0.03339835],"c":[0.5185185,0.7777778,0.7555556],"t1":{"c":[0.5954146,0.09876538,0.8888889],"a":0.05}}]},{"b":69,"t1":168,"c":[[0.277,-1.469,-0.029,229,1,1,1,1,1,2,2,2,2,2,1,2,1,2,1,2,1,2,6,1,1,1,1,1,1,2,2,2,2],[-0.129,-1.319,-0.08,221,28],[0.08,-1.173,-0.058,219,36],[0.133,-1.359,-0.017,218,51],[0.026,-1.289,-0.11,220,32],[-0.199,-1.025,-0.032,203],[-0.251,-1.152,0.093,222,24],[-0.234,-1.203,0.104,223,20],[-0.254,-1.246,0.113,224,17],[-0.202,-1.582,0.12,225,14],[-0.196,-1.512,0.126,226,11],[-0.109,-1.548,0.262,227,8],[0.011,-1.591,0.24,260,15],[-0.046,-1.44,0.193,228,33],[0.182,-1.658,0.18,259,14],[0.297,-1.528,-0.043,257],[0.255,-1.63,0.133,258,13],[0.024,-1.051,-0.107,204],[-0.377,-1.062,-0.199,202],[0.015,-0.844,-0.167,188],[-0.083,-0.994,-0.235,170],[0.135,-0.994,-0.204,187],[0.268,-1.157,-0.167,205],[0.236,-0.943,-0.251,171],[0.383,-1.003,-0.362,186],[0.02,-0.638,-0.87,137],[-0.157,-0.603,-0.491,155],[0.311,-1.069,-0.573,154],[0.281,-0.532,-0.787,138],[0.414,-1.114,-0.852,139],[-0.142,-0.208,-0.854,136],[-0.533,-0.931,-0.515,135],[-0.509,-0.465,-0.641,134],[-0.467,-1.175,-0.542,156],[-0.495,-1.216,-0.302,169],[-0.371,-0.893,-0.299,189],[-0.415,-1.415,-0.05,201],[-0.035,-1.67,0.439,196,21],[-0.207,-1.504,0.358,197],[0.126,-1.597,0.332,216],[0.299,-1.7,0.261,215],[-0.313,-1.748,0.293,198],[0.587,-1.573,-0.572,179],[0.648,-1.409,-0.609,172],[0.589,-1.293,-0.728,141],[0.414,-1.639,-0.12,212],[-0.501,-1.865,-0.023,200],[0.41,-1.731,-0.037,213],[0.522,-1.569,-0.283,206],[0.419,-1.77,0.127,214],[-0.456,-1.604,0.246,199],[0.587,-0.85,-0.758,140],[-0.606,-1.39,-0.387,168],[-0.546,-1.632,-0.209,190],[-0.604,-1.723,0.051,191],[-0.772,-1.023,-0.419,133],[-0.768,-1.273,-0.332,157],[-0.896,-0.835,-0.343,132],[-0.788,-1.551,-0.055,167],[-0.593,-1.818,0.251,192]],"s":[{"p":[0.1081032,-0.0185104,0.07309622],"r":[77.75845,308.6151,212.9946],"s":[0.08813395,0.07741956,0.06780623],"c":[0.6666667,0.526984,0.222222],"t1":{"c":[1,0.5142855,0],"a":0}}]},{"b":69,"c":[[0.163,-1.165,-0.765,171],[0.13,-1.157,-0.61,187],[0.09,-1.225,-0.424,204],[0.46,-1.218,-0.667,179],[0.366,-1.253,-0.504,186],[-0.163,-1.223,-0.765,170],[-0.13,-1.262,-0.61,188],[-0.09,-1.253,-0.424,203],[0.255,-1.285,-0.351,205],[0.046,-1.114,-0.218,220,32],[-0.046,-1.282,-0.218,221,28],[0.064,-1.344,-0.18,219,36],[0,-1.045,0.782,163,22],[-0.318,-1.144,0.714,164],[-0.581,-1.147,0.523,165],[-0.744,-1.227,0.242,166],[0.318,-1.085,0.714,184],[0.581,-1.136,0.523,183],[0.463,-1.274,0.417,209],[0.254,-1.122,0.57,210],[0,-1.191,0.623,195,16],[-0.254,-1.319,0.57,194],[-0.176,-1.339,0.396,197],[0,-1.343,0.391,196,21],[0.176,-1.306,0.396,216],[0.091,-1.306,0.203,260,15],[0,-1.229,0.223,228,33],[-0.322,-1.323,0.29,198],[-0.091,-1.167,0.203,227,8],[0.165,-1.352,0.149,259,14],[0,-1.256,-0.023,229,1,1,1,1,1,2,2,2,2,2,1,2,1,2,1,2,1,2,6,1,1,1,1,1,1,2,2,2,2],[0.322,-1.177,0.29,215],[-0.165,-1.199,0.149,226,11],[-0.463,-1.343,0.417,193],[-0.255,-1.272,-0.351,202],[-0.131,-1.25,-0.18,222,24],[-0.193,-1.252,-0.111,223,20],[-0.221,-1.291,-0.023,224,17],[-0.212,-1.4,0.069,225,14],[-0.376,-1.267,-0.217,201],[-0.366,-1.125,-0.504,189],[-0.54,-1.266,-0.312,190],[-0.62,-1.236,-0.065,191],[-0.432,-1.334,-0.045,200],[-0.413,-1.281,0.134,199],[-0.778,-1.104,-0.082,167],[-0.593,-1.2,0.193,192],[-0.677,-1.166,-0.391,168],[-0.46,-1.346,-0.633,169],[0.193,-1.215,-0.111,218,51],[0.376,-1.262,-0.217,212],[0.54,-1.19,-0.312,206],[0.677,-1.241,-0.391,180],[0.62,-1.11,-0.065,207],[0.778,-1.171,-0.082,181],[0.593,-1.207,0.193,208],[0.744,-0.998,0.242,182],[0.221,-1.296,-0.023,257],[0.432,-1.201,-0.045,213],[0.413,-1.265,0.134,214],[0.212,-1.347,0.069,258,13]],"s":[{"p":[0.2370357,-0.05604704,0.06328348],"r":[70.68224,288.7496,194.3728],"s":[0.08571093,0.03707877,0.06761327],"c":[1,0.952381,0.6666666]}]},{"b":3,"s":[{"p":[0.01976267,-0.009940473,0.1712272],"r":[274.3777,14.74,15.95294],"s":[0.03694022,0.04179883,0.03693459],"c":[0.6666667,0.526984,0.2222219]}]},{"b":69,"s":[{"p":[0.07410076,-0.02365354,0.2571477],"r":[276.5129,8.627591,203.9683],"s":[0.02527129,0.06031187,0.02600254],"c":[0.6666667,0.526984,0.2222219]}]},{"b":69,"t1":168,"s":[{"p":[0.1758805,-0.02159161,0.2498354],"r":[300.1576,52.11411,104.7559],"s":[0.02695572,0.06051034,0.0248623],"c":[0.6666667,0.526984,0.2222218],"t1":{"c":[1,1,1],"a":0}}]},{"b":56,"t1":168,"s":[{"p":[0.216847,-0.01206343,0.1643634],"r":[300.1576,52.11411,104.7559],"s":[0.02198373,0.06543096,0.0207328],"c":[0.3880068,0.5555556,0.2469133],"t1":{"c":[0,0,0],"a":0}}]},{"b":16,"t":19,"t1":168,"s":[{"p":[0.221636,-0.009918898,0.1530364],"r":[300.1576,52.1141,284.7559],"s":[0.0125799,0.02722414,0.01384469],"c":[0.5185185,0.7777778,0.7555556],"t1":{"c":[0.5954146,0.09876538,0.8888889],"a":0.05}}]},{"b":3,"s":[{"p":[0.01074098,-0.008737959,-0.01591567],"r":[19.86025,64.88622,87.40523],"s":[0.0369402,0.04179882,0.03693457],"c":[0.6666667,0.526984,0.2222219]}]},{"b":69,"s":[{"p":[0.04823666,-0.008465745,-0.1113981],"r":[21.17378,66.78336,269.9997],"s":[0.02527129,0.06031187,0.02600253],"c":[0.6666667,0.526984,0.2222219]}]},{"b":69,"t1":168,"s":[{"p":[0.1373989,-0.006407335,-0.116294],"r":[283.747,111.5332,276.5285],"s":[0.02695571,0.06051034,0.02486229],"c":[0.6666667,0.526984,0.2222218],"t1":{"c":[1,1,1],"a":0}}]},{"b":56,"t1":168,"s":[{"p":[0.1796813,-0.01031521,-0.03102238],"r":[283.747,111.5332,276.5285],"s":[0.02198372,0.06543098,0.02073279],"c":[0.3880068,0.5555556,0.2469133],"t1":{"c":[0,0,0],"a":0}}]},{"b":16,"t":19,"t1":168,"s":[{"p":[0.1861382,-0.01055926,-0.02034103],"r":[283.747,111.5332,96.52853],"s":[0.01257989,0.02722413,0.01384469],"c":[0.5185185,0.7777778,0.7555556],"t1":{"c":[0.5954146,0.09876538,0.8888889],"a":0.05}}]},{"b":69,"s":[{"p":[0.3522761,-0.06016186,-0.02788862],"r":[27.17483,201.1543,103.0187],"s":[0.02850659,0.08337622,0.03031012],"c":[1,0.952381,0.6666666]}]},{"b":69,