{"n":"morgan","v":9,"a":[2,22,14,20],"p":[{"i":[{"t":"60cc62c3685053052ce3fe6f","p":[-0.08586691,0.1397908,0.0390091],"r":[7.655906,89.69321,95.24829]}],"im":"1473191174060838633/F29E43206D1FDDA7EBC7B731755E54E5D6046E28/","s":[{"p":[0,0,0],"r":[0,0,0],"s":[0.269048,0.2326475,0.001],"c":[1,1,1]}]}]}