{"v":9,"p":[{"s":[{"p":[0.135879,0.0504396,0.3276694],"r":[336.6044,338.2086,308.3241],"s":[0.001000002,0.001000002,0.001000002],"c":[1,1,1]}]},{"b":14,"s":[{"p":[0.1993079,0.4171116,0.2427447],"r":[339.0676,0.9136686,12.32689],"s":[0.2276093,0.06000048,0.06000061],"c":[0,1,1]}]},{"b":3,"s":[{"p":[0.1794563,0.333813,0.06386181],"r":[321.4357,347.497,27.07191],"s":[0.264263,0.1250014,0.1250009],"c":[1,1,1]}]},{"b":106,"e":"YUM","s":[{"p":[0.1472326,0.4566677,0.2762681],"r":[56.56132,21.8466,20.96715],"s":[0.003000015,0.003000006,0.003000017],"c":[1,1,1]}]}]}