{"v":9,"p":[{"b":127,"e":"WELCOME","s":[{"p":[0,0,0],"r":[0,0,1.000516E-08],"s":[0.05000008,0.04999995,0.05000002],"c":[1,1,1]}]}]}