{"n":"ground","v":9,"a":[1,7,18],"p":[{"s":[{"p":[0,0,0],"r":[0,0,0],"s":[0.1750346,21.28736,10.49269],"c":[0.2222221,0.2222221,0.2222221]}]}]}