{"v":9,"a":[2,14,50],"tp_m": 0,"tp_d": 2,"p":[{"b":10,"s":[{"p":[-0.2159557,0.4621499,-0.007467613],"r":[340.223,20.59936,297.3915],"s":[0.1250002,0.1250002,0.1250002],"c":[1,1,1]}]},{"b":10,"s":[{"p":[0.0749667,0.3736724,0.2086604],"r":[333.9771,21.40149,29.50903],"s":[0.1250003,0.1250002,0.1250002],"c":[1,1,1]}]},{"b":10,"s":[{"p":[0.005421862,0.6995435,-0.05776611],"r":[315.5502,5.789019,304.1787],"s":[0.1250004,0.1250004,0.1250003],"c":[1,1,1]}]},{"b":10,"s":[{"p":[0.129505,0.3242285,-0.1398979],"r":[354.9968,347.6898,355.1479],"s":[0.1250004,0.1250002,0.1250002],"c":[1,1,1]}]}]}