{"n":"rocket","v":9,"a":[2,22,12,14,18],"p":[{"b":14,"t":2,"s":[{"p":[-0.0002212524,-0.0002441425,0.02091646],"r":[-6.037092E-07,6.037091E-07,90.00001],"s":[0.005000146,0.005000096,0.005000115],"c":[0,1,0.3999999],"b":["when touched then play splat hit 2, then destroy all parts"]}]}]}