{"n":"testface","v":9,"a":[7],"p":[{"b":201,"s":[{"p":[0.128276,0.01795385,-0.01959715],"r":[82.64131,62.13737,6.161521],"s":[0.02242372,0.009782373,0.01614202],"c":[0,0,0]}]},{"b":201,"s":[{"p":[0.07392678,0.01647605,0.07153933],"r":[82.64129,62.13734,6.161482],"s":[0.02242435,0.009782607,0.01614264],"c":[0,0,0]}]},{"b":197,"s":[{"p":[0.0009520836,-0.060181,-0.03573599],"r":[0.7876763,326.0262,187.3167],"s":[0.06000696,0.06000245,0.06000352],"c":[0.9746031,1,0.111111]}]},{"b":183,"s":[{"p":[0.007266968,0.02880421,-0.04263899],"r":[0.7876763,326.0262,7.316673],"s":[0.05706393,0.05746363,0.05850453],"c":[1,0.952381,0.6666666]}]}]}