{"v":9,"a":[1],"p":[{"t":2,"im":"938329658124295745/61F66C17A724B97851E212A231162C3937860F37/","s":[{"p":[0,0,0],"r":[0,0,0],"s":[0.1750002,0.1750002,0.0875001],"c":[1,1,1]}]}]}