{"v":9,"a":[5,7,38],"inc":[["thing","60fceb3a0ad65f208e33c2ee"],["thing 2","60fcecb0052ffb052652ed14"]],"p":[{"b":4,"a":[12],"s":[{"p":[0,0,0],"r":[0,0,0],"s":[0.04273854,0.04811113,0.04078855],"c":[1,1,1],"b":["when starts then become next in 0s","when starts then emit gravity-free thing 2 with 0"]},{"p":[0,0,0],"r":[0,0,0],"s":[0.04273854,0.04811113,0.04078855],"c":[1,1,1],"b":["when starts then become previous in 30s"]}]}]}