{"v":9,"a":[7,18,48,49],"p":[{"t":3,"s":[{"p":[0,0,0],"r":[0,0,0],"s":[0.1750004,0.1750002,0.1750005],"c":[1,1,1],"b":["when starts then set light range 50"]}]}]}