{"v":9,"a":[22,18],"p":[{"s":[{"p":[0,0,0],"r":[0,0,0],"s":[0.1097556,0.2249362,0.02600501],"c":[0.222222,0.222222,0.222222]}]},{"b":5,"t":2,"s":[{"p":[0,-0.05451083,9.530978E-09],"r":[-1.001791E-05,0,0],"s":[0.03633697,0.03633317,0.07502956],"c":[0.5555556,0,0],"b":["when touches hand then tell any display name"]}]},{"b":91,"t":2,"a":[19],"e":"?","s":[{"p":[0.001684187,0.128438,-0.017149],"r":[-1.001791E-05,-8.757938E-13,1.001791E-05],"s":[0.01338688,0.01338418,0.01338689],"c":[0.7777778,0.7777778,0.7777778]}]}]}