{"v":9,"a":[7,18,49],"p":[{"s":[{"p":[0,0,0],"r":[0,0,0],"s":[0.3017688,0.01873717,0.3418985],"c":[0.4444443,0.3245148,0.1975307]}]},{"b":60,"i":[{"t":"6100dcb1b277551f8d44994c","p":[-0.005218481,0.02731514,-0.003688695],"r":[-3.415093E-06,7.24451E-06,-2.173353E-05]}],"s":[{"p":[-0.005676241,0.08158875,-0.1622486],"r":[270,1.931869E-05,0],"s":[0.3631433,0.03057034,0.1824837],"c":[0.333333,0.2074071,0.07407377],"b":["when told by nearby panelsecret then become next in 0.2s, play button click 5 with -0.7 octaves 150"]},{"p":[-0.00567624,0.001941281,-0.2479306],"r":[1.001792E-05,180,180],"s":[0.3634288,0.03062098,0.1826433],"c":[0.3333329,0.207407,0.07407372]}]}]}