{"v":9,"a":[1,7,18],"p":[{"b":161,"t":1,"c":[[0.237,-0.496,-1.014,2,125,50],[-0.519,-0.292,1.013,13,4,121],[-0.519,-0.292,-1.014,12,6,151],[-0.245,-0.498,-1.014,8,7,156],[-0.219,-0.39,-1.014,4,7,162],[-0.219,-0.39,1.013,5,5,132],[-0.245,-0.498,1.013,9,5,126],[0.237,-0.496,1.013,1,123,22],[0.21,-0.388,1.013,0,6,138],[0.21,-0.388,-1.014,3,4,168],[0.512,-0.288,-1.014,120,6,53],[0.512,-0.288,1.013,121,4,23],[-0.524,0.912,-1.014,19,4,143],[-0.524,0.912,1.013,16,6,106],[0.522,0.917,-1.014,119,4,58],[0.522,0.917,1.013,116,6,28]],"s":[{"p":[0,0,0],"r":[0,0,0],"s":[0.10001,0.1000005,0.03361882],"c":[0.8888889,0.8888889,0.8888889]}]}]}