{"v":9,"a":[6,7,12,18,48,54],"p":[{"s":[{"p":[0,0,0],"r":[0,0,0],"s":[0.9069934,0.01816992,2.34814],"c":[1,0.3428571,0],"b":["when looked at then tell nearby spotghost1"]}]}]}