{"n":"ore","v":9,"a":[2],"p":[{"s":[{"p":[0,0,0],"r":[0,0,0],"s":[0.06878406,0.07161377,0.06589641],"c":[0.5555556,0.3121692,0.1851851]}]}]}