{"n":"td05","v":9,"a":[7,18,48,49],"p":[{"s":[{"p":[0,0,0],"r":[0,0,0],"s":[0.1750028,0.06656659,0.1750028],"c":[1,0,0]}]}]}