{"v":9,"a":[7,18],"p":[{"t1":38,"s":[{"p":[0,0,0],"r":[0,0,0],"s":[6.813362,0.1777568,6.813406],"c":[0.2222219,0.07619027,0],"t1":{"c":[0.3333333,0.2518518,0.07407402],"x":0.5,"y":0.5,"a":0.8925,"m":0,"n":0,"r":0,"g":0,"o":0.5,"t":0.5,"e":0.5}}]}]}