{"v":9,"a":[5,7,18,48],"p":[{"s":[{"p":[0,0,0],"r":[0,0,0],"s":[0.175025,2.738709,2.774507],"c":[1,1,1]}]}]}