{"n":"barrier","v":9,"a":[21],"p":[{"b":166,"s":[{"p":[0,0,0],"r":[0,0,-1.707547E-06],"s":[0.03834452,0.1364028,0.02822066],"c":[0.4444443,0.4134037,0.3456789]}]},{"b":166,"s":[{"p":[-0.176185,0.05925958,0.007171158],"r":[2.321162,295.3263,1.800423],"s":[0.03834444,0.1555818,0.02822068],"c":[0.4444442,0.4134036,0.3456788]}]},{"b":166,"s":[{"p":[0.05914715,0.4786574,-0.02294575],"r":[344.9289,4.583964,95.87218],"s":[0.03834455,0.07889101,0.05882884],"c":[0.4444443,0.4134037,0.3456789]}]},{"b":166,"s":[{"p":[0.1182197,-0.5276663,-0.02040811],"r":[18.6962,8.361883,102.7528],"s":[0.03834453,0.0788909,0.06100122],"c":[0.4444443,0.4134037,0.3456789]}]}]}