{"v":9,"a":[5,48],"p":[{"s":[{"p":[0.01887755,-0.04895603,-0.02839141],"r":[357.6735,359.2484,357.4632],"s":[0.09088285,0.0710786,0.175],"c":[1,1,1],"b":["when touches hand then play cat with very-varied-pitch, become next in 1s"]},{"p":[0.01887755,-0.04895603,-0.02839141],"r":[357.6735,359.2484,357.4632],"s":[0.09088285,0.0710786,0.175],"c":[1,1,1],"b":["when starts then become next in 0.2s"]}]}]}