{"n":"lamp ball orange","v":9,"a":[5,48,49],"p":[{"b":9,"t":3,"s":[{"p":[0.2458105,1.571651,0.094082],"r":[349.3184,167.9504,66.03783],"s":[0.1250013,0.1250014,0.1250014],"c":[0.4444443,0.3005289,0.148148]}]},{"b":9,"t":3,"s":[{"p":[-0.2389786,-1.468843,0.001639009],"r":[354.197,173.3112,69.5976],"s":[0.1250013,0.1250014,0.1250014],"c":[0.4444443,0.3005289,0.148148]}]}]}