{"v":9,"a":[49],"p":[{"t1":38,"s":[{"p":[0,0,0],"r":[0,0,0],"s":[0.3764593,0.03899646,1.587418],"c":[0.2222215,0.07618993,0],"t1":{"c":[0.3333333,0.2518518,0.07407402],"x":0.5962858,"y":0.7472467,"a":0.8925,"m":0,"n":0.03683949,"r":0.25,"g":0,"o":0.5,"t":0.5,"e":0.5}}]}]}