{"n":"sky","v":9,"d":"...OH MY GOD","a":[1,7,13,18,36],"p":[{"b":86,"t":2,"a":[3],"t1":158,"s":[{"p":[0,0,0],"r":[0,0,0],"s":[107.2608,107.2757,107.252],"c":[0,0,0],"t1":{"c":[1,1,1],"x":0.9705811,"y":0.9247437,"a":0.6525631,"m":0,"n":0,"r":0,"g":0,"o":0.5,"t":0.5,"e":0.5}}]}]}