{"v":9,"a":[7,13,18,49],"p":[{"t1":110,"s":[{"p":[0,0,0],"r":[0,0,0],"s":[4.975813,0.05444782,0.1750383],"c":[0.2222218,0.1502642,0.07407383],"t1":{"c":[0.5555556,0.3756613,0.1851851],"x":0.5,"y":0.5,"a":0.8925,"m":0,"n":0,"r":0,"g":0,"o":0.5,"t":0.5,"e":0.5}}]},{"t1":110,"s":[{"p":[4.768372E-07,5.602005,0],"r":[0,0,0],"s":[4.979037,0.054487,0.1751246],"c":[0.2222218,0.1502642,0.07407383],"t1":{"c":[0.5555556,0.3756613,0.1851851],"x":0.5,"y":0.5,"a":0.8925,"m":0,"n":0,"r":0,"g":0,"o":0.5,"t":0.5,"e":0.5}}]}]}