{"v":9,"a":[21],"p":[{"s":[{"p":[0,0,0],"r":[0,0,0],"s":[1.33765,0.00183203,0.3206062],"c":[1,0.3428571,0]}]}]}