{"v":9,"p":[{"s":[{"p":[0,0,0],"r":[0,0,0],"s":[0.1750003,0.1750002,0.1750002],"c":[1,0,0],"b":["when touches hand then become 2"]},{"p":[0,0,0],"r":[0,0,0],"s":[0.1750003,0.1750002,0.1750002],"c":[0.1142857,0,1],"b":["when touches hand then become 1"]}]}]}