{"n":"nogo","v":9,"a":[5,7,18,48],"p":[{"s":[{"p":[0,0,0],"r":[0,0,0],"s":[0.5531694,0.5529187,0.1740401],"c":[1,1,1]}]}]}