{"v":9,"a":[7,18,48,49],"p":[{"b":205,"i":[{"t":"612be4ea66274d32fbb8fdec","p":[0.3271455,-0.1807099,0.5262452],"r":[3.415095E-06,269.9802,270]}],"s":[{"p":[0,0,0],"r":[0,0,0],"s":[0.06814968,0.04998264,0.0712278],"c":[0,1,0.2285714],"b":["when told by nearby fpslideaside then become next in 4s, play distant thump with 500"]},{"p":[-1.751978E-07,-8.759888E-08,1.002014],"r":[0,-1.001791E-05,0],"s":[0.06817559,0.05000626,0.07127827],"c":[0,1,0.2285713],"b":["when starts then become next in 1s"]},{"p":[-1.751978E-07,-8.759888E-08,1.002014],"r":[0,-1.001791E-05,0],"s":[0.06817559,0.05000626,0.07127827],"c":[0,1,0.2285713],"b":["when starts then become 2 in 24s"]}]}]}