{"v":9,"a":[6,5,48,49],"p":[{"pr":23,"s":[{"p":[0,0,0],"r":[0,0,0],"s":[0.6462505,0.4309303,0.5143167],"c":[0.07407398,0.3333332,0.3333332],"b":["when told by nearby windstart then become next in 0.2s"],"pr":{"c":[0.1111111,0.1111111,0.1111111],"m":1,"a":0,"s":0,"z":0.03491211,"g":0.4227266,"h":0.6007428}},{"p":[0,0,0],"r":[0,0,0],"s":[0.6462505,0.4309303,0.5143167],"c":[0.07407395,0.3333332,0.3333332],"b":["when starts then become next in 0.2s"],"pr":{"c":[0.1111111,0.1111111,0.1111111],"m":1,"a":0.1370831,"s":0,"z":0.03491211,"g":0.4227266,"h":0.6007428}},{"p":[0,0,0],"r":[0,0,0],"s":[0.6462505,0.4309303,0.5143167],"c":[0.07407392,0.3333332,0.3333332],"b":["when starts then become previous in 0.2s"],"pr":{"c":[0.1111111,0.1111111,0.1111111],"m":1,"a":0.1370831,"s":0,"z":0.03491211,"g":0.4227266,"h":0.6007428}}]}]}