{"n":"note","v":9,"a":[22,18,49],"p":[{"b":12,"a":[23],"s":[{"p":[0,0,0],"r":[0,180,180],"s":[0.03168279,0.001000003,0.04392622],"c":[0.8888889,0.8578483,0.7901235]}]},{"b":112,"e":"I DON'T KNOW\nHOW TO DESCRIBE\nWHAT I SAW!","s":[{"p":[-0.05446626,0.001831055,0.07154489],"r":[90,-5.757418E-13,0],"s":[0.001244725,0.001244138,0.001244527],"c":[0,0,0]}]}]}