{"v":9,"a":[7,18,48,49],"p":[{"b":205,"i":[{"t":"612b24844d1d471e66470276","p":[-0.01731873,-0.04901135,0.8712646],"r":[8.537737E-06,90,90.00001]}],"s":[{"p":[0,0,0],"r":[0,0,0],"s":[0.07061556,0.05699478,0.07629847],"c":[1,1,1],"b":["when told by any kskeyreveal then become next in 4s"]},{"p":[0,0,0],"r":[0,0,0],"s":[0.07061556,0.05699478,0.07629847],"c":[1,1,1],"b":["when starts then become next in 10s, play sliding door with low-pitch 300"]},{"p":[0,-2.384186E-07,1.942502],"r":[0,0,-1.001791E-05],"s":[0.07061637,0.05701157,0.0763171],"c":[1,1,1],"b":["when starts then become next in 1s"]},{"p":[0,-2.384186E-07,1.942502],"r":[0,0,-1.001791E-05],"s":[0.07061637,0.05701157,0.0763171],"c":[1,1,1],"b":["when starts then become 3 in 5s"]}]}]}