{"v":9,"a":[7,18],"p":[{"b":14,"t":10,"s":[{"p":[0,0,0],"r":[5.976414E-06,-3.415095E-06,-1.366038E-05],"s":[0.01707288,0.001000352,0.01341583],"c":[0,0,0]}]}]}