{"v":9,"a":[6,5,7,18,48,49],"p":[{"pr":17,"s":[{"p":[0,0,0],"r":[0,0,0],"s":[2.249995,0.1750185,2.228703],"c":[1,1,1],"pr":{"c":[0.01269842,0,0.1111111],"m":1,"a":0.8231421,"s":0.0277628,"z":0.0104332,"g":0.5,"h":0.4912381}}]}]}