{"v":9,"a":[6,22,18,48,54],"p":[{"i":[{"t":"612bebea327e20052768cd9d","p":[-0.0312143,-0.2078184,0.3486791],"r":[23.72543,234.8509,74.18285]}],"s":[{"p":[0,0,0],"r":[0,0,0],"s":[1.851571,0.03313304,2.603682],"c":[1,1,1],"b":["when looked at then become untweened next in 0.3s"]},{"p":[0,1.907349E-06,-12.08044],"r":[0,0,6.830188E-06],"s":[1.85268,0.03314426,2.604531],"c":[1,1,1],"b":["when starts then become next in 1s"]},{"p":[0,1.907349E-06,-12.08044],"r":[0,0,6.830188E-06],"s":[1.85268,0.03314426,2.604531],"c":[1,1,1],"b":["when starts then become 2 in 28s"]}]}]}