{"v":9,"a":[5,7,18,48,49],"p":[{"b":205,"i":[{"t":"612ef332751fec051ccf8824","p":[-0.2614747,-0.04354846,-1.060212],"r":[16.34258,188.8656,29.0015]}],"s":[{"p":[0,4.768372E-07,-5.731049],"r":[0,0,-5.008957E-06],"s":[0.07654478,0.04836249,0.09367388],"c":[0.1142855,1,0],"b":["when told by any shadudes then become untweened next in 0s"]},{"p":[0,0,0],"r":[0,0,0],"s":[0.07651582,0.0483526,0.09365226],"c":[0.1142855,1,0],"b":["when told seeyalater then become untweened next in 0.3s"]}]}]}