{"v":9,"a":[22,18,48,49],"p":[{"b":205,"i":[{"t":"612ee8a7751fec051ccf8821","p":[-0.2460938,0.02317003,0.02518894],"r":[336.2166,189.2091,84.7002]}],"s":[{"p":[0,0,0],"r":[0,0,0],"s":[0.04501173,0.04500426,0.05674022],"c":[1,1,1],"b":["when starts then become next in 4s, play metal hinge squeak 3 with 50"]},{"p":[0.004567492,0.0004941763,-0.001291343],"r":[40.02948,351.2662,348.3724],"s":[0.04504619,0.04503931,0.05679238],"c":[1,1,1],"b":["when starts then become next in 4s, play metal hinge squeak 3 with 50"]}]}]}