{"n":"td11","v":9,"a":[7,18,48,49],"p":[{"s":[{"p":[0,0,0],"r":[0,0,0],"s":[0.1750016,0.04772107,0.175001],"c":[1,0,0]}]}]}