{"v":9,"a":[7,18,49],"p":[{"b":60,"t1":15,"t2":7,"s":[{"p":[0,0,0],"r":[0,0,0],"s":[1.262484,0.008931269,6.093574],"c":[0.5555556,0.1851851,0.1851851],"t1":{"c":[1,0.4444444,0.4444444],"x":0.09568875,"y":0.04978435,"a":0.7205353,"m":0.5,"n":0.5,"r":0,"g":0,"o":0.5,"t":0.5,"e":0.5},"t2":{"c":[0.5555556,0.4938272,0.4938272],"x":0.0612437,"y":0.04965615,"a":0.8711472,"m":0.5,"n":0.5,"r":0,"g":0,"o":0.5,"t":0.5,"e":0.5}}]}]}