{"v":9,"a":[1,7,18],"p":[{"t":14,"s":[{"p":[0,0,0],"r":[0,0,0],"s":[35.71525,0.001000064,30.36011],"c":[0,0.406349,0.4444443]}]}]}