{"v":9,"a":[5,7,18,48,49,54],"p":[{"b":205,"i":[{"t":"6132eb84bf64773464c9f009","p":[-0.210968,0,-8.951171],"r":[-1.707547E-06,180,2.049057E-05]}],"s":[{"p":[0,0,0],"r":[0,0,0],"s":[0.07071521,0.04500105,0.08105727],"c":[1,0,0],"b":["when told by any stewardfoyer2 then become untweened next in 0s"]},{"p":[0,0,9.083083],"r":[0,0,2.049057E-05],"s":[0.07073343,0.04501472,0.08107411],"c":[1,0,0],"b":["when starts then become next in 1s"]},{"p":[0,0,9.083083],"r":[0,0,1.878302E-05],"s":[0.07073343,0.04501472,0.08107411],"c":[1,0,0],"b":["when starts then become 2 in 28s"]}]}]}