{"v":9,"a":[22],"p":[{"b":20,"t":2,"e":"OH, SORRY,\n[OWN PERSON],\n SOMEONE GOT TO IT\nBEFORE YOU...\nWHEN?\n\n     WHEN IT WAS STILL\nSAFE.","s":[{"p":[-0.04406196,0.01123432,0.04297782],"r":[90,0,0],"s":[0.0011211,0.001120948,0.001121096],"c":[0,0,0]}]},{"s":[{"p":[0.007325414,0.009006764,-0.005267615],"r":[1.707547E-06,3.415095E-06,1.366038E-05],"s":[0.1173309,0.003166596,0.110836],"c":[1,0.9682539,0.7777778]}]}]}