{"v":9,"a":[7,18,31,48],"p":[{"b":86,"s":[{"p":[-1.201051,-1.117837,-4.661042],"r":[5.008957E-06,89.99999,1.502687E-05],"s":[18.3129,18.32098,10.55533],"c":[1,1,1]}]}]}