{"n":"obelisk2","v":9,"a":[5,7,18,20,48],"p":[{"s":[{"p":[0,0,0],"r":[0,0,0],"s":[0.175038,0.1750099,0.1750321],"c":[1,0,0]}]}]}