{"v":9,"a":[7,48,49],"p":[{"s":[{"p":[0,0,0],"r":[0,0,0],"s":[0.1750053,0.1750002,0.1750033],"c":[1,1,1],"b":["when starts then play machine hum with low-pitch 400, become next in 1s"]},{"p":[0,0,0],"r":[0,0,0],"s":[0.1750053,0.1750002,0.1750033],"c":[1,1,1],"b":["when starts then become next in 2s"]}]}]}