{"v":9,"a":[7,48,49],"p":[{"s":[{"p":[0,0,0],"r":[0,0,0],"s":[0.1750191,0.1749993,0.1749949],"c":[1,1,1],"b":["when starts then play bubbles with 200, become next in 1s"]},{"p":[0,0,0],"r":[0,0,0],"s":[0.1750191,0.1749993,0.1749949],"c":[1,1,1],"b":["when starts then become next in 0.5s"]}]}]}