{"v":9,"a":[22,12,18,49],"p":[{"b":69,"s":[{"p":[0,0,0.1367087],"r":[22.50004,90,90],"s":[0.0491104,0.07484771,0.04910852],"c":[0.2222221,0.2222221,0.2222221]}]},{"b":69,"s":[{"p":[4.137394E-08,-4.137395E-08,0.2366314],"r":[22.50001,90.00002,90.00002],"s":[0.0491336,0.02738364,0.04912609],"c":[0.2222221,0.2222221,0.2222221]}]},{"b":69,"s":[{"p":[-1.042161E-14,-1.192093E-07,0.02634239],"r":[22.50001,90,90],"s":[0.04912189,0.02994592,0.04911785],"c":[0.2222221,0.2222221,0.2222221]}]}]}