{"n":"bolt","v":9,"a":[49],"p":[{"b":186,"sa":0,"s":[{"p":[0,0,0],"r":[0,0,0],"s":[0.0020927,0.03648622,0.002092699],"c":[0.4444443,0.3724867,0.2962962]}]},{"b":173,"s":[{"p":[0,-0.04354859,-3.72529E-09],"r":[0,0,180],"s":[0.002280689,0.01154502,0.00228207],"c":[0.5555556,0.5555556,0.5555556]}]},{"b":186,"sa":0,"s":[{"p":[-0.01225741,-0.04933292,-0.07287905],"r":[23.66233,47.48889,13.51656],"s":[0.0020927,0.03648623,0.0020927],"c":[0.4444443,0.3724867,0.2962962]}]},{"b":173,"s":[{"p":[-0.01790426,-0.08812821,-0.09186745],"r":[23.66233,47.48889,193.5166],"s":[0.00228069,0.01154503,0.002282071],"c":[0.5555556,0.5555556,0.5555556]}]}]}