{"v":9,"a":[5,7,18,48,49],"inc":[["thing","613c38ef89b1141c68ba8b06"]],"p":[{"b":4,"a":[14],"s":[{"p":[0,0,0],"r":[0,0,0],"s":[0.0638269,0.04930238,0.02055715],"c":[1,1,1],"b":["when starts then emit gravity-free thing with 0","when starts then become next in 0s"]},{"p":[0,0,0],"r":[0,0,0],"s":[0.0638269,0.04930238,0.02055715],"c":[1,1,1],"b":["when starts then become next in 30s"]}]}]}