{"v":9,"a":[5,7,13,18,31],"p":[{"b":161,"t":10,"t1":24,"t2":66,"s":[{"p":[0,0,0],"r":[0,0,0],"s":[0.2266586,0.2266738,1.085072],"c":[0.3333332,0.3333332,0.3333332],"t1":{"c":[0.5555556,0.5555556,0.5555556],"x":0.5,"y":0.5,"a":0.8925,"m":0,"n":0,"r":0,"g":0,"o":0.5,"t":0.5,"e":0.5},"t2":{"c":[0.3333333,0.3333333,0.3333333],"x":0.6257782,"y":0.5,"a":0.8925,"m":0,"n":0,"r":0,"g":0,"o":0.5,"t":0.5,"e":0.5}}]},{"b":161,"t":10,"t1":24,"t2":66,"s":[{"p":[1.983032,0,0],"r":[0,0,0],"s":[0.2266646,0.2266783,1.085093],"c":[0.3333332,0.3333332,0.3333332],"t1":{"c":[0.5555556,0.5555556,0.5555556],"x":0.5,"y":0.5,"a":0.8925,"m":0,"n":0,"r":0,"g":0,"o":0.5,"t":0.5,"e":0.5},"t2":{"c":[0.3333333,0.3333333,0.3333333],"x":0.6257782,"y":0.5,"a":0.8925,"m":0,"n":0,"r":0,"g":0,"o":0.5,"t":0.5,"e":0.5}}]}]}