{"v":9,"a":[6,48],"p":[{"b":179,"s":[{"p":[0,0,0],"r":[0,0,0],"s":[2.209144,2.36398,0.2149999],"c":[1,0.3428571,0],"b":["when looked at then tell nearby cagefalldown"]}]}]}