{"n":"lamp ball orange","v":9,"a":[5,31,48,49],"p":[{"b":9,"t":3,"s":[{"p":[0,0,0],"r":[0,0,0],"s":[0.01895412,0.01895421,0.0189542],"c":[0.4444443,0.3005289,0.148148],"b":["when starts then set light range 3"]}]}]}