{"v":9,"a":[5,7,48,49,54],"p":[{"s":[{"p":[0,0,0],"r":[1.600826E-07,-5.963541E-16,-4.268869E-07],"s":[0.1750003,0.175,0.1750002],"c":[1,0.3428571,0],"b":["when neared then tell any ohyeahitstime, become next in 1s"]},{"p":[0,0,0],"r":[1.600826E-07,-5.963541E-16,-4.268869E-07],"s":[0.1750003,0.175,0.1750002],"c":[1,0.342857,0],"b":["when starts then become next in 28s"]},{"p":[0,0,0],"r":[1.600826E-07,-5.963541E-16,-4.268869E-07],"s":[0.1750003,0.175,0.1750002],"c":[1,0.342857,0],"b":["when starts then become 2 in 28s"]}]}]}