{"v":9,"a":[5,7,18,48],"p":[{"s":[{"p":[0,0,0],"r":[0,0,0],"s":[22.34303,0.1513226,1.328306],"c":[1,1,1]}]}]}