{"v":9,"a":[7,18],"p":[{"t":10,"t1":24,"s":[{"p":[0,0,0],"r":[0,0,3.828216E-20],"s":[0.2793961,0.0852662,14.92141],"c":[0.3333332,0.2253967,0.111111],"t1":{"c":[0.5555556,0.4656084,0.3703703],"x":0.5,"y":0.7214508,"a":0.8925,"m":0,"n":0,"r":0,"g":0,"o":0.5,"t":0.5,"e":0.5}}]},{"t":10,"t1":24,"s":[{"p":[0.1194458,0.04894255,-2.088457E-08],"r":[-1.001791E-05,1.252119E-12,6.157169E-14],"s":[0.03675788,0.04043352,14.92286],"c":[0.2222221,0.1502644,0.07407398],"t1":{"c":[0.5555556,0.4656084,0.3703703],"x":0.5,"y":0.7214508,"a":0.8925,"m":0,"n":0,"r":0,"g":0,"o":0.5,"t":0.5,"e":0.5}}]},{"t":10,"t1":24,"s":[{"p":[-0.1213379,0.04894258,2.121539E-08],"r":[8.757937E-13,1.001791E-05,7.656432E-20],"s":[0.03636338,0.04045695,14.92505],"c":[0.222222,0.1502644,0.07407395],"t1":{"c":[0.5555556,0.4656084,0.3703703],"x":0.5,"y":0.7214508,"a":0.8925,"m":0,"n":0,"r":0,"g":0,"o":0.5,"t":0.5,"e":0.5}}]}]}