{"v":9,"a":[5,49],"p":[{"b":5,"t":11,"a":[3],"s":[{"p":[-0.01767002,0.001936746,0.02297086],"r":[357.942,353.6125,15.71897],"s":[0.006160785,0.006160744,0.06033371],"c":[0.7777778,0.7777778,0.7777778]}]},{"b":5,"t":11,"a":[3],"s":[{"p":[-0.01629117,-0.0002519302,0.00178139],"r":[1.997093,355.2664,1.667619],"s":[0.01035259,0.01035255,0.006917493],"c":[0.7777778,0.7777778,0.7777778]}]}]}