{"v":9,"a":[7,13,18],"p":[{"a":[32],"t1":66,"s":[{"p":[-1.220734,-0.0664766,0.1287842],"r":[0,0,270],"s":[0.1058577,1.528062,2.748361],"c":[0,0,0],"t1":{"c":[0.1111111,0.1111111,0.1111111],"x":0.690951,"y":0.7498602,"a":0,"m":0.0455749,"n":0,"r":0,"g":0,"o":0.5,"t":0.5,"e":0.5}}]},{"t1":66,"s":[{"p":[-0.0004882962,-0.06647491,1.170914],"r":[0,0,270],"s":[0.1081203,2.959572,0.8268777],"c":[0,0,0],"t1":{"c":[0.1111111,0.1111111,0.1111111],"x":0.7443873,"y":0.7169928,"a":0,"m":0.06132197,"n":0.02349854,"r":0,"g":0,"o":0.5,"t":0.5,"e":0.5}}]},{"a":[32],"s":[{"p":[-0.4650879,-0.06647673,0.1287842],"r":[0,0,270],"s":[0.1039695,0.03385279,2.750064],"c":[0.2222221,0.1410933,0.09876531]}]},{"s":[{"p":[0.004241928,-0.06647682,0.7698059],"r":[-1.024528E-05,270,270],"s":[0.08568546,0.03385882,0.9110805],"c":[0.222222,0.1410933,0.09876525]}]}]}