{"v":9,"a":[7,18,48],"p":[{"t":7,"i":[{"t":"5d9dd5533cd5d2062f8ed015","p":[-0.02089024,-0.001085281,-0.003143311],"r":[0,0,1.024528E-05]}],"s":[{"p":[0,0,0],"r":[0,0,0],"s":[0.02745809,0.02745616,0.01156208],"c":[1,0.3428569,0],"b":["when touched then tell any next","when touched then become 2 in 0.05"]},{"p":[0,0,-0.00999999],"r":[0,0,0],"s":[0.02745809,0.02745616,0.01156208],"c":[1,0.3428568,0],"b":["when starts then become 1 in .05"]},{"p":[0,0,0],"r":[0,0,0],"s":[0.02745809,0.02745616,0.01156208],"c":[1,0.3428569,0]}]}]}