{"v":9,"a":[7,18,36,37],"p":[{"t":7,"a":[36],"i":[{"t":"5fec127617a1b7575534bf62","p":[16.37429,-163.2799,3.299167],"r":[90,-9.659346E-06,0]}],"s":[{"p":[3.814697E-06,3.814697E-06,-37.50811],"r":[0,0,8.537737E-06],"s":[0.4525528,0.1750095,75.02354],"c":[0.4444441,0.3005289,0.1481478],"b":["when told by any brownup then become next in 4.5"]},{"p":[0,0,0],"r":[0,0,0],"s":[0.4525132,0.1750098,30.39183],"c":[0.4444442,0.3005289,0.1481479],"b":["when told by any browndown then become next in 1.5"]}]}]}