{"v":9,"a":[7,18,36,37],"p":[{"t":7,"a":[36],"i":[{"t":"5fec12fbc1fdfc17859b01f8","p":[44.60412,-98.07083,5.318455],"r":[90,0,0]}],"s":[{"p":[4.768372E-07,0,-32.18982],"r":[0,0,0],"s":[0.4525645,0.1750187,65.13183],"c":[0.4444441,0.3005289,0.1481478],"b":["when told by any brownup then become next in 4"]},{"p":[0,0,0],"r":[0,0,0],"s":[0.4525132,0.1750098,30.39183],"c":[0.4444442,0.3005289,0.1481479],"b":["when told by any browndown then become next in 1.5"]}]}]}