{"v":9,"a":[7,18,36,37],"p":[{"t":7,"a":[36],"i":[{"t":"5fec106375b38c455dbdc19c","p":[-2.957969,-17.04647,-0.8833909],"r":[0,270,270]}],"s":[{"p":[-4.768372E-07,0,-15.33904],"r":[0,0,8.537737E-06],"s":[0.4525774,0.1750609,30.39395],"c":[0.4444442,0.3005289,0.1481479],"b":["when told by any brownup then become next in 2"]},{"p":[0,0,0],"r":[0,0,0],"s":[0.4525132,0.1750098,30.39183],"c":[0.4444442,0.3005289,0.1481479],"b":["when told by any browndown then become next in 1.5"]}]}]}