{"v":9,"a":[5,7,18,48,49],"p":[{"a":[39],"s":[{"p":[0,0,0],"r":[0,0,0],"s":[0.1750083,0.1750132,0.175014],"c":[1,1,1],"b":["when neared then tell nearby loungedm"]}]}]}