{"v":9,"a":[5,7,48,49],"p":[{"su":[{"i":"614567778c3ed616587d7cc8","t":"614568f38908bd3471268e23","p":[2.8219,1.280456,-1.296089],"r":[5.122642E-06,270,270]}],"s":[{"p":[-2.339783,2.973572,-0.4825211],"r":[0,0,0],"s":[0.1002058,0.5990914,0.1043349],"c":[1,0.8571429,0],"b":["when told by nearby loungedm then become untweened next in 0s"]},{"p":[-249.1744,-632.9924,-107.4716],"r":[0,0,0],"s":[0.1002058,0.5990914,0.1043349],"c":[1,0.8571429,0]}]}]}