{"v":9,"a":[5,7,13,18],"p":[{"b":83,"t2":61,"s":[{"p":[0.001861572,-0.2586012,-2.328306E-10],"r":[270,0,0],"s":[0.5743223,0.03840414,0.2773993],"c":[0.4938272,0.5396826,0.5555556],"t2":{"c":[0.5555556,0.4779541,0.3086419],"x":0.3476563,"y":0.6801147,"a":1,"m":0,"n":0,"r":0,"g":0,"o":0.5,"t":0.5,"e":0.5}}]},{"t2":61,"s":[{"p":[1.632774E-09,0.009338379,-1.632775E-09],"r":[-1.001792E-05,9.203016E-20,-1.052702E-12],"s":[1.727501,0.13408,0.0391553],"c":[0.4938272,0.5396826,0.5555556],"t2":{"c":[0.5555556,0.4779541,0.3086419],"x":0.3476563,"y":0.7396545,"a":1,"m":0,"n":0,"r":0,"g":0,"o":0.5,"t":0.5,"e":0.5}}]}]}