{"n":"submenu1","v":9,"a":[7,12,31],"p":[{"a":[37],"im":"1783967370546590868/A0329B1947D5BAE5DACCCE79EAF4B196CD56B328/","s":[{"p":[0.0025,-0.0025,0],"r":[270,270,0],"s":[0.2751933,0.001000094,0.1547962],"c":[1,1,1]}]},{"b":104,"a":[37],"e":"Spring","s":[{"p":[0.004489883,0.06948948,-0.1258011],"r":[1.162598E-06,270,1.162598E-06],"s":[0.00208616,0.002086195,0.002086108],"c":[1,1,1]}]},{"b":18,"e":"Set target","s":[{"p":[0.003189072,0.04362869,-0.1129923],"r":[1.162598E-06,270,1.162598E-06],"s":[0.001510015,0.001510227,0.001509925],"c":[1,1,1],"b":["when touches hand then tell springset"]}]},{"b":18,"e":"Attach part","s":[{"p":[0.003189072,0.02362869,-0.1129923],"r":[1.162598E-06,270,1.162598E-06],"s":[0.001510016,0.001510227,0.001509925],"c":[1,1,1],"b":["when touches hand then tell spring"]}]}]}