{"v":9,"a":[5,7,13,18],"p":[{"t1":66,"s":[{"p":[0,0,0],"r":[0,0,0],"s":[1.458181,0.07787606,3.442416],"c":[0.6666667,0.6666667,0.6666667],"t1":{"c":[0.1111111,0.1111111,0.1111111],"x":0.7319361,"y":0.6658453,"a":0,"m":0.02503657,"n":0,"r":0,"g":0,"o":0.5,"t":0.5,"e":0.5}}]},{"t1":66,"s":[{"p":[-4.723724,0,0],"r":[0,0,1.024528E-05],"s":[1.46072,0.07788969,3.443134],"c":[0.6666667,0.6666667,0.6666667],"t1":{"c":[0.1111111,0.1111111,0.1111111],"x":0.7319361,"y":0.6658453,"a":0,"m":0.02503657,"n":0,"r":0,"g":0,"o":0.5,"t":0.5,"e":0.5}}]},{"b":83,"t1":66,"s":[{"p":[-2.361694,4.172325E-07,0.8771057],"r":[-3.415095E-06,0,180],"s":[1.171193,0.07778004,0.8473132],"c":[0.6666667,0.6666667,0.6666667],"t1":{"c":[0.1111111,0.1111111,0.1111111],"x":0.7002894,"y":0.7204717,"a":0,"m":0.02503657,"n":0.008422852,"r":0,"g":0,"o":0.5,"t":0.5,"e":0.5}}]}]}