{"v":9,"a":[7,18,49],"p":[{"t":19,"s":[{"p":[0,0,0],"r":[0,0,0],"s":[1.122551,0.02536817,0.09106144],"c":[0,0,0]}]}]}