{"n":"th02","v":9,"a":[7,18,48,49],"p":[{"s":[{"p":[0,0,0],"r":[0,0,0],"s":[0.1750043,0.07324167,0.175003],"c":[1,0,0]}]}]}