{"v":9,"a":[7,18,48,49,54],"p":[{"s":[{"p":[0,0,0],"r":[0,0,0],"s":[0.175038,0.1750042,0.175029],"c":[1,0.3428571,0],"b":["when neared then tell nearby neckghost"]}]}]}