{"v":9,"a":[7,18,49],"p":[{"t1":15,"t2":6,"s":[{"p":[0,0,0],"r":[0,0,-6.157171E-14],"s":[3.033302,0.01082936,3.499058],"c":[0.4444442,0.09876522,0.09876522],"t1":{"c":[0.7777778,0.3999999,0],"x":0.17,"y":0.17,"a":0.8925,"m":0.5,"n":0.5,"r":0,"g":0,"o":0.5,"t":0.5,"e":0.5},"t2":{"c":[0.5555556,0.09523804,0],"x":0.17,"y":0.17,"a":0.69625,"m":0.5,"n":0.5,"r":0,"g":0,"o":0.5,"t":0.25,"e":0.5}}]}]}