{"v":9,"a":[7,18],"p":[{"a":[15],"t1":38,"s":[{"p":[0,0,0],"r":[0,0,-6.157171E-14],"s":[8.43676,0.09505546,2.249721],"c":[0.2222216,0.07619003,0],"t1":{"c":[0.3333333,0.2518518,0.07407402],"x":0.5884323,"y":0.6309328,"a":0.8925,"m":0,"n":0.03683949,"r":0.5,"g":0,"o":0.5,"t":0.5,"e":0.5}}]}]}