{"v":9,"a":[5,7,13,18],"p":[{"a":[15],"t1":38,"s":[{"p":[0,1.112732,-1.324407],"r":[270,9.659345E-06,0],"s":[8.436763,0.09505548,2.249722],"c":[0.2222216,0.07619002,0],"t1":{"c":[0.3333333,0.2518518,0.07407402],"x":0.5884323,"y":0.6309328,"a":0.8925,"m":0,"n":0.03683949,"r":0.5,"g":0,"o":0.5,"t":0.5,"e":0.5}}]},{"a":[15],"t1":62,"s":[{"p":[0,0,-0.09550953],"r":[0,0,0],"s":[8.437923,0.174319,2.441975],"c":[0.111111,0.111111,0.111111],"t1":{"c":[0.3333333,0.1851851,0.1851851],"x":0.5,"y":0.5,"a":0.8925,"m":0,"n":0,"r":0,"g":0,"o":0.5,"t":0.5,"e":0.5}}]},{"a":[15],"t1":62,"s":[{"p":[0,2.079483,-0.05852127],"r":[0,0,8.537737E-06],"s":[8.438375,0.1743325,2.44215],"c":[0.111111,0.111111,0.111111],"t1":{"c":[0.3333333,0.1851851,0.1851851],"x":0.5,"y":0.5,"a":0.8925,"m":0,"n":0,"r":0,"g":0,"o":0.5,"t":0.5,"e":0.5}}]}]}