{"v":9,"a":[5,7,48,49],"p":[{"s":[{"p":[0,0,0],"r":[0,0,0],"s":[0.1750263,0.1750092,0.1750254],"c":[1,0,0.6857142],"b":["when neared then tell nearby blockl1, become next in 0.2s"]},{"p":[0,0,0],"r":[0,0,0],"s":[0.1750263,0.1750092,0.1750254],"c":[1,0,0.6857142],"b":["when neared then tell nearby switchit, become next in 29s"]}]}]}