{"v":9,"a":[48,49],"p":[{"i":[{"t":"6151325047da7d336582a918","p":[0.0920261,0.02901064,-0.02756575],"r":[291.6534,249.9798,224.6776]}],"s":[{"p":[0.005167365,0.008237077,0.02696912],"r":[353.4159,5.977476,0.7773846],"s":[0.02841386,0.03575921,0.0419848],"c":[1,1,1],"b":["when starts then become 2 in 7"]},{"p":[-0.01066857,0.001683023,-0.03504405],"r":[349.7968,36.50322,349.5941],"s":[0.02841385,0.0357592,0.0419848],"c":[1,1,1],"b":["when starts then become 1 in 5.4"]}]}]}