{"v":9,"a":[48],"p":[{"s":[{"p":[0,0,0],"r":[0,0,0],"s":[2.8737,0.1893825,5.672706],"c":[1,1,1]}]}]}