{"v":9,"a":[5,7,18,48],"p":[{"s":[{"p":[0,0,0],"r":[0,0,0],"s":[0.3463891,2.110685,0.6656234],"c":[1,1,1]}]}]}