{"v":9,"a":[5,7,18,48,49],"p":[{"b":205,"i":[{"t":"613c3ad6825cdd0526376c56","p":[-0.311615,0.1137391,-0.1408691],"r":[27.60332,221.2923,62.18567]}],"s":[{"p":[2.591461,-4.531055E-07,0],"r":[0,0,-1.001791E-05],"s":[0.07530601,0.05716094,0.0840456],"c":[0.1142855,1,0],"b":["when told by any hallheads then become untweened next in 15s"]},{"p":[0,0,0],"r":[0,0,0],"s":[0.07529514,0.05714956,0.0840306],"c":[0.1142855,1,0],"b":["when neared then become untweened next in 0s"]}]}]}