{"n":"note","v":9,"a":[2,3,5,22],"p":[{"b":112,"e":"I WILL ALWAYS REMEMBER\nTHAT WALTZ WE USED TO PLAY\nTOGETHER.\nJUST HEARING THE PRELUDE\nRESONATES WITH MY VERY SOUL.\n\nYOU'D COUNT OFF THE BEAT, 1-2-3,\nTHEN I'D STRUM THE OPENING 4\nMEASURES. AND IT WOULD SEND\nME TO A MAGICAL PLACE IN MY\nHEART.","s":[{"p":[-0.1202088,0.002258301,0.1406999],"r":[90,-1.001791E-05,0],"s":[0.001375424,0.001375008,0.001375408],"c":[0,0,0]}]},{"s":[{"p":[0,-3.72529E-09,0.02828122],"r":[0,0,-5.008957E-06],"s":[0.277667,0.002290441,0.2530862],"c":[1,0.9682539,0.7777778]}]}]}