{"v":9,"a":[6,5,7,18,48],"p":[{"i":[{"t":"615936a6281df11d48a7432f","p":[6.100314E-05,-0.180469,0.004913331],"r":[-8.14222E-13,270,1.001791E-05]}],"s":[{"p":[0,0,0],"r":[0,0,0],"s":[0.5469062,0.6516627,0.5072345],"c":[1,1,1],"b":["when looked at then become next in 0.5s, play swiping hit with very-varied-pitch"]},{"p":[0.6449285,-1.127628E-07,-3.048249],"r":[-1.151484E-12,270,0],"s":[0.5470459,0.6517259,0.5073666],"c":[1,1,1],"b":["when starts then become next in 10s"]},{"p":[0.6449285,-1.127628E-07,-3.048249],"r":[-1.151484E-12,270,0],"s":[0.5470459,0.6517259,0.5073666],"c":[1,1,1],"b":["when looked at then become next in 0.5s, play swiping hit with very-varied-pitch"]},{"p":[0,0,0],"r":[0,0,0],"s":[0.5469062,0.6516627,0.5072345],"c":[1,1,1],"b":["when starts then become next in 10s"]}]}]}