{"n":"td50","v":9,"a":[7,18,48,49],"p":[{"s":[{"p":[0,0,0],"r":[0,0,-7.656432E-20],"s":[0.1750003,0.05191796,0.175],"c":[1,0,0]}]}]}