{"v":9,"a":[5,7,18],"p":[{"b":208,"c":[[-0.5,0.2,-0.5,19,4,16],[-0.3,0.5,-0.5,20,17],[0.3,0.5,-0.5,24,11],[0.3,0.5,0.5,11,21],[-0.3,0.5,0.5,13,23],[-0.5,0.2,0.5,15,3,20],[0.5,0.2,-0.5,26,5,3],[0.5,0.2,0.5,10,18,5],[-0.3,-0.5,-0.5,7,9,6],[-0.3,-0.5,0.5,6,8,3],[0.2,-0.5,0.5,2,6],[0.3,-0.5,0.5,1,8,20],[0.3,-0.5,-0.5,0,27,3]],"s":[{"p":[0,0,0],"r":[0,0,0],"s":[0.1970397,0.4732653,0.0885003],"c":[0,0,0]}]},{"b":208,"t1":38,"v":0,"s":[{"p":[0,0,-0.04044139],"r":[0,0,1.024528E-05],"s":[0.1629458,0.43928,0.009230952],"c":[0.1975307,0.09876531,0.4444443],"t1":{"c":[0.4021163,0.2962962,0.6666667],"x":0.5,"y":0.5,"a":0.6012582,"m":0,"n":0,"r":0,"g":0,"o":0.5,"t":0.5,"e":0.5}}]},{"b":208,"v":0,"s":[{"p":[0.1349182,-0.01294756,-0.11257],"r":[353.6079,235.8416,10.1273],"s":[0.2082926,0.4846765,0.009327791],"c":[0,0,0],"b":["when touches hand then become next in 0.2s"]},{"p":[-0.001495361,0.00242424,-0.0507127],"r":[0,0,1.024528E-05],"s":[0.20837,0.4848837,0.009332359],"c":[0,0,0],"b":["when starts then play subtle tap"]}]}]}