{"v":9,"a":[7,18,31,48,49],"p":[{"b":9,"t":3,"s":[{"p":[0,0,0],"r":[0,0,0],"s":[0.02437479,0.02437322,0.02437309],"c":[0.7777778,0.5876543,0.1728394]}]}]}