{"v":9,"a":[27],"p":[{"b":10,"t1":168,"s":[{"p":[-0.1403207,-0.006643791,-0.006829783],"r":[3.901614,355.7268,1.975328],"s":[0.05052369,0.02167921,0.06815331],"c":[1,1,1],"t1":{"c":[0,0,0],"a":0.05}}]}]}