{"v":9,"a":[7,18],"p":[{"b":30,"s":[{"p":[0.7025401,0.600647,-5.960464E-08],"r":[0,0,180],"s":[0.7180532,0.3369599,5.366723],"c":[0.222222,0.222222,0.222222]}]},{"b":30,"s":[{"p":[-0.01419539,0.600647,-5.960464E-08],"r":[0,0,-5.008957E-06],"s":[0.7186504,0.3370835,5.369337],"c":[0.222222,0.222222,0.222222]}]},{"b":64,"t1":43,"t2":158,"s":[{"p":[0.3561178,0.6656799,-0.1653443],"r":[0,180,5.008957E-06],"s":[0.4505125,0.001000036,3.299076],"c":[0.3333332,0.3333332,0.3333332],"t1":{"c":[0.4444444,0.4444444,0.4444444],"x":0.5,"y":0.5,"a":0.8925,"m":0,"n":0,"r":0,"g":0,"o":0.5,"t":0.5,"e":0.5},"t2":{"c":[0.5555556,0.5555556,0.5555556],"x":0.7084351,"y":0.7039185,"a":0.8925,"m":0,"n":0,"r":0,"g":0.05197144,"o":0.5,"t":0.5,"e":0.5}}]},{"s":[{"p":[0.3561188,0.6286929,-2.609787],"r":[0,0,270],"s":[0.1136096,1.3126,0.1523387],"c":[0.2222219,0.2222219,0.2222219]}]}]}