{"v":9,"a":[5,7,18],"p":[{"b":72,"t":10,"t1":43,"s":[{"p":[0,0,0],"r":[0,0,0],"s":[0.7016726,2.806739,0.7016558],"c":[0.3333332,0.3333332,0.3333332],"t1":{"c":[0.2730159,0.2222221,0.3333333],"x":0.5,"y":0.5,"a":0.8925,"m":0,"n":0,"r":0,"g":0,"o":0.5,"t":0.5,"e":0.5}}]},{"b":72,"t":10,"t1":43,"s":[{"p":[4.768372E-07,-2.790924,0],"r":[0,1.001791E-05,1.001791E-05],"s":[0.8575643,0.2600725,0.8575197],"c":[0.3333332,0.3333332,0.3333332],"t1":{"c":[0.2730159,0.2222221,0.3333333],"x":0.5,"y":0.5,"a":0.8925,"m":0,"n":0,"r":0,"g":0,"o":0.5,"t":0.5,"e":0.5}}]},{"b":72,"t":10,"t1":43,"s":[{"p":[4.768372E-07,2.906204,0],"r":[0,180,180],"s":[0.8576273,0.2601005,0.8576164],"c":[0.3333332,0.3333332,0.3333332],"t1":{"c":[0.2730159,0.2222221,0.3333333],"x":0.5,"y":0.5,"a":0.8925,"m":0,"n":0,"r":0,"g":0,"o":0.5,"t":0.5,"e":0.5}}]}]}