{"n":"hinge","v":9,"a":[5,7,18,49],"p":[{"t":11,"i":[{"t":"6103701452b1b1255d162f22","p":[-0.5430249,0.0829163,0.004547119],"r":[90,89.99999,0]}],"s":[{"p":[0,0,0],"r":[0,0,0],"s":[0.04378494,0.7065558,0.1205809],"c":[0.4444443,0.4444443,0.4444443],"b":["when told dooropen then become next in 0.5s"]},{"p":[0,0,0],"r":[358.9604,9.767341,359.4362],"s":[0.0437877,0.706536,0.1206027],"c":[0.4444442,0.4444442,0.4444442],"b":["when starts then become untweened next in 0.5s, send one nearby onto td56"]},{"p":[0,0,0],"r":[358.9604,9.767342,359.4362],"s":[0.04378696,0.7065368,0.1205999],"c":[0.4444442,0.4444442,0.4444442],"b":["when starts then become next in 0.2s"]}]}]}