{"n":"hinge","v":9,"a":[5,7,18,49],"p":[{"t":11,"i":[{"t":"61626596e76d9205dd228b23","p":[-0.8173219,0.01318358,-0.05242753],"r":[270,180,0]}],"s":[{"p":[0,0,0],"r":[0,0,0],"s":[0.04378494,0.7065558,0.1205809],"c":[0.4444443,0.4444443,0.4444443],"b":["when told by nearby tudooropen then become next in 4s"]},{"p":[0,0,0],"r":[0,90,-9.21187E-12],"s":[0.04378975,0.7065362,0.120607],"c":[0.4444442,0.4444442,0.4444442],"b":["when starts then become untweened next in 15s"]},{"p":[0,0,0],"r":[0,90,-9.21187E-12],"s":[0.04378696,0.7065368,0.1205999],"c":[0.4444442,0.4444442,0.4444442],"b":["when starts then become next in 2s"]},{"p":[0,0,0],"r":[0,0,0],"s":[0.04378494,0.7065558,0.1205809],"c":[0.4444442,0.4444442,0.4444442],"b":["when starts then become next in 0.2s"]}]}]}