{"v":9,"a":[7,18],"p":[{"t1":4,"t2":61,"s":[{"p":[0,0,0],"r":[0,0,0],"s":[10.46152,0.1750306,6.423436],"c":[0.4444443,0.4444443,0.4444443],"t1":{"c":[0.7777778,0.7777778,0.7777778],"x":0.07821839,"y":0.09358399,"a":0.69625,"m":0.5,"n":0.5,"r":0,"g":0,"o":0.5380554,"t":0,"e":0.3665771},"t2":{"c":[1,0,0],"x":0.5,"y":0.5,"a":0.722746,"m":0,"n":0,"r":0,"g":0,"o":0.5,"t":0.5,"e":0.5}}]}]}