{"v":9,"a":[5,7,18],"p":[{"t1":66,"s":[{"p":[0,0,0],"r":[0,0,0],"s":[0.5969736,0.0466635,0.6877927],"c":[0.2222221,0.2222221,0.2222221],"b":["when told by any revealgreateyes then become next in 2s"],"t1":{"c":[0.6666667,0.6666667,0.6666667],"x":0.7715799,"y":0.7905393,"a":1,"m":0.1861875,"n":0.008575439,"r":0,"g":0,"o":0.5,"t":0.5,"e":0.5}},{"p":[0,0,-0.6582184],"r":[0,0,0],"s":[0.597132,0.04667898,0.6880319],"c":[0.222222,0.222222,0.222222],"t1":{"c":[0.6666667,0.6666667,0.6666667],"x":0.7715799,"y":0.7905393,"a":1,"m":0.1861875,"n":0.008575439,"r":0,"g":0,"o":0.5,"t":0.5,"e":0.5}}]}]}