{"v":9,"a":[22,18],"p":[{"t1":25,"s":[{"p":[0,0,0],"r":[0,0,1.017778E-13],"s":[9.309834,0.1750012,4.101278],"c":[0,0,0],"t1":{"c":[0.4444444,0.3245149,0.1975308],"x":0.5,"y":0.5,"a":0.8925,"m":0,"n":0,"r":0,"g":0,"o":0.5,"t":0.5,"e":0.5}}]}]}