{"v":9,"a":[7,18],"p":[{"a":[12,37,39],"s":[{"p":[0,0,0],"r":[0,0,0],"s":[0.1750049,0.1750025,0.1750037],"c":[1,1,1],"b":["when neared then tell any 5thsound"]}]}]}