{"v":9,"p":[{"b":3,"s":[{"p":[0,0,0],"r":[0,0,0],"s":[0.1250007,0.1861166,0.1250007],"c":[0.8888889,0.4345677,0.1975307]}]},{"b":3,"s":[{"p":[0.004851479,-0.05340469,0.01696121],"r":[357.1949,0.1828079,91.07088],"s":[0.1250007,0.1861168,0.1250007],"c":[0.3333332,0.03703704,0.2910051]}]},{"b":3,"s":[{"p":[-0.0026096,-0.006815274,-0.08579969],"r":[357.2582,4.154365,1.540163],"s":[0.02805022,0.1147373,0.06652939],"c":[1,0.7301587,0.4444443]}]},{"b":3,"s":[{"p":[-0.003190815,0.03264479,-0.06310344],"r":[4.344628,2.744708,272.4533],"s":[0.02089468,0.1523596,0.06652962],"c":[0.3333332,0.03703704,0.2910051]}]}]}