{"v":9,"a":[7,31,48,49],"p":[{"b":9,"t":3,"s":[{"p":[0,0,0],"r":[0,0,0],"s":[0.1079582,0.1079318,0.1079488],"c":[0.111111,0.111111,0.111111]}]}]}