{"v":9,"a":[5,7,13,18],"p":[{"t1":66,"s":[{"p":[0,0,0],"r":[0,0,0],"s":[6.895094,7.256433,0.175032],"c":[0.4444439,0.4444439,0.4444439],"t1":{"c":[0.6666667,0.6666667,0.6666667],"x":0.682602,"y":0.6610718,"a":0.8925,"m":0.006195068,"n":0.03286743,"r":0,"g":0,"o":0.5,"t":0.5,"e":0.5}}]},{"t1":66,"s":[{"p":[0.8057861,-1.408881E-07,1.476559],"r":[1.001791E-05,-8.757938E-13,-1.001791E-05],"s":[5.605481,7.257166,0.1751755],"c":[0.4444439,0.4444439,0.4444439],"t1":{"c":[0.6666667,0.6666667,0.6666667],"x":0.6927338,"y":0.6610718,"a":0.8925,"m":0.006195068,"n":0.03286743,"r":0,"g":0,"o":0.5,"t":0.5,"e":0.5}}]},{"t1":66,"s":[{"p":[-1.914826,1.233986,3.506483],"r":[-1.001791E-05,270,0],"s":[4.232325,7.257731,0.1752706],"c":[0.4444439,0.4444439,0.4444439],"t1":{"c":[0.6666667,0.6666667,0.6666667],"x":0.6927338,"y":0.6610718,"a":0.8925,"m":0.006195068,"n":0.03286743,"r":0,"g":0,"o":0.5,"t":0.5,"e":0.5}}]},{"t1":66,"s":[{"p":[-3.38083,1.233986,3.625561],"r":[-1.001791E-05,270,1.001791E-05],"s":[7.166912,7.257986,0.1752806],"c":[0.4444438,0.4444438,0.4444438],"t1":{"c":[0.6666667,0.6666667,0.6666667],"x":0.6683808,"y":0.6610718,"a":0.8925,"m":0.006195068,"n":0.03286743,"r":0,"g":0,"o":0.5,"t":0.5,"e":0.5}}]}]}