{"v":9,"a":[5,7,18,49],"p":[{"t":19,"s":[{"p":[0.01675415,0,0],"r":[0,0,0],"s":[0.1750152,2.617775,0.476638],"c":[0,0,0]}]},{"a":[3],"s":[{"p":[0.05612183,0,0],"r":[0,0,8.537737E-06],"s":[0.2393566,2.682432,0.5410516],"c":[0.5555556,0.5555556,0.5555556]}]},{"t":19,"s":[{"p":[0.3071594,0.02321959,-0.4747648],"r":[0,0,90.00002],"s":[4.0794,0.1484169,0.07060543],"c":[0,0,0]}]}]}