{"v":9,"a":[22,12,18,20],"p":[{"a":[11,12,37],"i":[{"t":"61664c1acd26271d46e30974","p":[0.06115003,-0.1353149,0.3349575],"r":[3.622255E-06,-1.207418E-06,270]}],"s":[{"p":[0,0,0],"r":[0,0,0],"s":[0.03534962,0.3583376,0.1168516],"c":[1,1,1],"b":["when told mhlever then become next in 0.5s, tell nearby gears","when told mhlever then play short metal sliding with -1 octaves 400, play machine 22 with -0.7 octaves 120, play machine switch button with very-low-pitch, play spade scrape with -1 octaves"]},{"p":[-0.003997549,0,-0.09060562],"r":[0,315,0],"s":[0.03535269,0.3584163,0.1168856],"c":[1,1,1],"b":["when starts then become next in 0.4s"]},{"p":[-0.01070868,0,-0.1305055],"r":[0,270,0],"s":[0.0353585,0.3585071,0.1169304],"c":[1,1,1],"b":["when starts then become next in 30s"]},{"p":[-0.01070868,0,-0.1305055],"r":[0,270,0],"s":[0.0353585,0.3585071,0.1169304],"c":[1,1,1],"b":["when starts then become previous in 30s"]}]}]}