{"v":9,"a":[1,5,7,13,18],"p":[{"b":83,"a":[23],"t1":38,"s":[{"p":[0,0,0],"r":[0,0,0],"s":[1.353998,3.047961,1.424546],"c":[0.3333328,0.05714247,0],"t1":{"c":[0.3333333,0.2518518,0.07407402],"x":0.5160637,"y":0.6306847,"a":0.8925,"m":0,"n":0.03683949,"r":0.25,"g":0,"o":0.5,"t":0.5,"e":0.5}}]},{"b":83,"t":10,"t1":24,"s":[{"p":[9.313226E-10,-2.016624E-09,-0.01153374],"r":[-3.256888E-12,4.628315E-26,-1.628444E-12],"s":[1.348485,3.047971,1.403535],"c":[0.3333332,0,0],"t1":{"c":[0.4444444,0.2469135,0.2469135],"x":0.6653748,"y":0.6646118,"a":0.5940076,"m":0,"n":0,"r":0,"g":0,"o":0.5,"t":0.5,"e":0.5}}]}]}