{"n":"endroom","v":9,"a":[5,7,48,49],"p":[{"s":[{"p":[0,0,0],"r":[0,0,0],"s":[0.1750027,0.1750016,0.1750022],"c":[1,0,0]}]}]}