{"v":9,"a":[6,5,22,48,54],"p":[{"s":[{"p":[0,0,0],"r":[0,0,0],"s":[0.1750077,0.1750056,0.1750051],"c":[1,0.3428571,0],"b":["when neared then become next in 0s"]},{"p":[1.151179,0.493866,-0.7166443],"r":[1.001791E-05,45,0],"s":[0.7630763,0.7911854,0.03919535],"c":[1,0.342857,0],"b":["when looked at then tell nearby ohnogoodbye, become next in 29s"]}]}]}