{"v":9,"a":[5,7,31,49],"p":[{"t":1,"s":[{"p":[0,1.862645E-09,-0.02205658],"r":[0,0,0],"s":[0.3558323,0.08505449,0.09934793],"c":[0.3333332,0.3333332,0.3333332]}]},{"b":202,"t":1,"s":[{"p":[0.2066842,-0.01739504,-0.01408386],"r":[90,-1.001791E-05,0],"s":[0.02350745,0.02350471,0.02350728],"c":[0.3333332,0.3333332,0.3333332]}]},{"b":202,"t":1,"s":[{"p":[-0.2002507,0.0002746806,-0.0373993],"r":[90,-1.001791E-05,0],"s":[0.02290563,0.02289922,0.02290488],"c":[0.3333332,0.3333332,0.3333332]}]}]}