{"n":"ravenswich map","v":9,"d":"Hand-drawn by JINX","a":[5,22,49],"p":[{"im":"1777225379185467067/CE62B69908DB11AB9F5B0EB238D3BE67372B92D4/","s":[{"p":[0,0,0],"r":[0,0,0],"s":[1.986324,1.125597,0.0181962],"c":[1,1,1]}]}]}