{"v":9,"a":[1,5,7,12,18,20,48,49],"p":[{"b":18,"t":2,"e":"TIME/DATE-SPECIFIC SCRIPTS","s":[{"p":[-0.08708417,0.02939576,0.008495331],"r":[90,-1.448903E-05,0],"s":[0.001203429,0.001203325,0.001203433],"c":[0.9714285,0,1]}]},{"s":[{"p":[0,0,0],"r":[0.0004115189,6.830226E-06,1.024531E-05],"s":[0.238955,0.0495283,0.1043923],"c":[1,1,1],"b":["when told 00 00 then play church bell resonance with surround 2 repeat low-pass low-pitch"]}]},{"b":18,"t":2,"a":[19],"e":"[minute] [SECOND]","s":[{"p":[0.006403565,-0.003717542,0.162987],"r":[89.98022,-1.448903E-05,0],"s":[0.003000719,0.003000152,0.003000701],"c":[0.9714285,0,1],"b":["when starts then tell [minute] [second]","when starts then become next in 0.5s"]},{"p":[0.006403655,-0.003717601,0.162987],"r":[89.98022,-1.448903E-05,0],"s":[0.003000719,0.003000152,0.003000701],"c":[0.9714285,0,1],"b":["when starts then become next in 0.5s"]}]}]}