{"v":9,"a":[5,7,18],"p":[{"a":[12,37],"i":[{"t":"616a38be60ab0d05df2486de","p":[-0.7193513,-0.09821974,0.04533923],"r":[-3.415095E-06,3.053333E-13,180]}],"s":[{"p":[-1.117587E-08,-0.05415726,0],"r":[0,0,-8.537737E-06],"s":[0.0630518,0.1750028,0.07437196],"c":[1,1,1],"b":["when told by any getoutofship then become untweened next in 0s"]},{"p":[0,0,0],"r":[0,0,0],"s":[0.06305164,0.1750024,0.07437158],"c":[1,1,1],"b":["when starts then become next in 30s"]},{"p":[0,0,0],"r":[0,0,0],"s":[0.06305164,0.1750024,0.07437158],"c":[1,1,1],"b":["when starts then become previous in 30s"]}]}]}