{"v":9,"a":[7,18],"p":[{"t":11,"t1":49,"t2":19,"s":[{"p":[0,0,0],"r":[0,0,0],"s":[4.093671,0.4456731,1.839875],"c":[0.8888889,0.8888889,0.8888889],"t1":{"c":[0.7777778,0.7777778,0.7777778],"x":0.5,"y":0.5,"a":0.8925,"m":0,"n":0,"r":0,"g":0,"o":0.5,"t":0.5,"e":0.5},"t2":{"c":[0.4444444,0,0],"x":0.17,"y":0.17,"a":1,"m":0.5,"n":0.5,"r":0,"g":0,"o":0.5,"t":0.3089752,"e":0.5}}]},{"t":11,"s":[{"p":[0,-0.1762161,0],"r":[0,0,1.001791E-05],"s":[4.160372,0.07062947,1.906087],"c":[0.6666667,0.6666667,0.6666667]}]},{"t":11,"s":[{"p":[0,-0.04746246,0],"r":[0,0,1.001791E-05],"s":[4.160349,0.07062878,1.906178],"c":[0.6666667,0.6666667,0.6666667]}]},{"t":11,"s":[{"p":[0,0.1741714,0],"r":[1.001791E-05,0,0],"s":[4.161189,0.07063092,1.906472],"c":[0.6666667,0.6666667,0.6666667]}]}]}