{"v":9,"p":[{"s":[{"p":[0,0,0],"r":[0,0,0],"s":[1.055467,0.2301767,0.1750005],"c":[1,1,1]}]},{"s":[{"p":[0.08921894,0.007053688,-0.2491259],"r":[357.0518,59.10993,356.8331],"s":[0.6963696,0.1750011,0.1750007],"c":[1,1,1]}]},{"s":[{"p":[0.3651513,-0.02629262,-0.7359085],"r":[357.4028,61.40376,356.0319],"s":[0.6963692,0.1750012,0.1750007],"c":[1,1,1]}]}]}