{"v":9,"p":[{"b":6,"s":[{"p":[0,0,0],"r":[0,0,0],"s":[0.1065441,0.2394629,0.2728791],"c":[0.1481476,0.2857137,0.3333328]}]},{"b":6,"s":[{"p":[0.1222059,0.02191131,-0.02991191],"r":[1.10049,29.1447,180.5941],"s":[0.1065454,0.1841944,0.153575],"c":[0.1481476,0.2857137,0.3333328]}]},{"b":6,"s":[{"p":[0.1349461,0.02536345,-0.121211],"r":[2.580348,72.21893,182.6154],"s":[0.1065452,0.2132226,0.2050372],"c":[0.1481476,0.2857137,0.3333328]}]}]}