{"v":9,"p":[{"t":14,"s":[{"p":[0,0,0],"r":[0,0,-8.421009E-07],"s":[0.008852124,0.2239643,0.09869747],"c":[0.1111109,1,0.3142855]}]}]}