{"v":9,"p":[{"b":181,"s":[{"p":[-0.05546793,0.120007,-0.08287139],"r":[18.7508,275.4492,273.2916],"s":[0.06000009,0.03431537,0.06000007],"c":[1,1,1]},{"p":[-0.05546793,0.120007,-0.08287139],"r":[18.7508,275.4492,273.2916],"s":[0.06000009,0.03431537,0.06000007],"c":[1,1,1]}]},{"b":183,"s":[{"p":[-0.03657648,0.1318546,0.1111775],"r":[29.50137,276.2611,273.3568],"s":[0.03038363,0.0771515,0.02953808],"c":[1,1,1]}]}]}