{"v":9,"p":[{"t":9,"t1":43,"s":[{"p":[0,0,0],"r":[0,0,0],"s":[0.2280644,0.1000909,0.04079136],"c":[1,0,0],"t1":{"c":[0,0,0],"x":0.5,"y":0.5,"a":0.8925,"m":0,"n":0,"r":0,"g":0,"o":0.5,"t":0.5,"e":0.5}}]}]}