{"v":9,"p":[{"b":26,"s":[{"p":[0,0,0],"r":[0,0,0],"s":[0.6512302,0.1391986,0.814012],"c":[1,1,1]}]}]}