{"v":9,"a":[7],"p":[{"s":[{"p":[0,0,0],"r":[0,0,-3.828216E-20],"s":[0.05150375,1.972569,0.7606449],"c":[1,1,1]}]}]}