{"v":9,"a":[7],"p":[{"s":[{"p":[0,0,0],"r":[0,0,0],"s":[4.431877,8.698083,0.08759256],"c":[1,1,1]}]}]}