{"v":9,"a":[34],"p":[{"b":150,"t1":150,"t2":43,"s":[{"p":[0,0,0],"r":[0,0,0],"s":[1.095326,0.5383988,1.033628],"c":[0.7777778,0.7777778,0.7777778],"t1":{"c":[0.4444444,0.4444444,0.4444444],"x":0.5,"y":0.5,"a":0.8925,"m":0,"n":0,"r":0,"g":0,"o":0.5,"t":0.5,"e":0.5},"t2":{"c":[0.6666667,0.6666667,0.6666667],"x":0.5,"y":0.5,"a":0.8925,"m":0,"n":0,"r":0,"g":0,"o":0.5,"t":0.5,"e":0.5}}]}]}