{"v":9,"a":[22,31],"p":[{"b":69,"i":[{"t":"619418eeaf47b465e37aea68","p":[0.0003442166,0.09011686,-0.006504193],"r":[278.5595,280.2835,258.0442]}],"s":[{"p":[0.001564987,0.002254349,0.1073231],"r":[270.0198,180,0],"s":[0.03683617,0.0567053,0.03912659],"c":[0.5555556,0.5555556,0.5555556],"b":["when starts then all parts face nearest a4"]}]},{"b":205,"a":[12],"s":[{"p":[0,0,0],"r":[0,0,8.337633E-10],"s":[0.01126278,0.01126262,0.01126278],"c":[1,1,1]}]}]}