{"v":9,"p":[{"s":[{"p":[0,0,0],"r":[0,0,5.336085E-08],"s":[0.175,0.175,0.175],"c":[1,1,1]}]},{"b":2,"s":[{"p":[-0.007770701,0.1316854,0.01866824],"r":[275.068,23.10424,336.0766],"s":[0.125,0.125,0.1250001],"c":[1,1,1]}]}]}