{"v":9,"a":[7,18],"p":[{"b":5,"t1":46,"s":[{"p":[0,0,0],"r":[0,0,0],"s":[0.02302788,0.01261779,3.524296],"c":[0.5555556,0.4779541,0.3086418],"t1":{"c":[0,0,0],"x":0.1564126,"y":0.5,"a":0.8925,"m":0,"n":0,"r":0.4111719,"g":0,"o":0.5,"t":0.5,"e":0.5}}]}]}