{"n":"water blocker","v":9,"a":[5,7,48],"p":[{"a":[12],"s":[{"p":[0,0,0],"r":[0,0,-6.157171E-14],"s":[8.43959,0.1749954,3.172801],"c":[1,1,1]}]}]}