{"n":"stool","v":9,"a":[7,29,41,43],"p":[{"b":5,"a":[23],"c":[[-0.518,1.122,0.418,19,46],[-1.193,-0.454,0.386,27,33],[1.18,-0.459,0.374,4,67],[-1.207,0.479,-0.551,22,16],[0.911,0.909,-0.675,6,41],[0.009,-1.326,0.374,12,21,23]],"s":[{"p":[0,0,0],"r":[0,0,8.537737E-06],"s":[0.166255,0.1663081,0.06162732],"c":[0.333333,0.2433859,0.1481478]}]},{"b":5,"a":[32,34],"s":[{"p":[-0.1137981,0.131216,-0.3092804],"r":[0,0,8.537737E-06],"s":[0.02725609,0.02674076,0.744903],"c":[0.333333,0.2433859,0.1481478]}]}]}