{"n":"skipping stone","v":9,"a":[1,2,9,31,38],"tp_m": 0.22,"tp_d": 0.15,"p":[{"b":15,"s":[{"p":[0,0,0],"r":[0,0,0],"s":[0.03228625,0.03228693,0.03228713],"c":[0.4444443,0.4444443,0.4444443]}]}]}