{"n":"cave hole light","v":9,"a":[7,20,31,36,37,38,39,53],"p":[{"b":4,"t":4,"a":[3,12,37],"s":[{"p":[0,0,0],"r":[0,0,0],"s":[0.4274612,0.47376,0.3905998],"c":[0.04938262,0.2074072,0.2222221]}]}]}