{"n":"stone stand","v":9,"a":[5,7],"p":[{"b":157,"c":[[-0.002,0.735,-0.063,48],[0.204,0.704,-0.658,62,37],[0.633,0.715,-0.193,69,56]],"s":[{"p":[0,0,0],"r":[0,0,0],"s":[0.3643636,0.7974636,0.3643579],"c":[0.4444437,0.4444437,0.4444437]}]}]}