{"n":"ld dragon little finger","v":9,"a":[27],"p":[{"b":205,"t":1,"a":[23],"s":[{"p":[0.1314889,0.04704962,-0.009900207],"r":[18.37472,94.19498,185.7485],"s":[0.007895716,0.01171151,0.01656348],"c":[0.02469136,0.05925883,0.1111107]}]},{"b":69,"a":[23],"n":"little finger","s":[{"p":[0.1066742,0.04147528,-0.006554891],"r":[350.2294,3.816196,273.3786],"s":[0.01743508,0.01743626,0.01743574],"c":[0.1975299,0.4740737,0.8888889]}]},{"b":3,"s":[{"p":[0.1027841,0.0240444,-0.006910101],"r":[352.6706,90.65147,183.5493],"s":[0.01420139,0.0133854,0.03023422],"c":[0.3950612,0.5925922,0.8888889]}]}]}