{"n":"ld cat paw little","v":9,"a":[7,18,31],"p":[{"b":68,"a":[23],"s":[{"p":[-0.03892326,-0.01549912,-6.805561E-09],"r":[-1.001791E-05,-1.001791E-05,135],"s":[0.01765407,0.04402883,0.0176514],"c":[0.2222216,0.2222216,0.2222216]}]},{"b":68,"a":[23],"s":[{"p":[-0.04861874,-0.02519456,-0.01264764],"r":[-7.083731E-06,-7.083737E-06,135],"s":[0.009266179,0.01902921,0.009266883],"c":[0.9904761,0.6666666,1]}]},{"b":205,"t":1,"s":[{"p":[-0.0704202,-0.04699603,0.008623108],"r":[45.00002,270,89.99999],"s":[0.007351504,0.007371643,0.007370226],"c":[0.1111108,0.1111108,0.1111108]}]}]}