{"n":"cooking meat","v":9,"a":[1,2,50],"p":[{"b":69,"a":[23],"s":[{"p":[0,0,0],"r":[1.628444E-12,-2.42657E-20,-3.448363E-34],"s":[0.02982012,0.05236313,0.0298167],"c":[1,1,1]}]},{"b":73,"a":[23,33],"s":[{"p":[-0.005073559,-0.08647586,-0.02640535],"r":[90,270,0],"s":[0.06255367,0.06256889,0.06255248],"c":[1,1,1]}]},{"b":68,"a":[23],"s":[{"p":[1.321362E-08,0.1511462,2.642724E-08],"r":[-5.008959E-06,270,180],"s":[0.06666745,0.1373716,0.06668365],"c":[0.6666667,0.4867724,0.2962961]}]},{"b":68,"a":[23],"s":[{"p":[2.413165E-08,0.2760339,4.826331E-08],"r":[-1.502687E-05,270,180],"s":[0.08832545,0.1221876,0.08834147],"c":[0.6666667,0.4867724,0.2962961],"b":["when consumed then destroy all parts"]}]}]}