{"n":"hat","v":9,"p":[{"b":64,"s":[{"p":[0.03233852,0.06961255,0.1752251],"r":[349.1956,187.3651,187.6683],"s":[0.07354245,0.001000001,0.1250004],"c":[1,0,0]}]},{"b":86,"s":[{"p":[-0.007537031,0.03901554,-0.002133308],"r":[14.47995,4.620368,349.188],"s":[0.07500017,0.07500017,0.07500011],"c":[0.1142857,0,1]}]}]}