{"n":"hammer","v":9,"p":[{"s":[{"p":[0.01042674,0.3910086,-0.007707357],"r":[275.7425,320.4748,54.76943],"s":[0.6156067,0.237658,0.1750004],"c":[0.6666667,0.6666667,0.6666667]}]},{"b":166,"s":[{"p":[-0.009870247,0.01313212,-0.01021053],"r":[4.962872,1.527462,1.278005],"s":[0.03000005,0.09397811,0.03000001],"c":[0.3333332,0.2518517,0.07407398]}]}]}