{"v":9,"p":[{"a":[29],"s":[{"p":[0,0,0],"r":[0,0,0],"s":[0.1750004,0.1750004,0.1750003],"c":[0,0,0]}]}]}