{"n":"bedroll","v":9,"a":[7,38,52],"p":[{"b":69,"t":10,"a":[14,23],"s":[{"p":[0,0,0],"r":[0,0,0],"s":[0.1611003,0.3152653,0.4277581],"c":[0.4444443,0.320282,0.04938262]}]},{"b":69,"t":10,"a":[14,23],"s":[{"p":[-5.960464E-08,-0.5192568,9.078975E-08],"r":[-8.142219E-13,2.204186E-12,-1.566168E-26],"s":[0.1611112,0.09590495,0.4277609],"c":[0.7777778,0.7777778,0.7777778]}]},{"b":16,"s":[{"p":[-0.05053509,-0.9776337,1.797707E-07],"r":[90,90,0],"s":[0.2078145,0.1294541,0.1557878],"c":[1,1,1]}]}]}