{"n":"ink jar","v":9,"a":[5],"p":[{"b":5,"a":[23],"s":[{"p":[0,0,0],"r":[0,0,0],"s":[0.02557861,0.02557347,0.1253704],"c":[0.2222221,0.1756612,0.07407398]}]},{"b":5,"a":[23],"s":[{"p":[0,1.862645E-09,-0.02218723],"r":[0,0,0],"s":[0.03441371,0.03441572,0.1253186],"c":[0.2222221,0.1756612,0.07407398]}]}]}