{"n":"iteration sign 2","v":9,"a":[7],"p":[{"a":[23],"s":[{"p":[0,0,0],"r":[0,0,0],"s":[0.3512249,0.341866,0.06049888],"c":[0.2222221,0.2222221,0.2222221]}]},{"b":135,"a":[19],"e":"SUPPOSED TEXT\nCHAT SUPPORT\nAND CHAT KEYBOARD\n\nHEALING SPELL\n\"HEAL MINOR WOUNDS\"\n\nREMOVAL OF DORMANT PARTS","s":[{"p":[-0.1257248,-0.0026436,-0.04207802],"r":[1.001791E-05,1.001791E-05,90],"s":[0.00300019,0.003000188,0.003000102],"c":[1,1,1]}]}]}