{"v":9,"a":[22],"p":[{"b":212,"i":[{"t":"61bab7cdd7f5147500c5d1a0","p":[-0.002922358,-0.01417965,0.004610196],"r":[0,0,0]},{"t":"61bab7cdd7f5147500c5d1a0","p":[-0.002946763,-0.01068211,0.005317589],"r":[0,0,-1.001791E-05]},{"t":"61bab7cdd7f5147500c5d1a0","p":[-0.000645219,-0.00464189,0.001850213],"r":[-1.001791E-05,8.757937E-13,-1.001791E-05]}],"t1":150,"t2":43,"c":[[0,1.3,0.6,12,21],[0,0.3,0.6,2,7],[0,2.2,-0.8,21,17],[0,1.2,-0.8,5,17],[-0.3,-0.2,0,18,22],[-0.3,-1.2,0,7,8],[-0.1,2.8,0.4,14,3,22],[-0.1,1.8,0.4,6,7,3],[0.1,2.5,0.3,11,20,3],[0.1,1.5,0.3,1,9,22],[0.3,-3.2,-0.1,27,-27,28],[0.3,-1.2,-0.1,35]],"s":[{"p":[0,0,0],"r":[0,0,0],"s":[0.2173912,0.001000507,0.1750935],"c":[0.4444443,0.4444443,0.4444443],"t1":{"c":[0.4444444,0.4444444,0.4444444],"x":0.5,"y":0.5,"a":0.8925,"m":0,"n":0,"r":0,"g":0,"o":0.5,"t":0.5,"e":0.5},"t2":{"c":[0.6666667,0.6666667,0.6666667],"x":0.5,"y":0.5,"a":0.8925,"m":0,"n":0,"r":0,"g":0,"o":0.5,"t":0.5,"e":0.5}}]}]}