{"n":"rob locks body","v":9,"a":[7,18],"p":[{"b":60,"a":[23],"s":[{"p":[0,0,0],"r":[0,0,0],"s":[0.1722143,0.4467888,0.521067],"c":[0.3333332,0.3333332,0.3333332]}]}]}