{"n":"light","v":9,"a":[7],"p":[{"b":5,"t":3,"s":[{"p":[0,0,0],"r":[0,0,0],"s":[0.1820295,0.2754207,0.1000118],"c":[1,1,1]}]}]}