{"n":"ld dari glasses","v":9,"a":[2,3,7,18,24,49],"inc":[["ld human","61c0e9887f9b6d0491a52df0"],["ld human 2","61c8df8447e22905dd391f46"],["ld human head","61c8e0402426b0788b4113f8"],["ld human head 2","61c8e08bd93eb97a346c1b42"],["ld human head 3","61ca082e2426b0788b4113ff"]],"bod":{"lt": {"i":"61c0e956d7f5147500c5d1dd","p":[-0.003285505,0.002869248,-0.0363517],"r":[273.5446,9.743327,173.2231]}},"p":[{"b":68,"t":14,"a":[23,32],"s":[{"p":[-0.06564236,-0.002317416,-0.01943565],"r":[0,0,0],"s":[0.03549471,0.01766614,0.0285287],"c":[0.2222219,0.2222219,0.2222219]}]},{"b":60,"a":[23,32],"s":[{"p":[-0.1137843,-0.05435275,-0.003115304],"r":[67.50002,270,270],"s":[0.02288963,0.0217726,0.1250054],"c":[0.2222215,0.2222215,0.2222215]}]},{"t":7,"a":[12,38],"s":[{"p":[-9.214203E-09,-0.05269909,-0.02430274],"r":[0,0,0],"s":[0.2986307,0.1448486,0.06679691],"c":[0.7777778,0.7777778,0.7777778],"b":["when triggered then change head to ld human head 3, destroy all parts"]}]},{"b":60,"s":[{"p":[0,0,0],"r":[0,0,0],"s":[0.103398,0.01249887,0.01619781],"c":[0.2222214,0.2222214,0.2222214]}]}]}