{"n":"5","v":9,"p":[{"s":[{"p":[0,0,0],"r":[0,0,0],"s":[0.9759598,0.1750005,0.8465949],"c":[1,1,1]}]}]}