{"n":"egg","v":9,"a":[1,2,7,9,18,31],"p":[{"b":77,"s":[{"p":[0,0,0],"r":[0,0,0],"s":[0.0156871,0.01568672,0.01568712],"c":[1,0.984127,0.8888889]}]},{"b":77,"s":[{"p":[0,0.04717165,-8.247754E-09],"r":[3.763251E-13,1.001791E-05,180],"s":[0.01568834,0.03163571,0.01568663],"c":[1,0.984127,0.8888889]}]}]}