{"n":"hint avatar hand open","v":9,"a":[22,12],"p":[{"b":68,"s":[{"p":[0,0,0],"r":[0,0,0],"s":[0.01685013,0.06372937,0.04996671],"c":[0.3333329,0.9428571,1]}]},{"b":68,"s":[{"p":[0.02142334,0.07072544,-0.00511837],"r":[0,0,315],"s":[0.01686444,0.03281674,0.05000129],"c":[0.3333329,0.9428571,1]}]},{"b":68,"s":[{"p":[0.010952,0.02960634,0.05068409],"r":[0,22.50001,0],"s":[0.01687599,0.01779438,0.01816781],"c":[0.3333329,0.9428571,1]}]}]}