{"n":"flower1","v":9,"a":[21,48],"p":[{"s":[{"p":[0,0,0],"r":[0,0,0],"s":[0.05324838,0.05324813,0.05324816],"c":[1,1,1]}]}]}