{"n":"flower2","v":9,"a":[21,48],"p":[{"s":[{"p":[0,0,0],"r":[2.084408E-09,-7.279712E-19,-4.002064E-08],"s":[0.07209325,0.07209314,0.07209321],"c":[1,1,1]}]}]}