{"v":9,"a":[7],"p":[{"s":[{"p":[0,0,0],"r":[0,0,0],"s":[16.53892,6.611032,15.94535],"c":[0.5555556,0.5555556,0.5555556]}]}]}