{"n":"controls notice","v":9,"a":[22],"p":[{"b":131,"t":2,"a":[19],"e":"TAKE A MOMENT\nTO VIEW THE\nCONTROLS FOR YOUR\nSPECIFIC CONTROLLERS","s":[{"p":[0,0,0],"r":[0,0,0],"s":[0.003000288,0.003000032,0.003000293],"c":[0,0.3999996,1]}]},{"b":179,"t":2,"s":[{"p":[-0.002378174,-0.05383074,0.006575058],"r":[-1.001791E-05,4.378969E-13,180],"s":[0.4146175,0.2150909,0.2150494],"c":[0.691358,0.7259259,0.7777778]}]}]}