{"n":"cbsword","v":9,"a":[2,3,7,49],"p":[{"t":7,"a":[12,38],"s":[{"p":[-0.0005304818,-0.002145886,0.5112997],"r":[0,0,6.830188E-06],"s":[0.05614424,0.03348521,0.4948522],"c":[1,1,1],"b":["when touches cbbody then become next in 0","when touches cbsword then become next in 0","when touches cbaxe then become next in 0","when touches cbdagger then become next in 0","when touches cbshield then become next in 0"]},{"p":[-0.0005304818,-0.002145916,0.1974101],"r":[0,0,6.830188E-06],"s":[0.008975619,0.004825387,0.004960645],"c":[1,1,1],"b":["when starts then become next in 1.3","when starts then play bullet metal impact"]},{"p":[-0.0005304818,-0.002145916,0.1974101],"r":[0,0,6.830188E-06],"s":[0.008975619,0.004825387,0.004960645],"c":[1,1,1],"b":["when starts then become 1 in 0"]}]}]}