{"v":9,"p":[{"b":150,"s":[{"p":[0,0,0],"r":[0,0,0],"s":[2.701458,0.1348033,1.210629],"c":[0.2592591,0.3015871,0.3333331]}]}]}