{"n":"pathway","v":9,"a":[7,18],"p":[{"b":5,"s":[{"p":[8.277485,-0.001964033,-0.3003364],"r":[270,90,0],"s":[3.725439,3.725437,0.1789657],"c":[0.5555556,0.5555556,0.5555556]}]},{"t":1,"a":[23],"s":[{"p":[2.549702E-08,0,-0.2916519],"r":[1.001791E-05,0,0],"s":[8.364312,0.141539,1.927238],"c":[0.3333332,0.3333332,0.3333332]}]},{"a":[23],"s":[{"p":[-5.922551,9.536743E-07,-0.2389278],"r":[0,0,0],"s":[3.547955,0.145169,3.158404],"c":[0.5555556,0.5555556,0.5555556]}]},{"t":1,"a":[23],"s":[{"p":[-9.508085,-5.960464E-08,-0.2916528],"r":[1.001791E-05,6.157171E-14,1.001791E-05],"s":[8.369729,0.1415609,1.928877],"c":[0.3333331,0.3333331,0.3333331]}]}]}