{"v":9,"a":[21],"p":[{"a":[12],"i":[{"t":"58c4c0c3a07099c813c10c6a","p":[-0.01120603,0.00164855,0.1328369],"r":[1.924961,359.4977,182.0918]}],"s":[{"p":[0,0,0],"r":[0,0,0],"s":[0.06490951,0.0649094,0.06490939],"c":[1,1,1],"b":["when starts then become unsoftened next in 10"]},{"p":[-0.01965076,0.04440731,0.8868224],"r":[354.8077,358.3206,2.576726],"s":[0.06490955,0.06490942,0.06490942],"c":[1,1,1],"b":["when starts then become unsoftened next in 8"]}]}]}