{"n":"vr sign","v":9,"a":[7,18],"p":[{"b":179,"a":[23],"s":[{"p":[0,0,0],"r":[0,0,0],"s":[0.7102455,0.320895,0.2150788],"c":[0.4444443,0.4444443,0.4444443]}]},{"b":18,"t":2,"e":"TO DESKTOP PLAYERS...","s":[{"p":[0.2418825,-0.1399571,-0.007414371],"r":[0,0,180],"s":[0.003002599,0.003000356,0.003002627],"c":[0.5555556,0.5555556,0.5555556]}]},{"b":18,"t":2,"e":"THIS AREA IS TAILORED\nFOR TEACHING VR PLAYERS,\nBUT FEEL FREE TO EXPLORE\nIN DESKTOP MODE IF YOU'D\nLIKE","s":[{"p":[0.2418822,-0.0650368,-0.007414371],"r":[-1.001791E-05,-4.378969E-13,180],"s":[0.00300198,0.003000279,0.00300194],"c":[0.5555556,0.5555556,0.5555556]}]}]}