{"v":9,"a":[2,7,9,31],"p":[{"b":183,"s":[{"p":[0.04729318,0.1363991,-0.07241552],"r":[348.9139,34.0945,353.2988],"s":[0.03520871,0.03520855,0.03520808],"c":[0.5555556,0.3809522,0]}]},{"b":189,"s":[{"p":[0.04768845,0.08872131,-0.05823455],"r":[348.9139,34.0945,173.2988],"s":[0.03363024,0.03362931,0.03362893],"c":[0.5555556,0.3809522,0]}]}]}