{"n":"hangin","v":9,"a":[7,12,18],"p":[{"s":[{"p":[0,1.490116E-08,-0.1330947],"r":[0,180,5.008957E-06],"s":[0.05419504,0.07142128,0.327442],"c":[0.1975298,0.4740737,0.8888889]}]},{"s":[{"p":[0,0,0],"r":[2.189484E-13,5.008957E-06,-5.008957E-06],"s":[0.1050478,0.1750192,0.3274581],"c":[0.1975298,0.4740737,0.8888889],"b":["when starts then all parts face up"]}]}]}