{"n":"ld bird tail","v":9,"a":[22,18],"p":[{"b":68,"a":[23],"s":[{"p":[-0.0001012513,0.003720306,0.0005509679],"r":[8.371906,1.805936,1.805944],"s":[0.04251603,0.06062897,0.1119725],"c":[0.1975295,0.4740737,0.8888889]}]},{"b":68,"a":[23],"s":[{"p":[-0.04036994,0.01862091,-0.1229418],"r":[7.041227,24.4745,274.8856],"s":[0.03338937,0.01456201,0.09420141],"c":[0.1975296,0.4740737,0.8888889]}]},{"b":68,"a":[23],"s":[{"p":[-0.004988008,-0.009142794,0.08109041],"r":[8.371906,1.805936,1.805944],"s":[0.03570627,0.07573837,0.05847907],"c":[0.1975295,0.4740737,0.8888889]}]}]}