{"n":"grass patch","v":9,"a":[49],"p":[{"b":173,"s":[{"p":[0,0,0],"r":[0,0,0],"s":[0.04500011,0.04500031,0.04500032],"c":[0.1382707,0.4444435,0.09876467]}]},{"b":173,"s":[{"p":[-0.1441461,-0.006132742,-0.07200649],"r":[1.832298,351.243,353.4804],"s":[0.01890235,0.04340678,0.01890251],"c":[0.1382707,0.4444435,0.09876467]}]},{"b":173,"s":[{"p":[0.0143774,0.03299456,-0.09679043],"r":[329.3784,336.4931,3.330312],"s":[0.04687836,0.01971709,0.04687849],"c":[0.1382707,0.4444435,0.09876467]}]}]}