{"v":9,"a":[1,2,7,18,31],"p":[{"c":[[0.6,0.5,0.5,3,6,8],[-0.5,0.5,0.5,2,6,14],[-0.5,-0.5,0.5,0,13,10],[0.6,-0.5,0.5,1,13,2],[0.6,0.5,-0.5,5,6,7],[-0.5,0.5,-0.5,4,6,11],[0.6,-0.5,-0.5,7,8,4],[-0.5,-0.5,-0.5,6,6,8]],"s":[{"p":[0.006445188,-0.01015046,0.05142701],"r":[285.3575,16.46966,251.643],"s":[0.1467041,0.1467041,0.1516493],"c":[1,1,1]}]}]}