{"v":9,"a":[7,18],"p":[{"b":225,"t":10,"t1":47,"t2":35,"s":[{"p":[0,0,0],"r":[0,0,0],"s":[2.500231,3.920873,0.01661148],"c":[0.06737192,0.1111108,0.06172818],"t1":{"c":[0.09100521,0.2222221,0.07407402],"x":0.1185589,"y":0.06751253,"a":1,"m":0,"n":0,"r":0.01884794,"g":0,"o":0.5,"t":0.5,"e":0.5},"t2":{"c":[0.04938266,0.1111111,0.02469136],"x":0.303371,"y":0.09474659,"a":1,"m":0.01749659,"n":0,"r":0.05915642,"g":0,"o":0.5,"t":0.5,"e":0.5}}]}]}