{"v":9,"a":[7,18],"p":[{"b":14,"a":[12,37],"i":[{"t":"6201dea90d5a081c45bffc3d","p":[0.1428934,0.1160538,0.2947416],"r":[2.444983,355.5778,358.7996]}],"s":[{"p":[0,0,0],"r":[0,0,0],"s":[0.06000389,0.06000191,0.06000236],"c":[1,1,1],"b":["when told by nearby pantry stl then become next in 1.1"]},{"p":[0,0,0],"r":[0,0,90],"s":[0.06000494,0.06000274,0.06000355],"c":[1,1,1],"b":["when told by nearby pantry stl then become next in .7"]}]}]}