{"v":9,"a":[7,18],"p":[{"s":[{"p":[-0.005299378,-0.1282286,-0.2987206],"r":[357.4702,4.374277,91.00938],"s":[0.01619846,0.3189206,0.623578],"c":[0.6666666,1,0.9142857]}]},{"s":[{"p":[0.1218079,-0.1015285,-0.009489134],"r":[357.4702,4.374277,91.00939],"s":[0.01842746,0.1016269,0.02179787],"c":[0.3950614,0.8888889,0.8465609],"b":["when touched then tell nearby pantry stl"]}]}]}