{"n":"wiggler fin","v":9,"a":[12],"p":[{"b":69,"c":[[0,2.672,0,2,4,3,3,3,3,3,3,3,3,3,3,3,3,3],[0.221,2.381,-0.023,32],[0.212,2.381,0.069,35],[0.193,2.381,-0.111,29],[0.131,2.381,-0.18,26],[0.046,2.381,-0.218,23],[-0.046,2.381,-0.218,20],[-0.131,2.381,-0.18,17],[-0.165,2.381,0.149,5],[-0.212,2.381,0.069,8],[-0.091,2.381,0.203,0],[0,2.381,0.223,1,43],[0.091,2.381,0.203,41],[0.165,2.381,0.149,38],[-0.193,2.381,-0.111,14],[-0.221,2.381,-0.023,11],[0.432,2.047,-0.045,34],[0.376,2.047,-0.217,31],[0.255,2.047,-0.351,28],[0.09,2.047,-0.424,25],[-0.09,2.047,-0.424,22],[-0.255,2.047,-0.351,19],[-0.376,2.047,-0.217,16],[-0.432,2.047,-0.045,13],[-0.413,2.047,0.134,10],[-0.322,2.047,0.29,7],[-0.176,2.047,0.396,4],[0,2.047,0.434,3,43],[0.413,2.047,0.134,37],[0.322,2.047,0.29,40],[0.176,2.047,0.396,43]],"sa":25,"s":[{"p":[0,0,0],"r":[0,0,0],"s":[0.02238995,0.03783281,0.00538817],"c":[0.5185186,0.5777776,0.6666667]}]},{"b":69,"c":[[0,-2.898,0,229,1,1,1,1,1,2,2,2,2,2,1,2,1,2,1,2,1,2,6,1,1,1,1,1,1,2,2,2,2],[-0.165,-2.648,0.149,226,11],[-0.221,-2.648,-0.023,224,17],[-0.091,-2.648,0.203,227,8],[0,-2.648,0.223,228,33],[0.091,-2.648,0.203,260,15],[0.165,-2.648,0.149,259,14],[0.212,-2.648,0.069,258,13],[0.221,-2.648,-0.023,257],[0.193,-2.648,-0.111,218,51],[0.131,-2.648,-0.18,219,36],[0.046,-2.648,-0.218,220,32],[-0.046,-2.648,-0.218,221,28],[-0.131,-2.648,-0.18,222,24],[-0.193,-2.648,-0.111,223,20],[-0.212,-2.648,0.069,225,14],[-0.176,-2.25,0.397,197],[0,-2.25,0.434,196,21],[0.176,-2.25,0.397,216],[0.322,-2.25,0.291,215],[0.413,-2.25,0.135,214],[0.432,-2.25,-0.045,213],[0.376,-2.25,-0.216,212],[0.09,-2.25,-0.424,204],[-0.09,-2.25,-0.424,203],[-0.255,-2.25,-0.351,202],[-0.376,-2.25,-0.216,201],[-0.432,-2.25,-0.045,200],[-0.413,-2.25,0.135,199],[-0.322,-2.25,0.291,198],[0,-1.948,0.623,195,16],[0.254,-1.948,0.57,210],[0.463,-1.948,0.417,209],[0.593,-1.948,0.193,208],[0.62,-1.948,-0.065,207],[0.54,-1.948,-0.312,206],[0.366,-1.948,-0.504,186],[0.13,-1.948,-0.61,187],[-0.13,-1.948,-0.61,188],[-0.366,-1.948,-0.504,189],[-0.54,-1.948,-0.312,190],[-0.62,-1.948,-0.065,191],[-0.593,-1.948,0.193,192],[-0.463,-1.948,0.417,193],[-0.254,-1.948,0.57,194],[0.255,-2.25,-0.351,205]],"s":[{"p":[0,0.1222939,0],"r":[1.001791E-05,180,180],"s":[0.03616367,0.04937496,0.001000041],"c":[0.3333327,0.8285711,1],"b":["when starts then become next in 2.5s"]},{"p":[0.002143859,0.1281796,-0.00920117],"r":[7.335754,176.0078,182.6917],"s":[0.03616391,0.04937556,0.001000048],"c":[0.3333326,0.8285711,1],"b":["when starts then become next in 2.5s"]}]}]}