{"v":9,"p":[{"b":2,"s":[{"p":[0,0,0],"r":[0,0,0],"s":[0.1250008,0.1250006,0.1250004],"c":[0.1142856,1,0]}]},{"b":2,"s":[{"p":[-0.5031443,-0.1279653,-0.205383],"r":[8.585214,312.9286,289.4001],"s":[0.1250008,0.1250004,0.1250006],"c":[0.1142856,1,0]}]}]}