{"v":9,"a":[31],"p":[{"sa":180,"s":[{"p":[0,0,0],"r":[0,0,0],"s":[0.04721096,0.04721068,0.04721075],"c":[0.9764704,0.4470588,0.7411765]}]},{"sa":180,"s":[{"p":[0.08172838,-0.007152207,7.698685E-05],"r":[358.4014,2.242682,357.6936],"s":[0.04721102,0.04721071,0.0472108],"c":[0.9764704,0.4470588,0.7411765]}]}]}