{"v":9,"a":[7,18],"p":[{"b":14,"a":[12,37],"i":[{"t":"6211c861e6c7241c51585ce2","p":[-0.1834982,-0.07362732,-0.3514183],"r":[5.936016,0.1508934,351.9968]}],"s":[{"p":[0.8522857,0,0],"r":[0,0,8.537737E-06],"s":[0.06000784,0.08763021,0.06737298],"c":[1,1,1],"b":["when told by nearby door r then become next in 1s","when told by nearby door r then play fridge door open"]},{"p":[0.8522857,0,0],"r":[-1.072956E-06,-1.072956E-06,270],"s":[0.06001079,0.08762891,0.06737538],"c":[1,1,1],"b":["when starts then become next in 2"]},{"p":[0.8522857,0,0],"r":[-1.162597E-06,-1.162598E-06,270],"s":[0.06000589,0.08762503,0.06736976],"c":[1,1,1],"b":["when starts then become next in .8"]}]}]}