{"v":9,"p":[{"b":9,"s":[{"p":[0,0,0],"r":[0,0,0],"s":[0.125,0.1250001,0.1250001],"c":[1,1,1]}]},{"b":9,"s":[{"p":[0.2850767,-0.01409657,-0.1138187],"r":[18.05461,34.6029,279.0771],"s":[0.1250003,0.1250003,0.1250002],"c":[1,1,1]}]},{"b":9,"s":[{"p":[-0.053953,-0.08274825,-0.3437092],"r":[35.52813,8.286357,284.8152],"s":[0.1250003,0.1250003,0.1250003],"c":[1,1,1]}]},{"b":9,"s":[{"p":[0.005545437,0.9055176,-0.5460739],"r":[5.497645,266.3251,188.5032],"s":[0.1250005,0.2323409,1.138949],"c":[1,1,1]}]}]}