{"n":"hello","v":9,"a":[2],"p":[{"b":35,"s":[{"p":[0,0,0],"r":[0,0,0],"s":[0.1250002,0.1250005,0.1250005],"c":[1,0.8730159,0.111111]}]}]}