{"v":9,"a":[22],"p":[{"s":[{"p":[0,0,0],"r":[0,0,0],"s":[36.60202,0.2426675,16.02952],"c":[0,0,0]}]}]}