{"v":9,"p":[{"b":3,"s":[{"p":[0,0,0],"r":[0,0,0],"s":[0.1250001,0.1250001,0.1250002],"c":[0.111111,0.111111,0.111111]}]},{"b":3,"s":[{"p":[0.02128115,0.1888499,-0.2715954],"r":[22.06113,22.7014,323.2296],"s":[0.01703569,0.001,0.01176026],"c":[1,1,1]}]},{"b":3,"s":[{"p":[0.04555748,0.1033334,-0.00565657],"r":[285.6216,201.6962,61.24372],"s":[0.03140101,0.02757217,0.03868429],"c":[1,1,1]}]},{"b":3,"s":[{"p":[-0.03736925,0.09542017,-0.009455025],"r":[79.74629,31.72829,43.24471],"s":[0.03140108,0.02757216,0.03868434],"c":[1,1,1]}]}]}