{"v":9,"p":[{"s":[{"p":[-0.1947929,0.1093806,0.1194565],"r":[358.4525,357.1078,51.09568],"s":[0.09571153,0.4065275,0.03734693],"c":[0.6666667,0.6666667,0.6666667]}]},{"b":26,"s":[{"p":[-0.1081693,0.02086958,0.05104308],"r":[23.5233,75.15987,179.5672],"s":[0.1250004,0.1312179,0.09853325],"c":[0.6666667,0.6666667,0.6666667]}]},{"s":[{"p":[-0.3078061,0.2094167,-0.01461878],"r":[359.3954,355.8609,321.9074],"s":[0.07691588,0.07501575,0.250631],"c":[0.6666667,0.6666667,0.6666667]}]},{"s":[{"p":[-0.2212594,0.09800933,0.0300283],"r":[358.3098,355.987,322.1185],"s":[0.0168661,0.03250219,0.1750003],"c":[0.6666667,0.6666667,0.6666667]}]}]}