{"n":"diat lyrics 3","v":9,"a":[7,18,49],"p":[{"b":23,"e":"WE LOOK SO GOOD\nAND WE NEVER EVEN TRY\nDON'T WANNA DO IT BUT I'LL DO IT\n'CAUSE I DO IT ALL THE TIME","s":[{"p":[-6.96783E-08,-0.3985134,0],"r":[0,0,0],"s":[0.007692302,0.0076908,0.007696935],"c":[0,0,0]}]},{"b":23,"e":"NOW WE'RE SO YOUNG\nBUT WE'RE PROBABLY GONNA GONA\nIT'S SO FUN\nWE'RE SO GOOD AT SELLING LIES","s":[{"p":[0,0,0],"r":[0,0,0],"s":[0.00769206,0.007691038,0.00769451],"c":[1,1,1]}]},{"b":23,"e":"NOW WE'RE SO YOUNG\nBUT WE'RE PROBABLY GONNA GONA\nIT'S SO FUN\nWE'RE SO GOOD AT SELLING LIES","s":[{"p":[0,-0.7854328,0],"r":[1.001791E-05,0,0],"s":[0.007695317,0.007689859,0.007694605],"c":[1,1,1]}]},{"b":23,"a":[23],"e":"WE LOOK SO GOOD\nAND WE NEVER EVEN TRY\nGET YOUR MONEY FROM A TRUST FUND\nDO IT ALL THE TIME","s":[{"p":[-2.384186E-07,-1.166684,-2.084321E-14],"r":[0,0,0],"s":[0.007692498,0.007690531,0.00769855],"c":[0,0,0]}]}]}