{"n":"dagger","v":9,"a":[2],"p":[{"b":5,"a":[23],"s":[{"p":[0,0,0],"r":[0,0,0],"s":[0.008455109,0.008429094,0.1462466],"c":[0.2222221,0.2222221,0.2222221]}]},{"a":[23],"s":[{"p":[0,-7.450581E-09,0.05196274],"r":[90,-1.001791E-05,0],"s":[0.03686235,0.0168007,0.07564231],"c":[0.222222,0.222222,0.222222]}]},{"t":1,"c":[[0.577,0.5,1.063,3,6,8],[0.5,0.5,1.063,2,6,14],[-0.015,-0.5,-0.5,6,6,8],[-0.015,-0.5,0.5,0,13,10],[-0.443,-0.615,-0.5,7,8,4],[-0.443,-0.615,0.5,1,13,2]],"s":[{"p":[-1.042161E-14,-7.450581E-08,0.1273445],"r":[0,0,0],"s":[0.01719235,0.03663875,0.1364681],"c":[0.8888889,0.8888889,0.8888889]}]}]}