{"v":9,"a":[2,21],"p":[{"s":[{"p":[0,0,0],"r":[0,0,8.537737E-07],"s":[0.01285031,0.01285029,0.01285029],"c":[1,1,1],"b":["when let go then destroy all parts with 99999 grow 100s disappear"]}]}]}