{"v":9,"a":[7,18,31],"p":[{"b":4,"t":21,"a":[12,37,36],"s":[{"p":[0,0,0],"r":[0,0,0],"s":[0.005451638,0.005451609,0.005451609],"c":[0.111111,0.111111,0.111111],"b":["when told by body ok king then become untweened 2 in 0.0s"]},{"p":[0,0,0],"r":[0,0,0],"s":[0.001,0.001,0.001],"c":[0.111111,0.111111,0.111111],"b":["when told by body the king then become untweened 3 in 0.0s","when told by body da king then become untweened 3 in 0.0s","when triggered then tell body [own person]"]},{"p":[0,0,0],"r":[0,0,0],"s":[0.001,0.001,0.001],"c":[0.111111,0.111111,0.111111],"b":["when triggered then emit gravity-free golden key 4 with 0 , then destroy all parts"]}]}]}