{"v":9,"p":[{"b":9,"s":[{"p":[0.3804366,0.04564629,-0.1403095],"r":[21.85248,67.49663,32.1867],"s":[0.1250004,0.1250001,0.1250003],"c":[1,1,1]}]}]}