{"v":9,"p":[{"b":251,"t":11,"s":[{"p":[0,0,0],"r":[0,0,0],"s":[0.2400001,0.2400005,0.2400003],"c":[0.1142857,0,1]}]}]}