{"v":9,"a":[7,18],"p":[{"s":[{"p":[-0.03336383,-0.1187733,0],"r":[0,0,1.024528E-05],"s":[0.720893,0.2901491,0.01080993],"c":[0.1975307,0.8888889,0.4740741]}]},{"s":[{"p":[-0.03309993,0.1138142,0],"r":[0,0,1.024528E-05],"s":[2.19158,0.1750335,0.0108086],"c":[1,1,1]}]}]}