{"v":9,"a":[7,18,31],"p":[{"b":5,"t":2,"s":[{"p":[0,0,0],"r":[0,0,0],"s":[0.03241489,0.03242075,0.0324141],"c":[1,0,0],"b":["when touched then become next in 0.5s, tell nearby open guard"]},{"p":[-1.862645E-09,3.214191E-09,-0.01838303],"r":[0,0,0],"s":[0.03241599,0.03242258,0.03241544],"c":[1,0,0],"b":["when starts then become next in 0.5s"]},{"p":[0,0,0],"r":[0,0,0],"s":[0.03241489,0.03242075,0.0324141],"c":[1,0,0],"b":["when touched then become next in 0.5s, tell nearby close guard"]},{"p":[-1.862645E-09,3.214191E-09,-0.01838303],"r":[0,0,0],"s":[0.03241599,0.03242258,0.03241544],"c":[1,0,0],"b":["when starts then become 1 in 0.5s"]}]}]}