{"v":9,"a":[50],"p":[{"t":23,"im":"1807644878448637478/455E9AD261B1FF430524BE67720E9FC426BA7B9C/","imt":1,"s":[{"p":[0,0,0],"r":[0,0,0],"s":[1.001119,0.001,0.5096606],"c":[1,1,1]}]}]}