{"v":9,"a":[50],"p":[{"t":23,"im":"1807644878448644548/7F5A9CD00032BADEE0A8E44736EFAF33AF56B3D8/","s":[{"p":[0,0,0],"r":[0,0,0],"s":[1.001119,0.001,0.7508393],"c":[1,1,1]}]}]}