{"v":9,"a":[7,18],"p":[{"b":60,"c":[[-0.5,0.477,-0.45,30,13,23,22],[-0.5,0.477,0.375,18,13,34,17],[-0.478,0.5,0.45,25,3,27,26],[-0.477,0.45,0.5,17,9,24,33],[-0.485,0.5,-0.45,29,9,16,35],[0.489,0.5,0.392,23,1,28,27],[0.476,0.45,0.5,10,17,22,31],[0.5,0.45,0.395,9,11,50,8],[0.491,0.5,-0.408,22,17,14,33],[-0.471,-0.51,0.292,6,9,47,14],[-0.465,-0.517,-0.453,14,31,18,30],[-0.497,-0.454,0.439,12,7,45,11],[-0.453,-0.474,0.468,5,11,35,26],[0.472,-0.507,0.407,0,7,54,11],[0.472,-0.508,-0.402,1,43,16,31],[0.502,-0.49,-0.489,2,31,35,22],[0.501,-0.474,0.393,3,5,63,2],[0.457,-0.446,0.516,4,7,37,26]],"s":[{"p":[0,0,0],"r":[0,0,0],"s":[1.985211,1.035099,0.2421025],"c":[1,1,1]}]}]}