{"n":"number dysplay20","v":9,"a":[7,12,18],"p":[{"b":205,"s":[{"p":[0,0,0],"r":[0,0,0],"s":[0.0450078,0.04500901,0.04500961],"c":[1,1,1],"b":["when starts then all parts face view"]}]},{"b":58,"t":2,"pr":58,"s":[{"p":[0,0,-0.06186676],"r":[90,-5.008956E-06,0],"s":[0.1250481,0.1250419,0.1250339],"c":[0,0.5714284,1],"pr":{"c":[1,1,1],"m":0.25,"a":0.25,"s":0.1898424,"z":0.6338855,"g":0.5,"h":0.25}}]},{"b":18,"t":2,"a":[19],"e":"[ROLL20 value]","s":[{"p":[-0.002915152,-0.09070456,-0.06489468],"r":[-8.757937E-13,-1.001791E-05,180],"s":[0.01409011,0.0140902,0.01408967],"c":[1,0,0],"b":["when starts then is roll20 = random(1 20)"]}]}]}