{"v":9,"a":[1,2,22,18,21],"p":[{"s":[{"p":[0,0,0],"r":[1.707547E-05,-1.707547E-05,3.415092E-06],"s":[0.02951259,0.0008776237,0.04203461],"c":[0.8888889,0.8888889,0.8888889]}]},{"a":[32],"s":[{"p":[-0.009640928,0.0003204364,-0.01661034],"r":[-3.053333E-13,5.122642E-06,6.830189E-06],"s":[0.00521432,0.000544447,0.004831796],"c":[0,0,0]}]},{"a":[32],"s":[{"p":[-0.005987493,0.0001316089,-0.0229442],"r":[6.830189E-06,1.221333E-12,2.049057E-05],"s":[0.00619986,0.0006008615,0.009789552],"c":[0.8888889,0.8888889,0.8888889]}]}]}