{"v":9,"p":[{"b":2,"a":[12],"i":[{"t":"629feedee73854129a8cd738","p":[-1.503055,1.326788,-1.663428],"r":[70.60837,213.6097,100.3405]}],"s":[{"p":[0,0,0],"r":[-2.134434E-07,8.050779E-15,-4.322229E-06],"s":[0.1250002,0.1250001,0.125],"c":[1,1,1],"b":["when starts then become next in 10"]},{"p":[-0.7355596,24.75128,8.129155],"r":[321.9106,187.6069,182.4698],"s":[0.1250005,0.1250003,0.1250002],"c":[1,1,1],"b":["when starts then become next in 10"]},{"p":[-0.8210772,13.09895,-6.130545],"r":[56.59824,177.4732,181.611],"s":[0.1250006,0.1250004,0.1250004],"c":[1,1,1],"b":["when starts then become next in 10"]}]}]}