{"v":9,"a":[7,21],"p":[{"b":181,"s":[{"p":[0,0,0],"r":[2.347538E-13,-4.885534E-28,-2.3848E-13],"s":[4.956545,4.956537,4.95669],"c":[0.3333332,0.2433861,0.148148]}]},{"b":151,"t":3,"s":[{"p":[0.0658068,7.794487,-0.09162945],"r":[270,90.00001,0],"s":[3.682477,3.664167,5.10551],"c":[1,0,0]}]}]}