{"v":9,"p":[{"b":9,"s":[{"p":[0,0,0],"r":[0,0,2.134434E-07],"s":[0.1250005,0.420423,0.2916546],"c":[0.1015872,0,0.8888889]}]}]}