{"v":9,"p":[{"b":3,"s":[{"p":[0,0,0],"r":[0,0,0],"s":[0.2034058,0.1360252,0.3520356],"c":[1,1,1]}]},{"b":69,"s":[{"p":[0.011111,-0.004876018,0.3671059],"r":[85.67818,106.3897,282.9999],"s":[0.0183495,0.03199267,0.02004297],"c":[1,1,1]}]}]}