{"v":9,"a":[4,24],"bod":{},"p":[{"b":183,"s":[{"p":[0,0,0],"r":[0,0,-1.547465E-06],"s":[0.06,0.06000002,0.06000002],"c":[1,1,1]}]}]}