{"n":"coke","v":9,"a":[2,7,18,31],"inc":[["thing","61185b55461aba142342ab75"],["thing 2","61185bf93daf6714226a6f03"]],"p":[{"b":5,"s":[{"p":[0,0,0],"r":[0,0,0],"s":[0.02250016,0.02249552,0.1719617],"c":[0.4444443,0.1989417,0.148148],"b":["when consumed then play drinking can open","when consumed then become untweened next"]},{"p":[0,0,0],"r":[0,0,0],"s":[0.02250016,0.02249552,0.1719617],"c":[0.4444443,0.1989416,0.148148],"b":["when starts then is person.protein += 25","when starts then emit gravity-free thing 2 with 0","when starts then become untweened next in 2","when starts then play slurping drink gulp with 30%"]},{"p":[0,0,0],"r":[0,0,0],"s":[0.02250016,0.02249552,0.1719617],"c":[0.4444443,0.1989416,0.148148],"b":["when starts then play drink sip and swallow with -0.2 octaves 0.9 duration","when starts then become untweened next in 2"]},{"p":[0,0,0],"r":[0,0,0],"s":[0.02250016,0.02249552,0.1719617],"c":[0.4444442,0.1989415,0.1481479],"b":["when starts then play drink sip and swallow with -0.2 octaves","when starts then destroy all parts"]}]}]}