{"v":9,"a":[7,18],"p":[{"t1":119,"s":[{"p":[0,0,0],"r":[0,0,0],"s":[0.5024305,0.1749704,16.10378],"c":[0.5555556,0.4656082,0.3703702],"t1":{"c":[0,0,0],"x":0.5,"y":0.02608597,"a":0.8925,"m":0,"n":0,"r":0,"g":0,"o":0.5,"t":0.5,"e":0.5}}]}]}