{"v":9,"a":[7,18],"p":[{"b":16,"t":3,"s":[{"p":[0,0,0],"r":[0,0,0],"s":[0.3935408,0.1000309,0.3740028],"c":[0.9904761,1,0.6666666]}]}]}