{"v":9,"a":[7,18],"p":[{"s":[{"p":[0,0,0],"r":[0,0,0],"s":[0.1750295,0.09187726,2.273252],"c":[0.5862435,0.6666667,0.5185186]}]},{"s":[{"p":[-0.13134,0.1299297,0],"r":[0,0,90.00002],"s":[0.1750435,0.09189437,2.273574],"c":[0.5862435,0.6666667,0.5185186]}]}]}