{"v":9,"a":[7,18],"p":[{"t":1,"s":[{"p":[0,0,0],"r":[0,0,0],"s":[0.05531513,0.0518472,5.493208],"c":[0.444444,0.444444,0.444444]}]}]}