{"v":9,"a":[7,18,49],"p":[{"s":[{"p":[0,0,0],"r":[0,0,0],"s":[5.330993,0.1818555,3.362303],"c":[0.4444442,0.4444442,0.4444442]}]},{"b":60,"t1":47,"s":[{"p":[1.616493,0.09192208,-2.26294],"r":[-6.036815E-12,2.092668E-25,-3.972328E-12],"s":[8.873158,0.001723907,1.197423],"c":[0.3333332,0.08783052,0.03703704],"t1":{"c":[0.2222221,0.09947085,0.07407402],"x":0.09420204,"y":0.3593159,"a":0.8925,"m":0,"n":0,"r":0,"g":0,"o":0.5,"t":0.5,"e":0.5}}]},{"b":60,"s":[{"p":[1.616493,0.09192208,-2.26294],"r":[1.00179E-05,-4.184531E-19,-4.78655E-12],"s":[8.969993,0.0007636225,1.302101],"c":[0.9714286,1,0]}]}]}