{"v":9,"a":[22,18],"p":[{"b":36,"t":19,"c":[[0.609,0.02,0.335,111,39],[0.548,0.079,0.381,26,84,42],[0.544,-0.012,0.344,112,36],[0.411,-0.007,0.328,108],[0.404,0.051,0.33,107],[0.214,0.037,0.277,103],[0.206,-0.032,0.279,104]],"s":[{"p":[0,-7.450581E-09,-0.1226842],"r":[1.707548E-06,180,180],"s":[0.1290853,0.1290834,0.1279263],"c":[1,0.895238,0.6666666]}]},{"b":69,"t":19,"s":[{"p":[0.07542986,-0.0002868101,-0.1791981],"r":[0,180,90],"s":[0.01273828,0.0127369,0.01368062],"c":[1,0.895238,0.6666666]}]}]}