{"v":9,"a":[7,18],"p":[{"s":[{"p":[0,0,0],"r":[0,0,0],"s":[6.549245,0.1749996,2.70072],"c":[1,1,1]}]}]}