{"n":"lightball","v":9,"a":[1,2,9,14],"p":[{"b":3,"t":3,"a":[3,14],"s":[{"p":[0,0,0],"r":[0,0,0],"s":[0.07163867,0.07163878,0.07163878],"c":[1,0.8253994,0.4444526],"b":["when starts then become next in 2s"]}]}]}