{"v":9,"p":[{"b":135,"t":2,"e":"ANYLANDMODS.DEBUGLOG.LOGTEXT =","s":[{"p":[0.3687576,0.2540223,0.5906502],"r":[13.73409,31.51022,189.8584],"s":[0.003000005,0.003,0.003000004],"c":[0,0.2285712,1]}]}]}