{"n":"hat","v":9,"a":[21],"p":[{"b":16,"t1":158,"t2":61,"c":[[-0.539,0.999,-0.404,22],[-0.695,0.979,-0.475,15],[-0.378,0.982,-0.747,16],[-0.094,1.021,-0.245,28,29],[-0.121,0.98,-0.555,23],[0.114,0.963,-0.521,24],[0.279,0.974,-0.48,25],[0.329,0.947,-0.375,26],[0.522,1.055,-0.259,27,24],[0.593,1.206,0.04,50],[0.205,1.176,0.531,53],[0.453,1.158,0.344,52],[-0.12,1.173,0.404,54],[-0.418,0.985,-0.034,55],[-0.549,0.958,-0.252,21,35],[1.046,1.04,-0.041,20,24],[0.833,1.124,0.238,43],[0.866,0.958,-0.48,19],[0.486,0.943,0.736,45],[0.023,1.025,0.853,46],[-0.206,1.12,0.79,47],[-0.728,1.064,0.317,48],[-0.975,0.969,-0.022,14,35]],"s":[{"p":[0,0,0],"r":[0,0,0],"s":[0.07536726,0.07536723,0.07536729],"c":[0.4444443,0.4021163,0.148148],"t1":{"c":[0.5555556,0.5026454,0.1851851],"x":0.6972718,"y":0.7339392,"a":0.8925,"m":0,"n":0,"r":0,"g":0,"o":0.5,"t":0.5,"e":0.5},"t2":{"c":[0.2222221,0.2010581,0.07407402],"x":0.5,"y":0.5,"a":0.8925,"m":0,"n":0,"r":0,"g":0,"o":0.5,"t":0.5,"e":0.5}}]}]}