{"n":"collder","v":9,"a":[48],"p":[{"s":[{"p":[0,0,0],"r":[0,0,0],"s":[1.01677,0.8234685,0.1750008],"c":[1,1,1]}]},{"s":[{"p":[-0.865037,-0.01018214,0.1190506],"r":[358.7912,15.91349,0.6474376],"s":[1.016771,0.823469,0.1750009],"c":[1,1,1]}]},{"s":[{"p":[0.9962866,-0.01938426,0.0235697],"r":[0.08267157,358.1511,356.6464],"s":[1.016772,0.8234698,0.1750011],"c":[1,1,1]}]}]}