{"n":"ground","v":9,"a":[7],"p":[{"b":149,"s":[{"p":[0,0,0],"r":[0,0,0],"s":[0.001000143,121.1308,52.09294],"c":[0.4444443,0.2285713,0]}]}]}