{"v":9,"p":[{"b":173,"s":[{"p":[0,0,0],"r":[0,0,0],"s":[0.04500024,0.04500004,0.04500031],"c":[1,1,1]}]}]}