{"v":9,"p":[{"b":174,"t":23,"pr":15,"s":[{"p":[0,0,0],"r":[0,0,5.00258E-09],"s":[0.04500007,0.04499999,0.04500009],"c":[1,0.3428571,0],"pr":{"c":[1,1,1],"m":0.25,"a":0.25,"s":0.15,"z":0.25,"g":0.5,"h":0.25}}]},{"b":174,"t":23,"pr":15,"s":[{"p":[-0.2602167,0.04253832,-0.2756502],"r":[313.3853,255.3195,335.4169],"s":[0.04500012,0.6627069,0.04500012],"c":[1,0.3428571,0],"pr":{"c":[1,1,1],"m":0.25,"a":0.25,"s":0.15,"z":0.25,"g":0.5,"h":0.25}}]}]}