{"n":"biow","v":9,"a":[24],"bod":{"al": {"i":"6321436843c8a40d8b829aea","p":[-0.03812196,-0.03570122,-0.1088949],"r":[13.00631,39.26739,253.8673]},"ar": {"i":"6321436843c8a40d8b829aea","p":[0.01219708,-0.03742074,-0.115921],"r":[11.19341,161.6835,15.45896]}},"p":[{"b":144,"pr":21,"t1":104,"s":[{"p":[0,0,0],"r":[0,0,0],"s":[0.04327928,0.03343179,0.02132606],"c":[0.9936507,0.7777778,1],"t1":{"c":[0.3640212,0.2962962,0.8888889],"x":0.5,"y":0.5,"a":0.8925,"m":0,"n":0,"r":0,"g":0,"o":0.5,"t":0.5,"e":0.5},"pr":{"c":[0.8793651,0.7777778,1],"m":0.25,"a":0.25,"s":0.15,"z":0.4,"g":0.5,"h":0.25}}]},{"b":155,"pr":21,"t1":104,"s":[{"p":[0.01696805,-0.197685,0.007563055],"r":[3.100519,290.1236,8.924068],"s":[0.07000013,0.07000028,0.07000023],"c":[0.9936507,0.7777778,1],"t1":{"c":[0.3640212,0.2962962,0.8888889],"x":0.5,"y":0.5,"a":0.8925,"m":0,"n":0,"r":0,"g":0,"o":0.5,"t":0.5,"e":0.5},"pr":{"c":[0.8793651,0.7777778,1],"m":0.25,"a":0.25,"s":0.15,"z":0.4,"g":0.5,"h":0.25}}]},{"b":155,"pr":21,"t1":104,"s":[{"p":[-0.02161665,0.2093483,0.02290483],"r":[10.3961,311.2115,178.1996],"s":[0.07000049,0.07000056,0.0700004],"c":[0.9936507,0.7777778,1],"t1":{"c":[0.3640212,0.2962962,0.8888889],"x":0.5,"y":0.5,"a":0.8925,"m":0,"n":0,"r":0,"g":0,"o":0.5,"t":0.5,"e":0.5},"pr":{"c":[0.8793651,0.7777778,1],"m":0.25,"a":0.25,"s":0.15,"z":0.4,"g":0.5,"h":0.25}}]}]}