{"v":9,"p":[{"b":200,"s":[{"p":[-0.06720988,-0.004422907,-0.07017631],"r":[355.481,333.5918,3.448331],"s":[0.01984239,0.01743042,0.0173939],"c":[0.2857141,1,0]}]},{"b":200,"s":[{"p":[0.001215627,-0.002270247,0.000779761],"r":[359.3151,0.6189943,1.010728],"s":[0.0198424,0.01743043,0.01739392],"c":[0.2857141,1,0]}]},{"b":36,"s":[{"p":[-0.03166257,0.02203922,-0.037115],"r":[79.23975,133.0291,359.2946],"s":[0.04989456,0.125001,0.001075242],"c":[0.2857141,1,0]}]}]}