{"v":9,"p":[{"b":16,"i":[{"t":"6323c52193033105d78945b7","p":[0.1420809,0.1693886,-0.07125678],"r":[333.1665,96.07262,99.13644]},{"t":"6323c52193033105d78945b7","p":[-0.03733275,0.1810416,-0.003409386],"r":[326.5798,119.9676,95.41162]}],"t1":149,"s":[{"p":[0.03789745,-0.09014794,-0.4540257],"r":[44.2696,272.1822,277.2127],"s":[0.1000001,0.5039077,0.1000003],"c":[0.4444443,0.4444443,0.4444443],"t1":{"c":[0.2222221,0.2222221,0.2222221],"x":0.5,"y":0.5,"a":0.8925,"m":0,"n":0,"r":0,"g":0,"o":0.5,"t":0.5,"e":0.5}}]}]}