{"v":9,"a":[22,13,18],"p":[{"b":60,"t":1,"a":[37,36],"s":[{"p":[-0.3325433,0.9567492,-0.9776567],"r":[270,0,0],"s":[0.659161,0.02245137,1.990595],"c":[0.5555556,0.5555556,0.5555556],"b":["when told by any doors then become next in 2","when told by any pizza then become 3 in 0.2s"]},{"p":[-0.7623888,0.9567493,-0.9776576],"r":[270,1.931869E-05,0],"s":[0.6591919,0.02245271,1.990831],"c":[0.5555556,0.5555556,0.5555556],"b":["when told by any doors then become next in 2"]}]},{"b":60,"t":1,"a":[37,36],"s":[{"p":[0.3273844,0.9567491,-0.9776566],"r":[270,4.829672E-06,0],"s":[0.659258,0.02245416,1.99089],"c":[0.5555556,0.5555556,0.5555556],"b":["when told by any doors then become next in 2","when told by any pizza then become 3 in 0.2s"]},{"p":[0.7656569,0.9567487,-0.9776564],"r":[270,0,0],"s":[0.6592494,0.0224543,1.991014],"c":[0.5555556,0.5555556,0.5555556],"b":["when told by any doors then become next in 2"]}]}]}