{"n":"water","v":9,"p":[{"b":15,"s":[{"p":[-0.09354333,0.009959554,0.09012105],"r":[342.6328,6.140597,10.9592],"s":[0.04558485,0.05071145,0.03909767],"c":[0,0.5714284,1]}]}]}