{"v":9,"p":[{"b":10,"s":[{"p":[0,0,0],"r":[0,0,0],"s":[0.125,0.1250001,0.1250001],"c":[1,0.3428571,0]}]},{"b":12,"s":[{"p":[0.01602669,0.052809,0.1347525],"r":[69.39516,13.98746,97.41985],"s":[0.06000013,0.1476631,0.02480674],"c":[1,0,0]}]},{"b":17,"s":[{"p":[0.007365307,0.02006406,0.07077198],"r":[18.89004,340.2087,336.923],"s":[0.06000002,0.06000003,0.06000004],"c":[1,0.3333332,0.3333332]}]}]}