{"v":9,"p":[{"s":[{"p":[0,0,0],"r":[0,0,0],"s":[0.2008693,0.1750001,0.1996428],"c":[1,1,1]}]},{"b":3,"s":[{"p":[-0.05033459,0.09166747,0.02205072],"r":[5.313354,85.68027,356.6129],"s":[0.02767075,0.005784777,0.01469719],"c":[0,0,0]}]},{"b":3,"s":[{"p":[0.06005995,0.09083397,0.02399585],"r":[7.839292,84.11752,355.0801],"s":[0.02767073,0.005784783,0.01469718],"c":[0,0,0]}]},{"s":[{"p":[-7.306598E-05,0.08462819,-0.05880248],"r":[3.129085,358.3965,359.9883],"s":[0.1669021,0.01407444,0.00756123],"c":[0,0,0]}]}]}