{"v":9,"a":[22],"p":[{"b":251,"t":18,"s":[{"p":[0,0,0],"r":[0,0,0],"s":[0.1724541,0.1724503,0.1724485],"c":[0.2962962,0.5714282,0.6666667],"b":["when starts then disallow vision in obstacles","when starts then disallow highlighting","when starts then allow emitted transporting","when touches hand then allow invisibility"]}]},{"b":113,"a":[19],"e":"Area rights\nin here","s":[{"p":[-0.0004811101,0.1011936,0.02806807],"r":[90,-9.659345E-06,0],"s":[0.00159131,0.001591275,0.001591326],"c":[0,0,0]}]},{"t":21,"s":[{"p":[-1.871772E-05,0.08479159,0.00502288],"r":[0,0,3.415094E-06],"s":[0.1095355,0.01919486,0.06626008],"c":[0.2222221,0.2222221,0.2222221],"b":["when starts then become untweened next in 0.05","when starts then tell any tick"]},{"p":[-1.871772E-05,0.08479159,0.00502288],"r":[0,0,3.415094E-06],"s":[0.1095355,0.01919486,0.06626008],"c":[0.222222,0.222222,0.222222],"b":["when starts then become untweened next in 0.05","when starts then tell any tick"]}]}]}