{"v":9,"p":[{"s":[{"p":[0,0,0],"r":[0,0,0],"s":[0.175001,0.1750004,0.1750006],"c":[1,1,1],"b":["when hitting item then "]}]}]}