{"v":9,"p":[{"b":196,"t":2,"s":[{"p":[0,0,0],"r":[4.268869E-07,-1.590278E-15,-4.268869E-07],"s":[0.004622181,0.0521756,0.001000003],"c":[0.2857141,1,0],"b":["when starts then become next in 2s"]},{"p":[0.0253734,-0.009133598,0.009209301],"r":[10.22333,1.22393,348.8024],"s":[0.004622182,0.05217561,0.001000003],"c":[0.285714,1,0],"b":["when starts then become next in 2s"]}]}]}