{"n":"item","v":9,"a":[2,3],"p":[{"s":[{"p":[0,0,0],"r":[0,0,0],"s":[0.1750005,0.1750007,0.1750008],"c":[1,1,1],"b":["when triggered then send one nearby to spawn"]},{"p":[0,0,0],"r":[0,0,0],"s":[0.1750005,0.1750007,0.1750008],"c":[1,1,1]}]}]}