{"v":9,"a":[2,3,22,18],"p":[{"a":[12,18],"i":[{"t":"63610e62eb599c6a45d693d6","p":[0.2357237,-0.01071112,0.07171806],"r":[1.08255,89.035,90.7598]}],"s":[{"p":[-0.00339365,-0.001778602,0.001570523],"r":[359.2221,0.9649084,1.069604],"s":[0.6004409,0.01323321,0.1339613],"c":[1,1,1],"b":["when told sh then become next in 0.05s","when told sh then give haptic feedback"]},{"p":[-0.05199814,0.007155419,0.005142452],"r":[0,0,-9.659347E-06],"s":[0.08236098,0.01323655,0.05010791],"c":[1,1,1],"b":["when starts then become previous in 0.2s"]}]}]}