{"n":"bullet pellet","v":9,"a":[2,16,31],"p":[{"b":3,"s":[{"p":[0,0,0],"r":[0,0,0],"s":[0.009775907,0.009775907,0.009775907],"c":[0,0,0]}]}]}