{"v":9,"a":[7,18],"p":[{"b":179,"t":19,"s":[{"p":[0,0.009608209,-1.679953E-09],"r":[90,180,0],"s":[0.1882028,0.07804595,0.09122422],"c":[0.4416225,0.4444443,0.3456789]}]},{"b":179,"t":19,"s":[{"p":[0,0.009608209,-1.679953E-09],"r":[89.98022,180,0],"s":[0.1666628,0.13287,0.09122676],"c":[0.4416225,0.4444443,0.3456789]}]},{"b":179,"t":19,"s":[{"p":[0,0.009608209,-1.679953E-09],"r":[90,180,0],"s":[0.1445955,0.1610003,0.09122847],"c":[0.4416225,0.4444443,0.3456789]}]},{"b":179,"t":19,"s":[{"p":[0,0.009608209,-1.679953E-09],"r":[89.98022,180,0],"s":[0.1027449,0.1799029,0.09122996],"c":[0.4416225,0.4444443,0.3456789]}]}]}