{"v":9,"a":[1,2,21],"p":[{"t":19,"t1":168,"s":[{"p":[0,0,0],"r":[0,0,0],"s":[0.3727612,0.1344124,0.1344149],"c":[0,0.9142855,1],"t1":{"c":[0,0,0],"a":0.05}}]},{"b":99,"e":"have","s":[{"p":[-0.1279885,0.06865119,0.06580199],"r":[87.24679,174.1369,174.1854],"s":[0.01232085,0.01231604,0.012321],"c":[0,0,0]}]}]}