{"v":9,"a":[7],"p":[{"b":18,"t":2,"e":"BILL'S FOOD","s":[{"p":[0,0,0],"r":[0,0,0],"s":[0.0325113,0.0324747,0.03251654],"c":[1,1,1]}]}]}