{"n":"wall","v":9,"a":[7,18],"p":[{"s":[{"p":[0,0,0],"r":[0,0,0],"s":[0.060909,12.97584,2.054104],"c":[1,1,1]}]}]}