{"v":9,"a":[7,18],"p":[{"b":18,"t":2,"e":"BILL'S BODIES","s":[{"p":[-0.4010658,0.09309101,0.8222346],"r":[90,-9.659345E-06,0],"s":[0.01101079,0.01100924,0.01101097],"c":[1,1,1]}]},{"t":10,"s":[{"p":[0,0,0.7372224],"r":[0,0,0],"s":[0.9751526,0.1750621,0.2920066],"c":[0.3333332,0.3333332,0.3333332]}]},{"t":10,"s":[{"p":[0,0,0.07682586],"r":[0,0,1.024528E-05],"s":[0.1750379,0.1750376,1.078748],"c":[0.3333332,0.3333332,0.3333332]}]}]}