{"n":"pacman body","v":9,"a":[2],"p":[{"b":3,"t":1,"s":[{"p":[0,0,0],"r":[0,0,0],"s":[0.1250001,0.125,0.125],"c":[0.9714286,1,0]}]},{"b":3,"t":1,"s":[{"p":[-0.008401847,-0.1534154,-0.3078117],"r":[333.5165,1.563525,319.3495],"s":[0.1250084,0.1250037,0.1250057],"c":[0.9714286,1,0]}]}]}