{"n":"croc body giver","v":9,"a":[2,7],"inc":[["lizard head","63794890b4c48253a83bea14"],["lizard head 2","637a3145420d79169b7a16f8"],["croc head","637a4684aa8fe3295f4e2be9"],["croc head 2","637a4c45919e4505e14d0e4d"],["croc head 3","637bed47420d79169b7a1712"]],"p":[{"s":[{"p":[0,0,0],"r":[0,0,0],"s":[0.2768586,0.01121973,0.1244104],"c":[1,1,1]}]},{"b":18,"e":"EAT ME","s":[{"p":[-0.1254029,0.007463478,0.04458284],"r":[90,-1.931869E-05,0],"s":[0.006695108,0.006694308,0.006695072],"c":[0,0,0]}]}]}