{"v":9,"a":[7,18],"p":[{"s":[{"p":[0,0,0],"r":[0,0,0],"s":[0.1326104,0.08070058,0.02447643],"c":[1,1,1]}]}]}