{"n":"arrow","v":9,"p":[{"b":63,"t":10,"s":[{"p":[0,0,0],"r":[0,0,0],"s":[0.1250004,0.1250021,0.1250021],"c":[0.7777778,0.7777778,0.7777778]}]},{"t":10,"s":[{"p":[0.3599415,-0.0001090192,-0.007234574],"r":[0,0,-1.001791E-05],"s":[0.5403193,0.03516549,0.1750187],"c":[0.7777778,0.7777778,0.7777778]}]}]}