{"v":9,"a":[7],"p":[{"s":[{"p":[0,0,0],"r":[0,0,-7.656432E-20],"s":[0.254474,0.02983692,0.2881961],"c":[1,1,1]}]}]}