{"v":9,"a":[7],"p":[{"s":[{"p":[0,0,0],"r":[0,0,0],"s":[0.4324749,0.02797669,0.1368928],"c":[1,1,1]}]}]}