{"v":9,"a":[7],"p":[{"s":[{"p":[0,0,0],"r":[0,0,0],"s":[0.3268899,0.01520622,0.1414968],"c":[1,1,1]}]}]}