{"v":9,"a":[7],"p":[{"s":[{"p":[0,0,0],"r":[0,0,0],"s":[0.307642,0.02180577,0.3674623],"c":[1,1,1]}]}]}