{"v":9,"a":[7],"p":[{"s":[{"p":[0,0,0],"r":[0,0,7.656432E-20],"s":[0.495012,0.0434219,0.4716456],"c":[1,1,1]}]}]}