{"v":9,"a":[7],"p":[{"s":[{"p":[0,0,0],"r":[0,0,0],"s":[0.275019,0.02303577,0.2989503],"c":[1,1,1]}]}]}