{"v":9,"a":[7,18],"p":[{"s":[{"p":[0,0,0],"r":[0,0,0],"s":[0.7388969,0.8532125,0.03087719],"c":[1,1,1]}]}]}