{"v":9,"a":[7],"p":[{"s":[{"p":[0,0,0],"r":[0,0,0],"s":[0.5257514,0.4876,0.04204154],"c":[1,1,1]}]}]}