{"v":9,"a":[7],"p":[{"s":[{"p":[0,0,0],"r":[0,0,0],"s":[0.3790205,0.3341048,0.03299787],"c":[1,1,1]}]}]}