{"v":9,"a":[7],"p":[{"s":[{"p":[0,0,0],"r":[0,0,0],"s":[0.2899242,0.247345,0.02519286],"c":[1,1,1]}]}]}