{"n":"shake me","v":9,"d":"SHAKE ME NOW","a":[1,2,7],"inc":[["skull","5fb8a8524ed8a6054b204bd0"]],"p":[{"b":13,"s":[{"p":[0,0,0],"r":[0,0,0],"s":[0.06000337,0.06000127,0.06000208],"c":[1,0,0.5142856],"b":["when shaken then emit gravity-free skull"]}]},{"b":132,"e":"SHAKE ME","s":[{"p":[-0.0765338,0.09313299,0.002750628],"r":[90,-5.757418E-13,0],"s":[0.001460535,0.001460293,0.001460484],"c":[0.111111,0.111111,0.111111]}]}]}