{"v":9,"a":[7],"p":[{"s":[{"p":[0,0,0],"r":[0,0,0],"s":[0.3485695,0.3368846,0.03081416],"c":[1,1,1]}]}]}