{"n":"moth arm","v":9,"a":[21,24,27],"bod":{"al": {"i":"63c062e269d7575af267ce3f","p":[-0.05395959,-0.05701667,-0.4007058],"r":[62.67034,11.35839,113.5861]},"ar": {"i":"63c062e269d7575af267ce3f","p":[0.0315721,-0.02747805,-0.4059085],"r":[334.1684,291.3409,8.584832]},"ll": {"i":"63c06105f720f805e381e682","p":[0.08235002,-0.01469964,-0.3174092],"r":[359.3202,351.898,72.7371],"ap":[-0.007335428,-0.3642331,-0.09670966],"ar":[272.5401,228.7934,241.1557]}},"p":[{"b":146,"s":[{"p":[-0.01264598,-0.01479545,-0.01728031],"r":[7.680546,355.9685,7.716832],"s":[0.2897579,0.02049093,0.02049099],"c":[0,0.2222219,0.2222219]}]},{"b":149,"s":[{"p":[0.1283675,-0.007868837,0.005105305],"r":[12.33236,339.2802,352.1274],"s":[0.09758145,0.02660192,0.02529893],"c":[0,0.2222219,0.2222219]}]},{"b":146,"s":[{"p":[0.2634262,-0.0585284,0.07795171],"r":[350.6713,329.7717,336.692],"s":[0.2897583,0.02049094,0.020491],"c":[0,0.2222219,0.2222219]}]},{"b":145,"s":[{"p":[0.3759045,-0.1223191,0.1585108],"r":[50.02705,254.9621,109.7411],"s":[0.08885406,0.02758558,0.02523221],"c":[0,0.2222219,0.2222219]}]}]}