{"v":9,"p":[{"b":9,"t":9,"s":[{"p":[0,0,0],"r":[0,0,-8.537739E-07],"s":[0.4328055,0.324583,0.4839479],"c":[0,1,1],"b":["when starts then become next in 0.46s"]},{"p":[0,0,0],"r":[0,0,-8.537739E-07],"s":[0.5877283,0.2305829,0.4341952],"c":[0,1,1],"b":["when starts then become next in 0.5s"]}]}]}