{"v":9,"p":[{"b":9,"t":9,"s":[{"p":[0,0,0],"r":[0,0,0],"s":[1.766588,1.712625,0.5161263],"c":[0,1,1],"b":["when starts then become next in 0.24s"]},{"p":[0,0,0],"r":[0,0,0],"s":[1.766588,1.712625,0.8734394],"c":[0,1,1],"b":["when starts then become next in 1s"]}]}]}