{"v":9,"p":[{"b":9,"t":9,"s":[{"p":[0,0,0],"r":[0,0,-8.537739E-07],"s":[1.061897,0.3662339,1.046915],"c":[0,1,1],"b":["when starts then become next in 0.1s"]},{"p":[0,0,0],"r":[0,0,-8.537739E-07],"s":[1.061897,0.2512723,1.046915],"c":[0,1,1],"b":["when starts then become next in 0.5s"]}]}]}