{"v":9,"a":[21],"p":[{"b":3,"t1":21,"t2":4,"s":[{"p":[0,0,0],"r":[0,0,0],"s":[1.628534,1.62853,1.628538],"c":[0,0.7428569,1],"t1":{"c":[0,0.4444444,0.1777777],"x":0.17,"y":0.17,"a":0.8925,"m":0.5,"n":0.5,"r":0,"g":0,"o":0.5,"t":0.5,"e":0.5},"t2":{"c":[0,0,0],"x":0.17,"y":0.17,"a":0.69625,"m":0.5,"n":0.5,"r":0,"g":0,"o":0.5,"t":0.5,"e":0.5}}]},{"b":56,"t1":60,"s":[{"p":[0.02037344,-0.02127154,-0.07279276],"r":[20.54933,359.4304,8.902628],"s":[2.952932,0.1718655,2.790687],"c":[0,1,0.3999999],"t1":{"c":[0,0,0],"x":0.5,"y":0.5,"a":0.8925,"m":0,"n":0,"r":0,"g":0,"o":0.5,"t":0.5,"e":0.5}}]}]}