{"v":9,"p":[{"b":9,"t":9,"s":[{"p":[0,0,0],"r":[0,0,0],"s":[1.095393,1.327923,0.5161263],"c":[0,1,1],"b":["when starts then become next in 0.53s"]},{"p":[0,0,0],"r":[0,0,0],"s":[1.095393,1.327923,0.8135529],"c":[0,1,1],"b":["when starts then become next in 0.2s"]}]}]}