{"v":9,"p":[{"b":13,"s":[{"p":[0,0,0],"r":[0,0,0],"s":[0.06000006,0.06000002,0.06000002],"c":[0,1,0.7428571]}]},{"b":14,"s":[{"p":[0.002294081,-0.01026614,0.2373646],"r":[2.666681,1.099944,0.1490801],"s":[0.06000013,0.06000007,0.06000009],"c":[1,0,0.3428572]}]},{"b":146,"s":[{"p":[-0.121485,-0.01932606,-0.01959936],"r":[81.87815,200.6151,199.5002],"s":[0.09000017,0.0900001,0.09000012],"c":[0.111111,0,0.03809526]}]},{"b":146,"s":[{"p":[0.1229487,-0.02470834,-0.02195901],"r":[89.30227,139.3498,139.0829],"s":[0.09000015,0.09000019,0.09000017],"c":[0,0,0]}]}]}