{"v":9,"p":[{"s":[{"p":[0,0,0],"r":[0,0,0],"s":[141.7703,0.00649929,3.009061],"c":[1,1,1]}]}]}