{"v":9,"a":[7],"p":[{"b":18,"e":"TO-DO LIST:\nMake a knife\nMake a cerbures\nMake another lizard\nMake a stick of tnt","s":[{"p":[-0.2716275,0.01589781,0.2824535],"r":[90,-1.931869E-05,0],"s":[0.003003126,0.003000655,0.003003246],"c":[1,1,1]}]},{"s":[{"p":[0.00292036,0.002293586,0.00499773],"r":[0,0,-1.024528E-05],"s":[0.572345,0.02274094,0.5558361],"c":[0,0,0]}]}]}