{"v":9,"a":[7],"p":[{"s":[{"p":[0,0,0],"r":[0,0,0],"s":[0.2082239,0.1957899,0.01709646],"c":[1,1,1]}]}]}