{"n":"telepod","v":9,"a":[2,16,31],"p":[{"b":9,"s":[{"p":[0,0,0],"r":[0,0,0],"s":[0.01782778,0.01782769,0.01782782],"c":[1,1,1],"b":["when starts then become next in 6s"]},{"p":[0,0,0],"r":[0,0,0],"s":[0.01782778,0.01782769,0.01782782],"c":[1,1,1],"b":["when starts then destroy all parts"]}]}]}