{"n":"telegun","v":9,"a":[2,3,7,12],"inc":[["telepod","6402379dac0d713d3cffd383"],["telepod 2","64023825ac0d713d3cffd384"],["telepod 3","640239107a49dd5635df35d7"],["telepod 4","64023974e980c1563f8f8a10"]],"p":[{"b":14,"s":[{"p":[0,0,0],"r":[0,0,0],"s":[0.0600009,0.06000079,0.06000148],"c":[1,1,1],"b":["when triggered then emit gravity-free telepod 4 with 20%","when triggered then become next in 3s"]},{"p":[0,0,0],"r":[0,0,0],"s":[0.0600009,0.06000079,0.06000148],"c":[1,1,1],"b":["when starts then send one nearby onto telepod","when starts then become previous in 1s"]}]},{"b":13,"s":[{"p":[0.0004333254,-0.003662094,-0.1799763],"r":[0,270,180],"s":[0.02811165,0.03784499,0.03355817],"c":[1,1,1]}]},{"b":5,"s":[{"p":[0.1107646,-0.003126115,-0.1922049],"r":[0,270,180],"s":[0.01580181,0.01564104,0.1645641],"c":[1,1,1]}]}]}