{"v":9,"a":[22,18],"p":[{"s":[{"p":[0,0,0],"r":[0,0,0],"s":[11.1765,0.0271252,28.27332],"c":[1,1,1]}]}]}