{"v":9,"a":[2,7,18,21],"p":[{"b":63,"t":2,"t1":16,"t2":16,"s":[{"p":[-0.03307712,-3.72529E-09,-0.01994968],"r":[270,180,0],"s":[0.006372113,0.006365332,0.00637143],"c":[1,1,1],"t1":{"c":[0,0,0],"x":1,"y":1,"a":1,"m":0.5,"n":0.5,"r":0,"g":0,"o":0.5,"t":0.5,"e":0.5},"t2":{"c":[0.1142856,1,0],"x":1,"y":1,"a":0.8925,"m":0.5,"n":0.5,"r":0,"g":0,"o":0.5,"t":0.5,"e":0.5}}]},{"t":1,"s":[{"p":[-0.03168965,-3.72529E-09,-0.01630068],"r":[0,1.001791E-05,0],"s":[0.03127849,0.02155042,0.007691585],"c":[0.6666667,0.6666667,0.6666667]}]}]}