{"n":"bill avatar","v":9,"p":[{"b":2,"t":2,"pr":6,"s":[{"p":[0,0,0],"r":[1.993075,0.09655355,0.1372145],"s":[0.2968902,0.001000007,0.4802164],"c":[0.9714286,1,0],"pr":{"c":[0.9714286,1,0],"m":0.25,"a":0.25,"s":0.15,"z":0.25,"g":0.5,"h":0.25}}]},{"b":3,"t":2,"s":[{"p":[0.00908245,-2.607703E-08,0.05743568],"r":[1.835866,20.98847,90.32569],"s":[0.001000002,0.1250002,0.1250002],"c":[1,1,1]}]},{"b":14,"t":2,"s":[{"p":[0.01628293,0.002366751,0.0532857],"r":[1.518123,3.212115,358.0056],"s":[0.02400248,0.001000006,0.03024557],"c":[0,0,0]}]}]}