{"v":9,"a":[24,50],"bod":{},"p":[{"b":160,"s":[{"p":[0,0,0],"r":[0,0,0],"s":[0.1000003,0.1000004,0.1000004],"c":[1,1,1]}]},{"b":160,"s":[{"p":[0.002759771,0.001146823,-0.2058976],"r":[1.556021,180.8108,247.2648],"s":[0.1000006,0.1000005,0.1000005],"c":[1,1,1]}]},{"b":160,"s":[{"p":[0.001428162,0.0009482801,-0.4058753],"r":[1.875398,180.3035,291.1835],"s":[0.1000004,0.1000005,0.1000004],"c":[1,1,1]}]}]}