{"v":9,"p":[{"s":[{"p":[0,0,0],"r":[0,0,-8.537737E-07],"s":[0.1750001,0.1750002,0.1750001],"c":[1,0.6857142,0],"b":["when starts then become next in 1s"]},{"p":[-0.4411514,-0.06352445,-0.04914104],"r":[3.24249,287.1829,1.964084],"s":[0.1750002,0.1750003,0.1750003],"c":[0,0.05714257,1],"b":["when when starts then become next in 1s"]}]}]}