{"v":9,"p":[{"a":[1],"s":[{"p":[0,0,0],"r":[-6.830188E-06,8.537736E-07,-8.537736E-07],"s":[0.2892511,0.02761704,0.1679541],"c":[1,1,1]}]}]}