{"v":9,"a":[22,49],"p":[{"s":[{"p":[0,0,0],"r":[0,0,0],"s":[0.3641768,0.01905391,0.2512318],"c":[0.4444443,0.4444443,0.4444443]}]},{"s":[{"p":[0.001071773,0.125409,0.1588691],"r":[292.5,2.418537E-05,-1.616015E-05],"s":[0.3641993,0.01905612,0.2513022],"c":[0.4444443,0.4444443,0.4444443]}]}]}