{"v":9,"p":[{"t":3,"a":[12,23],"s":[{"p":[0,0,0],"r":[0,0,0],"s":[1.639096,1.145325,1.115541],"c":[1,1,1]}]}]}