{"v":9,"p":[{"b":5,"s":[{"p":[0,0,0],"r":[0,0,0],"s":[0.1000001,0.1000001,0.1000001],"c":[1,1,1]}]},{"b":12,"s":[{"p":[0.00152033,0.01024504,0.1372211],"r":[35.7718,83.85703,181.0688],"s":[0.06000002,0.06,0.05999999],"c":[1,1,1]}]}]}