{"v":9,"a":[22,18,31],"p":[{"i":[{"t":"648366d35b470d4723e29367","p":[-8.429373E-08,1.490116E-07,-0.6211001],"r":[0,0,6.830188E-06]}],"s":[{"p":[0,-2.086163E-07,0.3621602],"r":[0,0,-4.829673E-06],"s":[0.20352,0.2035282,0.203526],"c":[1,1,1]}]},{"s":[{"p":[0,1.490116E-08,-0.09588028],"r":[1.072403E-20,-1.017777E-13,1.207418E-05],"s":[0.009729244,0.009747148,0.009742036],"c":[1,1,1]}]}]}