{"v":9,"p":[{"b":3,"t":19,"c":[[-0.496,-0.188,0.097,18],[0.394,-0.25,0.516,16],[0.096,-0.116,0.641,21],[0.835,-0.191,0.274,15,30],[0.488,-0.231,-0.594,14],[0.863,0.454,-0.76,13,31],[-0.483,-0.12,-0.455,12],[-0.152,-0.331,-0.488,17],[-0.936,0.242,-0.868,5],[-1.149,0.217,-0.661,7],[-1.115,0.283,0.043,19],[0.466,0.729,0.691,26,24,2,1],[-0.853,0.582,0.683,27],[-0.111,0.806,0.989,51],[-0.025,0.342,-1.089,4],[0.876,0.52,-0.014,37],[0.746,0.489,0.406,46]],"sa":176,"cx":0,"s":[{"p":[0,0,0],"r":[0,0,0],"s":[0.1250092,0.125006,0.1250084],"c":[0.6285716,0,1]}]},{"b":9,"t":19,"c":[[0.807,-18.429,-0.73,21,15,43,16,45],[1.017,-22.253,0.114,22,16,85,3,47,1],[0.833,3.26,-0.1,37,97,2,3,29,3],[0.517,-16.88,1.023,49,155,3,8,2,3],[0.611,-6.682,0.913,53,117,2,3,43,1],[-0.241,-12.57,0.943,46,149,3,8,2,3],[-0.53,4.859,0.811,58,139,2,3,29,3],[-0.639,-6.721,-0.637,20,42,2,3,52,1],[0.722,-17.745,0.437,48,76,36,16,45],[0.704,-6.889,-0.565,23,57,2,3,43,1],[-0.741,7.313,0.063,16,16,73,3,47,1],[-0.75,3.971,0.015,43,64,2,3,74,3],[-0.851,-17.193,0.509,57,49,52,29,16],[-0.623,1.995,-0.611,4,13,52,3,38,1],[-0.716,-16.966,0.582,47,105,2,3,43,1],[-1.051,-29.44,-0.203,31,85,2,3,29,3],[-0.239,3.097,-0.87,0,6,3,3,65],[0.016,-5.044,0.962,196,9,9,9,9]],"cx":0,"s":[{"p":[-0.008248802,0.02975744,-0.008770168],"r":[7.259706,259.283,185.5658],"s":[0.1208864,0.001,0.1160756],"c":[0,0,0]}]},{"b":73,"t":19,"s":[{"p":[0.02775526,0.05123782,0.01082003],"r":[3.847019,0.1519036,50.98252],"s":[0.004580321,0.004580324,0.004580323],"c":[1,1,1]}]},{"b":73,"t":19,"s":[{"p":[-0.04993773,0.05229068,0.01003456],"r":[358.9859,354.5672,28.03423],"s":[0.00458032,0.004580322,0.004580321],"c":[1,1,1]}]}]}