{"v":9,"a":[2,7,18],"p":[{"t":21,"s":[{"p":[0,0,0],"r":[0,0,-4.378969E-13],"s":[0.1750021,0.1750023,0.1750001],"c":[0.08888874,0.7777778,0]}]},{"b":135,"e":"6UJJU8I8KI","s":[{"p":[0.03155918,0.0766115,-0.09014334],"r":[-1.151484E-12,0,270],"s":[0.003000018,0.003000039,0.00300003],"c":[1,0,0.3428572]}]}]}