{"v":9,"a":[7,18,50],"p":[{"b":60,"s":[{"p":[0,0,0],"r":[0,0,0],"s":[0.3596022,0.04648876,0.3747365],"c":[1,1,1]}]}]}