{"v":9,"a":[2,3],"inc":[["thing","6492458a6dded147216a0309"],["thing 2","649245b7856b2d05d20fbe2c"]],"p":[{"b":4,"s":[{"p":[0,0,0],"r":[0,0,0],"s":[0.1250003,0.1250002,0.1250004],"c":[1,1,1],"b":["when triggered then emit thing 2 with 100"]}]}]}