{"v":9,"p":[{"a":[1],"s":[{"p":[0,0,0],"r":[0,0,0],"s":[1.313746,0.008144426,0.8261319],"c":[1,1,1]}]}]}