{"n":"arch","v":9,"a":[7,18],"p":[{"b":83,"s":[{"p":[0,0,0],"r":[0,0,0],"s":[0.891453,0.4709432,0.6155192],"c":[1,1,1]}]}]}