{"v":9,"a":[7,12,18,21],"p":[{"b":59,"t":19,"s":[{"p":[0,0,0],"r":[270.0198,180,0],"s":[0.2799955,0.2799916,0.2799922],"c":[0,0,0]}]},{"b":3,"t":19,"s":[{"p":[0,0,0],"r":[1.221333E-12,4.339047E-27,4.07111E-13],"s":[0.04880615,0.04880452,0.01658387],"c":[0,0,0],"b":["when starts then all parts face view"]}]}]}