{"v":9,"a":[50],"p":[{"su":[{"i":"649f2a9d3a51973960c3f006","t":"5dacf1db6accdd1b08b5ed8d","p":[-0.03771232,0.005959145,0.3478923],"r":[359.9005,112.7196,75.94794]}],"s":[{"p":[0,0,0],"r":[0,0,-1.707547E-06],"s":[0.175,0.175,0.1750001],"c":[1,1,1],"b":["when starts then become next in 19s","when starts then reset position"]},{"p":[0,0,0],"r":[0,0,-1.707547E-06],"s":[0.175,0.175,0.1750001],"c":[1,1,1],"b":["when starts then allow invisibility , then become next in 1s"]}]}]}