{"v":9,"a":[2,3,22,18],"p":[{"a":[12],"s":[{"p":[0,0,0],"r":[0,0,0],"s":[0.04420881,0.02143041,0.02773826],"c":[1,1,1],"b":["when triggered then become next","when starts then set constant rotation to 0 0 0"]},{"p":[0,0,0],"r":[0,0,0],"s":[0.04420881,0.02143041,0.02773826],"c":[1,1,1],"b":["when shaken then become next","when trigger let go then become 1"]},{"p":[0,0,0],"r":[0,0,0],"s":[0.04420881,0.02143041,0.02773826],"c":[1,1,1],"b":["when starts then set constant rotation to 0 1100 0","when trigger let go then become 1"]}]},{"a":[12],"s":[{"p":[0.1014791,-1.862645E-08,-0.02521896],"r":[-3.240189E-07,337.5,-1.038155E-05],"s":[0.06945547,0.03700051,0.09425409],"c":[1,1,1]}]}]}