{"v":9,"p":[{"b":5,"s":[{"p":[0,0,0],"r":[0,0,0],"s":[0.1000001,0.1000003,0.1000003],"c":[1,1,1]}]}]}