{"v":9,"a":[2,3],"inc":[["thing","64ae4ff9ad0a5926627a914a"],["thing 2","64ae50a832695405eee26151"],["thing 3","64ae50da6dded147216a03f0"],["thing 4","64ae51211df13405f0abef67"]],"p":[{"b":4,"s":[{"p":[0,0,0],"r":[0,0,0],"s":[0.1250001,0.125,0.1250001],"c":[1,1,1],"b":["when triggered then emit thing 4"]}]}]}