{"v":9,"p":[{"s":[{"p":[0.2,1.20178,0.3699519],"r":[330,0,0],"s":[0.175,0.175,0.175],"c":[1,1,1],"b":["when starts then set run speed 100"]}]}]}