{"n":"area","v":9,"a":[22,21],"p":[{"s":[{"p":[-1.19922,2.144372E-07,0],"r":[0,0,-2.049057E-05],"s":[0.2693846,0.2376629,1.847701],"c":[0.4444443,0.4444443,0.4444443]}]},{"s":[{"p":[0.1512048,-2.703753E-08,0],"r":[0,0,0],"s":[0.2693671,0.2376355,1.84745],"c":[0.4444443,0.4444443,0.4444443]}]},{"t":9,"s":[{"p":[-0.5578332,-0.09994496,0.2213964],"r":[0,0,0],"s":[1.907488,1.468615,0.01949829],"c":[0.7777778,0.7777778,0.7777778]}]}]}