{"v":9,"a":[1,2,3,7,9,12,18],"inc":[["kitty collider","5e63852e2c5a4b0630ce1a2f"],["puppy","58c9c82cc2ee7fbc192a1f7a"],["thing","5e291dc35d90b70632b74a4d"],["horsey","5f066be988b6ac038384af68"],["butterfly","5818dc7baabab64813816e41"],["thing 2","5e1fe568c85a503800d3e24d"],["jellyfish","5e413528a35bc84f574c1b8f"],["wormy","5d95df57c37a927fec8c8dd7"],["elephant","5e25217bedc5ef4f51103e25"],["bear torso","5efa8f67d258147f138b3d4f"],["ant","5e25199de6d6ce0629c47078"],["insect","5e32502fe472f8287863b05f"],["lion","5f0e4e3427cceb58e3f6cf30"],["jumpy leg","5b57356815561a2e53c47b16"],["thing 3","606e4c2d23c11305536394a4"],["thing 4","606e4c28707c982a5d46fa44"],["thing 5","6087ba5f34c0b125a249cef8"],["bird 1","606d5867c320d61a10d2ab94"],["piggy","58eb03cdd426cdce13aaeb61"],["mr panda","5835c8b4e5fc4c91133c88a7"],["thing 6","5f2ca9078fd5ec70ed1c7aa7"],["thing 7","5ec4885906b13f271c56c4ce"],["spider","5f236c5aa3e4686305c804d1"],["spider 2","609a1b78ce415005559bc36c"],["failwhale","5f2ac833ca2cba6312e86ee8"],["ladybug","609a1f9415ed7505497a9a17"],["sheep","580e17a31867c98514d21f39"],["thing 8","609a202842caf705561cc148"],["cow","5801669b5ff929d90f4dae99"],["fly head","5f03c65e1ac4ef0c033e020c"],["thing 9","60346c5b88e6260540e5e9f3"]],"p":[{"a":[12,37],"s":[{"p":[0.003752755,0.01889852,0.5177648],"r":[89.98022,0,0],"s":[0.01516725,0.01323955,0.01664798],"c":[1,1,1],"b":["when told cat then emit gravity-free thing 9 with 0.1"]}]},{"t":19,"t1":168,"s":[{"p":[0.0002074267,0.0256263,0.003719211],"r":[90,180,0],"s":[0.1249885,0.006711225,0.1249691],"c":[0.8634921,0.8888889,0],"t1":{"c":[0,0,0],"a":0.2549028}}]},{"a":[12],"s":[{"p":[-0.01244593,0.003850223,0.002057077],"r":[0,0,0],"s":[0.1414001,0.1148929,0.01386741],"c":[1,1,1],"b":["when triggered then become next ","when let go then destroy all parts with burst 1 force"]},{"p":[0,0,0],"r":[0,0,0],"s":[0.4197713,0.2786617,0.01386395],"c":[1,1,1],"b":["when trigger let go then become next ","when starts then tell cat","when let go then destroy all parts with burst 1 force"]}]}]}