{"v":9,"p":[{"b":131,"e":"GO UP","s":[{"p":[0,0,0],"r":[0,0,0],"s":[0.05000003,0.05000001,0.05000005],"c":[1,0,0.3428572]}]}]}