{"v":9,"p":[{"s":[{"p":[0,0,0],"r":[0,0,-1.28066E-06],"s":[0.1750002,0.1750003,0.1750001],"c":[1,1,1]}]},{"s":[{"p":[-0.1244136,0.2529876,0.03453233],"r":[309.9121,359.3287,338.1177],"s":[0.1750002,0.1750002,0.1750002],"c":[1,1,1]}]}]}