{"n":"shiver","v":9,"p":[{"a":[12],"i":[{"t":"59fd43e9f3b2a522100fda9b","p":[-0.3420781,-0.04836035,0.1738545],"r":[342.187,345.0707,104.1952]}],"su":[{"i":"6559c3555a92ba27247a84c8","t":"6559c3540600a914c7055557","p":[-0.2777739,0.1288967,-0.237375],"r":[1.674499,356,335.6282]}],"s":[{"p":[0,0,0],"r":[0,0,0],"s":[0.1750091,0.1750114,0.1750156],"c":[1,1,1],"b":["when starts then become next"]},{"p":[0,0,0],"r":[359.6625,0.1007164,358.9943],"s":[0.1750091,0.1750114,0.1750156],"c":[1,1,1],"b":["when starts then become 1"]}]}]}