{"n":"water tabloid","v":9,"a":[2,7,18,32,51],"p":[{"t":1,"i":[{"t":"6562b8c273c7b905be3f2d6f","p":[-0.0008132482,0.00234774,0.0087901],"r":[272.4347,281.3105,280.382]}],"t1":13,"s":[{"p":[-0.08901589,0.03265707,-0.2055056],"r":[43.0985,357.891,346.8339],"s":[0.0494313,0.003504189,0.0516621],"c":[0,0.2285711,1],"b":["when starts then become 2 in 2"],"t1":{"c":[0.2222221,0.3999999,1],"x":0.17,"y":0.17,"a":0.8925,"m":0.5,"n":0.5,"r":0,"g":0,"o":0.5,"t":0.5,"e":0.6198631}},{"p":[-0.08901589,0.03265707,-0.2055056],"r":[43.0985,357.891,346.8339],"s":[0.04944333,0.003504505,0.05167811],"c":[0,0.2285709,1],"b":["when starts then become 1 in 2"],"t1":{"c":[0.2222221,0.3999999,1],"x":0.17,"y":0.17,"a":0.8925,"m":0.5,"n":0.5,"r":0,"g":0,"o":0.6418405,"t":0.5264088,"e":0.7146022}}]}]}