{"n":"water rune","v":9,"p":[{"b":5,"t":4,"pr":4,"t2":13,"c":[[-1.372,-0.891,0.393,29,30],[-1.076,-2.217,0.348,31,27],[-0.072,-1.729,0.236,12,21,23],[-1.384,-0.13,0.859,27,33],[-1.133,-2.18,-0.067,30,20],[-1.337,0.101,0.662,25,36],[-1.203,0.33,0.359,24,15],[-1.243,0.4,-0.681,22,16]],"s":[{"p":[0,0,0],"r":[0,0,0],"s":[0.01117061,0.01117072,0.002979666],"c":[0.2222221,0.3999998,1],"t2":{"c":[0.5555556,0.6571428,1],"x":0.17,"y":0.17,"a":0.8925,"m":0.5,"n":0.5,"r":0,"g":0,"o":0.5,"t":0.5,"e":0.945837},"pr":{"c":[0,0.2285713,1],"m":0.25,"a":1,"s":0.15,"z":0.5549823,"g":0.5,"h":0.25}}]}]}