{"v":9,"a":[7,32],"p":[{"t":13,"t1":76,"t2":133,"s":[{"p":[0,0,0],"r":[0,0,0],"s":[10.02927,0.02209439,9.303267],"c":[0.8888889,0.6490299,0.3950616],"t1":{"c":[1,1,1],"x":0.04499102,"y":0.05551225,"a":0.8925,"m":0,"n":0,"r":0,"g":0.476041,"o":0.5,"t":0.5,"e":0.5},"t2":{"c":[0.4444444,0.3047618,0],"x":0.7183923,"y":0.6922194,"a":1,"m":0,"n":0,"r":0,"g":0,"o":0.5,"t":0.5,"e":0.5}}]}]}