{"n":"log wall","v":9,"a":[7,32],"p":[{"i":[{"t":"6566c77135ac821583ea120b","p":[-0.5000002,-0.0999998,0.09999993],"r":[-1.609983E-05,270,-1.072953E-06]},{"t":"6566c77135ac821583ea120b","p":[0.5000001,-0.09999993,0.09999993],"r":[0,270,0]},{"t":"6566c77135ac821583ea120b","p":[0.5000001,-0.09999979,-0.9000002],"r":[0,270,0]},{"t":"6566c77135ac821583ea120b","p":[-0.5000002,-0.09999979,-0.9000002],"r":[0,270,0]}],"s":[{"p":[0,0,0],"r":[0,0,0],"s":[0.03034621,0.0259854,0.001000036],"c":[1,1,1]}]}]}