{"n":"fire tabloid","v":9,"a":[2,32],"p":[{"i":[{"t":"656d05732ae71514cd3f0e09","p":[-0.000162005,0.002646208,-0.008136228],"r":[270,270,0]}],"t1":59,"s":[{"p":[0,0,0],"r":[0,0,0],"s":[0.0315664,0.003449197,0.03421167],"c":[1,0.5142855,0],"b":["when starts then become unsoftened 2 in 10"],"t1":{"c":[0.9714286,1,0],"x":0.5,"y":0.6842304,"a":0.8925,"m":0,"n":0,"r":0,"g":0.9811776,"o":0.5,"t":0.5,"e":0.5},"pr":{"c":[1,0.3428571,0],"m":0.25,"a":0.25,"s":0.15,"z":0.25,"g":0.5,"h":0.25}},{"p":[0,0,0],"r":[0,0,0],"s":[0.0315664,0.003449197,0.03421167],"c":[1,0.5142855,0],"b":["when starts then become untweened 1"],"t1":{"c":[0.9714286,1,0],"x":0.5,"y":0.6842304,"a":0.8925,"m":0,"n":0.8982502,"r":0,"g":0.9811776,"o":0.5,"t":0.5,"e":0.5},"pr":{"c":[1,0.3428571,0],"m":0.25,"a":0.25,"s":0.15,"z":0.25,"g":0.5,"h":0.25}}]}]}