{"n":"troll cookie","v":9,"a":[2,7,32],"p":[{"t":4,"s":[{"p":[0,0,0],"r":[1.001791E-05,-8.757938E-13,-1.001791E-05],"s":[0.04368512,0.003546917,0.05015802],"c":[0,0,0],"pr":{"c":[0,0,0],"m":0.25,"a":0.25,"s":0.15,"z":0.25,"g":0.5,"h":0.25}}]},{"t":4,"s":[{"p":[0,0,0],"r":[0,0,0],"s":[0.007959725,0.006422138,0.04249436],"c":[1,1,1]}]},{"t":4,"s":[{"p":[0,0,0],"r":[1.001791E-05,-8.757938E-13,-1.001791E-05],"s":[0.01875488,0.009231929,0.005888896],"c":[1,1,1],"b":["when consumed then destroy all parts","when consumed then send one nearby to troll museum of art"]}]}]}