{"n":"nitor","v":9,"p":[{"b":3,"t":3,"pr":1,"s":[{"p":[0,0,0],"r":[0,0,0],"s":[0.1250003,0.1250003,0.1250002],"c":[0.8804233,0.8888889,0.5925926],"b":["when touched then become untweened 2"],"pr":{"c":[0.9936507,1,0.7777778],"m":0.25,"a":0.25,"s":0,"z":0.1794264,"g":0.607362,"h":0.25}},{"p":[0,0,0],"r":[0,0,0],"s":[0.1250003,0.1250003,0.1250002],"c":[0.8804233,0.8888889,0.5925926],"b":["when starts then play bell b 2","when starts then become 1 in 5"],"pr":{"c":[0.9936507,1,0.7777778],"m":0.25,"a":0.25,"s":0,"z":0.1794264,"g":0.607362,"h":0.25}}]}]}