{"v":9,"a":[1,2],"p":[{"b":166,"s":[{"p":[-0.114346,0.07796002,0.03135115],"r":[1.769461,339.7151,333.5421],"s":[0.01352984,0.06387115,0.01352989],"c":[0.5555556,0.3809522,0]}]},{"b":147,"a":[37],"t1":168,"t2":157,"s":[{"p":[-0.01989201,0.2945086,0.07392994],"r":[337.1697,275.5275,77.90102],"s":[0.07912319,0.03389625,0.03389627],"c":[0.2222221,0.1834214,0.09876531],"t1":{"c":[1,0.6857142,0],"a":0.01221948},"t2":{"c":[0.4444444,0.366843,0.1975308],"x":0.5,"y":0.5,"a":1,"m":0,"n":0.01241374,"r":0.1282191,"g":0,"o":0.5,"t":0.5,"e":0.5}}]},{"b":175,"t":21,"a":[37,18],"pr":25,"t1":167,"s":[{"p":[0.0006688908,0.3167144,0.056831],"r":[341.5494,236.3511,60.93543],"s":[0.01968479,0.02550875,0.01820075],"c":[1,0.8571429,0],"t1":{"c":[1,0.6222221,0.2222221],"a":0.75},"pr":{"c":[1,0.6857142,0],"m":0.25,"a":0.25,"s":0.15,"z":0.4992907,"g":0.5,"h":0.25}}]}]}