{"n":"emitter","v":9,"a":[7,32,48,49],"inc":[["ball of fire","65712472baa2b214c00653e9"]],"p":[{"t":4,"s":[{"p":[0,0,0],"r":[0,0,0],"s":[0.008607555,0.006235962,0.0156176],"c":[1,1,1]}]},{"s":[{"p":[0,-3.72529E-09,0.025],"r":[0,90.00001,90.00001],"s":[0.002612303,0.01479169,0.004368721],"c":[1,0.6857142,0],"b":["when told ball of fire then emit ball of fire with 25"],"pr":{"c":[1,0.6857142,0],"m":0.25,"a":0.25,"s":0.15,"z":0.25,"g":0.5,"h":0.25}}]}]}