{"v":9,"a":[2,3,12],"inc":[["spatial pellet","65726064a5f43d14c216f628"],["spatial pellet 2","657262f306a08a158941619a"],["spatial pellet 3","65726527a5f43d14c216f629"]],"p":[{"b":60,"t":7,"a":[37],"s":[{"p":[0,0,0],"r":[0,0,0],"s":[0.02520236,0.01694702,0.1030705],"c":[0,0,0],"b":["when triggered then emit spatial pellet 3 with 15"]}]},{"b":39,"s":[{"p":[0.008582581,-0.001304761,-0.09262027],"r":[86.57777,340.1362,76.80846],"s":[0.1250004,0.05524645,0.05628248],"c":[1,0,0]}]}]}