{"v":9,"a":[31],"inc":[["waterball","656c190d06a08a1589416178"]],"p":[{"b":3,"s":[{"p":[0,0,0],"r":[0,0,0],"s":[0.001392795,0.001392795,0.001392795],"c":[0.3333332,0.2074073,0.07407395],"b":["when consumed then emit waterball with 0","when consumed then destroy all parts"]},{"p":[0,0,0],"r":[0,0,0],"s":[0.009381428,0.009381376,0.009381369],"c":[0.3333332,0.2074072,0.07407395]}]}]}