{"v":9,"a":[7],"p":[{"t1":150,"s":[{"p":[0,0,0],"r":[0,0,0],"s":[10.02794,0.1750165,10.47138],"c":[0.7777778,0.7407408,0.5185185],"t1":{"c":[0.7777778,0.7407408,0.5185185],"x":0.03868264,"y":0.04661348,"a":0.8925,"m":0,"n":0,"r":0,"g":0,"o":0.5,"t":0.5,"e":0.5}}]}]}