{"v":9,"p":[{"b":9,"s":[{"p":[0,0,0],"r":[0,0,0],"s":[0.1250001,0.125,0.1250001],"c":[0,0,0]}]},{"b":14,"s":[{"p":[-0.07325318,0.09889479,0.002239242],"r":[346.3117,356.1429,12.46992],"s":[0.006046547,0.01121094,0.0173393],"c":[1,0,0.3428572]}]},{"b":14,"s":[{"p":[0.0206214,0.1213515,-0.003595423],"r":[344.9417,354.5644,6.923541],"s":[0.006046546,0.01121093,0.0173393],"c":[1,0,0.3428572]}]},{"b":45,"s":[{"p":[-0.01925121,0.1009846,-0.05904258],"r":[9.633133,268.2177,17.23009],"s":[0.1250004,0.001662176,0.04637348],"c":[1,0,0.3428572]}]}]}