{"n":"hand","v":9,"a":[24,27],"bod":{},"p":[{"b":4,"s":[{"p":[-0.1072533,0.1520567,-0.03332075],"r":[315.3852,9.852654,354.6679],"s":[0.06327235,0.05600465,0.08134241],"c":[0.3333332,0.3333332,0.3333332]}]},{"s":[{"p":[-0.09720589,0.2086431,0.02405794],"r":[319.9043,306.6027,320.9943],"s":[0.007008342,0.006471468,0.007078265],"c":[1,0.1714284,0]}]},{"b":3,"s":[{"p":[-0.1159891,0.09246654,-0.08909334],"r":[335.5857,173.6919,186.9594],"s":[0.03826572,0.03094498,0.03375004],"c":[1,0.1714284,0]}]},{"b":14,"a":[12],"s":[{"p":[-0.1359004,0.001479201,-0.1823494],"r":[315.0224,10.11265,36.91256],"s":[0.06000035,0.06000039,0.06000044],"c":[1,1,1]}]}]}