{"n":"pointer","v":9,"a":[24,27],"bod":{},"p":[{"b":4,"s":[{"p":[0,0,0],"r":[0,0,2.134434E-07],"s":[0.05855941,0.01152947,0.08603176],"c":[1,1,1]}]},{"b":14,"sa":4,"s":[{"p":[0.001421572,0.003078923,-0.1219996],"r":[3.396644,0.2005502,1.977651],"s":[0.02990729,0.004276154,0.01510985],"c":[1,1,1]}]},{"b":14,"a":[12],"s":[{"p":[0.002405788,0.008948401,-0.2006067],"r":[6.162873,359.5879,3.075844],"s":[0.06000037,0.02264411,0.04417427],"c":[1,1,1]}]}]}