{"v":9,"a":[21],"p":[{"s":[{"p":[-0.03141076,0.005635813,-0.01776977],"r":[32.01634,153.422,9.62124],"s":[0.02927417,0.0004489351,0.06451658],"c":[0.2730154,0.3333329,0.2222217]}]},{"s":[{"p":[-0.008435555,-0.01103263,-0.03082392],"r":[32.01634,153.422,9.62124],"s":[0.0005592327,0.0004489351,0.01821141],"c":[0.2730156,0.3333331,0.2222219]}]},{"s":[{"p":[-0.02171323,0.007522777,-0.004284307],"r":[32.01634,153.422,9.62124],"s":[0.0005592335,0.0004489354,0.05039944],"c":[0.2730156,0.3333331,0.2222219]}]},{"s":[{"p":[-0.0057969,0.0007160569,-0.003237975],"r":[32.01635,153.422,9.621243],"s":[0.02927414,0.0004489343,0.06473728],"c":[0.2730156,0.3333331,0.2222219]}]}]}