{"n":"grass","v":9,"a":[7],"tp_lp": [1,1,1],"tp_lp": [1,1,1],"tp_lr": [1,1,1],"p":[{"b":173,"s":[{"p":[0,0,0],"r":[0,0,0],"s":[0.04500227,0.04500201,0.045003],"c":[0.04938262,0.4444443,0.1396825]}]},{"b":174,"s":[{"p":[-0.0007019042,0.001935005,-0.002162934],"r":[0,0,0],"s":[0.04500545,0.04500671,0.04501121],"c":[0.04938262,0.4444443,0.1396825]}]},{"b":175,"s":[{"p":[0.01217938,-0.006505015,-0.001372339],"r":[-4.07111E-13,270,1.001791E-05],"s":[0.04500598,0.04500529,0.04500821],"c":[0.04938262,0.4444443,0.1396825]}]}]}