{"n":"light bullet","v":9,"a":[2,14],"tp_d": 1,"tp_ad": 0.5,"p":[{"b":3,"t":3,"pr":44,"s":[{"p":[0,0,0],"r":[-4.268868E-06,3.415095E-06,-1.272222E-13],"s":[0.02667126,0.0245531,0.02042805],"c":[0.9714286,1,0],"b":["when told by any fire then become 2 in 0.2s"],"pr":{"c":[0.9714286,1,0],"m":0.2181931,"a":0.25,"s":0,"z":0.1580295,"g":0.6094149,"h":0.6151361}},{"p":[0,0,0],"r":[-4.268868E-06,3.415095E-06,-1.272222E-13],"s":[0.02667126,0.0245531,0.02042805],"c":[0.9714286,1,0],"b":["when starts then all parts face someone else","when starts then propel forward with 2","when touched then destroy all parts","when touched then play machine switch button 2 with very-varied-pitch "],"pr":{"c":[0.9714286,1,0],"m":0.2181931,"a":0.25,"s":0,"z":0.1580295,"g":0.6094149,"h":0.6151361}},{"p":[0,0,0],"r":[-4.268868E-06,3.415095E-06,-1.272222E-13],"s":[0.02667126,0.0245531,0.02042805],"c":[0.9714286,1,0],"pr":{"c":[0.9714286,1,0],"m":0.2181931,"a":0.25,"s":0,"z":0.1580295,"g":0.6094149,"h":0.6151361}}]}]}