{"n":"mtree","v":9,"a":[21],"p":[{"b":2,"s":[{"p":[0.01991412,-0.004790744,-0.02789459],"r":[302.7074,274.0567,284.6011],"s":[0.07327808,0.07327775,0.07327804],"c":[0.111111,0.0917106,0.04938258]}]}]}